match_id,team,frame,object_id,player_name,TPR,pressure,compactness,lpc,pos,anticipation,synchronization,pressure_percentile,compactness_percentile,lpc_percentile,pos_percentile,anticipation_percentile,synchronization_percentile,weakest_dimension,tied_dimensions,n_tied
DFL-MAT-J041UB,0,11671,DFL-OBJ-J01KAL,Lukas Ullrich,0.3104026443917251,0.0989408950531682,0.8108731001699654,0.4628754928335599,0.25,0.1613737353965224,0.432561572776437,0.8371051220719234,0.8807942923127681,0.3961512289673375,0.21053282744968657,0.6896548168921148,0.05857184097657539,synchronization,synchronization,1
DFL-MAT-J041UB,0,11881,DFL-OBJ-J01KAL,Lukas Ullrich,0.6829457301371757,1.0,0.8377872723526721,0.5475598325448966,1.0,0.4595436010713645,0.4111233197542964,0.9853338419663478,0.9008938881557241,0.6816335367865392,0.7418086027713626,0.9486813345430551,0.045761506103596174,synchronization,synchronization,1
DFL-MAT-J041UB,0,12032,DFL-OBJ-J0117M,Haris Tabaković,0.6348386797440946,0.2986524902064121,0.9109745463048404,0.480454832662598,1.0,0.4735408013616186,0.815203315432024,0.943242741669416,0.9495886258660509,0.44918137578356976,0.7418086027713626,0.957140795117123,0.9329326129990102,lpc,lpc,1
DFL-MAT-J041UB,0,28605,DFL-OBJ-0027RM,Robin Hack,0.3529026673394098,0.1712014281688733,0.6703222565690732,0.5394668292640031,0.3333333333333333,0.2696532125175122,0.3948807239540866,0.9001154734411085,0.6869896486308149,0.6568479874628835,0.27682695480039593,0.7839770290333223,0.035745216100296934,synchronization,synchronization,1
DFL-MAT-J041UB,0,28726,DFL-OBJ-0027RM,Robin Hack,0.7078853323961282,1.0,0.7264280853232143,0.563843072888011,1.0,0.4081318604425953,0.6188866974442433,0.9853338419663478,0.789152713625866,0.7257144919168591,0.7418086027713626,0.9105854091059057,0.3641898300890795,synchronization,synchronization,1
DFL-MAT-J041UB,0,124063,DFL-OBJ-J01KAL,Lukas Ullrich,0.4722352851124382,0.224879745192446,0.6180644802570772,0.5312660839183552,1.0,0.2630860444441911,0.4242436310954831,0.9241535384361597,0.5630103513691851,0.6296034724513362,0.7418086027713626,0.7778115720884197,0.05317964368195315,synchronization,synchronization,1
DFL-MAT-J041UB,0,132540,DFL-OBJ-J0117M,Haris Tabaković,0.4477451685015872,0.1183024854039311,0.7394054368395175,0.5220615814604673,0.6666666666666667,0.2125958182982532,0.6786823713842162,0.8598131804684922,0.8061798911250413,0.5977967255031342,0.5936675189706367,0.7326325882547015,0.5649280353018805,synchronization,synchronization,1
DFL-MAT-J041UB,0,144131,DFL-OBJ-J0117M,Haris Tabaković,0.5665335508771776,0.2664868911436056,0.7305196572356061,0.5067535973056991,1.0,0.4509523804220617,0.5992690112538068,0.9360668921148136,0.7949057654239525,0.5426736225668096,0.7418086027713626,0.9430262289673376,0.3100307241834378,synchronization,synchronization,1
DFL-MAT-J041UB,0,149983,DFL-OBJ-J0117M,Haris Tabaković,0.5068316950858608,0.0,0.6449000638655936,0.384710552517649,1.0,0.562410107741575,0.539613446388352,0.0,0.6286910260640053,0.23530806664467172,0.7418086027713626,0.9899476245463543,0.1821799736060706,pressure,pressure,1
DFL-MAT-J041UB,0,150665,DFL-OBJ-002GC7,Luca Netz,0.4851660279570668,0.1196686440547737,0.7503281366213388,0.5363371609812064,1.0,0.107715529393827,0.697236957568617,0.8611225668096338,0.8194593368525239,0.6466822005938634,0.7418086027713626,0.641614772352359,0.6301705295282085,synchronization,synchronization,1
DFL-MAT-J041UB,0,150777,DFL-OBJ-J0117M,Haris Tabaković,0.4264140450072704,0.2175855386812044,0.8276083382492448,0.5795950517331039,0.7142857142857143,0.3137068492094745,0.2727272727272727,0.9215760062685582,0.8939809468822171,0.7633516166281755,0.648527713625866,0.8256918096337842,7.217090069284065e-05,synchronization,synchronization,1
DFL-MAT-J041UB,0,150838,DFL-OBJ-J0117M,Haris Tabaković,0.3288304000145955,0.0,0.9030631035479488,0.5101606904999468,0.5714285714285714,0.0,0.4729406437215068,0.0,0.9441345677994062,0.5551282580006599,0.5311932942923128,0.0,0.09276538271197625,anticipation,"anticipation,pressure",2
DFL-MAT-J041UB,0,152153,DFL-OBJ-J0117M,Haris Tabaković,0.6236814343316104,0.8267729737098479,0.7777850254415084,0.4682367131220462,1.0,0.4595756276926406,0.3561641116066851,0.9818902589904323,0.8498535961728803,0.4113586687561861,0.7418086027713626,0.9487225750577367,0.01930056087099967,synchronization,synchronization,1
DFL-MAT-J041UB,0,152369,DFL-OBJ-J01D4G,Franck Honorat,0.4822945759989265,0.0,0.778724203841304,0.5903469501022748,1.0,0.4108084724369315,0.4189625945187551,0.0,0.8508227482678984,0.7851472286374134,0.7418086027713626,0.9127402259980204,0.050076294952161,pressure,pressure,1
DFL-MAT-J041UB,0,165058,DFL-OBJ-J01D4G,Franck Honorat,0.4732688684953557,0.0,0.8836349843306509,0.4426526865280853,0.625,0.4778711876223503,0.6401738149150611,0.0,0.9305251979544704,0.3429148795776971,0.5823521527548664,0.9597698779280766,0.4314427994061366,pressure,pressure,1
DFL-MAT-J041UB,0,170877,DFL-OBJ-002GC7,Luca Netz,0.571633190128557,0.3004797007342321,0.5973253988172107,0.4872531660538818,1.0,0.4299382465102749,0.6778958110206892,0.9437015423952491,0.5136042147806005,0.4717760227647641,0.7418086027713626,0.9279012702078522,0.5620875948531837,lpc,lpc,1
DFL-MAT-J041UB,1,26980,DFL-OBJ-J02270,Emir Sahiti,0.3726398126004694,0.0,0.6217936439407146,0.6204275953073435,0.4285714285714286,0.2536981085815442,0.559014279618649,0.0,0.5719337677334213,0.8324088584625536,0.3951150610359617,0.7688469152095018,0.21833759485318377,pressure,pressure,1
DFL-MAT-J041UB,1,33302,DFL-OBJ-J02322,Alexander Rössing-Lelesiit,0.1952287663770615,0.0,0.957398165314346,0.0149508365833552,0.0,0.0,0.5498138358982294,0.0,0.9815190943582975,0.04050849554602441,0.0,0.0,0.20040312603101287,anticipation,"anticipation,pos,pressure",3
DFL-MAT-J041UB,1,38239,DFL-OBJ-J02270,Emir Sahiti,0.4289032634719182,0.0,0.8400786010799884,0.5049648689583577,1.0,0.0,0.6405247989204126,0.0,0.9025125783569778,0.5359204882876938,0.7418086027713626,0.0,0.4327057901682613,anticipation,"anticipation,pressure",2
DFL-MAT-J041UB,1,46624,DFL-OBJ-J01VXC,Giorgi Gocholeishvili,0.3110066733992904,0.0671819207743069,0.6003433661879733,0.5667483314336977,0.1999999999999999,0.0,0.7004280953576227,0.7860132794457275,0.5207233586275156,0.7330656136588585,0.17336996865720883,0.0,0.6411662817551963,anticipation,anticipation,1
DFL-MAT-J041UB,1,47606,DFL-OBJ-002G8B,Ransford-Yeboah Königsdörffer,0.5371781305430374,0.1406695992118908,0.666454519285113,0.5337054682624623,1.0,0.3995634212630303,0.6395088079427431,0.8796962636093698,0.6785044127350709,0.6377897146156384,0.7418086027713626,0.9032909930715936,0.4293910838007258,synchronization,synchronization,1
DFL-MAT-J041UB,1,50828,DFL-OBJ-J01VXC,Giorgi Gocholeishvili,0.4964818359610775,0.3648129796167205,0.7004804077758555,0.5048707119265491,1.0,0.3195499812769793,0.3340552349435945,0.9543415951831079,0.7462368030353019,0.5354823078192016,0.7418086027713626,0.8310943170570769,0.014635227647641042,synchronization,synchronization,1
DFL-MAT-J041UB,1,60385,DFL-OBJ-002G8B,Ransford-Yeboah Königsdörffer,0.3555041998497561,0.1791131044523605,0.7784079456058399,0.5968672522200876,0.4285714285714286,0.2499642875362572,0.2727272727272727,0.9045024331903662,0.8504722038931046,0.7969059303860112,0.3951150610359617,0.7654291075552623,7.217090069284065e-05,synchronization,synchronization,1
DFL-MAT-J041UB,1,66312,DFL-OBJ-J02322,Alexander Rössing-Lelesiit,0.2883675504497528,0.0852530391315387,0.7955973019333373,0.675105696216245,0.3333333333333333,0.0,0.3353125106692231,0.8180674694820191,0.8675354668426262,0.8820521280105575,0.27682695480039593,0.0,0.01482596502804355,anticipation,anticipation,1
DFL-MAT-J041UB,1,74710,DFL-OBJ-002G8B,Ransford-Yeboah Königsdörffer,0.3608666125860282,0.1450583666358017,0.69363673906608,0.4965174431231509,0.5,0.0,0.6370154118384961,0.8830058149125701,0.733689376443418,0.504850915539426,0.4198026641372484,0.0,0.42087491751897066,anticipation,anticipation,1
DFL-MAT-J041UB,1,74831,DFL-OBJ-J02270,Emir Sahiti,0.355223994617967,0.0323841903265463,0.7583088362043083,0.3504733788980824,0.3333333333333333,0.2371432789653745,0.6427743068188212,0.7001917683932696,0.8287951583635764,0.19359844110854504,0.27682695480039593,0.7537683520290334,0.4405311778290993,lpc,lpc,1
DFL-MAT-J041UB,1,115072,DFL-OBJ-J01VXC,Giorgi Gocholeishvili,0.467642229280128,0.0593745597195732,0.7554064829150494,0.4253622310464834,0.8571428571428572,0.248317947060462,0.6886745405212087,0.7698624628835368,0.8254031260310128,0.30443747937974264,0.7251474348399868,0.7639032085120422,0.6002969317057076,lpc,lpc,1
DFL-MAT-J041UB,1,122150,DFL-OBJ-002G8B,Ransford-Yeboah Königsdörffer,0.4157773427544372,0.0,0.7296728619848349,0.1406584283085584,1.0,0.2873101995580627,0.5168500545119914,0.0,0.7937613411415374,0.09611617452985813,0.7418086027713626,0.8004268393269548,0.14608421313097988,pressure,pressure,1
DFL-MAT-J041UB,1,122773,DFL-OBJ-J02322,Alexander Rössing-Lelesiit,0.5294515942132602,0.5589024806197894,0.2592457581340315,0.1727672100595297,1.0,0.4884921527425088,0.4904010273595742,0.9719152095018145,0.0337295859452326,0.10516331243813923,0.7418086027713626,0.9653012619597493,0.11156074727812604,compactness,compactness,1
DFL-MAT-J041UB,1,126837,DFL-OBJ-J02322,Alexander Rössing-Lelesiit,0.453626036372913,0.0,0.9700179119271146,0.5238128866514129,1.0,0.0,0.6970296775369011,0.0,0.9915920900692841,0.6036374133949192,0.7418086027713626,0.0,0.6293921148135929,anticipation,"anticipation,pressure",2
DFL-MAT-J041UB,1,128069,DFL-OBJ-J01HP7,Miro Max Maria Muheim,0.2482251476377098,0.0348019211661038,0.7454572094505846,0.0785068633452164,0.5,0.0,0.4243660797569263,0.7077594028373474,0.8137887660838007,0.081326294952161,0.4198026641372484,0.0,0.05328274496865721,anticipation,anticipation,1
DFL-MAT-J041UB,1,129467,DFL-OBJ-J01HP7,Miro Max Maria Muheim,0.5227737603641742,0.1607245907622433,0.7564088302642624,0.6799465319672361,0.8571428571428572,0.4678410286418751,0.4708411147850891,0.8938830006598483,0.8265114648630815,0.8846966760145166,0.7251474348399868,0.9537693830419004,0.09075490762124712,synchronization,synchronization,1
DFL-MAT-J041UB,1,129952,DFL-OBJ-J02322,Alexander Rössing-Lelesiit,0.3829176471639361,0.1215184483345749,0.8733756107703503,0.1513060757044137,0.8888888888888888,0.1875330316255615,0.3850978229506461,0.8629938551633124,0.9241432283074893,0.09918859287363907,0.7362926839326955,0.7118164384691521,0.031909848234905974,synchronization,synchronization,1
DFL-MAT-J041UB,1,131743,DFL-OBJ-J02322,Alexander Rössing-Lelesiit,0.4986453167877018,0.113942866808706,0.5728626682030724,0.508672427898032,1.0,0.3455319273464745,0.5904700057261887,0.8553179643681953,0.45696552292972614,0.549493772682283,0.7418086027713626,0.8546014104256021,0.28772991586935004,synchronization,synchronization,1
DFL-MAT-J041UB,1,131846,DFL-OBJ-002G8B,Ransford-Yeboah Königsdörffer,0.4878560018819568,0.4007131163378162,0.7185147143911541,0.5568682288420537,0.625,0.3670622400725893,0.4640250826088708,0.9589192923127681,0.77705893269548,0.7074140135268888,0.5823521527548664,0.8744277878587925,0.08421828604420983,synchronization,synchronization,1
DFL-MAT-J041UB,1,136794,DFL-OBJ-J01HP7,Miro Max Maria Muheim,0.7001328526228652,1.0,0.62106266246925,0.5275279922457907,1.0,0.5126787540171351,0.529237903138172,0.9853338419663478,0.5703614731111845,0.6170921313097988,0.7418086027713626,0.9757969729462224,0.16520434675024745,synchronization,synchronization,1
DFL-MAT-J041UB,1,137100,DFL-OBJ-002G8B,Ransford-Yeboah Königsdörffer,0.5246800132930137,0.2678291062923423,0.6889421215118254,0.5677817527284147,0.5,0.3721557549552765,0.8562085395139126,0.9364225915539426,0.7249618525239195,0.735390547674035,0.4198026641372484,0.8790982761464863,0.9756629412735071,pos,pos,1
DFL-MAT-J041UB,1,137189,DFL-OBJ-002G8B,Ransford-Yeboah Königsdörffer,0.585805986207222,0.1511181290853562,0.7536962834762928,0.6720650312668741,1.0,0.6070601044089834,0.5205081402688239,0.8872535879247773,0.8233101699109205,0.880361266908611,0.7418086027713626,0.9947676096997691,0.15158466677664137,synchronization,synchronization,1
DFL-MAT-J041UB,1,141124,DFL-OBJ-002G8B,Ransford-Yeboah Königsdörffer,0.4297123487992419,0.1459301002039318,0.7491362368713969,0.4801558208762761,0.625,0.2626500333481564,0.5663149215737324,0.8836347327614649,0.8180520042890135,0.44827408446057404,0.5823521527548664,0.7774300973276147,0.23318418013856812,synchronization,synchronization,1
DFL-MAT-J041UB,1,152235,DFL-OBJ-0027JU,Jordan Torunarigha,0.3938708599647444,0.0916056462838799,0.4818840127002951,0.5237070364557813,0.6666666666666667,0.2505412178692147,0.5038362494945706,0.8273414302210491,0.272357514021775,0.6033074892774661,0.5936675189706367,0.7659239937314418,0.1287116463213461,synchronization,synchronization,1
DFL-MAT-J041UB,1,169715,DFL-OBJ-J017PC,Jean-Luc Mamadou Diarra Dompé,0.3676269007547188,0.0707268254616936,0.7681510351874323,0.5583816908200643,0.6666666666666667,0.1153671492768982,0.4162736616928131,0.7927200181458265,0.8396774991751897,0.7112390712636094,0.5936675189706367,0.648424612339162,0.048493690201253714,synchronization,synchronization,1
DFL-MAT-J041UN,0,36396,DFL-OBJ-002G8B,Ransford-Yeboah Königsdörffer,0.3699147722471501,0.0,0.7899655579329025,0.4938841725174204,0.5714285714285714,0.2825838693449877,0.411675750536422,0.0,0.8620814087759815,0.4953810623556582,0.5311932942923128,0.7963027878587925,0.046045034642032336,pressure,pressure,1
DFL-MAT-J041UN,0,36407,DFL-OBJ-002G8B,Ransford-Yeboah Königsdörffer,0.3699147722471501,0.0,0.7899655579329025,0.4938841725174204,0.5714285714285714,0.2825838693449877,0.411675750536422,0.0,0.8620814087759815,0.4953810623556582,0.5311932942923128,0.7963027878587925,0.046045034642032336,pressure,pressure,1
DFL-MAT-J041UN,0,37339,DFL-OBJ-J02322,Alexander Rössing-Lelesiit,0.3815969570583718,0.0375309010060555,0.9493926939448576,0.3999290821951444,0.6666666666666667,0.0,0.6606569524534096,0.716033281095348,0.9757969729462224,0.25827903332233587,0.5936675189706367,0.0,0.5017681870669746,anticipation,anticipation,1
DFL-MAT-J041UN,0,70706,DFL-OBJ-002G8B,Ransford-Yeboah Königsdörffer,0.3692221447292506,0.0,0.4395351261593201,0.4617547982925875,1.0,0.0,0.5361223047451578,0.0,0.20351678488947542,0.39284167766413725,0.7418086027713626,0.0,0.17641661167931375,anticipation,"anticipation,pressure",2
DFL-MAT-J041UN,0,76717,DFL-OBJ-J02322,Alexander Rössing-Lelesiit,0.4432116666156441,0.1380830292260328,0.6067414958423489,0.5705344915277791,1.0,0.1762252957053713,0.4420550081848935,0.877690943582976,0.5357503711646321,0.7418910838007259,0.7418086027713626,0.7023311200923787,0.06511361761794787,synchronization,synchronization,1
DFL-MAT-J041UN,0,111985,DFL-OBJ-J01HP7,Miro Max Maria Muheim,0.2597001405206953,0.0405082212552211,0.568095924501093,0.4834494980290064,0.4285714285714286,0.0,0.3636363636363636,0.7245030517980865,0.44634093533487296,0.45887805179808644,0.3951150610359617,0.0,0.021104833388320685,anticipation,anticipation,1
DFL-MAT-J041UN,0,116349,DFL-OBJ-002G8B,Ransford-Yeboah Königsdörffer,0.2997868978724688,0.0469060821516334,0.5266123003242824,0.4444013708777851,0.3333333333333333,0.0,0.6605870137902803,0.7411745298581326,0.35660157538766085,0.3470956367535467,0.27682695480039593,0.0,0.501474348399868,anticipation,anticipation,1
DFL-MAT-J041UN,0,116397,DFL-OBJ-002G8B,Ransford-Yeboah Königsdörffer,0.5074755770432889,0.1582780530810204,0.6279209026943606,0.4523153843773811,1.0,0.4468856636366143,0.4927102944681502,0.892326171230617,0.5873834955460244,0.3668034477070274,0.7418086027713626,0.9402837347410096,0.11441149785549323,synchronization,synchronization,1
DFL-MAT-J041UN,0,116502,DFL-OBJ-002G8B,Ransford-Yeboah Königsdörffer,0.4567732539839324,0.0956870232639978,0.7438046781690952,0.5963980287911749,0.6666666666666667,0.2456978690439472,0.6612631182858284,0.832774868030353,0.8116133289343451,0.7959522434839987,0.5936675189706367,0.7614030023094688,0.5038920735730782,synchronization,synchronization,1
DFL-MAT-J041UN,0,116562,DFL-OBJ-002G8B,Ransford-Yeboah Königsdörffer,0.4210094187448625,0.0372466794857214,0.7493063374687613,0.4206069089745269,1.0,0.1727143812389656,0.4640079242500829,0.7152084708017156,0.81821696634774,0.2949470059386341,0.7418086027713626,0.6992999422632794,0.08418220059386342,synchronization,synchronization,1
DFL-MAT-J041UN,0,121093,DFL-OBJ-J017PC,Jean-Luc Mamadou Diarra Dompé,0.3809800859082133,0.072027801527945,0.5981572892273106,0.4881755756520136,0.5,0.3296483771086257,0.4798526255890666,0.7951789838337182,0.515625,0.4750185582316067,0.4198026641372484,0.8406054107555262,0.09976080501484659,synchronization,synchronization,1
DFL-MAT-J041UN,0,125115,DFL-OBJ-J01VXC,Giorgi Gocholeishvili,0.433090319875918,0.0,0.6126178245404955,0.5264144449699659,0.5,0.5426789501961362,0.53189853910639,0.0,0.5496020290333223,0.6131072665786869,0.4198026641372484,0.9856998515341472,0.16948820521280106,pressure,pressure,1
DFL-MAT-J041UN,0,141878,DFL-OBJ-0002F6,Yussuf Yurary Poulsen,0.5129580774311733,0.0747397204736895,0.7625076728605081,0.4456732024047714,1.0,0.4023210837651006,0.5954723171433393,0.8001948614318707,0.8335790580666447,0.3501886753546684,0.7418086027713626,0.9056107720224348,0.3002824975255691,synchronization,synchronization,1
DFL-MAT-J041UN,0,144802,DFL-OBJ-J017PC,Jean-Luc Mamadou Diarra Dompé,0.3462350956969209,0.0720724240792503,0.6183583250520134,0.4405933123116933,0.375,0.1773452945961678,0.5986711307552721,0.7952408446057406,0.5637372154404487,0.3379247773012207,0.3457553200263939,0.7033208924447377,0.3085976162982514,synchronization,synchronization,1
DFL-MAT-J041UN,0,148779,DFL-OBJ-J01HP7,Miro Max Maria Muheim,0.5034106049283014,0.079549359268714,0.7711505087314068,0.5454291472206574,1.0,0.451322496658035,0.4314000179020426,0.8084687396898713,0.842883949191686,0.6751433107885186,0.7418086027713626,0.9432994473771033,0.05782951171230617,synchronization,synchronization,1
DFL-MAT-J041UN,0,151574,DFL-OBJ-002G8B,Ransford-Yeboah Königsdörffer,0.5763633294901918,0.0836261933448259,0.7579222922376756,0.3910950492937372,1.0,0.6846628903219556,0.6127166254356147,0.815371370834708,0.8282229462223688,0.24432942923127682,0.7418086027713626,0.9974740184757506,0.346265671395579,lpc,lpc,1
DFL-MAT-J041UN,0,153883,DFL-OBJ-J01W6J,Rayan Philippe,0.3395999604087372,0.0404636279999721,0.5449723550516601,0.5033194033891703,0.6666666666666667,0.0,0.5543335264608878,0.7243483998680303,0.3950583553282745,0.5299199934015176,0.5936675189706367,0.0,0.20903270372814253,anticipation,anticipation,1
DFL-MAT-J041UN,0,162115,DFL-OBJ-J01W6J,Rayan Philippe,0.254148155608721,0.0,0.6830470417974368,0.4469307657313073,0.3333333333333333,0.0,0.4253114070071516,0.0,0.7134557489277467,0.3533641949851534,0.27682695480039593,0.0,0.053901352688881556,anticipation,"anticipation,pressure",2
DFL-MAT-J041UN,0,163561,DFL-OBJ-J01QSK,Otto Emerson Stange,0.4393025984966305,0.0356867364201501,0.6496037873450998,0.5028133855266993,0.8,0.296704764297228,0.5633608576901039,0.7104503464203233,0.6397073985483339,0.5280641702408446,0.6956450016496206,0.8096440943582975,0.2269259320356318,synchronization,synchronization,1
DFL-MAT-J041UN,0,174928,DFL-OBJ-0002F6,Yussuf Yurary Poulsen,0.3951454465742368,0.0,0.7377096316467245,0.4586994505896153,0.6,0.2846826994914487,0.5470917591487992,0.0,0.8040508495546025,0.3842945809963708,0.5488081491257011,0.7980761299901022,0.19551612504124052,pressure,pressure,1
DFL-MAT-J041UN,0,175074,DFL-OBJ-0002F6,Yussuf Yurary Poulsen,0.3838381156244891,0.0,0.7013251990170277,0.5258250316549757,1.0,0.0,0.4680322459535371,0.0,0.7477575470141867,0.6110555509732761,0.7418086027713626,0.0,0.08799179313757835,anticipation,"anticipation,pressure",2
DFL-MAT-J041UN,0,178390,DFL-OBJ-J01N5U,William Mikelbrencis,0.5258484242858229,0.1381687844598732,0.5580180383800363,0.6011036173333435,1.0,0.4423040900974279,0.5440495009951981,0.8777528043549984,0.42375144341801385,0.8041127103266249,0.7418086027713626,0.9371288353678654,0.19003113658858461,synchronization,synchronization,1
DFL-MAT-J041UN,1,14267,DFL-OBJ-J0248A,Andréas William Edwin Hountondji,0.4280154788680969,0.0801428614654493,0.5659476055761536,0.355292593586948,0.6666666666666667,0.3413999226604911,0.6417788942322322,0.8094482019135599,0.44144362421643024,0.1985318376773342,0.5936675189706367,0.8508227482678984,0.4369793385021445,lpc,lpc,1
DFL-MAT-J041UN,1,14472,DFL-OBJ-J0248A,Andréas William Edwin Hountondji,0.3708271080982744,0.0,0.742779636235531,0.5068161159471297,0.5,0.3143831237479131,0.4475647424948328,0.0,0.8102678571428571,0.542884980204553,0.4198026641372484,0.8262227812603101,0.0690727070273837,pressure,pressure,1
DFL-MAT-J041UN,1,15324,DFL-OBJ-J02452,Mathias Pereira Lage,0.3410093279990431,0.0,0.7588081004208639,0.2538671088461778,1.0,0.0,0.3998393813580624,0.0,0.8293776806334543,0.13087161827779611,0.7418086027713626,0.0,0.03787425767073573,anticipation,"anticipation,pressure",2
DFL-MAT-J041UN,1,19073,DFL-OBJ-J01BGD,Danel Sinani,0.3279216011923322,0.0,0.5160641105985716,0.5259488555873861,0.6,0.0,0.5856995681361921,0.0,0.33529569449026725,0.611483421313098,0.5488081491257011,0.0,0.2758784229627186,anticipation,"anticipation,pressure",2
DFL-MAT-J041UN,1,31140,DFL-OBJ-J01W5Q,Louis Oppie,0.469734792576303,0.0977710557376283,0.4900021941736797,0.646040868443917,1.0,0.3420554152259655,0.4243883878363525,0.8356153084790499,0.28666797261629823,0.8609833800725833,0.7418086027713626,0.8514877515671395,0.053313675354668424,synchronization,synchronization,1
DFL-MAT-J041UN,1,70327,DFL-OBJ-J01KUJ,Arkadiusz Pyrka,0.4202962172179103,0.2157802582898124,0.5605609550102759,0.5098275114285206,0.3333333333333333,0.2964147566168607,0.7039132619916666,0.9208646073903002,0.4292725173210162,0.553885887495876,0.27682695480039593,0.809376031012867,0.653074480369515,pos,pos,1
DFL-MAT-J041UN,1,108769,DFL-OBJ-J01W5Q,Louis Oppie,0.4766086424699812,0.0,0.5611585237029304,0.5047875052464145,1.0,0.3863146937328635,0.5516014301019465,0.0,0.4305870587264929,0.5351678488947542,0.7418086027713626,0.8917127185747278,0.2041817881887166,pressure,pressure,1
DFL-MAT-J041UN,1,110823,DFL-OBJ-J01W5Q,Louis Oppie,0.3761777960476496,0.0,0.9789632402090728,0.399873885500207,0.5555555555555556,0.0,0.7443417957137368,0.0,0.9966801385681293,0.2582171725503134,0.5239040333223358,0.0,0.7823634938964038,anticipation,"anticipation,pressure",2
DFL-MAT-J041UN,1,114809,DFL-OBJ-J01W5Q,Louis Oppie,0.4651721925276793,0.0,0.9494633641722492,0.9933090675655578,0.6666666666666667,0.0,0.7485770168014033,0.0,0.9758330583965688,0.991870463543385,0.5936675189706367,0.0,0.7942665374463873,anticipation,"anticipation,pressure",2
DFL-MAT-J041UN,1,118814,DFL-OBJ-J0248A,Andréas William Edwin Hountondji,0.4246412495007806,0.1462861980575861,0.3674790878957468,0.6182710228877081,0.8,0.2709093916403299,0.4632061929988468,0.8838976410425602,0.11048849389640383,0.8296508990432201,0.6956450016496206,0.7852967255031342,0.08346564665127021,synchronization,synchronization,1
DFL-MAT-J041UN,1,134500,DFL-OBJ-J0157X,Manolis Saliakas,0.4507072557947884,0.1619578413839083,0.8391417777286789,0.5812136898549707,0.8333333333333334,0.1992157687732712,0.4653998036696576,0.8946098647311118,0.9018733503794127,0.7666869432530518,0.7150228884856483,0.721291446717255,0.08554829264269218,synchronization,synchronization,1
DFL-MAT-J041UN,1,157409,DFL-OBJ-J01W5Q,Louis Oppie,0.3462959437879403,0.0,0.3517280161360855,0.4942017384011821,0.3333333333333333,0.5475309615106204,0.3636363636363636,0.0,0.09504392114813592,0.4964584708017156,0.27682695480039593,0.986942222038931,0.021104833388320685,pressure,pressure,1
DFL-MAT-J041UN,1,164156,DFL-OBJ-J021AR,Martijn Kaars,0.2690887363447651,0.0525766460096451,0.4356561062937147,0.4925863378502059,0.3333333333333333,0.0,0.5169652551843837,0.7552117700428901,0.19738741339491916,0.4905713873309139,0.27682695480039593,0.0,0.146290415704388,anticipation,anticipation,1
DFL-MAT-J041UO,0,36224,DFL-OBJ-J00ZZ3,Harry Edward Kane,0.4942829525985154,0.1323205081015937,0.4302293040808901,0.5206251540070569,1.0,0.4102903093288319,0.5301376342056028,0.8730049901022765,0.18956718079841636,0.5927241421972946,0.7418086027713626,0.912296890465193,0.16664260969976905,synchronization,synchronization,1
DFL-MAT-J041UO,0,50154,DFL-OBJ-J00ZZ3,Harry Edward Kane,0.3921424932020208,0.1645529697965856,0.4937470650454306,0.5448168916225543,0.75,0.1619440674982244,0.4445430946182727,0.8961254536456615,0.2934932777961069,0.6733699686572089,0.6612761877268228,0.6901084625536127,0.06686118442758165,synchronization,synchronization,1
DFL-MAT-J041UO,0,51526,DFL-OBJ-0027G6,Serge David Gnabry,0.5664898975525234,0.1229588715846748,0.9490125450009022,0.1637510966609336,1.0,0.7799580713583303,0.4839227825592906,0.8643702573408116,0.9755289096007919,0.10271465687891784,0.7418086027713626,0.9987009237875288,0.10406528373474101,lpc,lpc,1
DFL-MAT-J041UO,0,55270,DFL-OBJ-J01DA7,Luis Fernando Díaz Marulanda,0.245041399856989,0.0,0.88411081655788,0.4721729716253737,0.0,0.0,0.5502768333364085,0.0,0.9308448119432531,0.4231276806334543,0.0,0.0,0.20144444902672384,anticipation,"anticipation,pos,pressure",3
DFL-MAT-J041UO,0,62553,DFL-OBJ-J01R3R,Michael Akpovie Olise,0.3679205623771506,0.0700360651795847,0.8826317899063643,0.1067216936375469,0.875,0.0,0.5986994498631859,0.7912508248102936,0.9300096915209501,0.08761547344110855,0.7315912652589904,0.0,0.30872649290663146,anticipation,anticipation,1
DFL-MAT-J041UO,0,102641,DFL-OBJ-0027T1,Konrad Laimer,0.3844666809196134,0.1146862539123534,0.4966309984195867,0.4689929757196507,1.0,0.0,0.478190471209918,0.8561273094688222,0.2986225668096338,0.41357534642032334,0.7418086027713626,0.0,0.09813180468492247,anticipation,anticipation,1
DFL-MAT-J041UO,0,139491,DFL-OBJ-J01KLU,Nicolas Jackson,0.4593332645290258,0.2937714267730439,0.4528226236419178,0.5662853624704798,1.0,0.142611762285036,0.4753615278805053,0.9422632794457275,0.22414735235895744,0.7319057241834378,0.7418086027713626,0.6729060128670405,0.09523981359287365,synchronization,synchronization,1
DFL-MAT-J041UO,0,154416,DFL-OBJ-J01KLU,Nicolas Jackson,0.4800441573660111,0.3566270585683561,0.6568898574318467,0.4993919841113877,1.0,0.2877533026595799,0.3181818181818182,0.9532590316727153,0.656631474760805,0.5153517815902342,0.7418086027713626,0.8009578109534807,0.008031590234246124,synchronization,synchronization,1
DFL-MAT-J041UO,0,169645,DFL-OBJ-J01UD5,Lennart Karl,0.2880130169455281,0.0,0.8540100078347326,0.0863362829737671,0.0,0.4107171428787065,0.5393370329077714,0.0,0.911863865061036,0.08314603266248763,0.0,0.9126680550973276,0.18171086275156714,pos,"pos,pressure",2
DFL-MAT-J041UO,1,13902,DFL-OBJ-J01N5U,William Mikelbrencis,0.3950749580524196,0.1896883181328763,0.6966704970224391,0.5293912002315585,0.8,0.0,0.5047040912881829,0.9099719564500165,0.7393187066974596,0.6232678983833718,0.6956450016496206,0.0,0.1298096750247443,anticipation,anticipation,1
DFL-MAT-J041UO,1,28577,DFL-OBJ-J01N5U,William Mikelbrencis,0.5343029878675246,0.3148309059208447,0.7704905337975242,0.484977025225178,1.0,0.4182440986562011,0.4355297130834739,0.9464491916859122,0.8421725503134279,0.4639557901682613,0.7418086027713626,0.9183747113163973,0.06043281920158364,synchronization,synchronization,1
DFL-MAT-J041UO,1,106612,DFL-OBJ-J01N5U,William Mikelbrencis,0.3423608458511433,0.0,0.3719391313710558,0.4724642735053112,0.5555555555555556,0.2833771960202487,0.4652455714633845,0.0,0.11516413724843286,0.4241122979214781,0.5239040333223358,0.7969832563510393,0.08539879577697129,pressure,pressure,1
DFL-MAT-J041UO,1,116223,DFL-OBJ-002G8B,Ransford-Yeboah Königsdörffer,0.3411327304196455,0.1719769395375753,0.2597841292330567,0.426189176172894,0.5,0.2747539393013345,0.4257212171363048,0.9005742741669416,0.033920323325635104,0.3061695809963708,0.4198026641372484,0.788848564830089,0.05413848564830089,compactness,compactness,1
DFL-MAT-J041UO,1,152853,DFL-OBJ-0027HO,Robert-Nesta Glatzel,0.626898934994759,0.5800806981863531,0.8155827980273529,0.4607908730580981,1.0,0.500767169022718,0.5401979669073138,0.9731782002639393,0.8847069861431871,0.3900682530517981,0.7418086027713626,0.9709048168921148,0.1830924199934015,synchronization,synchronization,1
DFL-MAT-J041UO,1,159626,DFL-OBJ-0027HO,Robert-Nesta Glatzel,0.5028285736746833,0.0,0.7958846416272378,0.5641365294486608,1.0,0.2888948001359953,0.6581120867794727,0.0,0.8678035301880568,0.7264413559881228,0.7418086027713626,0.8020764599142197,0.4928963213460904,pressure,pressure,1
DFL-MAT-J041UO,1,165511,DFL-OBJ-J01N5U,William Mikelbrencis,0.3666007154971931,0.032522737347348,0.7144877813791499,0.3642875611311776,0.6,0.0,0.7567413636412439,0.7006093286044209,0.7706151022764764,0.20895022269877928,0.5488081491257011,0.0,0.815804396238865,anticipation,anticipation,1
DFL-MAT-J041UO,1,167548,DFL-OBJ-J021LJ,Fabio Amado Uri Baldé,0.4938479773091169,0.2398371373269776,0.6664467923467057,0.4613639080509177,0.75,0.3944519520890553,0.5862231268081002,0.929066314747608,0.6784683272847245,0.39181066479709664,0.6612761877268228,0.8989349637083471,0.2772032744968657,synchronization,synchronization,1
DFL-MAT-J041UO,1,167563,DFL-OBJ-J021LJ,Fabio Amado Uri Baldé,0.4938479773091169,0.2398371373269776,0.6664467923467057,0.4613639080509177,0.75,0.3944519520890553,0.5862231268081002,0.929066314747608,0.6784683272847245,0.39181066479709664,0.6612761877268228,0.8989349637083471,0.2772032744968657,synchronization,synchronization,1
DFL-MAT-J041V5,0,25910,DFL-OBJ-002G8B,Ransford-Yeboah Königsdörffer,0.2411909818309255,0.0508671883531263,0.9444410651257428,0.3940212845595959,0.0,0.0,0.5077868314923017,0.7511650445397559,0.9724616463213461,0.24871638898053447,0.0,0.0,0.13383578027053777,anticipation,"anticipation,pos",2
DFL-MAT-J041V5,0,27332,DFL-OBJ-002G8B,Ransford-Yeboah Königsdörffer,0.6383481781505291,0.9417456845007904,0.714012275511727,0.4875712389664732,1.0,0.3257574066633704,0.4808714294054168,0.9840914714615638,0.7698779280765424,0.4728121906961399,0.7418086027713626,0.8368370587264929,0.10093100461893764,synchronization,synchronization,1
DFL-MAT-J041V5,0,28136,DFL-OBJ-002G8B,Ransford-Yeboah Königsdörffer,0.3455361080254342,0.0635080428345589,0.9592101534531016,0.3630245528786739,0.5,0.0,0.6135330883021606,0.7786724678323985,0.9829109617288023,0.20742947871989442,0.4198026641372484,0.0,0.34865762124711314,anticipation,anticipation,1
DFL-MAT-J041V5,0,36863,DFL-OBJ-002G8B,Ransford-Yeboah Königsdörffer,0.4625518765004078,0.2498914652020116,0.5947169943529276,0.4946712300575315,1.0,0.3664441889582968,0.2727272727272727,0.932035631804685,0.5073511217419994,0.49810809138898055,0.7418086027713626,0.873855575717585,7.217090069284065e-05,synchronization,synchronization,1
DFL-MAT-J041V5,0,58747,DFL-OBJ-J017PC,Jean-Luc Mamadou Diarra Dompé,0.3949139876431275,0.0,0.4816073341283137,0.4236672732122872,0.6666666666666667,0.1651609493157267,0.7431107081315154,0.0,0.27190386836027713,0.30088564005278784,0.5936675189706367,0.6926808396568789,0.7788992906631474,pressure,pressure,1
DFL-MAT-J041V5,0,59712,DFL-OBJ-J017PC,Jean-Luc Mamadou Diarra Dompé,,,0.962555375303434,0.0426538169366893,,0.0,0.5150220058547728,1.0,0.9856895414054767,0.06974802045529528,1.0,0.0,0.14353245628505443,anticipation,anticipation,1
DFL-MAT-J041V5,0,62528,DFL-OBJ-J01VXC,Giorgi Gocholeishvili,0.4371943594556737,0.0,0.6979526522591792,0.4586420868825737,1.0,0.0,0.7610869981711568,0.0,0.7417106565489937,0.38414508413064996,0.7418086027713626,0.0,0.8270218162322666,anticipation,"anticipation,pressure",2
DFL-MAT-J041V5,0,73565,DFL-OBJ-002G8B,Ransford-Yeboah Königsdörffer,0.3511009205325805,0.0,0.5358671176054849,0.3151709617350954,1.0,0.1272844407045606,0.3587193034269059,0.0,0.3755515918838667,0.16295158363576379,0.7418086027713626,0.6593533487297921,0.019965564170240844,pressure,pressure,1
DFL-MAT-J041V5,0,78332,DFL-OBJ-J01W6J,Rayan Philippe,0.4545093587576829,0.0,0.6655240668213849,0.4933397422226813,1.0,0.3662213265134904,0.4353485033758799,0.0,0.6764784724513362,0.4933293467502474,0.7418086027713626,0.8736339079511712,0.060324562850544376,pressure,pressure,1
DFL-MAT-J041V5,0,104464,DFL-OBJ-J017PC,Jean-Luc Mamadou Diarra Dompé,0.4168545964158752,0.0508676018923983,0.3987810235453827,0.3387737938634172,1.0,0.1733092454716179,0.6129706688206431,0.751170199604091,0.14651723853513693,0.18198408116133288,0.7418086027713626,0.6998773094688222,0.3469719152095018,compactness,compactness,1
DFL-MAT-J041V5,0,112550,DFL-OBJ-J017PC,Jean-Luc Mamadou Diarra Dompé,0.2116586049513603,0.0,0.2427380270469538,0.622843209954987,0.0,0.0,0.5510719768219057,0.0,0.027244515011547343,0.8356410838007259,0.0,0.0,0.20304251897063674,anticipation,"anticipation,pos,pressure",3
DFL-MAT-J041V5,0,113444,DFL-OBJ-J017PC,Jean-Luc Mamadou Diarra Dompé,0.4713033152837009,0.2548067138645707,0.6489947319763858,0.5184356013956566,0.8571428571428572,0.3252481750095147,0.431610019051284,0.9331233503794127,0.6381299488617618,0.585316314747608,0.7251474348399868,0.8363576377433191,0.057948078192015834,synchronization,synchronization,1
DFL-MAT-J041V5,0,113463,DFL-OBJ-002G8B,Ransford-Yeboah Königsdörffer,0.4994645653654319,0.0,0.6684488276179713,0.4798657121268608,1.0,0.4451549161258259,0.5688913697406177,0.0,0.6827521857472781,0.44739256845925435,0.7418086027713626,0.9390258990432201,0.23859184262619598,pressure,pressure,1
DFL-MAT-J041V5,0,124590,DFL-OBJ-J01VXC,Giorgi Gocholeishvili,0.4235458315683236,0.1038708639123084,0.6422463453490668,0.1380675069257973,1.0,0.2638452737205677,0.520045901398372,0.843316974595843,0.6223039013526889,0.09539446552292973,0.7418086027713626,0.7785281260310128,0.15098152424942263,lpc,lpc,1
DFL-MAT-J041V5,0,126600,DFL-OBJ-J017PC,Jean-Luc Mamadou Diarra Dompé,0.542428550582894,0.2931860284867032,0.3487997738612648,0.498886453386436,1.0,0.4129331670231198,0.6532477384843794,0.9421395579016826,0.09224472121412075,0.5134289425932036,0.7418086027713626,0.9143434510062686,0.47646197624546355,compactness,compactness,1
DFL-MAT-J041V5,0,134686,DFL-OBJ-J01W6J,Rayan Philippe,0.6390891944106167,0.69935916762101,0.5667089057253403,0.5357650610740788,1.0,0.4214614887482254,0.6285712766658703,0.9782095430550973,0.4429952985813263,0.6448624628835368,0.7418086027713626,0.9210501897063675,0.3937592791158034,synchronization,synchronization,1
DFL-MAT-J041V5,0,134881,DFL-OBJ-J017PC,Jean-Luc Mamadou Diarra Dompé,0.3584235213004161,0.0,0.6457424123946318,0.4274789720162634,0.8,0.0,0.5815019878772456,0.0,0.6306963460903993,0.30866463213460904,0.6956450016496206,0.0,0.2662745381062356,anticipation,"anticipation,pressure",2
DFL-MAT-J041V5,0,136108,DFL-OBJ-J01W6J,Rayan Philippe,0.5553843768566527,0.0,0.7909819094135886,0.5024437504502023,1.0,0.5313818460129978,0.6797677593613456,0.0,0.8630969564500165,0.5265434262619597,0.7418086027713626,0.9822871989442429,0.5689077449686573,pressure,pressure,1
DFL-MAT-J041V5,0,156775,DFL-OBJ-J021LJ,Fabio Amado Uri Baldé,,,0.9599156982609474,0.0307924575048271,0.0,0.0,0.5919996985356718,1.0,0.9834264681623227,0.062319572748267896,0.0,0.0,0.29147764764104256,anticipation,"anticipation,pos",2
DFL-MAT-J041V5,0,158335,DFL-OBJ-002G8B,Ransford-Yeboah Königsdörffer,0.4783941996940825,0.2162652361027529,0.6905819248169556,0.5747809114746097,0.8,0.1393178970265935,0.6995150169351536,0.9210501897063675,0.7281322170900693,0.7522836935004948,0.6956450016496206,0.6700140217749917,0.6379907621247113,synchronization,synchronization,1
DFL-MAT-J041V5,0,162064,DFL-OBJ-0027HO,Robert-Nesta Glatzel,0.4309051646880497,0.2211571360362156,0.7122242057610453,0.2466192105392878,1.0,0.1924095192475663,0.4370350060780015,0.9229472533817222,0.7668879907621247,0.12814458924447378,0.7418086027713626,0.7157652177499175,0.06151538271197624,synchronization,synchronization,1
DFL-MAT-J041V5,0,170921,DFL-OBJ-0027HO,Robert-Nesta Glatzel,0.3247113929086056,0.0773470269271864,0.8288958471433332,0.5019929756042883,0.5,0.0,0.472020948729786,0.8048189541405477,0.8948573078192016,0.5247133784229627,0.4198026641372484,0.0,0.09175499010227647,anticipation,anticipation,1
DFL-MAT-J041V5,0,171641,DFL-OBJ-J021LJ,Fabio Amado Uri Baldé,0.6414901887124698,0.2304379452667785,0.9261673122599356,0.5335381049490212,1.0,0.7664690797933995,0.5520705375409121,0.9260351369185087,0.9597801880567469,0.6371607967667436,0.7418086027713626,0.9985308066644671,0.2049395826459914,synchronization,synchronization,1
DFL-MAT-J041V5,0,171660,DFL-OBJ-J021LJ,Fabio Amado Uri Baldé,0.4773627712482341,0.0,0.919554682512523,0.5989930271387511,0.5714285714285714,0.308435938095203,0.7825320301393246,0.0,0.9552540415704388,0.8006124216430222,0.5311932942923128,0.8206243813922798,0.8766186902012537,pressure,pressure,1
DFL-MAT-J041V5,0,180645,DFL-OBJ-J02322,Alexander Rössing-Lelesiit,0.7615564879581499,1.0,0.9157196313159712,0.4802017522270435,1.0,0.6413876989248745,0.5940936554598059,0.9853338419663478,0.952820851204223,0.44845451171230616,0.7418086027713626,0.9962522682283075,0.29679251897063674,synchronization,synchronization,1
DFL-MAT-J041V5,1,17826,DFL-OBJ-00266E,Jonas Föhrenbach,0.4397215837143696,0.0,0.8013991206512303,0.5460799565263162,0.8,0.3063764355679813,0.5039862292366653,0.0,0.8728194077862091,0.6771125453645661,0.6956450016496206,0.8186809221379083,0.12886114318706698,pressure,pressure,1
DFL-MAT-J041V5,1,35095,DFL-OBJ-J01EAZ,Arijon Ibrahimović,0.4516868634801168,0.0,0.8647565698168401,0.6435496504532644,0.6666666666666667,0.2097833934851053,0.6896775359101728,0.0,0.9184984328604421,0.8586584460574068,0.5936675189706367,0.7301220719234576,0.6039157868690201,pressure,pressure,1
DFL-MAT-J041V5,1,38492,DFL-OBJ-00266E,Jonas Föhrenbach,0.6043144712351549,0.5434803880106087,0.4997855684366158,0.7765697279710468,1.0,0.3261076853944236,0.5961544194742066,0.9710079181788188,0.30464883701748596,0.9129722038931046,0.7418086027713626,0.8371412075222698,0.30204037446387333,synchronization,synchronization,1
DFL-MAT-J041V5,1,38770,DFL-OBJ-J01EAZ,Arijon Ibrahimović,0.6262974454092753,1.0,0.5943619831795073,0.543023117849378,1.0,0.4177858402867661,0.2841536810890667,0.9853338419663478,0.50647991586935,0.66768393269548,0.7418086027713626,0.9180447871989442,0.004850915539425932,synchronization,synchronization,1
DFL-MAT-J041V5,1,39839,DFL-OBJ-J01EAQ,Mikkel Kaufmann Sörensen,0.2927687343588204,0.0,0.6029056916316098,0.2249273551076022,0.5,0.2243339248747633,0.392181294953035,0.0,0.5267341636423623,0.12042230287033982,0.4198026641372484,0.7426076377433191,0.03471420323325635,pressure,pressure,1
DFL-MAT-J041V5,1,47271,DFL-OBJ-0028HA,Sirlord Calvin Conteh,0.5637750832088612,0.3562847325578857,0.6894161756913875,0.4487007253345423,1.0,0.374431828486375,0.6375503725522504,0.9532229462223688,0.7258279033322336,0.35737483503794126,0.7418086027713626,0.8809386341141537,0.42263794952161005,lpc,lpc,1
DFL-MAT-J041V5,1,49086,DFL-OBJ-J01AZQ,Omar Haktab Traoré,0.4322154500723684,0.0,0.4494181116736917,0.6107907879404695,1.0,0.3905411734970331,0.3181818181818182,0.0,0.21865720884196635,0.8191809633784229,0.7418086027713626,0.8954501402177499,0.008031590234246124,pressure,pressure,1
DFL-MAT-J041V5,1,50381,DFL-OBJ-0028HA,Sirlord Calvin Conteh,0.484631676446167,0.0,0.9128526690056536,0.4287423704604265,1.0,0.3507317087919431,0.5375073028071735,0.0,0.9507846007918179,0.3114535219399538,0.7418086027713626,0.8593646898713296,0.17873123556581985,pressure,pressure,1
DFL-MAT-J041V5,1,52193,DFL-OBJ-00266E,Jonas Föhrenbach,0.5001049096519293,0.3223230019004949,0.5670112478474751,0.5902226344152001,0.75,0.3479960317772754,0.5555508056146606,0.9479235400857803,0.4438716595183108,0.7848740102276477,0.6612761877268228,0.8570191355988123,0.21136794787198945,synchronization,synchronization,1
DFL-MAT-J041V5,1,52944,DFL-OBJ-J01EAZ,Arijon Ibrahimović,0.5224903153518958,0.3093781450429903,0.8500913934861775,0.1369357406135557,1.0,0.5169249490137227,0.4469214151863376,0.9453717832398548,0.9092347822500825,0.09511609204882877,0.7418086027713626,0.977312561860772,0.06855720059386342,synchronization,synchronization,1
DFL-MAT-J041V5,1,60813,DFL-OBJ-0028HA,Sirlord Calvin Conteh,0.4436756197227209,0.0,0.8001802097097092,0.5044282694381149,0.6666666666666667,0.2632137176190218,0.6983468869388447,0.0,0.8717832398548334,0.5340646651270208,0.5936675189706367,0.777971379082811,0.6340677581656219,pressure,pressure,1
DFL-MAT-J041V5,1,71358,DFL-OBJ-00266E,Jonas Föhrenbach,0.3838574141696141,0.0,0.9784713396160534,0.3523003728365625,0.625,0.0,0.7542632879111699,0.0,0.9964223853513692,0.19539240349719564,0.5823521527548664,0.0,0.809376031012867,anticipation,"anticipation,pressure",2
DFL-MAT-J041V5,1,71408,DFL-OBJ-00266E,Jonas Föhrenbach,0.6097385061127821,0.0,0.9802371048521504,0.0139563143828944,1.0,0.9232961559374072,0.7184403837186941,0.0,0.9972368855163313,0.03821964698119432,0.7418086027713626,0.9995772847245133,0.7025270125371165,pressure,pressure,1
DFL-MAT-J041V5,1,71499,DFL-OBJ-J01EAZ,Arijon Ibrahimović,0.3459765561747484,0.0579435041517977,0.954816391559669,0.1488131040640129,0.6666666666666667,0.0,0.6160510871878214,0.7668261299901022,0.9794828439458925,0.09837924777301221,0.5936675189706367,0.0,0.3558592461233916,anticipation,anticipation,1
DFL-MAT-J041V5,1,104322,DFL-OBJ-J01AZQ,Omar Haktab Traoré,0.4118310882305869,0.2193681015205433,0.2679094321576629,0.620063476602385,1.0,0.1218954089323132,0.3802257319413917,0.9221739937314418,0.0376474348399868,0.832011918508743,0.7418086027713626,0.6542292147806005,0.029997319366545695,synchronization,synchronization,1
DFL-MAT-J041V5,1,109813,DFL-OBJ-00266E,Jonas Föhrenbach,0.5190310501246149,0.3431790784240301,0.4591849253277239,0.5093629646212642,1.0,0.2902178184594859,0.5826435097111473,0.9511918508742989,0.2343904651930056,0.5523239030023095,0.7418086027713626,0.8033446057406797,0.2688056746948202,compactness,compactness,1
DFL-MAT-J041V5,1,109877,DFL-OBJ-J01EAQ,Mikkel Kaufmann Sörensen,0.5443047840682619,0.440446484054434,0.4596265184027498,0.5981607278633007,1.0,0.3069181001835834,0.544498408533787,0.9628474513361927,0.2352410508083141,0.7991483833718245,0.7418086027713626,0.8191964285714286,0.19076831078851864,synchronization,synchronization,1
DFL-MAT-J041V5,1,110087,DFL-OBJ-J01EAQ,Mikkel Kaufmann Sörensen,0.3246594646997836,0.0864610373890537,0.7076698361355807,0.5848207014170019,0.5,0.0,0.4622048692933247,0.8198562768063345,0.7592945809963708,0.7741720966677664,0.4198026641372484,0.0,0.08266661167931376,anticipation,anticipation,1
DFL-MAT-J041V5,1,120520,DFL-OBJ-J01AUU,Adrian Beck,0.3885836198992583,0.0,0.6818803222612156,0.4915143239129765,1.0,0.1281896567475442,0.3776884434699279,0.0,0.7110431788188717,0.48654528208512043,0.7418086027713626,0.6601059881227318,0.029069407786209173,pressure,pressure,1
DFL-MAT-J041V5,1,122504,DFL-OBJ-002651,Benedikt Steffen Gimber,0.4143655700556163,0.0,0.5873677964060375,0.5320909243360711,1.0,0.0,0.6528783775944431,0.0,0.4901796024414385,0.6323665869350049,0.7418086027713626,0.0,0.47527115638403167,anticipation,"anticipation,pressure",2
DFL-MAT-J041V5,1,122993,DFL-OBJ-00266E,Jonas Föhrenbach,0.36386770877939,0.1093900926150057,0.6862006128366334,0.3913069057342871,0.3333333333333333,0.3033250937473815,0.5456016686984289,0.8500443335532828,0.7198274084460574,0.2446954387990762,0.27682695480039593,0.8157992411745298,0.19275301055757177,synchronization,synchronization,1
DFL-MAT-J041V5,1,124987,DFL-OBJ-J01EAQ,Mikkel Kaufmann Sörensen,0.2826567667341361,0.0,0.5564361560626168,0.5186691570181807,0.5,0.0,0.4377384793720142,0.0,0.4202099142197295,0.5861101946552293,0.4198026641372484,0.0,0.06206181953150775,anticipation,"anticipation,pressure",2
DFL-MAT-J041V5,1,130166,DFL-OBJ-J01EAQ,Mikkel Kaufmann Sörensen,0.4900805905711414,0.0,0.7478418368682518,0.4759310854243936,0.75,0.5958768943743823,0.5263620138409484,0.0,0.8165776558891455,0.43498948366875617,0.6612761877268228,0.994004660178159,0.16077099142197296,pressure,pressure,1
DFL-MAT-J041V5,1,132875,DFL-OBJ-0028HA,Sirlord Calvin Conteh,0.4424803648044552,0.0,0.6633780047207873,0.7572177073879262,0.3333333333333333,0.5089237607983783,0.5905773464647068,0.0,0.6717564335202904,0.9094358297591554,0.27682695480039593,0.9742865390960079,0.28801859947212144,pressure,pressure,1
DFL-MAT-J041V5,1,139538,DFL-OBJ-0028HA,Sirlord Calvin Conteh,0.3611854199570471,0.0,0.3957012620364006,0.5575903947921456,1.0,0.1293270774731139,0.3181818181818182,0.0,0.1425736143187067,0.7092543714945563,0.7418086027713626,0.6611421560541075,0.008031590234246124,pressure,pressure,1
DFL-MAT-J041V5,1,147090,DFL-OBJ-J01EAQ,Mikkel Kaufmann Sörensen,0.3018790826433929,0.0776843257912905,0.7369634522265738,0.5336814686608947,0.25,0.0,0.5753113145244197,0.8053705460244144,0.8030713873309139,0.6377072335862751,0.21053282744968657,0.0,0.2523146238865061,anticipation,anticipation,1
DFL-MAT-J041V5,1,172787,DFL-OBJ-002G56,Stefan Schimmer,0.5219093489138705,0.2000868375022798,0.6331434946073676,0.3649673573551862,1.0,0.5269383821695687,0.4840947668953823,0.9146579099307159,0.5997865803365225,0.20978018805674695,0.7418086027713626,0.9808850214450676,0.10431272682283074,synchronization,synchronization,1
DFL-MAT-J041V5,1,172895,DFL-OBJ-002G56,Stefan Schimmer,0.4314457244783338,0.0,0.6797099764586096,0.1453219455429836,1.0,0.2707376259686859,0.6257301271904654,0.0,0.706707769712966,0.09736370009897724,0.7418086027713626,0.7851266083800725,0.38490803365226,pressure,pressure,1
DFL-MAT-J041V5,1,173295,DFL-OBJ-0002JT,Marnon-Thomas Busch,0.4848352064452711,0.1273425217650562,0.496113548636616,0.4486539815371907,1.0,0.3518004137186666,0.5700442983752103,0.868597410095678,0.2977204305509733,0.35728204387990764,0.7418086027713626,0.860241050808314,0.2411384444077862,synchronization,synchronization,1
DFL-MAT-J041V5,1,176180,DFL-OBJ-00266E,Jonas Föhrenbach,0.5132981922698842,0.4474633784224975,0.5364357149294385,0.0525602999071669,1.0,0.4392766351770845,0.531822916345017,0.9635485400857803,0.37681458264599144,0.0740370339821841,0.7418086027713626,0.9347987462883537,0.16936963873309138,lpc,lpc,1
DFL-MAT-J041V5,1,176442,DFL-OBJ-0028HA,Sirlord Calvin Conteh,0.3681397172133665,0.1018267084279754,0.6636185676302692,0.2163795844774417,0.3333333333333333,0.3494417101046231,0.6319272205694648,0.8407239772352358,0.6723234905971627,0.11792209666776642,0.27682695480039593,0.8583182118112834,0.4044921230616958,lpc,lpc,1
DFL-MAT-J041V5,1,180860,DFL-OBJ-0002JT,Marnon-Thomas Busch,0.5382790449514867,0.4328043350384888,0.5613641177085336,0.4365411274387558,1.0,0.3828617951626196,0.4941012739436478,0.9622391537446388,0.43098915374463875,0.32825903167271525,0.7418086027713626,0.8886042147806005,0.11591162157703729,synchronization,synchronization,1
DFL-MAT-J041VB,0,15574,DFL-OBJ-0027FW,Oliver Jasen Burke,0.5152968468256328,0.2148153755953784,0.9258726523827924,0.057117252039764,1.0,0.534814230390833,0.4961154819489034,0.9204625123721544,0.9595172797756516,0.075635103926097,0.7418086027713626,0.983359452325965,0.11856132464533158,lpc,lpc,1
DFL-MAT-J041VB,0,29172,DFL-OBJ-J021ZE,Andrej Ilić,0.5459112379221618,0.3596809295515734,0.7238405363686087,0.5241237295316734,1.0,0.3970295588022728,0.468337929506337,0.9536662817551963,0.7852142444737711,0.6046684262619597,0.7418086027713626,0.9010072995710986,0.08825985648300891,synchronization,synchronization,1
DFL-MAT-J041VB,0,36727,DFL-OBJ-J021ZE,Andrej Ilić,0.4744538167386539,0.268299582337392,0.7600647942680052,0.6330780789224472,0.6666666666666667,0.1389121558748266,0.6776688038442502,0.9365153827119762,0.8306973771032663,0.8478225008248103,0.5936675189706367,0.6696119267568459,0.5613194902672385,synchronization,synchronization,1
DFL-MAT-J041VB,0,37024,DFL-OBJ-0002FX,Christopher Trimmel,0.5747176043424898,0.349093506358449,0.791257797814128,0.4827924202030797,1.0,0.3689313491287841,0.6432381627253878,0.952135227647641,0.8633856400527878,0.45660982349059714,0.7418086027713626,0.8761805097327615,0.4420673870009898,synchronization,synchronization,1
DFL-MAT-J041VB,0,52502,DFL-OBJ-J01WS3,Ilyas Ansah,0.5457729319637045,0.2061017821837924,0.8838483942900348,0.1242387037642206,1.0,0.4848696004909422,0.6805064600103208,0.9171065654899373,0.9306850049488617,0.09185809138898053,0.7418086027713626,0.9635072995710986,0.5715162075222698,lpc,lpc,1
DFL-MAT-J041VB,0,52563,DFL-OBJ-0027FW,Oliver Jasen Burke,0.60087896871589,0.1877878992549423,0.9090219667813528,0.4754969932428062,1.0,0.5465673253507459,0.6786436999761054,0.9089254783899703,0.9483050148465852,0.4336543220059386,0.7418086027713626,0.9867360194655229,0.5647476080501485,lpc,lpc,1
DFL-MAT-J041VB,0,68134,DFL-OBJ-J021ZE,Andrej Ilić,0.4768734053255246,0.4401014613908018,0.6054719445253273,0.5350887117298345,0.5,0.2740168716022254,0.6312475582515565,0.9628165209501814,0.5328016743648961,0.6427282662487628,0.4198026641372484,0.7881938716595183,0.4023785466842626,synchronization,synchronization,1
DFL-MAT-J041VB,0,76525,DFL-OBJ-J019T5,Diogo Filipe Monteiro Pinto Leite,0.3933498040627982,0.186710367874978,0.4932003995381928,0.6117325731936348,0.5,0.2618047900989729,0.4774822096568114,0.9084048168921148,0.2924725750577367,0.8204697294622237,0.4198026641372484,0.7766723028703398,0.09743587099967008,synchronization,synchronization,1
DFL-MAT-J041VB,0,77197,DFL-OBJ-J021ZE,Andrej Ilić,0.3460246408048759,0.0638253034017287,0.838312835338298,0.5663355355399557,0.5714285714285714,0.0,0.4889364391015021,0.7792962306169581,0.9012598977235236,0.7320294457274826,0.5311932942923128,0.0,0.10982864566149786,anticipation,anticipation,1
DFL-MAT-J041VB,0,78607,DFL-OBJ-J01WS3,Ilyas Ansah,0.3739758373908966,0.1657555617536841,0.702693826339767,0.4929873281771176,0.6,0.0,0.6009917445472915,0.8969451088749587,0.7501958924447377,0.49209213130979873,0.5488081491257011,0.0,0.31451047509072916,anticipation,anticipation,1
DFL-MAT-J041VB,0,106752,DFL-OBJ-0027FW,Oliver Jasen Burke,0.3878569103303057,0.2628993935276256,0.6461285972723169,0.5637672099421601,0.5,0.2379502796576139,0.3773440684655957,0.9351956862421643,0.631577862091719,0.7255495298581326,0.4198026641372484,0.7544230451996041,0.0289405311778291,synchronization,synchronization,1
DFL-MAT-J041VB,0,109561,DFL-OBJ-0002FX,Christopher Trimmel,0.3002031219326164,0.1515454885078369,0.7115750686851502,0.4487010033357571,0.4,0.1134242093979604,0.3181818181818182,0.8875989772352358,0.7657435664797096,0.3573799901022765,0.35481276806334544,0.6467440613658858,0.008031590234246124,synchronization,synchronization,1
DFL-MAT-J041VB,0,110858,DFL-OBJ-0027FW,Oliver Jasen Burke,0.2251753705855525,0.0,0.9290537638176608,0.0289316499604391,0.0,0.0,0.6946132730797454,0.0,0.9615999257670735,0.060644176839326956,0.0,0.0,0.6208450181458265,anticipation,"anticipation,pos,pressure",3
DFL-MAT-J041VB,0,111914,DFL-OBJ-0002FX,Christopher Trimmel,0.5556394514297245,0.3900978762222378,0.5292739715155776,0.544578699666189,1.0,0.41318190665784,0.5320236443980486,0.9575738205212802,0.36191129165291985,0.6725090729132299,0.7418086027713626,0.9145238782580006,0.16970987297921478,synchronization,synchronization,1
DFL-MAT-J041VB,0,112282,DFL-OBJ-0002FX,Christopher Trimmel,0.6309365209484341,0.7472919333165119,0.6239362110737294,0.642818816471362,1.0,0.4843972318670524,0.3938789204956711,0.9798797838997031,0.5775321676014517,0.8579212718574728,0.7418086027713626,0.9632701666116793,0.035451377433190365,synchronization,synchronization,1
DFL-MAT-J041VB,0,114137,DFL-OBJ-0002FX,Christopher Trimmel,0.364682219617825,0.1178338745734078,0.3020897562628074,0.5327699216047775,0.5,0.2232812720344262,0.5650713072172578,0.8593337594853184,0.0557520207852194,0.6345317139557902,0.4198026641372484,0.7416127103266249,0.23065819861431872,compactness,compactness,1
DFL-MAT-J041VB,0,125535,DFL-OBJ-J01WS3,Ilyas Ansah,0.4798006462526835,0.1198593185327604,0.7396140991884823,0.5337454227381236,1.0,0.3852955519790053,0.3738518892883891,0.8613133041900363,0.8064737297921478,0.6379752969317057,0.7418086027713626,0.8908569778950841,0.027796106895414056,synchronization,synchronization,1
DFL-MAT-J041VB,0,140353,DFL-OBJ-0002FX,Christopher Trimmel,0.2855419847833765,0.0,0.6180949944474002,0.5510339113008141,0.5,0.0,0.4090909090909091,0.0,0.5630619020125371,0.6919797509072914,0.4198026641372484,0.0,0.042245752226987794,anticipation,"anticipation,pressure",2
DFL-MAT-J041VB,0,159808,DFL-OBJ-J01WS3,Ilyas Ansah,0.5255458116076513,0.0,0.8981396411731268,0.1984696899063693,1.0,0.5678148475612654,0.6327701802383529,0.0,0.9403816809633784,0.11265362091718904,0.7418086027713626,0.9907724348399868,0.4072861679313758,pressure,pressure,1
DFL-MAT-J041VB,0,166168,DFL-OBJ-J019T5,Diogo Filipe Monteiro Pinto Leite,0.4279903908766131,0.0,0.6024332926873721,0.5611061017804497,1.0,0.0,0.6949593405003511,0.0,0.5257495463543385,0.7185180221049159,0.7418086027713626,0.0,0.6221440943582975,anticipation,"anticipation,pressure",2
DFL-MAT-J041VB,0,172208,DFL-OBJ-0002FX,Christopher Trimmel,0.6521003505586408,0.804581043080225,0.6014568194174246,0.5752017711728719,1.0,0.4335668302290676,0.5454054727281623,0.9813902177499175,0.5235174034971957,0.7533507918178819,0.7418086027713626,0.9306282992411745,0.19239731111844277,synchronization,synchronization,1
DFL-MAT-J041VB,0,173941,DFL-OBJ-0002FX,Christopher Trimmel,0.4939980815780936,0.2687516639154871,0.8100193824092369,0.1417273041299498,1.0,0.3759012558903879,0.5154486368232396,0.9366184839986803,0.8801035136918509,0.09637908281095348,0.7418086027713626,0.8824026723853514,0.14403765258990434,lpc,lpc,1
DFL-MAT-J041VB,0,177094,DFL-OBJ-002FVR,Wooyeong Jeong,0.4417603043223067,0.2634195071909732,0.6433777650438413,0.6134602263877912,0.6666666666666667,0.2834557937966984,0.4251850994862751,0.9353554932365556,0.6250670158363576,0.8230317964368196,0.5936675189706367,0.7970554272517321,0.0538034064665127,synchronization,synchronization,1
DFL-MAT-J041VB,0,177377,DFL-OBJ-J021ZE,Andrej Ilić,0.4607321649136849,0.0,0.8523716758162342,0.4891215121887768,1.0,0.478659550926662,0.2727272727272727,0.0,0.9107091306499505,0.4782301633124381,0.7418086027713626,0.9602235235895744,7.217090069284065e-05,pressure,pressure,1
DFL-MAT-J041VB,1,21307,DFL-OBJ-J017PC,Jean-Luc Mamadou Diarra Dompé,0.6553853186044559,0.3064993546025275,0.7210167057935424,0.9290809384525524,1.0,0.4501925261605816,0.7450067008519898,0.9447995710986473,0.7807448036951501,0.9360926674364896,0.7418086027713626,0.9424952573408116,0.7842966430221049,pos,pos,1
DFL-MAT-J041VB,1,21912,DFL-OBJ-J01VXC,Giorgi Gocholeishvili,0.5061650315870894,0.2463407562151391,0.8543501968146838,0.1589780031938683,1.0,0.5034598529108226,0.4271158215502323,0.931045859452326,0.9121061530847905,0.10128154899373144,0.7418086027713626,0.9720698614318707,0.054978761134938964,synchronization,synchronization,1
DFL-MAT-J041VB,1,22024,DFL-OBJ-J017PC,Jean-Luc Mamadou Diarra Dompé,0.6177581133750806,0.5894019038186273,0.9049952196764448,0.4962777130313626,1.0,0.5932846202992992,0.3325008670795818,0.9736782415044539,0.945402713625866,0.5040312603101287,0.7418086027713626,0.9937623721544044,0.014336233916199275,synchronization,synchronization,1
DFL-MAT-J041VB,1,24135,DFL-OBJ-J01HP7,Miro Max Maria Muheim,0.4030320642306655,0.0,0.8163004876277764,0.4402378749400144,0.8,0.0,0.7202295182616341,0.0,0.8854080748927746,0.33705872649290664,0.6956450016496206,0.0,0.7084759567799406,anticipation,"anticipation,pressure",2
DFL-MAT-J041VB,1,67920,DFL-OBJ-002G8B,Ransford-Yeboah Königsdörffer,0.2826417802937808,0.1468411355613639,0.790624070035416,0.2444677269941738,0.5,0.0,0.3727287491357209,0.8841863246453315,0.8627257918178819,0.1272836935004949,0.4198026641372484,0.0,0.027311530847904983,anticipation,anticipation,1
DFL-MAT-J041VB,1,68694,DFL-OBJ-J017PC,Jean-Luc Mamadou Diarra Dompé,0.5339075703977326,0.411531097220831,0.4260082292206936,0.450671647208492,1.0,0.3607929766917367,0.5605774250510698,0.9599915456944903,0.18382443912900032,0.3627361019465523,0.7418086027713626,0.8686231854173541,0.2212347410095678,compactness,compactness,1
DFL-MAT-J041VB,1,70109,DFL-OBJ-J017PC,Jean-Luc Mamadou Diarra Dompé,0.4110457762348273,0.0,0.9736541623588624,0.0284175660463381,1.0,0.0,0.7796052001524707,0.0,0.9939943500494887,0.060071964698119436,0.7418086027713626,0.0,0.8703140465193006,anticipation,"anticipation,pressure",2
DFL-MAT-J041VB,1,105985,DFL-OBJ-J017PC,Jean-Luc Mamadou Diarra Dompé,0.4818320484609282,0.0,0.7667537662335553,0.5501878471827767,1.0,0.2674567697276037,0.6012092098069084,0.0,0.8383217172550314,0.6892733421313098,0.7418086027713626,0.7819304684922468,0.3151548581326295,pressure,pressure,1
DFL-MAT-J041VB,1,139237,DFL-OBJ-J01W6J,Rayan Philippe,0.4061994632688952,0.0606504329763902,0.9020966294531088,0.1027895523977481,0.6666666666666667,0.3702667613840761,0.5412485111679681,0.7726565077532168,0.9434592543714946,0.08672364731111844,0.5936675189706367,0.8773867947871989,0.18492246783239855,lpc,lpc,1
DFL-MAT-J041VB,1,139356,DFL-OBJ-J017PC,Jean-Luc Mamadou Diarra Dompé,0.4825507167730972,0.0,0.9227421410882362,0.0538109194378683,1.0,0.4572473577965544,0.623786499247817,0.0,0.957290291982844,0.07444943912900033,0.7418086027713626,0.9470574892774661,0.3787168013856813,pressure,pressure,1
DFL-MAT-J041VB,1,146620,DFL-OBJ-J017PC,Jean-Luc Mamadou Diarra Dompé,0.6206647788276676,0.2116658251320519,0.9645258210814468,0.1258763949404917,1.0,0.9576577349929366,0.4819410583653903,0.9192304519960409,0.9873030765423952,0.0921467749917519,0.7418086027713626,0.9996906961398878,0.10204449851534148,lpc,lpc,1
DFL-MAT-J041VB,1,150843,DFL-OBJ-J017PC,Jean-Luc Mamadou Diarra Dompé,0.2477653557988403,0.0049037699648972,0.9471084024660514,0.1701744983543764,0.0,0.0,0.7088429475643969,0.5982349059716265,0.9742504536456615,0.10445191355988123,0.0,0.0,0.6702202243483999,anticipation,"anticipation,pos",2
DFL-MAT-J041VB,1,160345,DFL-OBJ-0027HO,Robert-Nesta Glatzel,0.4845759312074588,0.0,0.6897271611995215,0.5232532266538718,1.0,0.2073347481632732,0.7250186189236929,0.0,0.7264001154734411,0.6019259320356318,0.7418086027713626,0.7281373721544044,0.7241834378093038,pressure,pressure,1
DFL-MAT-J041VB,1,175621,DFL-OBJ-J017PC,Jean-Luc Mamadou Diarra Dompé,,0.0,0.9767635835352252,0.0614009596000217,,0.0,0.4913854457191598,0.0,0.9955821098647311,0.07692387000989773,1.0,0.0,0.11279796271857473,anticipation,"anticipation,pressure",2
DFL-MAT-J041VN,0,21255,DFL-OBJ-J020IH,Luka Vušković,0.5660278980030424,0.1642459493869691,0.7140939850827175,0.4669062853702412,1.0,0.5719821485477562,0.5867245857393544,0.8959295612009238,0.7700119597492576,0.40770888320686244,0.7418086027713626,0.9912673210161663,0.2784868855163312,synchronization,synchronization,1
DFL-MAT-J041VN,0,26035,DFL-OBJ-J017PC,Jean-Luc Mamadou Diarra Dompé,0.1953951296215126,0.0,0.4173361297261603,0.4247544374502484,0.1428571428571429,0.0,0.409930333822934,0.0,0.1713337182448037,0.3031074727812603,0.1509093533487298,0.0,0.04507588254701419,anticipation,"anticipation,pressure",2
DFL-MAT-J041VN,0,26133,DFL-OBJ-J017PC,Jean-Luc Mamadou Diarra Dompé,0.4848152155187382,0.1667159282256798,0.5483310827841054,0.5109889271746026,1.0,0.3784467949164735,0.4490744049354679,0.8975379412735071,0.4025899043220059,0.5579841636423623,0.7418086027713626,0.8848152424942263,0.0701398053447707,synchronization,synchronization,1
DFL-MAT-J041VN,0,37377,DFL-OBJ-J01VXC,Giorgi Gocholeishvili,0.4057965695280577,0.0,0.9393115233671052,0.4847831578062408,0.625,0.0,0.7968618159442362,0.0,0.968394300560871,0.4632547014186737,0.5823521527548664,0.0,0.90409002804355,anticipation,"anticipation,pressure",2
DFL-MAT-J041VN,0,42757,DFL-OBJ-J01HP7,Miro Max Maria Muheim,0.3574039752852877,0.0,0.5006519915579171,0.5052412827801639,0.5,0.0,0.8213056664481097,0.0,0.3062520620257341,0.5369875866050808,0.4198026641372484,0.0,0.9407992411745298,anticipation,"anticipation,pressure",2
DFL-MAT-J041VN,0,53821,DFL-OBJ-J017PC,Jean-Luc Mamadou Diarra Dompé,0.5868646206578711,0.1913122449103202,0.8034672142212362,0.4228419141149082,1.0,0.6814455729028761,0.5324550148181584,0.9107039755856153,0.8745824397888485,0.2992257093368525,0.7418086027713626,0.997381227317717,0.17038518640712635,synchronization,synchronization,1
DFL-MAT-J041VN,0,62347,DFL-OBJ-J01VXC,Giorgi Gocholeishvili,0.5764165003344041,0.1737275405268888,0.8476716428250969,0.468595898034329,1.0,0.502818834126636,0.6507500159411432,0.901600131969647,0.9076418673705048,0.41238452655889146,0.7418086027713626,0.9718585037941273,0.4680540663147476,lpc,lpc,1
DFL-MAT-J041VN,0,62542,DFL-OBJ-J017PC,Jean-Luc Mamadou Diarra Dompé,0.5003913166021665,0.0950086577375095,0.8964954540114632,0.4676816279073272,1.0,0.4329319365878556,0.4199289280041897,0.8318933520290334,0.9392836522599802,0.40982245958429564,0.7418086027713626,0.9302004289013527,0.050596956450016495,synchronization,synchronization,1
DFL-MAT-J041VN,0,65318,DFL-OBJ-J017PC,Jean-Luc Mamadou Diarra Dompé,0.459161035568677,0.2989427062196454,0.7187487045213607,0.3321841616100228,0.75,0.4862164320391262,0.3222713943996136,0.9433355328274496,0.7773991669416034,0.17606606730451996,0.6612761877268228,0.9642238535136919,0.012521651270207853,synchronization,synchronization,1
DFL-MAT-J041VN,0,77711,DFL-OBJ-J017PC,Jean-Luc Mamadou Diarra Dompé,0.5227759370059752,0.2332259124488451,0.7531787095826464,0.4303460659910417,1.0,0.4147164335403706,0.4969927122077766,0.9270042890135269,0.8227482678983834,0.3148919498515341,0.7418086027713626,0.9156064417683932,0.1196851286704058,synchronization,synchronization,1
DFL-MAT-J041VN,0,80082,DFL-OBJ-J01VXC,Giorgi Gocholeishvili,0.331446058300528,0.0,0.4347452743000101,0.5618100757876857,0.4,0.1372214352414321,0.6188399173216961,0.0,0.1960213213460904,0.7204717914879578,0.35481276806334544,0.6681324232926427,0.36406610854503463,pressure,pressure,1
DFL-MAT-J041VN,0,116018,DFL-OBJ-J01H5G,Nicolas Capaldo Taboas,0.4475908802040645,0.0,0.8625260004795481,0.5220589677536419,0.75,0.2613054473422993,0.6199480548945038,0.0,0.917147806004619,0.5977812603101287,0.6612761877268228,0.7762135021445068,0.3670508907951171,pressure,pressure,1
DFL-MAT-J041VN,0,121467,DFL-OBJ-J017PC,Jean-Luc Mamadou Diarra Dompé,0.4642968703874197,0.0,0.843664710792746,0.1006111589376245,1.0,0.4752347796041779,0.5209028001081777,0.0,0.9048942180798416,0.08627000164962059,0.7418086027713626,0.9582594440778621,0.1521414137248433,pressure,pressure,1
DFL-MAT-J041VN,0,126521,DFL-OBJ-J01VXC,Giorgi Gocholeishvili,0.487679909320044,0.2366760883113338,0.4592374709457858,0.5097774293641976,0.875,0.4235913834304005,0.4821071596708365,0.9282208841966347,0.23446263609369844,0.5537467007588255,0.7315912652589904,0.9227719811943254,0.10221461563840317,synchronization,synchronization,1
DFL-MAT-J041VN,0,148009,DFL-OBJ-0027HO,Robert-Nesta Glatzel,0.5719861623526908,0.2107583391036818,0.7817005351839221,0.5087902443332085,1.0,0.3695352521533933,0.7439009898589275,0.9188695974925767,0.8538539260969977,0.5499422632794457,0.7418086027713626,0.8767424117452985,0.7812087594853184,lpc,lpc,1
DFL-MAT-J041VN,0,155023,DFL-OBJ-J021LJ,Fabio Amado Uri Baldé,,0.0,0.954386347099118,0.0193163055975067,,0.0,0.6708002972440068,0.0,0.9791271445067634,0.04888032002639393,1.0,0.0,0.5370442923127681,anticipation,"anticipation,pressure",2
DFL-MAT-J041VN,0,161326,DFL-OBJ-J01N5U,William Mikelbrencis,0.3392167273400355,0.1592978954639936,0.5842589382232801,0.6023386899712565,0.0,0.2102795873962976,0.662259690811137,0.8930117947871989,0.48280786044209834,0.806045859452326,0.0,0.7305911827779611,0.5073098812273177,pos,pos,1
DFL-MAT-J041VN,0,163116,DFL-OBJ-J01HP7,Miro Max Maria Muheim,0.3609477559874062,0.0,0.717800672909731,0.5534366482309607,0.5,0.0,0.7270006707411145,0.0,0.7759248185417355,0.6986349389640383,0.4198026641372484,0.0,0.7301581573738041,anticipation,"anticipation,pressure",2
DFL-MAT-J041VN,0,164172,DFL-OBJ-J01N5U,William Mikelbrencis,0.4799367897710864,0.0,0.9208413754906972,0.6032293070131752,1.0,0.3878908253095465,0.3708813684046233,0.0,0.9560943170570769,0.8074995875948532,0.7418086027713626,0.8931097410095677,0.026718698449356648,pressure,pressure,1
DFL-MAT-J041VN,0,168482,DFL-OBJ-J02322,Alexander Rössing-Lelesiit,0.4784866134661175,0.0,0.954426703290964,0.0231932309637474,1.0,0.3468399715594896,0.7306982622907925,0.0,0.9791477647641043,0.05424158693500495,0.7418086027713626,0.8559726575387661,0.7416024001979544,pressure,pressure,1
DFL-MAT-J041VN,1,18792,DFL-OBJ-J01DKU,Benedict Hollerbach,0.3504759656793822,0.0,0.6364649131619473,0.4751970483031186,0.3333333333333333,0.1780331766595858,0.6890366344526155,0.0,0.6082357307819202,0.43272125536126693,0.27682695480039593,0.7040116710656549,0.6015393022104916,pressure,pressure,1
DFL-MAT-J041VN,1,18854,DFL-OBJ-J01DKU,Benedict Hollerbach,0.5012295538580108,0.0,0.703790561919231,0.4796238703468453,1.0,0.4911468879636416,0.5135766462869347,0.0,0.7522321428571429,0.4465522929726163,0.7418086027713626,0.9666725090729132,0.1417075635103926,pressure,pressure,1
DFL-MAT-J041VN,1,23528,DFL-OBJ-J01DKU,Benedict Hollerbach,0.5475314815103981,0.0403620161098164,0.723129437055106,0.5196073996326628,1.0,0.5087607527497956,0.6467302509411434,0.7240700263939294,0.7841007505773672,0.5893630402507424,0.7418086027713626,0.9742040580666447,0.4539704305509733,synchronization,synchronization,1
DFL-MAT-J041VN,1,25833,DFL-OBJ-0000NB,Danny Vieira da Costa,0.2842184443634746,0.0,0.4861271262733986,0.4981283141419595,0.5,0.0,0.4839665434655296,0.0,0.279827202243484,0.5105369515011547,0.4198026641372484,0.0,0.10414260969976906,anticipation,"anticipation,pressure",2
DFL-MAT-J041VN,1,32937,DFL-OBJ-J017VJ,Arnaud Dominique Nordin,0.6121524437306998,0.4835984364388013,0.749368956059608,0.5386570805116282,1.0,0.4538767643391374,0.5895980736321038,0.9667549901022765,0.8182788271197624,0.654419952161003,0.7418086027713626,0.9449232926426921,0.2855080831408776,synchronization,synchronization,1
DFL-MAT-J041VN,1,34110,DFL-OBJ-J01DKU,Benedict Hollerbach,0.3165750859709211,0.2208572233553692,0.636055875417153,0.3071187204590728,0.25,0.2760466571648887,0.3827354415398023,0.9228286869020126,0.6073232843945893,0.1571469811943253,0.21053282744968657,0.7900960903992081,0.030945851204223027,synchronization,synchronization,1
DFL-MAT-J041VN,1,34706,DFL-OBJ-0000NB,Danny Vieira da Costa,0.7240195509934961,1.0,0.4193322737931447,0.5176858197398384,1.0,0.4900282190270341,0.7503162697750645,0.9853338419663478,0.17425663972286373,0.5823624628835368,0.7418086027713626,0.966131227317717,0.7988184592543714,compactness,compactness,1
DFL-MAT-J041VN,1,41573,DFL-OBJ-00278Q,Phillipp Mwene,0.5261666223000819,0.0773551231451778,0.2977406651207418,0.5427160306236716,1.0,0.4226741516354281,0.7557655928432686,0.8048344193335533,0.05321572913229957,0.6667817964368196,0.7418086027713626,0.9220090316727153,0.813185623556582,compactness,compactness,1
DFL-MAT-J041VN,1,63765,DFL-OBJ-J01DKU,Benedict Hollerbach,0.3272770278385163,0.0672662699346442,0.6756449149436083,0.4321002372860195,0.5,0.2381270941338658,0.332199949983544,0.7861730864401187,0.6980317964368196,0.3185159600791818,0.4198026641372484,0.7545931623226658,0.014289838337182448,synchronization,synchronization,1
DFL-MAT-J041VN,1,71508,DFL-OBJ-J01DKU,Benedict Hollerbach,0.3515059436912658,0.0,0.9175101823958012,0.7682782690484308,0.0,0.0,0.8714077979717949,0.0,0.9539085697789509,0.9115236308149126,0.0,0.0,0.9844987215440448,anticipation,"anticipation,pos,pressure",3
DFL-MAT-J041VN,1,104930,DFL-OBJ-J01DKU,Benedict Hollerbach,0.3817261189879131,0.1843749112168882,0.5644164791025417,0.4639465241095856,0.4,0.441158854438658,0.3643794328982276,0.9070438799076213,0.437778373474101,0.3990999257670736,0.35481276806334544,0.936329800395909,0.024594811943253053,synchronization,synchronization,1
DFL-MAT-J041VN,1,104994,DFL-OBJ-J01DKU,Benedict Hollerbach,0.4594864413725523,0.1576727956741503,0.6916102662336332,0.5699862767746865,0.6666666666666667,0.5446258386960343,0.3263975569451698,0.8919601616628176,0.7300035054437479,0.7406847987462883,0.5936675189706367,0.986205047838997,0.013145414054767404,synchronization,synchronization,1
DFL-MAT-J041VN,1,108029,DFL-OBJ-J01DKU,Benedict Hollerbach,0.3228899531637548,0.1236309232895962,0.5538266043152829,0.5271120658609799,0.5,0.1360937594728866,0.3636363636363636,0.8649012289673376,0.4147713213460904,0.6156177829099307,0.4198026641372484,0.6670859452325965,0.021104833388320685,synchronization,synchronization,1
DFL-MAT-J041VN,1,109269,DFL-OBJ-J01KEM,Nelson Felix Patrick Weiper,0.3967274920723718,0.0935954420229948,0.6199228601537108,0.2275370126736332,1.0,0.0,0.6475151782653008,0.8299292725173211,0.5675622731771692,0.12118525239194985,0.7418086027713626,0.0,0.456707769712966,anticipation,anticipation,1
DFL-MAT-J041VN,1,111722,DFL-OBJ-J01DKU,Benedict Hollerbach,0.5517882716344988,0.2829307234520382,0.6176546520410424,0.5089867261413753,1.0,0.4050128209342983,0.6066364957162258,0.9400311365885846,0.562066974595843,0.5506897476080501,0.7418086027713626,0.907853225008248,0.329192098317387,synchronization,synchronization,1
DFL-MAT-J041VN,1,111766,DFL-OBJ-J01DKU,Benedict Hollerbach,0.7133092823684773,1.0,0.7384101425928999,0.5490932551892423,1.0,0.5753737300648567,0.4657354570707989,0.9853338419663478,0.8048344193335533,0.6862163889805345,0.7418086027713626,0.9917570521280106,0.08585759650280435,synchronization,synchronization,1
DFL-MAT-J041VN,1,111772,DFL-OBJ-J01DKU,Benedict Hollerbach,0.7133092823684773,1.0,0.7384101425928999,0.5490932551892423,1.0,0.5753737300648567,0.4657354570707989,0.9853338419663478,0.8048344193335533,0.6862163889805345,0.7418086027713626,0.9917570521280106,0.08585759650280435,synchronization,synchronization,1
DFL-MAT-J041VN,1,119001,DFL-OBJ-J01DKU,Benedict Hollerbach,0.4703745208691529,0.0,0.8150730866842032,0.9861979931377932,1.0,0.0,0.5690602768683332,0.0,0.8842172550313427,0.9773589574397888,0.7418086027713626,0.0,0.23889083635763775,anticipation,"anticipation,pressure",2
DFL-MAT-J041VN,1,122803,DFL-OBJ-002G5B,Paul Nebel,0.516420318143831,0.0,0.5895061018775013,0.5173630221555088,1.0,0.3241703424212689,0.7901608856212108,0.0,0.4952057901682613,0.5813314500164962,0.7418086027713626,0.8354194160343121,0.891769424282415,pressure,pressure,1
DFL-MAT-J041VN,1,139837,DFL-OBJ-J01KEM,Nelson Felix Patrick Weiper,0.4062581337107951,0.1038451356945445,0.5006744163988265,0.5580123529154514,0.5,0.2069949109744252,0.701966807061211,0.8432602688881558,0.3062881474760805,0.7103678653909601,0.4198026641372484,0.7279002391949851,0.6464399125701089,compactness,compactness,1
DFL-MAT-J041VN,1,159394,DFL-OBJ-J01KEM,Nelson Felix Patrick Weiper,0.4625794854333681,0.384332796577333,0.5670989468013612,0.5561887487073655,0.5,0.3641836537961604,0.5181078576333682,0.9569345925437149,0.44403662157703727,0.7056612916529198,0.4198026641372484,0.8716388980534477,0.14789364071263608,synchronization,synchronization,1
DFL-MAT-J041VN,1,159405,DFL-OBJ-J01KEM,Nelson Felix Patrick Weiper,0.4625794854333681,0.384332796577333,0.5670989468013612,0.5561887487073655,0.5,0.3641836537961604,0.5181078576333682,0.9569345925437149,0.44403662157703727,0.7056612916529198,0.4198026641372484,0.8716388980534477,0.14789364071263608,synchronization,synchronization,1
DFL-MAT-J041VN,1,166034,DFL-OBJ-J017VJ,Arnaud Dominique Nordin,0.1499514422764689,0.0,0.2375036465209326,0.3840815316369645,0.0,0.0,0.3982677803352626,0.0,0.025383536786539096,0.234375,0.0,0.0,0.037209254371494555,anticipation,"anticipation,pos,pressure",3
DFL-MAT-J041VN,1,169985,DFL-OBJ-J021B9,Nikolas Konrad Veratschnig,0.6716300431436292,0.6301046992840185,0.7354060055696005,0.5108767989121025,1.0,0.4469564963488127,0.7675365981230667,0.9755495298581326,0.8010815324975256,0.5575408281095348,0.7418086027713626,0.940345595513032,0.8425385598812273,lpc,lpc,1
DFL-MAT-J041VN,1,170036,DFL-OBJ-J021B9,Nikolas Konrad Veratschnig,0.5591038394277411,0.1447103214320582,0.7359317748501,0.5049538543119536,1.0,0.465324340474907,0.6578700224698817,0.8827325965028043,0.8017207604750908,0.535848317387001,0.7418086027713626,0.9522228637413395,0.4921127515671396,synchronization,synchronization,1
DFL-MAT-J041VR,0,11688,DFL-OBJ-0027IT,David Raum,0.32625954020666,0.0,0.3614551309286233,0.6266071905391134,0.4,0.0,0.7349441679749846,0.0,0.10442098317387001,0.84032188221709,0.35481276806334544,0.0,0.7549746370834708,anticipation,"anticipation,pressure",2
DFL-MAT-J041VR,0,23016,DFL-OBJ-0027IT,David Raum,0.3730252491890498,0.1503126876609094,0.3411752259461326,0.4451367363044488,0.6666666666666667,0.236592515211918,0.466247407104528,0.8866865308479049,0.08533177994061365,0.34882258330583965,0.5936675189706367,0.7532837759815243,0.08627515671395579,compactness,compactness,1
DFL-MAT-J041VR,0,43611,DFL-OBJ-0028CM,Bote Ridle Nzuzi Baku,0.5265537130457655,0.0591659399396516,0.9008749782004528,0.3797958295598838,1.0,0.355010204294138,0.710723780292408,0.7694139722863741,0.9425828934345101,0.22848276146486307,0.7418086027713626,0.8632773837017486,0.676499092708677,lpc,lpc,1
DFL-MAT-J041VR,0,51499,DFL-OBJ-J01N5L,Saint-Cyr Johan Bakayoko,0.3763368333290822,0.1209666547047489,0.5541862039210186,0.513209581776893,0.4,0.1126182194624013,0.7309717845783832,0.8624680386011218,0.4155136506103596,0.5661188551633124,0.35481276806334544,0.6460275074232926,0.7424787611349389,pos,pos,1
DFL-MAT-J041VR,0,57508,DFL-OBJ-J01N5L,Saint-Cyr Johan Bakayoko,0.3882785582493682,0.0,0.5875268593316884,0.5433897840552364,1.0,0.1105819782639791,0.4017446781416079,0.0,0.4905971626525899,0.6688077367205543,0.7418086027713626,0.644233545034642,0.03878670405806665,pressure,pressure,1
DFL-MAT-J041VR,0,58844,DFL-OBJ-J01KK4,Antonio Eromonsele Nordby Nusa,,0.0,0.9648050074172684,0.523113578565011,,0.0,0.4481921647367075,0.0,0.987576294952161,0.6014774414384692,1.0,0.0,0.06952635268888156,anticipation,"anticipation,pressure",2
DFL-MAT-J041VR,0,65508,DFL-OBJ-J01DOV,Castello Junior Lukeba,0.4186327954295485,0.0,0.5642358052714619,0.4906828553793855,1.0,0.0,0.7058796362418966,0.0,0.4373144176839327,0.4836223606070604,0.7418086027713626,0.0,0.6597348234905972,anticipation,"anticipation,pressure",2
DFL-MAT-J041VR,0,103978,DFL-OBJ-J024LV,Rômulo José Cardoso da Cruz,0.3511298747145586,0.0967656847940941,0.7753150481421565,0.1923871199106767,0.5714285714285714,0.2505175254751676,0.4493864363384375,0.8342853018805675,0.8474616463213461,0.11083903827119762,0.5311932942923128,0.765903373474101,0.07039755856153085,synchronization,synchronization,1
DFL-MAT-J041VR,0,115164,DFL-OBJ-0028CM,Bote Ridle Nzuzi Baku,0.4379056815340666,0.0,0.8196472140399447,0.5371151731073149,0.7142857142857143,0.2775934243846746,0.5918228999612897,0.0,0.8881557241834378,0.6494504701418674,0.648527713625866,0.7915704387990762,0.29095698614318705,pressure,pressure,1
DFL-MAT-J041VR,0,117389,DFL-OBJ-J024LV,Rômulo José Cardoso da Cruz,,0.0,0.4233368260807012,0.497224294204797,,0.0,0.7529873296959175,0.0,0.17996329594193336,0.5072480204552953,1.0,0.0,0.8061128752886836,anticipation,"anticipation,pressure",2
DFL-MAT-J041VR,0,117583,DFL-OBJ-J024LV,Rômulo José Cardoso da Cruz,0.2950059275121286,0.0,0.6304139492039822,0.497646865509654,0.3333333333333333,0.1485346081923887,0.4476272560486294,0.0,0.593445851204223,0.5088048498845266,0.27682695480039593,0.6783652259980204,0.06910879247773012,pressure,pressure,1
DFL-MAT-J041VR,0,121168,DFL-OBJ-J024LV,Rômulo José Cardoso da Cruz,0.4376244873626083,0.0,0.5763279368458579,0.5095307068830718,1.0,0.2917517234435851,0.4615500141790526,0.0,0.46477029033322337,0.5529322005938634,0.7418086027713626,0.8048653497195645,0.08210470966677665,pressure,pressure,1
DFL-MAT-J041VR,0,133927,DFL-OBJ-J024LV,Rômulo José Cardoso da Cruz,0.3750636557053419,0.0,0.5302353796832476,0.5349754385018218,0.6,0.0,0.7985827530739473,0.0,0.36392692180798414,0.6423313262949522,0.5488081491257011,0.0,0.9071933767733421,anticipation,"anticipation,pressure",2
DFL-MAT-J041VR,0,138113,DFL-OBJ-0028CM,Bote Ridle Nzuzi Baku,0.3863355056167152,0.0,0.936152268843866,0.3130951167147163,0.75,0.0,0.7074305896778825,0.0,0.966131227317717,0.16127618772682284,0.6612761877268228,0.0,0.6650960903992081,anticipation,"anticipation,pressure",2
DFL-MAT-J041VR,0,145118,DFL-OBJ-J024CC,Yan Diomande,0.4485920184242213,0.0,0.8388286467620232,0.1697425924575157,1.0,0.4023133793095749,0.4880980249797866,0.0,0.9016310623556582,0.10429210656548994,0.7418086027713626,0.9056004618937644,0.10885949356647971,pressure,pressure,1
DFL-MAT-J041VR,0,147629,DFL-OBJ-0028CM,Bote Ridle Nzuzi Baku,0.5468140276053604,0.4408778223917531,0.6237172005678044,0.4845954680558883,1.0,0.3825580537246782,0.4759236758912488,0.9628629165291983,0.5768465440448697,0.462651558891455,0.7418086027713626,0.8884031672715276,0.09590481689211482,synchronization,synchronization,1
DFL-MAT-J041VR,0,148549,DFL-OBJ-J01KK4,Antonio Eromonsele Nordby Nusa,0.4563417953316342,0.0,0.9632558237425368,0.5158231233257123,1.0,0.1111186237950968,0.5956656344113516,0.0,0.986354544704718,0.5757278950841307,0.7418086027713626,0.6446975008248103,0.30083924447377103,pressure,pressure,1
DFL-MAT-J041VR,0,151510,DFL-OBJ-J024CC,Yan Diomande,0.4314319615287119,0.033189917896685,0.6682667795463493,0.3290806822047789,0.75,0.3463368375187284,0.6061334742238436,0.702743525239195,0.6824119515011547,0.17357617123061697,0.6612761877268228,0.8554313757835698,0.32784147146156384,lpc,lpc,1
DFL-MAT-J041VR,0,152059,DFL-OBJ-0028CM,Bote Ridle Nzuzi Baku,0.5385283079828295,0.4044243526064815,0.7719913552092744,0.5068234015628234,1.0,0.3326806919237574,0.4545454545454545,0.9592131309798746,0.8438118607720224,0.5429210656548994,0.7418086027713626,0.8433066644671725,0.07426901187726823,synchronization,synchronization,1
DFL-MAT-J041VR,0,156655,DFL-OBJ-J024CC,Yan Diomande,0.5835899804853547,0.3972958065749878,0.4927683942993671,0.4495185512774255,1.0,0.4053824262816947,0.7353997794169387,0.9585378175519631,0.2917250907291323,0.35941108545034645,0.7418086027713626,0.9081470636753547,0.7563716595183108,compactness,compactness,1
DFL-MAT-J041VR,0,157165,DFL-OBJ-0028CM,Bote Ridle Nzuzi Baku,0.4275300786962736,0.0,0.8434449293429578,0.2384824773416839,1.0,0.1120450840497659,0.6640382861378584,0.0,0.9047344110854504,0.1249948449356648,0.7418086027713626,0.6455171560541075,0.5132897558561531,pressure,pressure,1
DFL-MAT-J041VR,0,160401,DFL-OBJ-J024CC,Yan Diomande,0.3582250985689611,0.1330322382455551,0.7405683570744561,0.1750179644112034,0.6,0.3113167826145757,0.3847284978478457,0.8735565819861432,0.8075923787528868,0.10580769548003958,0.5488081491257011,0.8234132711976245,0.031724265918838666,synchronization,synchronization,1
DFL-MAT-J041VR,0,160681,DFL-OBJ-0028CM,Bote Ridle Nzuzi Baku,0.6019261677568502,0.1077663332133503,0.7842394875975738,0.9068027329463884,1.0,0.406131487858394,0.7087375052105949,0.8481472698779281,0.8565087842296272,0.931174736060706,0.7418086027713626,0.908817222038931,0.6697923540085781,synchronization,synchronization,1
DFL-MAT-J041VR,0,165756,DFL-OBJ-0028CM,Bote Ridle Nzuzi Baku,0.4991328515757299,0.0,0.8666051258718513,0.1221703345685135,1.0,0.5698438295398306,0.5614384280074824,0.0,0.9197820438799076,0.0914302210491587,0.7418086027713626,0.9910404981854174,0.22296684262619598,pressure,pressure,1
DFL-MAT-J041VR,0,169260,DFL-OBJ-0028CM,Bote Ridle Nzuzi Baku,0.3442181309717741,0.0,0.7084682776522087,0.559210769901376,0.6,0.0,0.5699720085951306,0.0,0.7606297426591884,0.7135072995710986,0.5488081491257011,0.0,0.24099410260640053,anticipation,"anticipation,pressure",2
DFL-MAT-J041VR,0,172938,DFL-OBJ-0028CM,Bote Ridle Nzuzi Baku,0.4666201717179524,0.0,0.8702776316441626,0.5114450507857795,1.0,0.2934969268738265,0.4832660360023393,0.0,0.9220554272517321,0.5595719234576048,0.7418086027713626,0.8065716760145166,0.10342090069284064,pressure,pressure,1
DFL-MAT-J041VR,1,12275,DFL-OBJ-J017PC,Jean-Luc Mamadou Diarra Dompé,0.3996803760893276,0.0,0.3853232704442977,0.5513138979458491,1.0,0.3032897035827708,0.3181818181818182,0.0,0.1297787446387331,0.6927375453645661,0.7418086027713626,0.8157425354668426,0.008031590234246124,pressure,pressure,1
DFL-MAT-J041VR,1,17591,DFL-OBJ-J01HP7,Miro Max Maria Muheim,0.367564811148329,0.0,0.9665082448830724,0.4634016839555212,0.5,0.0,0.7149279715500314,0.0,0.9888444407786209,0.39761011217419995,0.4198026641372484,0.0,0.6906548993731442,anticipation,"anticipation,pressure",2
DFL-MAT-J041VR,1,26253,DFL-OBJ-002G8B,Ransford-Yeboah Königsdörffer,0.4968469272504735,0.1698462896066777,0.5380684668695723,0.4615739253950088,1.0,0.4079973958509937,0.5034361183348492,0.8994195397558562,0.38059839986803035,0.3923674117452986,0.7418086027713626,0.9104719976905312,0.1281858297591554,synchronization,synchronization,1
DFL-MAT-J041VR,1,38067,DFL-OBJ-J01N5U,William Mikelbrencis,0.5904230607679789,0.1803137633682037,0.7649811006526291,0.8912182599232987,1.0,0.3982170297417431,0.6133509552016733,0.905079800395909,0.8364658940943583,0.9284889475420653,0.7418086027713626,0.9020125371164632,0.34809571923457605,synchronization,synchronization,1
DFL-MAT-J041VR,1,39604,DFL-OBJ-J01H5G,Nicolas Capaldo Taboas,0.4091716015330734,0.0,0.8930119575080999,0.4127536165179323,1.0,0.0,0.5798711192054802,0.0,0.9369741834378092,0.2803633289343451,0.7418086027713626,0.0,0.2625680468492247,anticipation,"anticipation,pressure",2
DFL-MAT-J041VR,1,46540,DFL-OBJ-002G8B,Ransford-Yeboah Königsdörffer,0.3128042406723073,0.1881313458792899,0.569180551152626,0.4827976955352965,0.5,0.1399380476501018,0.2727272727272727,0.9091059056417025,0.4486761794787199,0.45663559881227317,0.4198026641372484,0.6705707687231937,7.217090069284065e-05,synchronization,synchronization,1
DFL-MAT-J041VR,1,47677,DFL-OBJ-002G8B,Ransford-Yeboah Königsdörffer,0.4644939500661725,0.0,0.9418081642348471,0.1267319013496924,1.0,0.249546008725824,0.7157801904884464,0.0,0.9704975668096338,0.09243030353018805,0.7418086027713626,0.7650579429231277,0.6934644094358298,pressure,pressure,1
DFL-MAT-J041VR,1,55114,DFL-OBJ-J017PC,Jean-Luc Mamadou Diarra Dompé,0.5713377296617105,0.1201760209446644,0.5840128696672002,0.55813648477568,1.0,0.4248222691650403,0.8100077631815494,0.8616741586935005,0.4823078192015836,0.7106823243154075,0.7418086027713626,0.9237617535466842,0.9254113741339491,compactness,compactness,1
DFL-MAT-J041VR,1,55371,DFL-OBJ-J01W6J,Rayan Philippe,0.4027684997496692,0.0654174907691379,0.8067680177213878,0.4100483002322366,0.5714285714285714,0.4052318800463767,0.4159404172684152,0.7826624876278456,0.8773043137578357,0.2756155146816232,0.5311932942923128,0.908002721873969,0.04831326294952161,synchronization,synchronization,1
DFL-MAT-J041VR,1,76767,DFL-OBJ-J01HP7,Miro Max Maria Muheim,0.4831764187664505,0.0877593198957431,0.8891181735682626,0.505024805831129,1.0,0.4402376765316681,0.3181818181818182,0.8218461316397229,0.9342265341471462,0.5361782415044539,0.7418086027713626,0.9356080913889805,0.008031590234246124,synchronization,synchronization,1
DFL-MAT-J041VR,1,76929,DFL-OBJ-J017PC,Jean-Luc Mamadou Diarra Dompé,0.5104725062600676,0.0304030784908675,0.8521413771878398,0.3700147783040062,1.0,0.4102817879063798,0.6245202877313991,0.6937066974595842,0.9106060293632464,0.21579099307159352,0.7418086027713626,0.9122865803365225,0.38098502969317055,lpc,lpc,1
DFL-MAT-J041VR,1,107009,DFL-OBJ-J01N5U,William Mikelbrencis,0.5024078195884132,0.0,0.7379356529584822,0.4832364484231904,1.0,0.3567340748183494,0.6508854682092946,0.0,0.8043034477070273,0.4580944820191356,0.7418086027713626,0.8649424694820191,0.46852833223358625,pressure,pressure,1
DFL-MAT-J041VR,1,139363,DFL-OBJ-J01HP7,Miro Max Maria Muheim,0.3138028720889776,0.102503955385937,0.3894308009142108,0.6045679743634467,0.1999999999999999,0.0,0.7406945962948296,0.841564252721874,0.13470183107885186,0.8098657621247113,0.17336996865720883,0.0,0.7721719317057076,anticipation,anticipation,1
DFL-MAT-J041VR,1,143971,DFL-OBJ-002G8B,Ransford-Yeboah Königsdörffer,0.3896552796105998,0.1367225866930455,0.6904623877990076,0.540777308544101,0.1999999999999999,0.1794051831037381,0.7945424558118219,0.8765155889145496,0.7278899290663148,0.6611885516331244,0.17336996865720883,0.7052024909270868,0.9001876443418014,pos,pos,1
DFL-MAT-J041VR,1,144001,DFL-OBJ-002G8B,Ransford-Yeboah Königsdörffer,0.5004623403513475,0.2230146823973797,0.7118206636408071,0.5311513865373134,0.6,0.4219491534279899,0.6620594280557859,0.9235143104585946,0.7662126773342132,0.6292529280765424,0.5488081491257011,0.9214265094028373,0.5065727070273837,synchronization,synchronization,1
DFL-MAT-J041VR,1,151178,DFL-OBJ-J01N5U,William Mikelbrencis,0.4041970414239845,0.0327376379906555,0.3398278569627364,0.8750384491215787,0.5555555555555556,0.3020587306196068,0.4883151262268361,0.7012640217749917,0.08423375123721544,0.9261485483338832,0.5239040333223358,0.8145774909270868,0.10913786704058066,compactness,compactness,1
DFL-MAT-J041VR,1,154824,DFL-OBJ-J017PC,Jean-Luc Mamadou Diarra Dompé,0.6081848363201001,0.7414256516659401,0.5939199762254548,0.5106636870137893,1.0,0.4569572863886436,0.4090909090909091,0.979725131969647,0.5053148713295942,0.5568294292312768,0.7418086027713626,0.9468409765753877,0.042245752226987794,synchronization,synchronization,1
DFL-MAT-J041VR,1,160861,DFL-OBJ-J01HP7,Miro Max Maria Muheim,0.5199384251051085,0.0945760154984129,0.5300830589046642,0.6180838793409065,1.0,0.2468434531758501,0.7701525585535951,0.8312644341801386,0.3636227730122072,0.8293312850544374,0.7418086027713626,0.7624804107555262,0.8491267321016166,compactness,compactness,1
DFL-MAT-J041VR,1,169982,DFL-OBJ-J017PC,Jean-Luc Mamadou Diarra Dompé,0.3834614680033172,0.1359624594980734,0.5999589923614349,0.5719658408324129,0.1999999999999999,0.2593741055057617,0.6951825527691483,0.8759021362586605,0.51981606730452,0.7451800148465852,0.17336996865720883,0.7742597327614649,0.6229534394589245,pos,pos,1
DFL-MAT-J041VR,1,174633,DFL-OBJ-J020IH,Luka Vušković,0.6100088994792114,0.1592217511385106,0.6417789187355816,0.5332954587450158,1.0,0.6254306229402185,0.730840226142671,0.8929550890795117,0.6211079264269218,0.6363669168591224,0.7418086027713626,0.9956852111514352,0.7420354256021116,compactness,compactness,1
DFL-MAT-J041W5,0,10513,DFL-OBJ-J01N5U,William Mikelbrencis,0.5870591377897455,0.2281419888100485,0.6292749923253167,0.5138231815227295,1.0,0.4893247995258196,0.7242292677642741,0.9252515671395579,0.5907497525569119,0.5683922385351369,0.7418086027713626,0.9657909930715936,0.7217811778290993,lpc,lpc,1
DFL-MAT-J041W5,0,31687,DFL-OBJ-J020IH,Luka Vušković,0.2954875428403004,0.1146788763641514,0.4175989931934463,0.4860385519313446,0.5,0.0,0.4665333698301139,0.8561015341471462,0.1716739524909271,0.46739937314417684,0.4198026641372484,0.0,0.08650197954470472,anticipation,anticipation,1
DFL-MAT-J041W5,0,31692,DFL-OBJ-J020IH,Luka Vušković,0.4041623085303726,0.0586939747998734,0.4756145637890737,0.4299905085958784,0.6666666666666667,0.3251454930331321,0.557464737341894,0.7683881144836687,0.2614390877598152,0.3140465193005609,0.5936675189706367,0.8362442263279446,0.21523424612339162,synchronization,synchronization,1
DFL-MAT-J041W5,0,56708,DFL-OBJ-002G8B,Ransford-Yeboah Königsdörffer,0.5277069873368001,0.2075342358959646,0.6023658146306528,0.8801156048308593,1.0,0.3997202389882828,0.3584030467728226,0.9175962966017815,0.5256052045529528,0.9268083965687892,0.7418086027713626,0.9034095595513032,0.019929478719894426,synchronization,synchronization,1
DFL-MAT-J041W5,0,57764,DFL-OBJ-J017PC,Jean-Luc Mamadou Diarra Dompé,0.4077751290008535,0.118634750810424,0.9351363844768352,0.5368218050460558,0.625,0.0,0.6700940115807321,0.8602358957439789,0.9655177746618278,0.6484349224678324,0.5823521527548664,0.0,0.5347605988122732,anticipation,anticipation,1
DFL-MAT-J041W5,0,103211,DFL-OBJ-J017PC,Jean-Luc Mamadou Diarra Dompé,0.5658515349345521,0.3516481077184197,0.5977474037619454,0.5990653775658357,1.0,0.4199805902923802,0.5502198901373989,0.9525321676014517,0.5146661580336522,0.8007567634444078,0.7418086027713626,0.9198645249092708,0.20127948696799736,synchronization,synchronization,1
DFL-MAT-J041W5,0,106746,DFL-OBJ-J017PC,Jean-Luc Mamadou Diarra Dompé,0.320443724929405,0.1141811578239801,0.4969742755803681,0.4616594704741653,0.3333333333333333,0.2213907027026409,0.4568909425414715,0.8555963378422963,0.29926179478719894,0.39259423457604753,0.27682695480039593,0.7400352606400528,0.07801158858462554,synchronization,synchronization,1
DFL-MAT-J041W5,0,114323,DFL-OBJ-J017PC,Jean-Luc Mamadou Diarra Dompé,0.4127904411915282,0.0,0.4715916416376403,0.2878462647186258,1.0,0.3711129964492502,0.4251599871277104,0.0,0.25465502309468824,0.1461666941603431,0.7418086027713626,0.8781033487297921,0.05377763114483669,pressure,pressure,1
DFL-MAT-J041W5,0,134297,DFL-OBJ-J01HP7,Miro Max Maria Muheim,0.3920638250865716,0.0,0.449991031407505,0.8657013503612137,0.5,0.122217622761157,0.6635018220023616,0.0,0.21956450016496207,0.9248700923787528,0.4198026641372484,0.654574604091059,0.5114803282744969,pressure,pressure,1
DFL-MAT-J041W5,0,158095,DFL-OBJ-J017PC,Jean-Luc Mamadou Diarra Dompé,0.4094932958388396,0.0,0.4277932108346622,0.6745888456724634,1.0,0.0,0.6087594242009323,0.0,0.18635557571758496,0.8817376690861102,0.7418086027713626,0.0,0.3348265836357638,anticipation,"anticipation,pressure",2
DFL-MAT-J041W5,0,172826,DFL-OBJ-J01HP7,Miro Max Maria Muheim,0.2188891276211562,0.0807429001940596,0.5702033551682066,0.4410241421552641,0.0,0.0,0.4913455320084888,0.810520455295282,0.4509753381722204,0.33901765094028374,0.0,0.0,0.11273094688221709,anticipation,"anticipation,pos",2
DFL-MAT-J041W5,1,13416,DFL-OBJ-J01U8K,Adam Daghim,0.5756946301740243,0.0,0.8629746837358461,0.506426763006328,1.0,0.5080855808825666,0.7716174244120088,0.0,0.9174364896073903,0.5414467172550314,0.7418086027713626,0.9739359947212142,0.8527146568789179,pressure,pressure,1
DFL-MAT-J041W5,1,30323,DFL-OBJ-J01NZR,Saël Kumbedi Kumbedi,0.6560889329174051,0.6939081991914815,0.7569493705714265,0.5107637829602593,1.0,0.4235913834304005,0.6532505567853821,0.9780394259320356,0.8271661580336522,0.557216059056417,0.7418086027713626,0.9227719811943254,0.47649290663147476,synchronization,synchronization,1
DFL-MAT-J041W5,1,36712,DFL-OBJ-J021ET,Mohamed El Amine Amoura,,0.0,0.9686444261888228,0.0556526281484469,,0.0,0.716739786533583,0.0,0.9905095265588915,0.0750989772352359,1.0,0.0,0.6966760145166612,anticipation,"anticipation,pressure",2
DFL-MAT-J041W5,1,36792,DFL-OBJ-J021ET,Mohamed El Amine Amoura,0.633345095023832,0.5933203537019942,0.9602443845239912,0.1402685267100328,1.0,0.5227101170367621,0.6642252958953274,0.9738792890135269,0.9836584460574068,0.09601307324315407,0.7418086027713626,0.9794776888815573,0.5139186737050478,lpc,lpc,1
DFL-MAT-J041W5,1,36888,DFL-OBJ-J01U8K,Adam Daghim,0.5621769803478223,0.0,0.9727922375901996,0.1735064504018161,1.0,0.8367723779898208,0.4982755817269814,0.0,0.993422137908281,0.10539013526888816,0.7418086027713626,0.9991958099637084,0.12128835367865391,pressure,pressure,1
DFL-MAT-J041W5,1,52600,DFL-OBJ-J021ET,Mohamed El Amine Amoura,0.5631518157333472,0.5901889910856805,0.5386736155985676,0.5194043363477117,0.75,0.3664256007178869,0.6428606910361583,0.9737246370834708,0.38181499505113825,0.5886825717584956,0.6612761877268228,0.873829800395909,0.4408971873968987,compactness,compactness,1
DFL-MAT-J041W5,1,70747,DFL-OBJ-J02471,Vinicius de Souza Costa,0.6610212804808607,0.4189589309291127,0.8450124017803774,0.5363710535486378,1.0,0.5473769350419367,0.7424485593165837,0.9608885268888155,0.9057757340811613,0.6468110772022435,0.7418086027713626,0.9869112916529198,0.7769867617947872,lpc,lpc,1
DFL-MAT-J041W5,1,77776,DFL-OBJ-J01U8K,Adam Daghim,0.4152740288110558,0.0,0.8994750645721438,0.5016911389119935,0.7142857142857143,0.0,0.7777245758796033,0.0,0.9414384691520951,0.5234967832398548,0.648527713625866,0.0,0.8663085615308479,anticipation,"anticipation,pressure",2
DFL-MAT-J041W5,1,77817,DFL-OBJ-J01U8K,Adam Daghim,0.4475459977714685,0.0,0.9081435358955932,0.3983456539191373,0.875,0.4001900903358394,0.4243940436848981,0.0,0.9476709419333553,0.25562933025404155,0.7315912652589904,0.9038219646981195,0.05332398548333883,pressure,pressure,1
DFL-MAT-J041W5,1,81617,DFL-OBJ-J021ET,Mohamed El Amine Amoura,0.3637613592635266,0.0675056125336724,0.9068983964487244,0.5275903345119802,0.7142857142857143,0.0,0.4543842534468805,0.7866576624876278,0.9467172550313427,0.6173344193335533,0.648527713625866,0.0,0.07408342956120093,anticipation,anticipation,1
DFL-MAT-J041W5,1,81674,DFL-OBJ-J021ET,Mohamed El Amine Amoura,0.4790780447048086,0.0,0.9245965590270766,0.1062465452186401,1.0,0.4684705356203409,0.5640849694922763,0.0,0.9586770042890135,0.08749175189706368,0.7418086027713626,0.9541611679313757,0.2283435747278126,pressure,pressure,1
DFL-MAT-J041W5,1,101783,DFL-OBJ-J01KAS,Aaron Zehnter,0.5239633171400655,0.0,0.9405164645325002,0.0821429915468252,1.0,0.6435713298968047,0.5933406427070846,0.0,0.9694407786209172,0.0821975008248103,0.7418086027713626,0.9963192840646651,0.2948696799736061,pressure,pressure,1
DFL-MAT-J041W5,1,101805,DFL-OBJ-J01KAS,Aaron Zehnter,0.5239633171400655,0.0,0.9405164645325002,0.0821429915468252,1.0,0.6435713298968047,0.5933406427070846,0.0,0.9694407786209172,0.0821975008248103,0.7418086027713626,0.9963192840646651,0.2948696799736061,pressure,pressure,1
DFL-MAT-J041W5,1,103600,DFL-OBJ-J021ET,Mohamed El Amine Amoura,0.5103701692771727,0.0,0.8155033158812175,0.6139088578868853,1.0,0.3653706954582087,0.5740412409408782,0.0,0.8846399703068294,0.8237535054437479,0.7418086027713626,0.87284002804355,0.2496391454965358,pressure,pressure,1
DFL-MAT-J041W5,1,105301,DFL-OBJ-J021ET,Mohamed El Amine Amoura,0.4166426466074175,0.0,0.7540160314225758,0.1644197021753347,1.0,0.4517497893971692,0.3181818181818182,0.0,0.8237586605080831,0.10294147970966677,0.7418086027713626,0.9435984411085451,0.008031590234246124,pressure,pressure,1
DFL-MAT-J041W5,1,105362,DFL-OBJ-J021ET,Mohamed El Amine Amoura,0.3595603952410036,0.0837638226871568,0.8452705601298851,0.1824178656780007,0.4285714285714286,0.2972311112415936,0.5403891257968825,0.815649744308809,0.9059510062685582,0.10791611679313758,0.3951150610359617,0.8101235153414714,0.1834068789178489,lpc,lpc,1
DFL-MAT-J041W5,1,108985,DFL-OBJ-J021ET,Mohamed El Amine Amoura,0.3653941062591536,0.0972487270652234,0.946016145287374,0.5028880588399803,0.6,0.0,0.5234556287889482,0.8349296849224679,0.9735751402177499,0.5282961481359287,0.5488081491257011,0.0,0.15625,anticipation,anticipation,1
DFL-MAT-J041W5,1,118592,DFL-OBJ-J01U8K,Adam Daghim,0.4727719009215927,0.0,0.7529166895401995,0.4824439876531368,0.8333333333333334,0.4461559230909425,0.5372620539020463,0.0,0.8224286539096007,0.45553757010887497,0.7150228884856483,0.9397527631144836,0.17830336522599802,pressure,pressure,1
DFL-MAT-J041W5,1,118673,DFL-OBJ-J019ZE,Jonas Older Wind,0.5814062692517081,0.0,0.8291049685788732,0.96697996353167,1.0,0.4324768672690245,0.6285647123108715,0.0,0.8950171148135929,0.9526507340811613,0.7418086027713626,0.9298808149125701,0.39372319366545694,pressure,pressure,1
DFL-MAT-J041W5,1,123566,DFL-OBJ-J01U8K,Adam Daghim,0.3221521239251049,0.0,0.7245624289342337,0.1867195171526512,0.8,0.0,0.518213647163811,0.0,0.7862710326624877,0.10924096832728472,0.6956450016496206,0.0,0.14802767238535136,anticipation,"anticipation,pressure",2
DFL-MAT-J041W5,1,125508,DFL-OBJ-J00W7B,Christian Dannemann Eriksen,0.2301617850472679,0.0,0.9801166164084788,0.0695027662303643,0.0,0.0,0.6752577720701121,0.0,0.9972111101946552,0.0790168261299901,0.0,0.0,0.5528239442428241,anticipation,"anticipation,pos,pressure",3
DFL-MAT-J041W5,1,129300,DFL-OBJ-J01K33,Patrick Wimmer,0.5860414635369118,0.4011881432358706,0.8558992557721227,0.489007941598121,1.0,0.3117275594164437,0.6837658386785033,0.9589656878917849,0.9131423210161663,0.47783837842296273,0.7418086027713626,0.8238256763444408,0.5828161085450346,lpc,lpc,1
DFL-MAT-J041W5,1,130823,DFL-OBJ-J01U8K,Adam Daghim,0.4083904198691771,0.2444805815556072,0.7139787803190932,0.4680880487947422,0.3333333333333333,0.28803951100659,0.5957898641447346,0.9305045776971297,0.7698315324975256,0.41093079841636426,0.27682695480039593,0.8012722698779281,0.301169168591224,pos,pos,1
DFL-MAT-J041W5,1,130866,DFL-OBJ-J01U8K,Adam Daghim,0.3955265508189281,0.1613709439117351,0.7679926602692428,0.4367383125912803,0.6,0.3103884878062739,0.3753333796223052,0.8943005608709996,0.8395434675024744,0.3286508165621907,0.5488081491257011,0.8224905146816233,0.028249752556911912,synchronization,synchronization,1
DFL-MAT-J041W5,1,133967,DFL-OBJ-J01KAS,Aaron Zehnter,0.5259302957727476,0.2514950679423327,0.8175221416868031,0.4442844069652479,1.0,0.3260833384460647,0.5595060557602654,0.9324274166941603,0.8863411415374464,0.34681210821511055,0.7418086027713626,0.8371154322005938,0.21920364566149786,synchronization,synchronization,1
DFL-MAT-J041W5,1,134158,DFL-OBJ-J01C0A,Andreas Skov Olsen,0.4385286915946876,0.0,0.8123185497586508,0.6079327924488066,0.3333333333333333,0.5087640421763436,0.6010269718186145,0.0,0.8819335615308479,0.8150362916529198,0.27682695480039593,0.9742092131309799,0.3146290415704388,pressure,pressure,1
DFL-MAT-J041W5,1,137897,DFL-OBJ-J01K33,Patrick Wimmer,0.3995623792136737,0.0,0.9722435295842408,0.033906371923367,1.0,0.0,0.7225295031163346,0.0,0.9931076789838337,0.06468574727812604,0.7418086027713626,0.0,0.7161930880897394,anticipation,"anticipation,pressure",2
DFL-MAT-J041W5,1,142392,DFL-OBJ-J01U8K,Adam Daghim,0.5704461541511899,0.6338849040414175,0.4344743210944388,0.5865561965383791,1.0,0.388204378509153,0.4203092654605873,0.9757041817881887,0.19570170735730782,0.777667230287034,0.7418086027713626,0.8933571840976575,0.0507825387660838,synchronization,synchronization,1
DFL-MAT-J041W5,1,152479,DFL-OBJ-J01K33,Patrick Wimmer,0.6366178695321677,0.2435571124555825,0.8936492147281548,0.4687903811867216,1.0,0.5904673358400183,0.7592505961302403,0.9302210491586935,0.937448449356648,0.4129722038931046,0.7418086027713626,0.9934272929726163,0.8222636918508743,lpc,lpc,1
DFL-MAT-J041W5,1,152495,DFL-OBJ-J01K33,Patrick Wimmer,0.458271183300264,0.0,0.8882877197640585,0.51608671841666,0.4285714285714286,0.4135382076670933,0.7483321641329368,0.0,0.9336491669416034,0.5765991009567799,0.3951150610359617,0.91476101121742,0.7934520372814253,pressure,pressure,1
DFL-MAT-J041W5,1,161018,DFL-OBJ-J01K33,Patrick Wimmer,0.3457107812547556,0.2110571101176235,0.8592136971722041,0.1709081225864006,0.7142857142857143,0.1736949449044738,0.2727272727272727,0.9190087842296272,0.9152662075222698,0.10460141042560211,0.648527713625866,0.7003154899373144,7.217090069284065e-05,synchronization,synchronization,1
DFL-MAT-J041W5,1,162184,DFL-OBJ-J01K33,Patrick Wimmer,0.4075880534344974,0.1413832029174526,0.8095819795457517,0.4725614610084828,0.5,0.2533445514635609,0.5543448981198235,0.8803148713295942,0.8796962636093698,0.4243597410095678,0.4198026641372484,0.7685376113493897,0.20905332398548335,synchronization,synchronization,1
DFL-MAT-J041W5,1,165195,DFL-OBJ-J01U8K,Adam Daghim,0.5308922931635891,0.1601126070341318,0.6429795299595837,0.6109258251427294,1.0,0.4291054838019584,0.5242067235969701,0.8935376113493897,0.6241494143846915,0.8193407703728143,0.7418086027713626,0.9271744061365886,0.1574923705047839,synchronization,synchronization,1
DFL-MAT-J041W5,1,171680,DFL-OBJ-J01K33,Patrick Wimmer,0.6520654996432607,0.4272921368163751,0.7745441047353651,0.6674834971944051,1.0,0.4127995726500604,0.7908743208413268,0.9617081821181128,0.8465543549983504,0.8775002062025734,0.7418086027713626,0.9142609699769053,0.8931458264599142,pos,pos,1
DFL-MAT-J041W5,1,172521,DFL-OBJ-J01K33,Patrick Wimmer,0.464047509975713,0.0,0.9313540899738432,0.4592488312065732,0.5,0.3819224873817191,0.7708736272996817,0.0,0.9631206697459584,0.38574830913889807,0.4198026641372484,0.8878721956450016,0.8509464698119432,pressure,pressure,1
DFL-MAT-J041W5,1,173525,DFL-OBJ-J01K33,Patrick Wimmer,0.6252220905394623,0.568760081058935,0.7237515090799931,0.5575385152085583,1.0,0.6455951910642701,0.3636363636363636,0.9725699026723853,0.7850750577367206,0.7090997195645001,0.7418086027713626,0.996391454965358,0.021104833388320685,synchronization,synchronization,1
DFL-MAT-J041W5,1,175216,DFL-OBJ-J01K33,Patrick Wimmer,0.4798543135234995,0.4222795999141789,0.7077000207682203,0.0518349861628988,1.0,0.3609163326364596,0.4164784541064796,0.9612339161992741,0.7593667518970637,0.07372773012207193,0.7418086027713626,0.8687211316397229,0.04860710161662818,synchronization,synchronization,1
DFL-MAT-J041WE,0,58068,DFL-OBJ-J01FYE,Jakub Piotr Kamiński,0.5552045466238186,0.3416705869061437,0.5214127634819374,0.5729445539933382,1.0,0.4625882101128142,0.5065832243414434,0.9509701831078852,0.34590481689211483,0.7475668096337842,0.7418086027713626,0.9506247937974266,0.13221193500494885,synchronization,synchronization,1
DFL-MAT-J041WE,0,58338,DFL-OBJ-002GDA,Ragnar Prince Friedel Ache,0.4711181480138116,0.0,0.5992434193370004,0.2319762827029992,1.0,0.2964563388757557,0.7665939102590403,0.0,0.5181045859452326,0.1227111514351699,0.7418086027713626,0.8094069613988782,0.8402548663807324,pressure,pressure,1
DFL-MAT-J041WE,0,59622,DFL-OBJ-0028BD,Linton Maina,0.4445105942475607,0.1148893514543584,0.7370688176990416,0.4434756874687539,0.75,0.2889935691983205,0.564231423551628,0.8563541322995711,0.80322603926097,0.3449717502474431,0.6612761877268228,0.802210491586935,0.22861679313757835,synchronization,synchronization,1
DFL-MAT-J041WE,0,76784,DFL-OBJ-002GDA,Ragnar Prince Friedel Ache,0.4300884175876896,0.0,0.4760360083348277,0.5085626435678235,1.0,0.3608765671300695,0.389298160586614,0.0,0.2621504866380732,0.5491174529858133,0.7418086027713626,0.868700511382382,0.033482142857142856,pressure,pressure,1
DFL-MAT-J041WE,0,77848,DFL-OBJ-0028BD,Linton Maina,0.3743630233017083,0.0,0.87535347642907,0.5706461603032046,0.6666666666666667,0.0,0.5903237996666502,0.0,0.9254165291982844,0.7421797674034972,0.5936675189706367,0.0,0.28738452655889146,anticipation,"anticipation,pressure",2
DFL-MAT-J041WE,0,78733,DFL-OBJ-J01FYE,Jakub Piotr Kamiński,0.4242571918128162,0.0,0.4760229472110907,0.5244297919457802,1.0,0.2430686340485051,0.4812541941937273,0.0,0.26214017650940286,0.6058076954800395,0.7418086027713626,0.7590780682942924,0.10136403002309469,pressure,pressure,1
DFL-MAT-J041WE,0,100877,DFL-OBJ-002GDA,Ragnar Prince Friedel Ache,0.3790584629058952,0.0,0.6190230734909468,0.5136334723449075,0.8,0.2527522498273027,0.3636363636363636,0.0,0.5652785796766744,0.5676911497855494,0.6956450016496206,0.7678622979214781,0.021104833388320685,pressure,pressure,1
DFL-MAT-J041WE,0,118280,DFL-OBJ-J01FYE,Jakub Piotr Kamiński,0.5225966192971014,0.4597218415093073,0.4538071590497468,0.5432295917273626,1.0,0.3909870433723633,0.3661134787595771,0.9647290498185417,0.22573511217419995,0.6682767650940283,0.7418086027713626,0.895908940943583,0.025187644341801384,synchronization,synchronization,1
DFL-MAT-J041WE,0,118496,DFL-OBJ-002GDA,Ragnar Prince Friedel Ache,0.4625826029175697,0.0,0.7656218184442178,0.5221108912295409,1.0,0.2850474624897824,0.5073469048786274,0.0,0.8371360524579347,0.597992617947872,0.7418086027713626,0.7984679148795777,0.13327387825800066,pressure,pressure,1
DFL-MAT-J041WE,0,122794,DFL-OBJ-002GDA,Ragnar Prince Friedel Ache,0.5244611258041509,0.0691053054728835,0.827981026228344,0.4225699787537362,1.0,0.4363845973020878,0.6061184385574196,0.7896012042230287,0.894259320356318,0.298601946552293,0.7418086027713626,0.9327573408116133,0.3278053860112174,lpc,lpc,1
DFL-MAT-J041WE,0,139027,DFL-OBJ-J01ZQD,Saïd El Mala,0.5165466257237067,0.2458829579571767,0.9224101153558448,0.2152566222635152,1.0,0.395281703998338,0.536405392325902,0.9309118277796107,0.9570995546024414,0.11762825800065985,0.7418086027713626,0.899543261299901,0.17690118772682284,lpc,lpc,1
DFL-MAT-J041WE,0,139167,DFL-OBJ-J01ZQD,Saïd El Mala,0.4832052732414122,0.0,0.893970199382854,0.1502749896674115,1.0,0.51909038142135,0.5146718110535524,0.0,0.9376185664797096,0.09888959914219729,0.7418086027713626,0.9780961316397229,0.14303241504453976,pressure,pressure,1
DFL-MAT-J041WE,0,145199,DFL-OBJ-J01XHG,Kristoffer Lund Hansen,0.427838035839279,0.2623825091532776,0.6183233098325389,0.4656223195565981,0.5,0.2412661153445356,0.6310637918161237,0.935061654569449,0.5636650445397559,0.4039920818211811,0.4198026641372484,0.7574284477070273,0.4017857142857143,synchronization,synchronization,1
DFL-MAT-J041WE,0,155601,DFL-OBJ-J01UCR,Sebastian Söraas Sebulonsen,0.3863161205392069,0.0,0.8184078253501363,0.5057880650959802,0.5,0.3826794722718473,0.4179464276317653,0.0,0.8870783157373804,0.539049612339162,0.4198026641372484,0.8884753381722204,0.049493772682283076,pressure,pressure,1
DFL-MAT-J041WE,0,172412,DFL-OBJ-J01ZQD,Saïd El Mala,0.4662139418142685,0.0,0.913640274057652,0.4971122548908068,1.0,0.3135779970539313,0.4510296533990615,0.0,0.951398053447707,0.5068923210161663,0.7418086027713626,0.8256196387330914,0.0717172550313428,pressure,pressure,1
DFL-MAT-J041WE,0,182180,DFL-OBJ-J01T3R,Cenk Özkacar,0.46636405804152,0.0,0.5211809676073413,0.4619862336791466,1.0,0.2434148068132946,0.699239830027831,0.0,0.3454821016166282,0.3934912157703728,0.7418086027713626,0.7594028373474101,0.6370216100296932,pressure,pressure,1
DFL-MAT-J041WE,1,19040,DFL-OBJ-J017PC,Jean-Luc Mamadou Diarra Dompé,0.4431875876012778,0.0,0.6355056870036192,0.5187144575674506,0.8,0.4775982281758436,0.4127133069805326,0.0,0.6058695562520621,0.5862751567139558,0.6956450016496206,0.9595997608050149,0.04661209171890465,pressure,pressure,1
DFL-MAT-J041WE,1,25482,DFL-OBJ-J01N5U,William Mikelbrencis,0.5623492595105969,1.0,0.9753793034168744,0.5008102393720966,0.4444444444444444,0.0,0.7488184023988667,0.9853338419663478,0.9948861761794787,0.5204913807324315,0.4128278620917189,0.0,0.794895455295282,anticipation,anticipation,1
DFL-MAT-J041WE,1,45870,DFL-OBJ-J017PC,Jean-Luc Mamadou Diarra Dompé,0.2670752245076593,0.1495745854770425,0.3412002388693772,0.5693538586762725,0.0,0.2804612699530772,0.3645894013237857,0.8862122649290664,0.08536271032662487,0.7391382794457275,0.0,0.7941685912240185,0.024656672715275486,pos,pos,1
DFL-MAT-J041WE,1,45936,DFL-OBJ-J017PC,Jean-Luc Mamadou Diarra Dompé,0.4733401504396572,0.0,0.3354143709430691,0.7830226936868215,1.0,0.4057997528667091,0.4408460074580381,0.0,0.0804344688221709,0.9139362009237876,0.7418086027713626,0.9085491586935005,0.06424756680963378,pressure,pressure,1
DFL-MAT-J041WE,1,45960,DFL-OBJ-J017PC,Jean-Luc Mamadou Diarra Dompé,0.5325865501442523,0.7154167543251412,0.3551118304546211,0.2984734397966039,1.0,0.3880284941130289,0.3636363636363636,0.9789157868690201,0.09830192180798417,0.15214656878917848,0.7418086027713626,0.8932489277466182,0.021104833388320685,synchronization,synchronization,1
DFL-MAT-J041WE,1,54574,DFL-OBJ-J017PC,Jean-Luc Mamadou Diarra Dompé,0.6340763398261897,0.0,0.9108797582047709,0.9694848445497808,1.0,0.611278311140806,0.6500721246456125,0.0,0.9495009897723523,0.954826171230617,0.7418086027713626,0.9949583470801716,0.4657291322995711,pressure,pressure,1
DFL-MAT-J041WE,1,55509,DFL-OBJ-002G8B,Ransford-Yeboah Königsdörffer,0.4451314827636529,0.101425633108167,0.9390390679357496,0.7199416259984749,0.7142857142857143,0.0,0.6860822480552442,0.8401775404157044,0.9681571676014517,0.9010897806004619,0.648527713625866,0.0,0.5909817304519961,anticipation,anticipation,1
DFL-MAT-J041WE,1,62239,DFL-OBJ-J01N5U,William Mikelbrencis,0.4749730992926517,0.1399809594044031,0.7499600635728307,0.6292514123964154,0.8333333333333334,0.2237281135680716,0.580112609566535,0.8791704470471792,0.8190056911910261,0.8433891454965358,0.7150228884856483,0.7420612009237876,0.26311448366875617,synchronization,synchronization,1
DFL-MAT-J041WE,1,65280,DFL-OBJ-J01N5U,William Mikelbrencis,0.4600974048423227,0.0,0.6757930230517972,0.6021553570093248,0.8571428571428572,0.3353170655638381,0.5402492792918308,0.0,0.6983256351039261,0.8057210903992081,0.7251474348399868,0.8455491174529858,0.18319552128010558,pressure,pressure,1
DFL-MAT-J041WE,1,66680,DFL-OBJ-J017PC,Jean-Luc Mamadou Diarra Dompé,0.2922509006852062,0.0,0.8721690148265446,0.1079044922655319,0.625,0.0,0.5017091070508464,0.0,0.9233699686572089,0.08783198614318706,0.5823521527548664,0.0,0.12599492741669416,anticipation,"anticipation,pressure",2
DFL-MAT-J041WE,1,68767,DFL-OBJ-002G8B,Ransford-Yeboah Königsdörffer,0.4468482408496561,0.0,0.3537455132441116,0.4888195617471063,1.0,0.3602227245887966,0.5277835473962399,0.0,0.09698222533817222,0.477209460574068,0.7418086027713626,0.868112834048169,0.162982514021775,pressure,pressure,1
DFL-MAT-J041WE,1,72141,DFL-OBJ-J017PC,Jean-Luc Mamadou Diarra Dompé,0.4836850772350267,0.0803625856113283,0.8107211926648444,0.6943186061070694,0.8888888888888888,0.4009773496396169,0.3776724078491038,0.8098039013526889,0.8806499505113824,0.8916250824810293,0.7362926839326955,0.9043838667106565,0.029059097657538766,synchronization,synchronization,1
DFL-MAT-J041WE,1,78017,DFL-OBJ-J01HP7,Miro Max Maria Muheim,0.3680127174966988,0.0465917005769241,0.4196224523358843,0.8487265491660215,0.375,0.2415756704686469,0.4955890818668414,0.7404167354008578,0.17461749422632794,0.9225554684922468,0.3457553200263939,0.7577429066314748,0.11787570108874959,synchronization,synchronization,1
DFL-MAT-J041WE,1,78114,DFL-OBJ-J01N5U,William Mikelbrencis,0.3659106622975341,0.0,0.4674788187904455,0.1274437445787876,0.4,0.4140188181562446,0.7178301780802953,0.0,0.24803592048828768,0.09262619597492577,0.35481276806334544,0.9151631062355658,0.7004392114813592,pressure,pressure,1
DFL-MAT-J041WE,1,81822,DFL-OBJ-J01N5U,William Mikelbrencis,0.5882053532121485,0.4222159629034045,0.8232027459828143,0.5000936871082519,1.0,0.348218348563681,0.6411956524472933,0.9612236060706038,0.8908312025734081,0.5178519877928076,0.7418086027713626,0.8572717337512372,0.4350461893764434,synchronization,synchronization,1
DFL-MAT-J041WE,1,104364,DFL-OBJ-J01N5U,William Mikelbrencis,0.3518047009723288,0.0,0.9728821992609809,0.4072294965965075,0.4444444444444444,0.0,0.7134757451382356,0.0,0.9934736885516331,0.2704295199604091,0.4128278620917189,0.0,0.685721502804355,anticipation,"anticipation,pressure",2
DFL-MAT-J041WE,1,117469,DFL-OBJ-J017PC,Jean-Luc Mamadou Diarra Dompé,0.4264261415912646,0.0,0.8501416484452102,0.4737438634800837,1.0,0.336082434658036,0.2756190273012973,0.0,0.9092605575717585,0.428277589904322,0.7418086027713626,0.8462553612669086,0.004263238205212801,pressure,pressure,1
DFL-MAT-J041WE,1,141061,DFL-OBJ-J017PC,Jean-Luc Mamadou Diarra Dompé,0.4733411319335996,0.0,0.819133922891399,0.4841014258110415,1.0,0.3380205411236514,0.5018696980629684,0.0,0.8877484741009568,0.4611565902342461,0.7418086027713626,0.8479616875618607,0.12619081986143188,pressure,pressure,1
DFL-MAT-J041WE,1,143936,DFL-OBJ-J017PC,Jean-Luc Mamadou Diarra Dompé,0.3828922496043399,0.0,0.9295987047627824,0.3120748744525042,0.5555555555555556,0.0,0.845779368586191,0.0,0.9619143846915209,0.1604977730122072,0.5239040333223358,0.0,0.9672189458924447,anticipation,"anticipation,pressure",2
DFL-MAT-J041WE,1,160331,DFL-OBJ-J017PC,Jean-Luc Mamadou Diarra Dompé,0.5688468548120995,0.2657147302759673,0.8671319498748096,0.4636679364160042,1.0,0.458968088717482,0.5746371593559619,0.9358864648630815,0.9200397970966677,0.398424612339162,0.7418086027713626,0.9482689293962389,0.2508815160013197,synchronization,synchronization,1
DFL-MAT-J041WE,1,160332,DFL-OBJ-J017PC,Jean-Luc Mamadou Diarra Dompé,0.5688468548120995,0.2657147302759673,0.8671319498748096,0.4636679364160042,1.0,0.458968088717482,0.5746371593559619,0.9358864648630815,0.9200397970966677,0.398424612339162,0.7418086027713626,0.9482689293962389,0.2508815160013197,synchronization,synchronization,1
DFL-MAT-J041WE,1,167098,DFL-OBJ-0002F6,Yussuf Yurary Poulsen,0.4501931785975992,0.0928312417789093,0.7632484414723705,0.6499735026438882,0.4,0.3708341212134758,0.665387181936254,0.8289549653579676,0.83447603926097,0.8643444820191356,0.35481276806334544,0.8779074562850544,0.5179653992081821,pos,pos,1
DFL-MAT-J041WE,1,172826,DFL-OBJ-J02322,Alexander Rössing-Lelesiit,0.4627340485391813,0.1756663112794487,0.5287581748839306,0.5426882326551326,1.0,0.3059195478146015,0.4047311517101073,0.9026569201583636,0.36101946552292974,0.6667044704717915,0.7418086027713626,0.8182118112834048,0.040152796106895414,synchronization,synchronization,1
DFL-MAT-J041WE,1,176062,DFL-OBJ-0002F6,Yussuf Yurary Poulsen,0.6189910355894812,1.0,0.4958906967176566,0.4932803995253034,1.0,0.4190552570534308,0.314599416083345,0.9853338419663478,0.2972513196964698,0.4931025239194985,0.7418086027713626,0.9190912652589904,0.007624340151765094,synchronization,synchronization,1
DFL-MAT-J041WE,1,179549,DFL-OBJ-0002F6,Yussuf Yurary Poulsen,0.4716717747781073,0.0,0.6987215670965408,0.5363770659195417,1.0,0.3979816821876598,0.4444444444444444,0.0,0.7430664384691521,0.6468574727812603,0.7418086027713626,0.9018269548003959,0.0667580831408776,pressure,pressure,1
DFL-MAT-J041WE,1,181690,DFL-OBJ-0002F6,Yussuf Yurary Poulsen,0.3238132313385933,0.0574951360622673,0.6144296051090916,0.5624875623075908,0.75,0.0,0.338268475090137,0.7657229462223688,0.5542570521280106,0.7223224595842956,0.6612761877268228,0.0,0.015413642362256681,anticipation,anticipation,1
DFL-MAT-J041WE,1,184180,DFL-OBJ-0002F6,Yussuf Yurary Poulsen,0.4447671445727558,0.0,0.6730977069361458,0.489116188410651,1.0,0.2041199676669717,0.565853235679509,0.0,0.6926499092708677,0.4781992329264269,0.7418086027713626,0.7255495298581326,0.23214801220719233,pressure,pressure,1
DFL-MAT-J041WN,0,17317,DFL-OBJ-J017PC,Jean-Luc Mamadou Diarra Dompé,0.3905000476944291,0.0,0.8656226898631935,0.1076656594186334,0.6666666666666667,0.3440385843802493,0.5617229380445787,0.0,0.9190758000659848,0.08778043549983504,0.5936675189706367,0.8532404734411085,0.2235390547674035,pressure,pressure,1
DFL-MAT-J041WN,0,17431,DFL-OBJ-J017PC,Jean-Luc Mamadou Diarra Dompé,0.5884910328596945,0.0733124612682348,0.8821640476864658,0.4412685892511798,1.0,0.6047581691306019,0.690305736237649,0.7976070191355988,0.9297467832398548,0.3395486225668096,0.7418086027713626,0.994638733091389,0.6060035879247773,lpc,lpc,1
DFL-MAT-J041WN,0,22254,DFL-OBJ-J017PC,Jean-Luc Mamadou Diarra Dompé,0.4739720146161861,0.0,0.6551162253263882,0.4549129661280437,1.0,0.2778820091953882,0.6503480364625954,0.0,0.6524764929066315,0.3738401105245793,0.7418086027713626,0.7918745875948532,0.4666621989442428,pressure,pressure,1
DFL-MAT-J041WN,0,36050,DFL-OBJ-J017PC,Jean-Luc Mamadou Diarra Dompé,,0.0,0.9633445874223956,0.4137637741785541,,0.0,0.7707257420280076,0.0,0.9864060953480699,0.28219853183767735,1.0,0.0,0.850534064665127,anticipation,"anticipation,pressure",2
DFL-MAT-J041WN,0,41753,DFL-OBJ-J01VXC,Giorgi Gocholeishvili,0.5102795940856399,0.1794475221024928,0.9374738670716528,0.1836242363891977,1.0,0.5496293993806958,0.4107971153679474,0.9046725503134279,0.9670385186407127,0.10836460739030022,0.7418086027713626,0.9874680386011218,0.04553983833718245,synchronization,synchronization,1
DFL-MAT-J041WN,0,41820,DFL-OBJ-J01H5G,Nicolas Capaldo Taboas,0.3962954873192035,0.0,0.8947588688666376,0.1387649855384249,1.0,0.2022437932602433,0.4552138536812711,0.0,0.9381650032992411,0.09563159848234906,0.7418086027713626,0.7239566149785549,0.07642382876938304,pressure,pressure,1
DFL-MAT-J041WN,0,45001,DFL-OBJ-J01VXC,Giorgi Gocholeishvili,0.5514378596735009,1.0,0.9224840856516932,0.4916948933252155,0.4444444444444444,0.0,0.7226313985772095,0.9853338419663478,0.9571459501814583,0.4872360607060376,0.4128278620917189,0.0,0.7164817716925107,anticipation,anticipation,1
DFL-MAT-J041WN,0,46986,DFL-OBJ-J017PC,Jean-Luc Mamadou Diarra Dompé,0.5218329000322357,0.0890134162704233,0.7317890370264204,0.5781939433341187,0.8333333333333334,0.432002882353634,0.6573837384292904,0.8236452490927086,0.7965038353678654,0.7603255938634114,0.7150228884856483,0.9295457357307819,0.4903806499505114,synchronization,synchronization,1
DFL-MAT-J041WN,0,58406,DFL-OBJ-J01VXC,Giorgi Gocholeishvili,0.3290174525755898,0.0756127995858415,0.5296440249777068,0.1970511372381757,0.5,0.1507995992878013,0.6199571777927002,0.8017207604750908,0.36271548168921147,0.11226699109204882,0.4198026641372484,0.680411786539096,0.3670612009237875,lpc,lpc,1
DFL-MAT-J041WN,0,62144,DFL-OBJ-0027JU,Jordan Torunarigha,0.4894796579565381,0.1289411044335389,0.5905697150105371,0.5327542580599063,1.0,0.2447507916968709,0.6228501461410317,0.8700769135598813,0.49759774001979545,0.634475008248103,0.7418086027713626,0.7605369515011547,0.37579903497195644,synchronization,synchronization,1
DFL-MAT-J041WN,0,62338,DFL-OBJ-J01W6J,Rayan Philippe,0.4955923913145585,0.0721926797691736,0.7912404171563525,0.4912504986523649,1.0,0.4305390900531924,0.4472816379685122,0.7954831326294952,0.8633598647311118,0.4854988040250742,0.7418086027713626,0.9283703810623557,0.06885103926096997,synchronization,synchronization,1
DFL-MAT-J041WN,0,71382,DFL-OBJ-J017PC,Jean-Luc Mamadou Diarra Dompé,0.4244430119678459,0.0,0.8187380924329082,0.1766166222001209,1.0,0.4167691143939935,0.3615342650566783,0.0,0.8873669993401517,0.10629742659188386,0.7418086027713626,0.9172457522269878,0.020661497855493236,pressure,pressure,1
DFL-MAT-J041WN,0,73524,DFL-OBJ-J01VXC,Giorgi Gocholeishvili,0.4529220325089703,0.0,0.5054649930934151,0.4942673307036827,0.8888888888888888,0.3480146610242314,0.5951961485142543,0.0,0.31511877268228305,0.4966646733751237,0.7362926839326955,0.8570552210491587,0.2996741999340152,pressure,pressure,1
DFL-MAT-J041WN,0,113314,DFL-OBJ-J017PC,Jean-Luc Mamadou Diarra Dompé,0.5570266657082824,0.0,0.7932574403703265,0.5611730742165181,1.0,0.3953233860778918,0.8014951880475045,0.0,0.8652569284064665,0.7187809303860112,0.7418086027713626,0.8995896568789179,0.9121731689211481,pressure,pressure,1
DFL-MAT-J041WN,0,117259,DFL-OBJ-J01W6J,Rayan Philippe,0.411551752170854,0.0369228696630577,0.647617257387507,0.4872248301829519,0.75,0.2960098685812319,0.480148174331389,0.7142702490927086,0.6350678406466512,0.47167292147806006,0.6612761877268228,0.808968780930386,0.1001422797756516,synchronization,synchronization,1
DFL-MAT-J041WN,0,117329,DFL-OBJ-J017PC,Jean-Luc Mamadou Diarra Dompé,0.5781766001216296,0.2312928644040598,0.7794273393422181,0.4934323371295624,1.0,0.4337922986140533,0.6941133455488842,0.9263186654569449,0.8516320933685252,0.4936283404816892,0.7418086027713626,0.9308190366215771,0.6191180715935335,lpc,lpc,1
DFL-MAT-J041WN,0,119687,DFL-OBJ-J017PC,Jean-Luc Mamadou Diarra Dompé,0.4161469299275043,0.1086087695283181,0.7794418205345235,0.2283514632016779,0.5,0.590125212506167,0.4090909090909091,0.8491215770372814,0.8516475585615308,0.12149455625206203,0.4198026641372484,0.9933912075222698,0.042245752226987794,synchronization,synchronization,1
DFL-MAT-J041WN,0,127831,DFL-OBJ-J017PC,Jean-Luc Mamadou Diarra Dompé,0.6199750484683981,0.0,0.9746846464293376,0.1234875355767593,1.0,0.8406495611977751,0.7962299840516163,0.0,0.994535631804685,0.09167250907291323,0.7418086027713626,0.9992422055427251,0.9030332398548334,pressure,pressure,1
DFL-MAT-J041WN,0,128072,DFL-OBJ-002G8B,Ransford-Yeboah Königsdörffer,0.5463423977023412,0.1539127225990817,0.7946879049988794,0.1707975795789068,1.0,0.5928730911965977,0.619888794948501,0.8892331326294952,0.8665972451336192,0.10457563510392609,0.7418086027713626,0.9936850461893765,0.36690654899373143,lpc,lpc,1
DFL-MAT-J041WN,0,138753,DFL-OBJ-J017PC,Jean-Luc Mamadou Diarra Dompé,0.3242126433495254,0.0,0.7981861673963969,0.5452205881926359,0.7142857142857143,0.0,0.3596845206047496,0.0,0.8698500907291323,0.6745247030682943,0.648527713625866,0.0,0.020197542065324977,anticipation,"anticipation,pressure",2
DFL-MAT-J041WN,0,139245,DFL-OBJ-J017PC,Jean-Luc Mamadou Diarra Dompé,0.3441138471020298,0.0,0.9541701997629262,0.4010875948948227,0.6666666666666667,0.0,0.5145050623163071,0.0,0.9789724925767074,0.2602534229627186,0.5936675189706367,0.0,0.14281074727812604,anticipation,"anticipation,pressure",2
DFL-MAT-J041WN,0,149810,DFL-OBJ-J017PC,Jean-Luc Mamadou Diarra Dompé,0.4719519230778687,0.0,0.6201031928558594,0.4747845885487164,0.8333333333333334,0.3563860425979324,0.6868530466127428,0.0,0.5679952985813262,0.43153043549983505,0.7150228884856483,0.8645816149785549,0.5939819778950841,pressure,pressure,1
DFL-MAT-J041WN,1,28588,DFL-OBJ-002G7P,Maximilian Beier,0.4566192185452642,0.0,0.637498482467637,0.4498652119521801,1.0,0.4231162411659717,0.4190075933157687,0.0,0.610797797756516,0.36037508248102934,0.7418086027713626,0.9224008165621908,0.05010722533817222,pressure,pressure,1
DFL-MAT-J041WN,1,39543,DFL-OBJ-00278S,Serhou Yadaly Guirassy,0.4422069514095814,0.2283205221274421,0.6597387428663355,0.6372199904031521,0.6,0.2043991911029502,0.5775581827548415,0.9253185829759155,0.6631732514021775,0.8524311283404817,0.5488081491257011,0.7257815077532168,0.2572531755196305,synchronization,synchronization,1
DFL-MAT-J041WN,1,48147,DFL-OBJ-0028RM,Julian Ryerson,0.2592830394144435,0.0,0.5104641033817732,0.5195505987464142,0.25,0.1187848713932613,0.4090909090909091,0.0,0.3249133949191686,0.5892083883206862,0.21053282744968657,0.6514093945892445,0.042245752226987794,pressure,pressure,1
DFL-MAT-J041WN,1,54199,DFL-OBJ-0028RM,Julian Ryerson,0.3852674132871828,0.1439179719617115,0.5726177331864295,0.4322580218344651,0.5,0.3222771165352052,0.4850245159939009,0.8821603843615968,0.4564448614318707,0.3188922797756516,0.4198026641372484,0.8338110359617288,0.10542106565489938,synchronization,synchronization,1
DFL-MAT-J041WN,1,54585,DFL-OBJ-J01R3Q,Carney Chibueze Chukwuemeka,0.4481764050957466,0.0715266798479423,0.6910038922292292,0.3708619293372106,1.0,0.1602671265415786,0.6263696612392067,0.7942716925107225,0.7288848564830089,0.2169869679973606,0.7418086027713626,0.688644424282415,0.38700614483668755,lpc,lpc,1
DFL-MAT-J041WN,1,67454,DFL-OBJ-J01R3Q,Carney Chibueze Chukwuemeka,0.3840516198844178,0.0685179675873475,0.8641763699283653,0.5938050330474928,0.5,0.0,0.6948908878253018,0.7884619350049489,0.9181994391290004,0.7914003216760145,0.4198026641372484,0.0,0.6218605658198614,anticipation,anticipation,1
DFL-MAT-J041WN,1,113272,DFL-OBJ-00002T,Pascal Groß,0.4776940084868487,0.0,0.5540912061668932,0.5621575726032976,1.0,0.382468102313811,0.5305574003736002,0.0,0.41536930880897394,0.721440943582976,0.7418086027713626,0.8883413064995052,0.16737978389970307,pressure,pressure,1
DFL-MAT-J041WN,1,143657,DFL-OBJ-0028RM,Julian Ryerson,0.4035553480552856,0.248474013049413,0.599188040980028,0.5222954786464896,0.8333333333333334,0.1727998127341234,0.3181818181818182,0.9315819861431871,0.5179963295941933,0.5986421560541075,0.7150228884856483,0.6993927334213131,0.008031590234246124,synchronization,synchronization,1
DFL-MAT-J041WN,1,146256,DFL-OBJ-J01E9X,Karim David Adeyemi,0.1928156614632164,0.1151164972905356,0.5463166026079191,0.2635110404811233,0.1666666666666666,0.0,0.3181818181818182,0.856632505773672,0.3980534477070274,0.1347791570438799,0.15789446552292974,0.0,0.008031590234246124,anticipation,anticipation,1
DFL-MAT-J041WN,1,175911,DFL-OBJ-J01E9X,Karim David Adeyemi,0.5064523112308987,0.0,0.8368539133960875,0.447436976760615,1.0,0.313522651180108,0.7000036911729424,0.0,0.9003010557571759,0.3545292395249093,0.7418086027713626,0.8255526228967337,0.6398104998350379,pressure,pressure,1
DFL-MAT-J041WN,1,176101,DFL-OBJ-J01UP1,Jobe Samuel Patrick Bellingham,0.449039917400638,0.0,0.8239628903250835,0.2694297033356162,1.0,0.3801068441265167,0.4626699720542064,0.0,0.8914446552292973,0.13727936324645332,0.7418086027713626,0.8863462966017815,0.0830996370834708,pressure,pressure,1
DFL-MAT-J041WN,1,176152,DFL-OBJ-J01E9X,Karim David Adeyemi,0.5365835794873357,0.0,0.8511888339980938,0.5646614370181126,1.0,0.4859594122824235,0.581268190614922,0.0,0.9099719564500165,0.7277507423292643,0.7418086027713626,0.9640795117123062,0.26572294622236886,pressure,pressure,1
DFL-MAT-J041WN,1,177008,DFL-OBJ-0028RM,Julian Ryerson,0.4138270516311848,0.0589317857750438,0.8788945076657517,0.523750287380717,0.6666666666666667,0.1579898191217763,0.5769653186500798,0.7689139310458595,0.9275455707687232,0.6034157456285054,0.5936675189706367,0.6867989112504124,0.25593863411415374,synchronization,synchronization,1
DFL-MAT-J041WN,1,179638,DFL-OBJ-J01E9X,Karim David Adeyemi,0.5305585119207596,0.2101189906626182,0.7900286595139208,0.6187315193799056,1.0,0.3049034056448635,0.5520509518469251,0.9186530847904982,0.8621535796766744,0.8302746618277796,0.7418086027713626,0.8172117288023755,0.2049086522599802,synchronization,synchronization,1
DFL-MAT-J041WT,0,23764,DFL-OBJ-J01K2X,Anton Kade,0.5227764888999457,0.0516439870033476,0.8893520236090697,0.3762226763787389,1.0,0.322906153081668,0.7412134598303168,0.7529177664137249,0.9344378917848895,0.22370401682613,0.7418086027713626,0.8343213873309139,0.7734967832398548,lpc,lpc,1
DFL-MAT-J041WT,0,26081,DFL-OBJ-J01FUR,Alexis Julian Claude-Maurice,0.3122766934637568,0.0,0.9417130208287644,0.0836958990068592,0.6666666666666667,0.0,0.551476145896515,0.0,0.9704408611019466,0.08255835532827449,0.5936675189706367,0.0,0.20393434510062686,anticipation,"anticipation,pressure",2
DFL-MAT-J041WT,0,32943,DFL-OBJ-J01KEV,Mert Kömür,0.4314812156619269,0.0,0.4116575511327747,0.4540972096027883,0.8888888888888888,0.2756467974568465,0.6317902760525822,0.0,0.16334852358957438,0.37175230946882215,0.7362926839326955,0.7897300808314087,0.40406940778620914,pressure,pressure,1
DFL-MAT-J041WT,0,44218,DFL-OBJ-J01BKL,Han-Noah Massengo,0.3477476852340733,0.1293068596566546,0.5949432448938998,0.5836129356620956,0.375,0.0,0.674152768268518,0.8704223028703398,0.5078975585615308,0.7716615803365225,0.3457553200263939,0.0,0.5489421807984164,anticipation,anticipation,1
DFL-MAT-J041WT,0,73857,DFL-OBJ-J01KEV,Mert Kömür,0.3799415431683227,0.1178437035275204,0.7018478971802866,0.5779133554090403,0.6666666666666667,0.0,0.5721333509134051,0.859349224678324,0.7486751484658528,0.7596966760145166,0.5936675189706367,0.0,0.24563366050808313,anticipation,anticipation,1
DFL-MAT-J041WT,0,73884,DFL-OBJ-J01KEV,Mert Kömür,0.3962924770681756,0.0,0.7321514457810239,0.6398182763245525,0.6666666666666667,0.2558604934042009,0.4296808778858438,0.0,0.7969935664797096,0.8549467997360607,0.5936675189706367,0.7709295612009238,0.056592296271857474,pressure,pressure,1
DFL-MAT-J041WT,0,75114,DFL-OBJ-J01FUR,Alexis Julian Claude-Maurice,0.4002667955856183,0.0,0.9631860013403524,0.1397148419321983,1.0,0.3619243817607522,0.2727272727272727,0.0,0.9862720636753547,0.09584811118442758,0.7418086027713626,0.8695253216760145,7.217090069284065e-05,pressure,pressure,1
DFL-MAT-J041WT,0,76901,DFL-OBJ-J01KEV,Mert Kömür,0.5560939948476761,0.2712422730224436,0.7346356346070765,0.5413135095590762,1.0,0.4081120118402405,0.5707510852615015,0.9372525569119102,0.8001020702738371,0.662678365225998,0.7418086027713626,0.9105596337842297,0.24265403332233587,synchronization,synchronization,1
DFL-MAT-J041WT,0,80246,DFL-OBJ-J017TJ,Dimitrios Christos Giannoulis,0.3424417199589286,0.0,0.7978174344926676,0.4589904865114167,0.8333333333333334,0.0,0.4032202337602296,0.0,0.8694840811613329,0.38506268558231604,0.7150228884856483,0.0,0.039462017485978225,anticipation,"anticipation,pressure",2
DFL-MAT-J041WT,0,101195,DFL-OBJ-J01G82,Fabian Rieder,0.4282551666378432,0.0,0.59846111331164,0.3212701764749279,1.0,0.321382434820948,0.4848858741948992,0.0,0.5163724843286044,0.16705501484658528,0.7418086027713626,0.8329192098317387,0.10521486308149126,pressure,pressure,1
DFL-MAT-J041WT,0,125374,DFL-OBJ-J01G82,Fabian Rieder,0.4163468088004321,0.1099993005342046,0.668986078158559,0.5829080519898902,0.6666666666666667,0.0,0.7615981939209807,0.850786662817552,0.6840667271527548,0.7702439376443418,0.5936675189706367,0.0,0.8282384114153745,anticipation,anticipation,1
DFL-MAT-J041WT,0,140667,DFL-OBJ-J01K2X,Anton Kade,0.6670285383260237,1.0,0.3847394894481156,0.4960719435771579,1.0,0.5899501243788791,0.3966223538501628,0.9853338419663478,0.1290828109534807,0.5032837759815243,0.7418086027713626,0.9933757423292643,0.03645661497855493,synchronization,synchronization,1
DFL-MAT-J041WT,0,142951,DFL-OBJ-J017TJ,Dimitrios Christos Giannoulis,0.5101926176474372,0.2703520483982475,0.8173289736139827,0.0943544532458649,1.0,0.4170216788209959,0.5703738856592713,0.9370205790168261,0.8862122649290664,0.0848729792147806,0.7418086027713626,0.9174622649290664,0.24191170405806664,lpc,lpc,1
DFL-MAT-J041WT,0,143533,DFL-OBJ-J01K2X,Anton Kade,0.5388398442773091,0.2363474577236111,0.8719739504768105,0.50270072749392,1.0,0.4198627887389201,0.4773805698877787,0.9281177829099307,0.9232204717914879,0.5276466100296932,0.7418086027713626,0.9197820438799076,0.09735338997030683,synchronization,synchronization,1
DFL-MAT-J041WT,0,151166,DFL-OBJ-J017TJ,Dimitrios Christos Giannoulis,0.5443980795141331,0.2741022676106027,0.7695619586770764,0.072154642548004,1.0,0.5376221824293723,0.6284817437727109,0.9379175602111515,0.8412137083470802,0.07961996865720884,0.7418086027713626,0.9842564335202904,0.39350152589904325,lpc,lpc,1
DFL-MAT-J041WT,0,154943,DFL-OBJ-J01ISO,Elias Saad,0.2398380545005011,0.0,0.9329376466757868,0.3636162654329625,0.0,0.0,0.5695177780049239,0.0,0.9641104420983174,0.2081202573408116,0.0,0.0,0.23996824480369516,anticipation,"anticipation,pos,pressure",3
DFL-MAT-J041WT,0,158011,DFL-OBJ-J01K2X,Anton Kade,0.3984909494387957,0.0,0.7479895031626544,0.1878967831705351,1.0,0.1263081170212012,0.5765649082394312,0.0,0.816742617947872,0.10964821840976575,0.7418086027713626,0.6585027631144836,0.2550468079841636,pressure,pressure,1
DFL-MAT-J041WT,0,159297,DFL-OBJ-J017TJ,Dimitrios Christos Giannoulis,0.4505685048238692,0.0,0.7225196632070212,0.4428827877697209,1.0,0.454783787326882,0.327122644950213,0.0,0.7830852029033323,0.343471626525899,0.7418086027713626,0.9455522104915869,0.013289755856153085,pressure,pressure,1
DFL-MAT-J041WT,0,163044,DFL-OBJ-J01K2X,Anton Kade,0.3460227111840685,0.0,0.7514091977273865,0.5607844360077286,0.2857142857142857,0.0,0.8061394625621328,0.0,0.8207274826789839,0.7176674364896074,0.26179994226327946,0.0,0.9193799488617618,anticipation,"anticipation,pressure",2
DFL-MAT-J041WT,0,167815,DFL-OBJ-J01K2X,Anton Kade,0.4907662761504993,0.0375204864104941,0.8174474202207329,0.500086701173814,1.0,0.3843197814643159,0.4912439333648855,0.7160126608380073,0.8862895908940943,0.5178004371494557,0.7418086027713626,0.8899548416364236,0.11259176014516661,synchronization,synchronization,1
DFL-MAT-J041WT,0,173501,DFL-OBJ-J01ISO,Elias Saad,,0.0,0.9664182463849756,0.521332618910495,,0.0,0.6691050151172174,0.0,0.9887464945562521,0.5953068294292313,1.0,0.0,0.5312809303860112,anticipation,"anticipation,pressure",2
DFL-MAT-J041WT,1,10138,DFL-OBJ-002G8B,Ransford-Yeboah Königsdörffer,0.2503682373893709,0.0,0.4623516048482105,0.6137614895283356,0.0,0.0,0.6556150748295506,0.0,0.23965378587924777,0.8235576129990102,0.0,0.0,0.48428736390630156,anticipation,"anticipation,pos,pressure",3
DFL-MAT-J041WT,1,12240,DFL-OBJ-002G8B,Ransford-Yeboah Königsdörffer,0.2896489818543753,0.0,0.9205500963876568,0.0607471656278138,0.0,0.2778742481576488,0.6815245841601275,0.0,0.9559087347410096,0.07671766743648961,0.0,0.7918488122731772,0.5750989772352358,pos,"pos,pressure",2
DFL-MAT-J041WT,1,16977,DFL-OBJ-J01VXC,Giorgi Gocholeishvili,0.4109489027111083,0.0,0.7677924617128029,0.4262156675589957,0.625,0.3767910206517031,0.5090740424674978,0.0,0.8393527301220719,0.3062469069613989,0.5823521527548664,0.8832738782580006,0.1354750907291323,pressure,pressure,1
DFL-MAT-J041WT,1,17893,DFL-OBJ-002G8B,Ransford-Yeboah Königsdörffer,0.5352423787819843,0.0,0.9551680114433488,0.5078099106707785,1.0,0.4010326652570021,0.6606486068555935,0.0,0.9797560623556582,0.5464522847245133,0.7418086027713626,0.9044354173540086,0.5017166364236225,pressure,pressure,1
DFL-MAT-J041WT,1,18747,DFL-OBJ-J01VXC,Giorgi Gocholeishvili,0.7240203173765313,0.7576794450374426,0.77435221507778,0.9450177886884912,1.0,0.3687490540559888,0.720124644896984,0.9801581573738041,0.8463378422962718,0.9408817222038931,0.7418086027713626,0.8759485318376773,0.7081408775981525,synchronization,synchronization,1
DFL-MAT-J041WT,1,38633,DFL-OBJ-002G8B,Ransford-Yeboah Königsdörffer,0.5911304244753273,0.4003115089306537,0.6637353853418044,0.5411718610768703,1.0,0.4195117732371444,0.6345021271538085,0.9588625866050808,0.6725760887495876,0.6622040993071594,0.7418086027713626,0.9194727400197954,0.4127917766413725,synchronization,synchronization,1
DFL-MAT-J041WT,1,38674,DFL-OBJ-002G8B,Ransford-Yeboah Königsdörffer,0.4362276458741128,0.0,0.7483525056489888,0.4865226995724599,1.0,0.333374794889906,0.3567246344571737,0.0,0.8171292477730122,0.4691469399538106,0.7418086027713626,0.8438737215440448,0.01949645331573738,pressure,pressure,1
DFL-MAT-J041WT,1,43016,DFL-OBJ-002G8B,Ransford-Yeboah Königsdörffer,0.4492971664639387,0.0,0.6789830805657691,0.5156973008504029,0.8,0.3179431752755854,0.6012383680969726,0.0,0.7050942345760475,0.5752175437149456,0.6956450016496206,0.8297024496865721,0.31525280435499836,pressure,pressure,1
DFL-MAT-J041WT,1,43043,DFL-OBJ-002G8B,Ransford-Yeboah Königsdörffer,0.4908220015533347,0.0,0.6775182979314165,0.5127209022297101,1.0,0.282078656404109,0.6837055815466109,0.0,0.7020733668756186,0.5642991174529858,0.7418086027713626,0.7957872814252722,0.5826202161002969,pressure,pressure,1
DFL-MAT-J041WT,1,44099,DFL-OBJ-002G8B,Ransford-Yeboah Königsdörffer,0.5826925333394265,0.2070675745059163,0.7938109405058131,0.729490988765426,1.0,0.4072177394053073,0.6248318893738621,0.9174210244143847,0.8657827449686573,0.9036157621247113,0.7418086027713626,0.9097245133619267,0.38200057736720555,synchronization,synchronization,1
DFL-MAT-J041WT,1,45641,DFL-OBJ-J017PC,Jean-Luc Mamadou Diarra Dompé,0.3457542088109964,0.0327257201600135,0.7630037426541266,0.4145545298877856,0.6,0.1456499147133347,0.4509086723132661,0.7012279363246453,0.8341873556581986,0.28344605740679646,0.5488081491257011,0.6757773837017486,0.07159353348729793,synchronization,synchronization,1
DFL-MAT-J041WT,1,47889,DFL-OBJ-J017PC,Jean-Luc Mamadou Diarra Dompé,0.4884849650266977,0.0,0.8492782514486035,0.2116700175545806,1.0,0.4388478979349012,0.6091212559228002,0.0,0.9086728802375453,0.11642712801055757,0.7418086027713626,0.9344791322995711,0.33582151105245794,pressure,pressure,1
DFL-MAT-J041WT,1,47915,DFL-OBJ-J017PC,Jean-Luc Mamadou Diarra Dompé,0.493480087741791,0.149241032739752,0.8468600923654356,0.1085859604410127,1.0,0.4222922695331416,0.5757997581161896,0.8859802870339822,0.9070335697789509,0.08799179313757835,0.7418086027713626,0.9216687974265919,0.2534281177829099,lpc,lpc,1
DFL-MAT-J041WT,1,65000,DFL-OBJ-J017PC,Jean-Luc Mamadou Diarra Dompé,0.3824758508294343,0.0597284343244972,0.5242224436935699,0.4338313719443596,0.625,0.2014601651026586,0.6004950874333426,0.7706614978554932,0.35184345100626857,0.3222585367865391,0.5823521527548664,0.7233431623226658,0.3131186077202244,synchronization,synchronization,1
DFL-MAT-J041WT,1,110029,DFL-OBJ-J017PC,Jean-Luc Mamadou Diarra Dompé,0.329644975340617,0.1723287377210052,0.4369978189569763,0.5091717111595097,0.6666666666666667,0.0,0.4254371800157076,0.9007753216760145,0.1995525404157044,0.5515145579016826,0.5936675189706367,0.0,0.0539735235895744,anticipation,anticipation,1
DFL-MAT-J041WT,1,116764,DFL-OBJ-J017PC,Jean-Luc Mamadou Diarra Dompé,0.4723436545632311,0.0,0.5673241328269509,0.3617001789747657,1.0,0.3547983785282798,0.6460274736156154,0.0,0.4445830583965688,0.2057747030682943,0.7418086027713626,0.8631381969646981,0.4515217749917519,pressure,pressure,1
DFL-MAT-J041WT,1,119802,DFL-OBJ-J01VXC,Giorgi Gocholeishvili,0.3939607569052914,0.1655979995879657,0.6458507553253352,0.5517085690524345,0.6666666666666667,0.3184537649446693,0.2837974784492595,0.8968729379742659,0.6309489442428241,0.69385103926097,0.5936675189706367,0.8300993896403827,0.004835450346420324,synchronization,synchronization,1
DFL-MAT-J041WT,1,128921,DFL-OBJ-J01VXC,Giorgi Gocholeishvili,0.4988875292582774,0.0,0.9327598359458894,0.0486630565422035,1.0,0.507398869397673,0.6455643677235905,0.0,0.9640021857472781,0.0724286539096008,0.7418086027713626,0.9736627763114484,0.4500525816562191,pressure,pressure,1
DFL-MAT-J041WT,1,145786,DFL-OBJ-J017PC,Jean-Luc Mamadou Diarra Dompé,0.4361868920168434,0.0,0.4887584271495871,0.5541800901023968,1.0,0.3406739504022013,0.4090909090909091,0.0,0.28433272847245133,0.700434056417024,0.7418086027713626,0.8502196057406797,0.042245752226987794,pressure,pressure,1
DFL-MAT-J041WT,1,148165,DFL-OBJ-J017PC,Jean-Luc Mamadou Diarra Dompé,0.4106050565183615,0.0885441291773601,0.3548005094370111,0.4535782403347124,1.0,0.3078136343953839,0.3527452820795275,0.8229338502144506,0.09794106730451996,0.3703707522269878,0.7418086027713626,0.8200676344440778,0.018352029033322337,synchronization,synchronization,1
DFL-MAT-J041WT,1,151323,DFL-OBJ-J017PC,Jean-Luc Mamadou Diarra Dompé,0.5945112090780237,0.2520034163529622,0.4443568040264514,0.7886157507747543,1.0,0.5219235732977052,0.6146333280525499,0.9325562933025404,0.21086790663147476,0.914838337182448,0.7418086027713626,0.9792044704717915,0.35186407126360936,compactness,compactness,1
DFL-MAT-J041WT,1,152442,DFL-OBJ-J017PC,Jean-Luc Mamadou Diarra Dompé,0.3655433890791218,0.1984636691247512,0.5030539686147486,0.5502345596051784,0.4,0.2587223238938217,0.4479918862936115,0.9140135268888155,0.31056169580996373,0.6894279940613659,0.35481276806334544,0.7735689541405477,0.06937170075882547,synchronization,synchronization,1
DFL-MAT-J041X5,0,17435,DFL-OBJ-J01N5U,William Mikelbrencis,0.5392751089263054,0.3725310993720238,0.7704304852520633,0.4887985194173667,1.0,0.3374547658021575,0.4928282304844954,0.9554602441438469,0.8421055344770703,0.47715275486638076,0.7418086027713626,0.8474719564500165,0.11457130484988452,synchronization,synchronization,1
DFL-MAT-J041X5,0,17505,DFL-OBJ-0027HO,Robert-Nesta Glatzel,0.5800101723462021,0.7127112175276871,0.827769731801693,0.2626019858880958,1.0,0.4074770866682826,0.4090909090909091,0.9787920653249752,0.8941149785549324,0.13444407786209173,0.7418086027713626,0.9099668013856813,0.042245752226987794,synchronization,synchronization,1
DFL-MAT-J041X5,0,26790,DFL-OBJ-J02322,Alexander Rössing-Lelesiit,0.5324677580311254,0.2051400725093151,0.7732114686492202,0.5368853736725883,1.0,0.4450645295614975,0.4661180763015193,0.9167714863081491,0.8450645414054767,0.6486050395908941,0.7418086027713626,0.9389537281425272,0.08619783074892774,synchronization,synchronization,1
DFL-MAT-J041X5,0,26815,DFL-OBJ-J02322,Alexander Rössing-Lelesiit,0.548791023140405,0.1952786563421205,0.7866263453467608,0.5185601057667789,1.0,0.3866014046187269,0.6217956399995372,0.9125340234246123,0.8589316644671725,0.5857338749587595,0.7418086027713626,0.8919292312768063,0.37265960079181787,synchronization,synchronization,1
DFL-MAT-J041X5,0,37996,DFL-OBJ-J01N5U,William Mikelbrencis,0.3675641706927759,0.0759627836214021,0.63565889287805,0.5997484359659229,0.5,0.0,0.6941825914575173,0.8022929726162983,0.6062768063345431,0.8019939788848565,0.4198026641372484,0.0,0.6193500494886176,anticipation,anticipation,1
DFL-MAT-J041X5,0,38561,DFL-OBJ-J01N5U,William Mikelbrencis,0.6131160216792589,0.7280242065211422,0.8424305640241826,0.1853026244071585,1.0,0.5324589490104823,0.4545454545454545,0.9793230369515011,0.9040487875288684,0.1088337182448037,0.7418086027713626,0.982596502804355,0.07426901187726823,synchronization,synchronization,1
DFL-MAT-J041X5,0,38852,DFL-OBJ-J01HP7,Miro Max Maria Muheim,0.4725434313049267,0.2834734842152577,0.6557469070087321,0.5926747856944109,0.4,0.2682696878486984,0.7846545748343465,0.9401703233256351,0.6539972368855164,0.7892970554272517,0.35481276806334544,0.782698573078192,0.880768516991092,pos,pos,1
DFL-MAT-J041X5,0,39142,DFL-OBJ-J01HP7,Miro Max Maria Muheim,0.5596757723149063,0.1185451856050237,0.7653414939928546,0.9328191531072054,1.0,0.3507244783160888,0.551409005322508,0.8601637248432861,0.8368422137908281,0.9370051138238206,0.7418086027713626,0.8593595348069943,0.20377453810623555,synchronization,synchronization,1
DFL-MAT-J041X5,0,48170,DFL-OBJ-J02322,Alexander Rössing-Lelesiit,0.3804589022040827,0.0,0.4659787958634047,0.5057458857141159,0.5,0.3885328199603374,0.5189906511449386,0.0,0.2455460244143847,0.5389104256021116,0.4198026641372484,0.8936974183437809,0.1493164384691521,pressure,pressure,1
DFL-MAT-J041X5,0,66289,DFL-OBJ-J01N5U,William Mikelbrencis,0.595561700122971,0.3181959503922601,0.7153534421768744,0.4509477963402795,1.0,0.5197964372435084,0.652734265298736,0.9471090399208182,0.7720327449686573,0.3634165704387991,0.7418086027713626,0.978405435499835,0.4747865803365226,lpc,lpc,1
DFL-MAT-J041X5,0,75512,DFL-OBJ-002G8B,Ransford-Yeboah Königsdörffer,0.4444714747531281,0.0,0.8606725184930215,0.2474866043256318,1.0,0.3445169223723957,0.4784864753616696,0.0,0.9161116380732431,0.12856214945562522,0.7418086027713626,0.8536013279445728,0.09841017815902342,pressure,pressure,1
DFL-MAT-J041X5,0,80898,DFL-OBJ-J02322,Alexander Rössing-Lelesiit,0.4703217418642286,0.1456276389432504,0.9769137125518896,0.1600921467850045,0.625,0.4565922969126672,0.6444949784686747,0.8834233751237216,0.9956285054437479,0.10153930221049158,0.5823521527548664,0.9466089986803036,0.4464131062355658,lpc,lpc,1
DFL-MAT-J041X5,0,80982,DFL-OBJ-J01W6J,Rayan Philippe,0.5440813772598614,0.0855570192066711,0.9552718917023532,0.3727738759342884,0.875,0.5311027857063348,0.6580366962377922,0.8184850296931706,0.9798127680633454,0.2192912817551963,0.7315912652589904,0.9822098729792148,0.4927107390300231,lpc,lpc,1
DFL-MAT-J041X5,0,105873,DFL-OBJ-J02322,Alexander Rössing-Lelesiit,0.3006607534232572,0.0,0.964023405604023,0.0595039775975548,0.625,0.0,0.5342798759424816,0.0,0.9869370669745958,0.07636712306169581,0.5823521527548664,0.0,0.17340089904322006,anticipation,"anticipation,pressure",2
DFL-MAT-J041X5,0,112641,DFL-OBJ-J01N5U,William Mikelbrencis,0.3935661344553475,0.2335600297957485,0.7445826407998783,0.5316121421583521,0.5,0.3127433604197923,0.3301000987734374,0.9271744061365886,0.8125567057076872,0.6307891372484329,0.4198026641372484,0.8248773094688222,0.013892898383371825,synchronization,synchronization,1
DFL-MAT-J041X5,0,113117,DFL-OBJ-J01HP7,Miro Max Maria Muheim,0.3532250086311908,0.0555980754619336,0.7560642485670226,0.5071004222647154,0.625,0.0,0.5545199529708036,0.7615164137248432,0.8261557654239525,0.5438747525569119,0.5823521527548664,0.0,0.20939871329594192,anticipation,anticipation,1
DFL-MAT-J041X5,0,113128,DFL-OBJ-J01HP7,Miro Max Maria Muheim,0.3532250086311908,0.0555980754619336,0.7560642485670226,0.5071004222647154,0.625,0.0,0.5545199529708036,0.7615164137248432,0.8261557654239525,0.5438747525569119,0.5823521527548664,0.0,0.20939871329594192,anticipation,anticipation,1
DFL-MAT-J041X5,0,116974,DFL-OBJ-J02322,Alexander Rössing-Lelesiit,0.6306524046495066,0.5895331533504947,0.6448146281197001,0.5514153679259085,1.0,0.4222698674956888,0.6484155885901555,0.9736885516331244,0.6285209089409436,0.6929901435169911,0.7418086027713626,0.9216327119762454,0.4599142197294622,synchronization,synchronization,1
DFL-MAT-J041X5,0,124414,DFL-OBJ-J01W6J,Rayan Philippe,0.5622110017854061,0.0,0.9127827132984154,0.4703184677518137,1.0,0.5929797131387871,0.6166301511411952,0.0,0.9507330501484659,0.417632382052128,0.7418086027713626,0.993726286704058,0.3574418508742989,pressure,pressure,1
DFL-MAT-J041X5,0,152150,DFL-OBJ-J02322,Alexander Rössing-Lelesiit,0.3315642004603206,0.1270993647590777,0.4654787376508846,0.5430103170423982,0.75,0.0,0.3801948157844514,0.8683757423292643,0.24474698944242823,0.6676581573738041,0.6612761877268228,0.0,0.029961233916199273,anticipation,anticipation,1
DFL-MAT-J041X5,0,160911,DFL-OBJ-J01VXC,Giorgi Gocholeishvili,0.4730034593145164,0.1357112313038183,0.8699094636759492,0.4497346881512116,0.7142857142857143,0.2691656969461534,0.6753679790696473,0.8756907786209172,0.921823449356648,0.3600760887495876,0.648527713625866,0.7835543137578357,0.5531538683602771,lpc,lpc,1
DFL-MAT-J041X5,0,164357,DFL-OBJ-J01VXC,Giorgi Gocholeishvili,0.4313988075982633,0.0,0.8368346200874579,0.4978822566220651,0.6666666666666667,0.4973890844013173,0.3739138560824038,0.0,0.9002907456285054,0.5096966760145166,0.5936675189706367,0.9695284147146156,0.027816727152754867,pressure,pressure,1
DFL-MAT-J041X5,0,168359,DFL-OBJ-J01HP7,Miro Max Maria Muheim,0.508922734703932,0.0711613982675804,0.8939826690290937,0.4513526403790661,0.7142857142857143,0.4179359940480746,0.7315300835488459,0.7936015341471462,0.9376288766083801,0.36432901682613,0.648527713625866,0.9181375783569778,0.7441953975585616,lpc,lpc,1
DFL-MAT-J041X5,1,35043,DFL-OBJ-0026MA,Pascal Stenzel,0.4963044132501992,0.1765666038814382,0.6674113991305564,0.5366462007035635,1.0,0.4280456270067103,0.3799144939145159,0.9030899455625206,0.6806025239194985,0.6477853843615968,0.7418086027713626,0.9263753711646321,0.029858132629495215,synchronization,synchronization,1
DFL-MAT-J041X5,1,35166,DFL-OBJ-J01N62,Badredine Bouanani,0.4577176664432413,0.0,0.7138408150417808,0.5494655919869279,1.0,0.1280413153675419,0.6599547594563004,0.0,0.7695892444737711,0.6872680221049159,0.7418086027713626,0.6599771115143517,0.4992576707357308,pressure,pressure,1
DFL-MAT-J041X5,1,46342,DFL-OBJ-J01RF2,Bilal El Khannouss,0.560862953634464,0.4331742114482438,0.5440666779905272,0.5404104155033566,1.0,0.3419771369217966,0.5922305370576528,0.9622855493236555,0.39319737710326624,0.6600544374793798,0.7418086027713626,0.8514001154734411,0.2920911002969317,synchronization,synchronization,1
DFL-MAT-J041X5,1,60434,DFL-OBJ-J01TQX,Ameen Al-Dakhil,0.283265733956206,0.125642603051183,0.7064470143616237,0.5043212855102965,0.0,0.0,0.6670351425483452,0.8669684097657538,0.7573201913559882,0.5336935004948862,0.0,0.0,0.5239298086440118,anticipation,"anticipation,pos",2
DFL-MAT-J041X5,1,100413,DFL-OBJ-0027YK,Deniz Undav,0.3865855424819542,0.1885289710907983,0.6966949330560137,0.5289210178761863,0.625,0.1645129163798311,0.4223788967887715,0.9093275734081161,0.7393960326624877,0.6216646733751238,0.5823521527548664,0.6921344028373474,0.052035219399538105,synchronization,synchronization,1
DFL-MAT-J041X5,1,100431,DFL-OBJ-0027YK,Deniz Undav,0.6428409940160511,0.6723409733308041,0.6975738941985811,0.5506731884774915,1.0,0.4197224362268005,0.6139925130135073,0.9772300808314087,0.7410662735070934,0.690778620917189,0.7418086027713626,0.9196634774001979,0.3499618525239195,synchronization,synchronization,1
DFL-MAT-J041X5,1,100634,DFL-OBJ-0028LS,Josha Mamadou Karaboue Vagnoman,0.381229523033604,0.0,0.6168845053186676,0.4274317719565912,1.0,0.0,0.5448322423243562,0.0,0.5602266166281755,0.308587306169581,0.7418086027713626,0.0,0.19136114318706698,anticipation,"anticipation,pressure",2
DFL-MAT-J041X5,1,100912,DFL-OBJ-0028LS,Josha Mamadou Karaboue Vagnoman,0.2180915769007547,0.0797223888311376,0.3191120560965462,0.5952901072088401,0.0,0.0,0.4957883738931503,0.8087625783569778,0.06742308644011877,0.7941634361596833,0.0,0.0,0.11811283404816893,anticipation,"anticipation,pos",2
DFL-MAT-J041X5,1,135779,DFL-OBJ-0027YK,Deniz Undav,0.3595799640273378,0.0,0.6845551180171607,0.0726598603723249,1.0,0.0,0.6209423896274898,0.0,0.7164611514351699,0.07976431045859453,0.7418086027713626,0.0,0.37017485978225007,anticipation,"anticipation,pressure",2
DFL-MAT-J041X5,1,135813,DFL-OBJ-0027YK,Deniz Undav,0.4676315705510809,0.0,0.6729069382738458,0.1599536970441774,0.6,0.5662278871132707,0.7803295701035631,0.0,0.6922426591883867,0.10150837182448037,0.5488081491257011,0.9905095265588915,0.8719430468492246,pressure,pressure,1
DFL-MAT-J041X5,1,141357,DFL-OBJ-J01N62,Badredine Bouanani,,0.0,0.968944931559324,0.0432871279125144,,0.0,0.6004961315875135,0.0,0.9907363493896404,0.07005216925107226,1.0,0.0,0.31312891784889474,anticipation,"anticipation,pressure",2
DFL-MAT-J041X5,1,147793,DFL-OBJ-J01N62,Badredine Bouanani,0.4019403227115217,0.0,0.8989779378306073,0.111797029727101,0.75,0.3731674626514089,0.5039934038979975,0.0,0.9410054437479379,0.0887908281095348,0.6612761877268228,0.8799179313757836,0.1288766083800726,pressure,pressure,1
DFL-MAT-J041X5,1,172366,DFL-OBJ-0025AD,Maximilian Mittelstädt,0.404067194389656,0.0,0.6935298819913605,0.8708369988549779,0.8571428571428572,0.0,0.4792104241897509,0.0,0.7335244143846915,0.9256021115143517,0.7251474348399868,0.0,0.09909064665127021,anticipation,"anticipation,pressure",2
DFL-MAT-J041X5,1,172579,DFL-OBJ-002G41,Jamie Leweling,0.6739947535561711,0.8049072071659934,0.3824684002894094,0.5182036318101749,1.0,0.6026967958496602,0.5809688779792561,0.9814005278785879,0.12668570603761134,0.5844915044539756,0.7418086027713626,0.9944737710326624,0.2650424777301221,compactness,compactness,1
DFL-MAT-J041XE,0,13661,DFL-OBJ-0027AT,Bakery Jatta,0.5667494243247313,0.3393087931129258,0.5524141686361794,0.5063127299197263,1.0,0.3775969523075252,0.6829166783443521,0.9506144836687562,0.411559716265259,0.5410652424942263,0.7418086027713626,0.8839698119432531,0.5799911332893435,compactness,compactness,1
DFL-MAT-J041XE,0,13838,DFL-OBJ-J017PC,Jean-Luc Mamadou Diarra Dompé,0.3012699093326316,0.0,0.738206219938622,0.5340309194536748,0.4285714285714286,0.0,0.5030835485298341,0.0,0.804597286374134,0.6389702243483999,0.3951150610359617,0.0,0.12773733916199273,anticipation,"anticipation,pressure",2
DFL-MAT-J041XE,0,15125,DFL-OBJ-J017PC,Jean-Luc Mamadou Diarra Dompé,0.5206635911706686,0.0,0.7582971484392551,0.4673098152527856,1.0,0.505461508488029,0.576277238687426,0.0,0.8287642279775652,0.4088275321676014,0.7418086027713626,0.9728328109534807,0.2544488205212801,pressure,pressure,1
DFL-MAT-J041XE,0,19000,DFL-OBJ-J017PC,Jean-Luc Mamadou Diarra Dompé,0.3765532262388418,0.1441594583385497,0.4125240087094468,0.4586661096665138,0.75,0.1629176279006438,0.4689488804405035,0.8823459666776642,0.16464244473771034,0.3842069449026724,0.6612761877268228,0.6908198614318707,0.08897641042560211,synchronization,synchronization,1
DFL-MAT-J041XE,0,34314,DFL-OBJ-J017PC,Jean-Luc Mamadou Diarra Dompé,0.6686445500723025,0.8914831914025125,0.3455292863992718,0.5744612713393692,1.0,0.4336493675341407,0.643452269845422,0.9832099554602441,0.08924962883536787,0.7514691933355329,0.7418086027713626,0.930715935334873,0.44269630484988454,compactness,compactness,1
DFL-MAT-J041XE,0,77383,DFL-OBJ-J017PC,Jean-Luc Mamadou Diarra Dompé,0.3063674544723374,0.128106086137072,0.4214044342025127,0.5950091303138515,0.6,0.0,0.3636363636363636,0.869308808973936,0.1771950263939294,0.7936221544044869,0.5488081491257011,0.0,0.021104833388320685,anticipation,anticipation,1
DFL-MAT-J041XE,0,79421,DFL-OBJ-0027AT,Bakery Jatta,0.4060791603024975,0.091890670962998,0.3298777637702987,0.3497505662969183,0.6,0.2634171721552034,0.758049708980355,0.8277486803035302,0.07577944572748267,0.19271692510722535,0.5488081491257011,0.7781363411415374,0.8193149950511383,compactness,compactness,1
DFL-MAT-J041XE,0,118609,DFL-OBJ-J017PC,Jean-Luc Mamadou Diarra Dompé,0.3813600760034467,0.1814484013465586,0.3479936200206989,0.4673433519981848,0.6666666666666667,0.2393991125912194,0.4589987761756804,0.9056777878587925,0.09139929066314748,0.4089100131969647,0.5936675189706367,0.7557066562190696,0.07985710161662818,synchronization,synchronization,1
DFL-MAT-J041XE,0,119046,DFL-OBJ-J017PC,Jean-Luc Mamadou Diarra Dompé,0.2875571607428177,0.0201847068922662,0.7737736579402756,0.1278532940755264,0.6666666666666667,0.0,0.4548779258254568,0.6582862504124052,0.845729544704718,0.09271898713295942,0.5936675189706367,0.0,0.07616607555262289,anticipation,anticipation,1
DFL-MAT-J041XE,0,120162,DFL-OBJ-J017PC,Jean-Luc Mamadou Diarra Dompé,0.2256484407955959,0.0,0.9281354532730792,0.0792083095405224,0.0,0.0,0.6681964502357622,0.0,0.9609452325965028,0.0814912570108875,0.0,0.0,0.5279043632464533,anticipation,"anticipation,pos,pressure",3
DFL-MAT-J041XE,0,147907,DFL-OBJ-J01FRO,Fábio Daniel Ferreira Vieira,0.4395276420960782,0.0,0.4912972345780677,0.5422930170681223,0.5714285714285714,0.3874417726833421,0.7137811754156212,0.0,0.28896713130979873,0.6655652012537117,0.5311932942923128,0.8926096997690531,0.6867164302210491,pressure,pressure,1
DFL-MAT-J041XE,0,148187,DFL-OBJ-002G8B,Ransford-Yeboah Königsdörffer,0.4609139027404443,0.0,0.7444279336853551,0.476530154686733,0.8333333333333334,0.3299463016361376,0.6147147489463916,0.0,0.8123350379412735,0.43682984163642363,0.7150228884856483,0.8408889392939624,0.35206511877268226,pressure,pressure,1
DFL-MAT-J041XE,0,153112,DFL-OBJ-002G8B,Ransford-Yeboah Königsdörffer,0.5803265290595843,0.2143724905034724,0.717858823307608,0.5462746028402905,1.0,0.5231348041972483,0.6151504352273811,0.9202872401847575,0.7760536951501155,0.6777414632134608,0.7418086027713626,0.9795859452325965,0.3533177994061366,synchronization,synchronization,1
DFL-MAT-J041XE,0,156764,DFL-OBJ-J017PC,Jean-Luc Mamadou Diarra Dompé,0.3547894177685144,0.0805417418482521,0.8238506151072835,0.465846544145002,0.5555555555555556,0.0,0.5912247590640818,0.8101492906631474,0.8913467090069284,0.40474472121412075,0.5239040333223358,0.0,0.28949810293632466,anticipation,anticipation,1
DFL-MAT-J041XE,0,166460,DFL-OBJ-J01VXC,Giorgi Gocholeishvili,0.4465698194785916,0.0,0.6694544783926879,0.4887431838570801,1.0,0.2882280343402487,0.4840888799705508,0.0,0.685087429891125,0.47702903332233587,0.7418086027713626,0.8014423870009898,0.10429726162982514,pressure,pressure,1
DFL-MAT-J041XE,1,10638,DFL-OBJ-J020YN,Marco Grüll,0.3993249897261938,0.1612956361442658,0.5124121228433094,0.5484787528211121,1.0,0.0,0.4543995753827116,0.8942541652919829,0.3285889557901683,0.6844069613988782,0.7418086027713626,0.0,0.07409889475420653,anticipation,anticipation,1
DFL-MAT-J041XE,1,17806,DFL-OBJ-J01KAJ,Keke Maximilian Topp,0.301402542713702,0.1670963960652478,0.6488104550822822,0.5142511041781362,0.0,0.3089656377676338,0.3940914090428243,0.8977596090399208,0.6377072335862751,0.5698459666776642,0.0,0.8211862834048169,0.03549777301220719,pos,pos,1
DFL-MAT-J041XE,1,27033,DFL-OBJ-J0208Z,Cameron Mitchel Puertas Castro,0.4452367120255906,0.0586314274018724,0.8506535003617678,0.4940972511573466,0.6666666666666667,0.2696607804089862,0.6320648655701501,0.7682747030682943,0.9096111019465523,0.496138856812933,0.5936675189706367,0.7839873391619927,0.40490968327284727,synchronization,synchronization,1
DFL-MAT-J041XE,1,28981,DFL-OBJ-002FX2,Romano Christian Schmid,0.3742685018446149,0.0816900463154479,0.7821551480068036,0.4508958402022967,0.8571428571428572,0.0,0.4720730063278854,0.8122061613328935,0.8543745875948532,0.3632980039590894,0.7251474348399868,0.0,0.0918116958099637,anticipation,anticipation,1
DFL-MAT-J041XE,1,34082,DFL-OBJ-J01KAJ,Keke Maximilian Topp,0.3429216273171723,0.0375003203794218,0.8514266918338398,0.4719760009249308,0.5,0.0,0.6032262554888163,0.7159508000659848,0.9101317634444078,0.4226173292642692,0.4198026641372484,0.0,0.32025837182448036,anticipation,anticipation,1
DFL-MAT-J041XE,1,36572,DFL-OBJ-J01DCO,Yukinari Sugawara,0.6549492180307942,0.4853452620395042,0.5868142851488383,0.4979394665026722,1.0,0.5993409400827202,0.7178046700770311,0.966894176839327,0.48892176674364896,0.5099131887165952,0.7418086027713626,0.9942933437809304,0.7003670405806665,compactness,compactness,1
DFL-MAT-J041XE,1,42939,DFL-OBJ-J01KAJ,Keke Maximilian Topp,0.4963053938419465,0.0,0.7881380331653771,0.5523746382641436,1.0,0.3155547655683861,0.6078030347017935,0.0,0.8604008578027054,0.6956913972286374,0.7418086027713626,0.8274239112504124,0.3321562603101287,pressure,pressure,1
DFL-MAT-J041XE,1,48483,DFL-OBJ-J01DCO,Yukinari Sugawara,0.4890632612578093,0.0649131408678764,0.5492116187769004,0.4115644333047277,1.0,0.3441621607345778,0.6561612386915798,0.7817345760475091,0.4044560376113494,0.27832192345760476,0.7418086027713626,0.8533435747278126,0.48626175354668427,lpc,lpc,1
DFL-MAT-J041XE,1,53634,DFL-OBJ-0027BH,Marco Friedl,0.6963627951269679,1.0,0.4561857845164027,0.7716095630896874,1.0,0.3673561892370548,0.5925883343406104,0.9853338419663478,0.2297973028703398,0.9121319284064665,0.7418086027713626,0.8746803860112174,0.293013856812933,compactness,compactness,1
DFL-MAT-J041XE,1,67240,DFL-OBJ-J01KAJ,Keke Maximilian Topp,0.3072713385957071,0.0531237049490801,0.7850873497700042,0.5461495536843316,0.6666666666666667,0.0,0.2727272727272727,0.7562891784889475,0.8574521610029693,0.6773599884526559,0.5936675189706367,0.0,7.217090069284065e-05,anticipation,anticipation,1
DFL-MAT-J041XE,1,70423,DFL-OBJ-J01KAJ,Keke Maximilian Topp,0.448751377322744,0.0,0.8254804037519603,0.148342240577695,1.0,0.3713408751281501,0.540173969956692,0.0,0.8925736143187067,0.09829161167931376,0.7418086027713626,0.8782631557241835,0.18303571428571427,pressure,pressure,1
DFL-MAT-J041XE,1,108085,DFL-OBJ-J020YN,Marco Grüll,0.5112218388717018,0.4055523688278152,0.9046903946744904,0.1321154513670234,1.0,0.4081301769786196,0.4069068330349471,0.9593574727812603,0.9452171313097988,0.09382217090069284,0.7418086027713626,0.9105802540415704,0.04112194820191356,synchronization,synchronization,1
DFL-MAT-J041XE,1,112189,DFL-OBJ-J01DCO,Yukinari Sugawara,,0.2308250420465147,0.5850596935614433,0.5980157028300088,,0.4474483693958002,0.5532119089131027,0.9261743236555592,0.48467914879577695,0.7989060953480699,1.0,0.940701294952161,0.20706346915209503,synchronization,synchronization,1
DFL-MAT-J041XE,1,112335,DFL-OBJ-J01DCO,Yukinari Sugawara,0.4659824761809451,0.2589773258621233,0.6830475189878009,0.0770677082095076,1.0,0.3419922481784704,0.514563398283551,0.9343090151765094,0.7134609039920818,0.08090873474100957,0.7418086027713626,0.8514207357307819,0.14288291817881887,lpc,lpc,1
DFL-MAT-J041XE,1,112639,DFL-OBJ-J01KAJ,Keke Maximilian Topp,0.3638346784929228,0.0,0.8465784598258852,0.1646712309236421,0.6,0.346486686740124,0.4589891464959831,0.0,0.9068428323985483,0.102998185417354,0.5488081491257011,0.8555654074562851,0.07984679148795777,pressure,pressure,1
DFL-MAT-J041XE,1,126633,DFL-OBJ-J01KAJ,Keke Maximilian Topp,0.5183188410290049,0.3929187902147913,0.7836936251792114,0.180845998400088,1.0,0.5111907138958806,0.3576844991350542,0.9579449851534148,0.8559159518310788,0.10755010722533817,0.7418086027713626,0.975178365225998,0.019764516661167932,synchronization,synchronization,1
DFL-MAT-J041XE,1,126640,DFL-OBJ-J01KAJ,Keke Maximilian Topp,0.5665497952474021,0.7392253750273774,0.7937209247535117,0.2105712452588486,1.0,0.4230047016056419,0.3473068224229394,0.979673581326295,0.8656899538106235,0.11616421972946223,0.7418086027713626,0.922308025404157,0.017068418013856813,synchronization,synchronization,1
DFL-MAT-J041XE,1,129190,DFL-OBJ-J01DCO,Yukinari Sugawara,0.4012953908641465,0.0,0.7537876123867981,0.604832221174542,0.5,0.2865546299592224,0.5616645305809009,0.0,0.8234338914549654,0.8103039425932036,0.4198026641372484,0.7997412157703728,0.22342564335202902,pressure,pressure,1
DFL-MAT-J041XE,1,131748,DFL-OBJ-0027BH,Marco Friedl,0.4476252294424878,0.0,0.3466407702502453,0.4324307902000423,1.0,0.3541362165751124,0.5733843814193196,0.0,0.09029610689541405,0.3192634444077862,0.7418086027713626,0.8624680386011218,0.24834006928406466,pressure,pressure,1
DFL-MAT-J041XE,1,140293,DFL-OBJ-002FX2,Romano Christian Schmid,0.4028635628108549,0.2552434986857166,0.5645287541750826,0.2684484760590498,0.5,0.3558532818247,0.5283058112982277,0.9332728472451336,0.43809798746288353,0.13685149290663148,0.4198026641372484,0.8640403332233586,0.1637248432860442,lpc,lpc,1
DFL-MAT-J041XE,1,143742,DFL-OBJ-J0208Z,Cameron Mitchel Puertas Castro,0.269812200986847,0.0,0.9197017236278978,0.0231051640603482,0.0,0.3103243192810276,0.5740477832381639,0.0,0.9553519877928076,0.054128175519630485,0.0,0.8224131887165952,0.24966492081821182,pos,"pos,pressure",2
DFL-MAT-J041XE,1,146839,DFL-OBJ-002GPZ,Justin Gideon Njinmah,0.5385909227196425,0.25321013815542,0.7234370748406702,0.5071954395257982,1.0,0.3857241096340468,0.5525843036857842,0.9328088914549654,0.7845595513032002,0.5441995216100297,0.7418086027713626,0.8911765918838667,0.20587264929066315,synchronization,synchronization,1
DFL-MAT-J041XE,1,151571,DFL-OBJ-J020YN,Marco Grüll,0.3335009444822765,0.1061474369653495,0.5646631697852458,0.828185678813636,0.25,0.0,0.5955536403801148,0.8461367947871989,0.43840213625866054,0.9198748350379413,0.21053282744968657,0.0,0.30051447542065324,anticipation,anticipation,1
DFL-MAT-J041XE,1,151812,DFL-OBJ-J020YN,Marco Grüll,0.4246258858445051,0.0,0.7536714570104686,0.5506261779193238,0.75,0.3799996645939869,0.4066037763426387,0.0,0.8232843945892445,0.6906291240514681,0.6612761877268228,0.8862019548003959,0.04095698614318707,pressure,pressure,1
DFL-MAT-J041XE,1,153474,DFL-OBJ-J020YN,Marco Grüll,0.3835464143968412,0.1436028188700829,0.5211677475506581,0.5100129877267069,0.6666666666666667,0.2538311111891336,0.3969054152249238,0.8819129412735071,0.34544086110194655,0.5545869762454635,0.5936675189706367,0.7689912570108874,0.03659064665127021,synchronization,synchronization,1
DFL-MAT-J041XE,1,158042,DFL-OBJ-J01DCO,Yukinari Sugawara,0.271437046369415,0.0,0.5234008657064919,0.6079496436124181,0.0,0.0,0.7354501882699314,0.0,0.35005464368195316,0.8150517568459255,0.0,0.0,0.7564902259980204,anticipation,"anticipation,pos,pressure",3
DFL-MAT-J041XE,1,158168,DFL-OBJ-002GPZ,Justin Gideon Njinmah,0.4862167159362828,0.4509548799265991,0.666185259971946,0.2665205816642572,1.0,0.3558540939502086,0.3181818181818182,0.9639454800395909,0.677921890465193,0.13599059716265258,0.7418086027713626,0.8640454882876938,0.008031590234246124,synchronization,synchronization,1
DFL-MAT-J041XE,1,175709,DFL-OBJ-002GPZ,Justin Gideon Njinmah,0.4225697406414063,0.0,0.5014009744633254,0.517613810161391,1.0,0.4212347908568337,0.2727272727272727,0.0,0.3077161002969317,0.5821459501814583,0.7418086027713626,0.9208903827119762,7.217090069284065e-05,pressure,pressure,1
DFL-MAT-J041XN,0,14553,DFL-OBJ-0026TU,Andrej Kramarić,0.2527584546112849,0.0,0.6180485933687963,0.5179962332749996,0.5,0.0,0.2727272727272727,0.0,0.5629536456614979,0.5836357637743319,0.4198026641372484,0.0,7.217090069284065e-05,anticipation,"anticipation,pressure",2
DFL-MAT-J041XN,0,30525,DFL-OBJ-J0231Z,Bazoumana Toure,0.4538226034118007,0.0,0.966281438008,0.1338038323072012,1.0,0.3197646458906636,0.5749680313293939,0.0,0.9886330831408776,0.09424488617617947,0.7418086027713626,0.8313056746948202,0.2516238452655889,pressure,pressure,1
DFL-MAT-J041XN,0,43507,DFL-OBJ-002GBW,Tim Lemperle,0.4137657467964216,0.0,0.5453660900651408,0.4778311007723424,1.0,0.2053153157265917,0.4730602412099494,0.0,0.39597595677994063,0.44094873804025075,0.7418086027713626,0.72649806169581,0.0928684839986803,pressure,pressure,1
DFL-MAT-J041XN,0,49483,DFL-OBJ-0026TU,Andrej Kramarić,,,0.7710282948576312,0.643235111490206,0.5,0.0,0.584002718363021,1.0,0.8427653827119762,0.8583955377763115,0.4198026641372484,0.0,0.2719399538106236,anticipation,anticipation,1
DFL-MAT-J041XN,0,57320,DFL-OBJ-002GBW,Tim Lemperle,0.2974434994462526,0.2082736601400909,0.5044061450021552,0.5464127102847225,0.375,0.1348634609063701,0.2727272727272727,0.9178901352688882,0.3130670570768723,0.6782157291322995,0.3457553200263939,0.6659982266578687,7.217090069284065e-05,synchronization,synchronization,1
DFL-MAT-J041XN,0,60656,DFL-OBJ-J0133P,Vladimir Coufal,0.5481977424218558,0.5543789179769564,0.644147061010152,0.1393191265900873,1.0,0.4545669160434229,0.4921283572286618,0.9716832316067304,0.6269692345760475,0.09573985483338832,0.7418086027713626,0.9453666281755196,0.11368978884856483,lpc,lpc,1
DFL-MAT-J041XN,0,61113,DFL-OBJ-002GBW,Tim Lemperle,0.4362938002745613,0.1488049657314934,0.866895744341588,0.1632288672751445,0.6666666666666667,0.2626618906793956,0.7001292777181607,0.8856812933025404,0.9199109204882877,0.10255484988452655,0.5936675189706367,0.7774404074562851,0.640217749917519,lpc,lpc,1
DFL-MAT-J041XN,0,64488,DFL-OBJ-0026TU,Andrej Kramarić,0.4256111892157808,0.1364926769522245,0.866739462677622,0.1376827795843711,0.7142857142857143,0.3449509851028631,0.5484013811219102,0.8763454717914879,0.9198335945232596,0.09528620917189047,0.648527713625866,0.8540085780270538,0.197815283734741,lpc,lpc,1
DFL-MAT-J041XN,0,65184,DFL-OBJ-J0231Z,Bazoumana Toure,0.4651385923123817,0.0,0.2857894455098051,0.451179391770786,0.8571428571428572,0.5260000000000002,0.5924723019338456,0.0,0.046560541075552624,0.36393723193665456,0.7251474348399868,0.9805911827779611,0.29266846750247444,pressure,pressure,1
DFL-MAT-J041XN,0,68736,DFL-OBJ-J0231Z,Bazoumana Toure,0.7277521090312224,1.0,0.6178541590203888,0.5560762456733632,1.0,0.3921154166370194,0.7767217872602736,0.9853338419663478,0.5625,0.7053519877928076,0.7418086027713626,0.8968729379742659,0.8641125041240515,compactness,compactness,1
DFL-MAT-J041XN,0,72646,DFL-OBJ-0025J3,Grischa Prömel,0.5155970610054021,0.2742955498833433,0.7117454028064552,0.5181562713373292,1.0,0.2167829853446929,0.6072127253295163,0.9379536456614979,0.7660786456614979,0.5842440613658858,0.7418086027713626,0.736050395908941,0.3305942758165622,synchronization,synchronization,1
DFL-MAT-J041XN,0,101583,DFL-OBJ-002GBW,Tim Lemperle,0.3448187875813139,0.0,0.765878787299907,0.5168020627357132,0.2857142857142857,0.1996176827081396,0.6020914092847813,0.0,0.8374092708677005,0.5792024084460574,0.26179994226327946,0.7216883866710656,0.31743339656878916,pressure,pressure,1
DFL-MAT-J041XN,0,103265,DFL-OBJ-0026TU,Andrej Kramarić,0.5477737750477412,0.0,0.6439631226594728,0.4754090506052938,1.0,0.5519167388793148,0.6932340856057069,0.0,0.6264537281425272,0.43338625866050806,0.7418086027713626,0.988009320356318,0.6158136753546685,pressure,pressure,1
DFL-MAT-J041XN,0,105895,DFL-OBJ-002GBW,Tim Lemperle,0.4027323624233097,0.1613970191389173,0.7687700871834281,0.4932253781857684,0.6,0.0,0.7158169970595527,0.8943160260640053,0.8402909518310788,0.49292209666776643,0.5488081491257011,0.0,0.6935932860442098,anticipation,anticipation,1
DFL-MAT-J041XN,0,109481,DFL-OBJ-J01D90,Wouter Burger,0.2941426884105245,0.0,0.836062851103598,0.1460229526204456,0.3333333333333333,0.1192869879023454,0.5995190123795382,0.0,0.8997546189376443,0.0974977317716925,0.27682695480039593,0.6518836605080831,0.31056169580996373,pressure,pressure,1
DFL-MAT-J041XN,0,110240,DFL-OBJ-0026TU,Andrej Kramarić,0.5044217176960814,0.3654820019549468,0.7150402194515323,0.2105410380382369,1.0,0.4782134022049422,0.3619446516386322,0.9544240762124712,0.7715120834708017,0.11614359947212141,0.7418086027713626,0.9599863906301551,0.020769754206532497,synchronization,synchronization,1
DFL-MAT-J041XN,0,137284,DFL-OBJ-002GBW,Tim Lemperle,0.5306987959027152,0.5197056175337039,0.7151868248391546,0.555183040769157,1.0,0.2154938231965577,0.4347058023096745,0.9695387248432861,0.7717079759155394,0.7031043797426592,0.7418086027713626,0.7349884526558892,0.05994308808973936,synchronization,synchronization,1
DFL-MAT-J041XN,0,154515,DFL-OBJ-J01TMV,Robin Hranáč,0.5882895008761049,0.4701529683133127,0.6897969350546151,0.3199480954258141,1.0,0.3012743733791826,0.8045007544853671,0.965626031012867,0.7265444572748267,0.166183808973936,0.7418086027713626,0.8139640382711977,0.9167457109864731,lpc,lpc,1
DFL-MAT-J041XN,0,162650,DFL-OBJ-J01TMV,Robin Hranáč,0.3434373878168983,0.1282604759046365,0.5545913770870197,0.5513369539786701,0.6,0.0,0.513377700216294,0.8694325305179809,0.4163642362256681,0.6928045612009238,0.5488081491257011,0.0,0.14139825965028044,anticipation,anticipation,1
DFL-MAT-J041XN,0,162925,DFL-OBJ-0001V0,Ihlas Bebou,0.4232847861651811,0.1118590347289383,0.7624681226391579,0.3927786464489745,0.75,0.3272876973805545,0.4439977921954652,0.8530136506103596,0.8335223523589574,0.24686056581986143,0.6612761877268228,0.8382650115473441,0.0664178488947542,synchronization,synchronization,1
DFL-MAT-J041XN,0,168087,DFL-OBJ-002GN3,Fisnik Asllani,0.425916781418542,0.0,0.8472982375206151,0.5805479885116521,0.6666666666666667,0.0,0.8398182257053397,0.0,0.907420199604091,0.7653981771692511,0.5936675189706367,0.0,0.9618886093698449,anticipation,"anticipation,pressure",2
DFL-MAT-J041XN,0,175087,DFL-OBJ-J01G0J,Adam Hložek,0.4882845633723576,0.139035965107468,0.8749278734281754,0.5789178423035779,0.75,0.2968003957786224,0.6102926432367012,0.8784332728472452,0.9251742411745298,0.7618772682283075,0.6612761877268228,0.8097317304519961,0.3392754041570439,synchronization,synchronization,1
DFL-MAT-J041XN,1,20007,DFL-OBJ-J021LJ,Fabio Amado Uri Baldé,0.4310469346859775,0.0,0.7932510211867005,0.4517969637256262,0.8571428571428572,0.0,0.8106920382753866,0.0,0.8652466182777961,0.36549406136588586,0.7251474348399868,0.0,0.9264372319366546,anticipation,"anticipation,pressure",2
DFL-MAT-J041XN,1,21490,DFL-OBJ-J01FRO,Fábio Daniel Ferreira Vieira,0.3991448516856825,0.0,0.7115547589356914,0.5668265463963603,0.4,0.4089779373862959,0.5337499593352624,0.0,0.7657074810293633,0.7332615061035962,0.35481276806334544,0.911255567469482,0.17247298746288353,pressure,pressure,1
DFL-MAT-J041XN,1,26847,DFL-OBJ-J01FRO,Fábio Daniel Ferreira Vieira,0.6827179707999528,0.5921808029072708,0.955567805740168,0.4930660181960206,1.0,0.7741672275926141,0.4227512147191916,0.9738019630484989,0.9800962966017815,0.49238081491257013,0.7418086027713626,0.9986132876938304,0.05230843780930386,synchronization,synchronization,1
DFL-MAT-J041XN,1,31382,DFL-OBJ-002G8B,Ransford-Yeboah Königsdörffer,0.2669495271728514,0.0,0.5624088314498517,0.5611366211422607,0.25,0.0,0.531343413539807,0.0,0.4331903662157704,0.7186211233916199,0.21053282744968657,0.0,0.16858091388980534,anticipation,"anticipation,pressure",2
DFL-MAT-J041XN,1,43187,DFL-OBJ-J01HP7,Miro Max Maria Muheim,0.4595437465862408,0.2670499896215669,0.6667561958827675,0.4838106952972132,0.8,0.3088165667286067,0.4404035897495503,0.9362215440448697,0.6791694160343121,0.4600276311448367,0.6956450016496206,0.8209800808314087,0.06399496865720884,synchronization,synchronization,1
DFL-MAT-J041XN,1,55063,DFL-OBJ-J01FRO,Fábio Daniel Ferreira Vieira,0.5766205564857347,0.2069552707217182,0.803195121527122,0.619667960733578,1.0,0.4758575007007906,0.5808980183886812,0.9173952490927086,0.874314376443418,0.8314861019465523,0.7418086027713626,0.9585945232596503,0.26483627515671393,synchronization,synchronization,1
DFL-MAT-J041XN,1,68498,DFL-OBJ-002G8B,Ransford-Yeboah Königsdörffer,0.6257259541646323,0.5260781669716122,0.7981027131878409,0.4476012000881744,1.0,0.4767840892966002,0.6241995118969892,0.969920199604091,0.8697676096997691,0.35499319531507756,0.7418086027713626,0.9591048746288353,0.3799591718904652,lpc,lpc,1
DFL-MAT-J041XN,1,68532,DFL-OBJ-J01HP7,Miro Max Maria Muheim,0.5460041905922312,0.2803410965307468,0.8254987796197402,0.4921444416504908,1.0,0.3444905432534165,0.5777001923498288,0.9394022187396899,0.8925787693830419,0.48887537116463214,0.7418086027713626,0.8535910178159023,0.25754701418673703,synchronization,synchronization,1
DFL-MAT-J041XN,1,72374,DFL-OBJ-J021LJ,Fabio Amado Uri Baldé,0.5651664142536819,0.4143336353922259,0.8767694861191402,0.5622598130555054,1.0,0.4155599985809301,0.4090909090909091,0.9603214698119432,0.9262877350709336,0.7216986967997361,0.7418086027713626,0.9162662900032993,0.042245752226987794,synchronization,synchronization,1
DFL-MAT-J041XN,1,74203,DFL-OBJ-J01HP7,Miro Max Maria Muheim,0.5834076545894447,0.4720380861551692,0.5147976658661875,0.8333127423349267,1.0,0.408362321032632,0.4334924332952722,0.9657755278785879,0.3329088997030683,0.9205192180798416,0.7418086027713626,0.9107245958429562,0.059164673375123725,synchronization,synchronization,1
DFL-MAT-J041XN,1,74268,DFL-OBJ-J01VXC,Giorgi Gocholeishvili,0.4443191317780698,0.0,0.6463082955081342,0.5488389349632385,1.0,0.2608348484882328,0.4775564708861925,0.0,0.6320727482678984,0.6854843698449357,0.7418086027713626,0.7757547014186738,0.09749257670735731,pressure,pressure,1
DFL-MAT-J041XN,1,107149,DFL-OBJ-J01FRO,Fábio Daniel Ferreira Vieira,0.3310850920065945,0.1420552537345445,0.4693277705229571,0.4945329986395628,0.8,0.0,0.3518645251146858,0.8808046024414384,0.25082481029363246,0.4976080501484659,0.6956450016496206,0.0,0.018140671395579018,anticipation,anticipation,1
DFL-MAT-J041XN,1,107180,DFL-OBJ-J01FRO,Fábio Daniel Ferreira Vieira,0.4201316070800365,0.2503213500497824,0.5582705944668376,0.4990475828516933,0.8,0.2104104724200097,0.4090909090909091,0.9321490432200594,0.424364896073903,0.5139650692840647,0.6956450016496206,0.7307200593863411,0.042245752226987794,synchronization,synchronization,1
DFL-MAT-J041XN,1,119543,DFL-OBJ-J01HP7,Miro Max Maria Muheim,0.3781000405788017,0.0901122124080712,0.4136194420155284,0.4352831613904841,0.6,0.2223434623588592,0.5904106696475147,0.8253258000659848,0.1661631887165952,0.32552169251072255,0.5488081491257011,0.7407415044539756,0.2876216595183108,compactness,compactness,1
DFL-MAT-J041XN,1,121571,DFL-OBJ-002G8B,Ransford-Yeboah Königsdörffer,0.3504454853630028,0.1701700766785685,0.7319724092554137,0.4924389734572493,0.3333333333333333,0.1414315754437512,0.5277930135645428,0.8995896568789179,0.7967822088419664,0.490066191026064,0.27682695480039593,0.6717770537776312,0.1630031342791158,synchronization,synchronization,1
DFL-MAT-J041XN,1,122655,DFL-OBJ-002G8B,Ransford-Yeboah Königsdörffer,0.3452281247674084,0.1422215969193943,0.6593204924060574,0.4887906210437526,0.6,0.0,0.5051106806100978,0.8809231689211481,0.6622144094358298,0.4771372896733751,0.5488081491257011,0.0,0.13034580171560542,anticipation,anticipation,1
DFL-MAT-J041XN,1,129083,DFL-OBJ-J01W6J,Rayan Philippe,0.6722258027597764,0.790451480860959,0.7527414612220609,0.533358784001483,1.0,0.4733969465878224,0.5762437162663089,0.9809571923457605,0.8222379165291983,0.6365782744968658,0.7418086027713626,0.957037693830419,0.25437664962058726,synchronization,synchronization,1
DFL-MAT-J041XN,1,136460,DFL-OBJ-002G8B,Ransford-Yeboah Königsdörffer,0.4193271879508463,0.0,0.727987085563196,0.4255320340636308,1.0,0.2431134634088868,0.4182462345542503,0.0,0.791513733091389,0.30477771362586603,0.7418086027713626,0.7591296189376443,0.04967935499835038,pressure,pressure,1
DFL-MAT-J041XN,1,139606,DFL-OBJ-J021LJ,Fabio Amado Uri Baldé,0.5428559937016115,0.5621642741327261,0.4457538206324573,0.4859018043689292,1.0,0.3356933599017991,0.4657585683592478,0.9721678076542395,0.21298663807324317,0.4669302622896734,0.7418086027713626,0.8458687314417684,0.08587306169580997,synchronization,synchronization,1
DFL-MAT-J041XN,1,139678,DFL-OBJ-002G8B,Ransford-Yeboah Königsdörffer,0.4447850030309235,0.20056772241951,0.4386495205061059,0.489906300484968,1.0,0.2268284576766336,0.448477864936741,0.914864112504124,0.20212491751897063,0.48095719234576045,0.7418086027713626,0.7447882299571099,0.06969646981194326,synchronization,synchronization,1
DFL-MAT-J041XN,1,153561,DFL-OBJ-0002F6,Yussuf Yurary Poulsen,0.6158007209523693,0.0,0.8731622775878922,0.4942255621081385,1.0,0.8008933111723376,0.6448967926113061,0.0,0.9240143516991092,0.49650486638073243,0.7418086027713626,0.998855575717585,0.44785136918508744,pressure,pressure,1
DFL-MAT-J041XN,1,170201,DFL-OBJ-J01W6J,Rayan Philippe,0.5988310824817616,0.5306094249878635,0.545557529983867,0.4820570070813674,1.0,0.449404772729573,0.5994766976999617,0.9701934180138568,0.3964811530847905,0.454192098317387,0.7418086027713626,0.9420055262289674,0.31046890465193006,synchronization,synchronization,1
DFL-MAT-J041XN,1,172031,DFL-OBJ-J01FRO,Fábio Daniel Ferreira Vieira,0.3509961278049947,0.062239751278665,0.702966206289039,0.4473271140322551,0.625,0.0,0.5927811264515015,0.7761413312438139,0.750711398878258,0.3542508660508083,0.5823521527548664,0.0,0.2934675024744309,anticipation,anticipation,1
DFL-MAT-J041XW,0,48812,DFL-OBJ-J01N5U,William Mikelbrencis,0.5291644515390183,0.0,0.7273829024927972,0.5468914475525959,1.0,0.3012609834655002,0.8056985721735525,0.0,0.7906631474760805,0.6797828686902012,0.7418086027713626,0.8139537281425272,0.918673705047839,pressure,pressure,1
DFL-MAT-J041XW,0,79680,DFL-OBJ-J021LJ,Fabio Amado Uri Baldé,0.3673620713696331,0.0,0.929727834537836,0.4140226144394734,0.4285714285714286,0.0,0.8122493813233542,0.0,0.9619865555922138,0.2826109369844936,0.3951150610359617,0.0,0.9286848399868031,anticipation,"anticipation,pressure",2
DFL-MAT-J041XW,0,116974,DFL-OBJ-J01OYX,Daniel Elfadli,0.5230790793329263,0.1877404700265168,0.725802941983851,0.1518908188863607,1.0,0.5411487295498235,0.5727331744743973,0.9089100131969647,0.7882763526888815,0.09936902012537116,0.7418086027713626,0.9852874463873309,0.24687087594853183,lpc,lpc,1
DFL-MAT-J041XW,0,120850,DFL-OBJ-J01W6J,Rayan Philippe,0.3403511074856855,0.0,0.8123069191855989,0.0774980932276324,1.0,0.0,0.477970411464048,0.0,0.8819232514021775,0.08104276641372485,0.7418086027713626,0.0,0.09789467172550313,anticipation,"anticipation,pressure",2
DFL-MAT-J041XW,0,141919,DFL-OBJ-002G8B,Ransford-Yeboah Königsdörffer,0.406795201759064,0.0759844543061467,0.6964858291452072,0.4697438974283829,0.6,0.2348027930008226,0.5972906547077566,0.802339368195315,0.739024868030353,0.41587450511382384,0.5488081491257011,0.7518042725173211,0.3049993813922798,synchronization,synchronization,1
DFL-MAT-J041XW,0,142530,DFL-OBJ-0027AT,Bakery Jatta,0.3554554787625505,0.0553417147488692,0.8003326733029064,0.4716872958469412,0.625,0.0,0.5687827558718079,0.760872030682943,0.8719172715275486,0.42164817716925107,0.5823521527548664,0.0,0.23840626031012868,anticipation,anticipation,1
DFL-MAT-J041XW,0,147808,DFL-OBJ-J01W6J,Rayan Philippe,0.4858240271991992,0.0925808521145834,0.8348770640178926,0.2122195022578891,1.0,0.3914574383968586,0.5694413777380177,0.8286198861761794,0.8989040333223358,0.11655600461893764,0.7418086027713626,0.8962285549323655,0.23977750742329265,lpc,lpc,1
DFL-MAT-J041XW,0,147855,DFL-OBJ-J01W6J,Rayan Philippe,0.4451236166419113,0.0305170988962487,0.8473203678316054,0.1479740575428459,0.75,0.4375387543337182,0.609626594446735,0.6940830171560541,0.9074356647970967,0.09814211481359288,0.6612761877268228,0.9335512207192346,0.33729070438799075,lpc,lpc,1
DFL-MAT-J041XW,0,177011,DFL-OBJ-002G5Y,Immanuël-Johannes Pherai,0.4215329303970717,0.0,0.8143959070917718,0.5710554954310242,0.625,0.3520005004797338,0.4848967869076011,0.0,0.8837069036621577,0.7429169416034312,0.5823521527548664,0.8604575635103926,0.10522517321016166,pressure,pressure,1
DFL-MAT-J041XW,1,10942,DFL-OBJ-002GKG,Ansgar Knauff,0.4795101884685538,0.0,0.6439386541679075,0.4976806282650152,1.0,0.3990398049364003,0.5237986906053933,0.0,0.6263867123061696,0.5089749670075883,0.7418086027713626,0.902796106895414,0.15673973111184428,pressure,pressure,1
DFL-MAT-J041XW,1,29022,DFL-OBJ-002GKG,Ansgar Knauff,0.4290575131749997,0.0,0.7171975103386763,0.3051707274370259,1.0,0.2631360651006645,0.5160933810043224,0.0,0.7749402012537117,0.15579635433850214,0.7418086027713626,0.7778837429891126,0.14495009897723524,pressure,pressure,1
DFL-MAT-J041XW,1,37223,DFL-OBJ-J01DNM,Nathaniel Brown,0.2360162520022316,0.0872225842236636,0.3873577639573508,0.2614437321369644,0.6,0.0,0.2727272727272727,0.8210470966677664,0.13216038436159683,0.13399043220059387,0.5488081491257011,0.0,7.217090069284065e-05,anticipation,anticipation,1
DFL-MAT-J041XW,1,49973,DFL-OBJ-J018BS,Rasmus Nissen Kristensen,0.3672498350590318,0.1692129762536674,0.6213877041846261,0.5786596797794796,0.4,0.3415900556069491,0.3302792507887807,0.8990019795447047,0.5710986473111185,0.7613102111514352,0.35481276806334544,0.8510598812273177,0.013954759155394259,synchronization,synchronization,1
DFL-MAT-J041XW,1,50190,DFL-OBJ-002GKG,Ansgar Knauff,0.5056960530790741,0.0,0.8157473590838051,0.2257208884903494,1.0,0.5278977662959367,0.5981575365988872,0.0,0.884882258330584,0.12058210986473111,0.7418086027713626,0.9812407208841967,0.30725729957109865,pressure,pressure,1
DFL-MAT-J041XW,1,50233,DFL-OBJ-002GKG,Ansgar Knauff,0.4198364033762288,0.0607757675422915,0.8111468311761907,0.649426716389413,0.8,0.0,0.6259878324567789,0.7729451913559882,0.8810675107225339,0.8638805262289674,0.6956450016496206,0.0,0.3857637743319037,anticipation,anticipation,1
DFL-MAT-J041XW,1,56044,DFL-OBJ-002GKG,Ansgar Knauff,0.3850328999061111,0.0902307412959283,0.7746293361842884,0.5933675752110598,0.5714285714285714,0.0,0.6587506334973388,0.8254804519960409,0.8466419910920489,0.7905961316397229,0.5311932942923128,0.0,0.49503567304519963,anticipation,anticipation,1
DFL-MAT-J041XW,1,71796,DFL-OBJ-J018BS,Rasmus Nissen Kristensen,0.4158382794373178,0.0,0.8143533289222907,0.0894125272155894,0.75,0.3677946697176583,0.6211423385274872,0.0,0.8836605080831409,0.08382650115473442,0.6612761877268228,0.8751134114153745,0.37080893269548004,pressure,pressure,1
DFL-MAT-J041XW,1,76644,DFL-OBJ-002GJN,Ritsu Dōan,0.4525210847240675,0.0,0.8494137938583608,0.1884031325095074,1.0,0.2476762852148608,0.6609078417851763,0.0,0.9087605163312438,0.10975647476080501,0.7418086027713626,0.7633722368855164,0.5026857885186408,pressure,pressure,1
DFL-MAT-J041XW,1,81820,DFL-OBJ-J018BS,Rasmus Nissen Kristensen,0.5608150087956767,0.7462188873178235,0.3776051046924367,0.0837814726146706,1.0,0.4515252905508912,0.5153772129706471,0.9798488535136919,0.12136052457934675,0.08258413064995052,0.7418086027713626,0.9434644094358298,0.14395517156054108,lpc,lpc,1
DFL-MAT-J041XW,1,137036,DFL-OBJ-002GG7,Pharrell Nnamdi Collins,0.6667802692579602,0.7087626734588334,0.4819222590754102,0.6200195024585277,1.0,0.5400917367969994,0.6055817342365182,0.9786167931375783,0.2724193747937974,0.8319242824150446,0.7418086027713626,0.9850245381062356,0.3263825882547014,compactness,compactness,1
DFL-MAT-J041XW,1,140807,DFL-OBJ-J01OBQ,Oscar Winther Höjlund,0.5094129836871191,0.0,0.9535632503976474,0.1605275603351831,1.0,0.4183577658307501,0.7202562712810323,0.0,0.9785858627515671,0.10166302375453645,0.7418086027713626,0.9184984328604421,0.7085532827449686,pressure,pressure,1
DFL-MAT-J041Y0,0,57579,DFL-OBJ-00012Y,Lukas Kübler,0.4802123316195209,0.0,0.5140461969760168,0.4846225906289442,1.0,0.2446452476749464,0.7532323158631745,0.0,0.3315067222038931,0.4627134196634774,0.7418086027713626,0.7604699356647971,0.806808808973936,pressure,pressure,1
DFL-MAT-J041Y0,0,70950,DFL-OBJ-002G4W,Philipp Treu,0.4540314669688702,0.0,0.5685088531007018,0.4800039072975262,1.0,0.4492208451517088,0.3872793761377219,0.0,0.44721729627185747,0.4478049736060706,0.7418086027713626,0.9418714945562521,0.03274496865720884,pressure,pressure,1
DFL-MAT-J041Y0,0,72693,DFL-OBJ-0001E6,Vincenzo Grifo,0.3586804691063117,0.1585720477067142,0.5107669222965032,0.636118366716648,0.75,0.0,0.4090909090909091,0.8925272187396899,0.3254340564170241,0.8512093780930386,0.6612761877268228,0.0,0.042245752226987794,anticipation,anticipation,1
DFL-MAT-J041Y0,0,76056,DFL-OBJ-J01TOV,Yuito Suzuki,0.331410886227777,0.0,0.9130870607263724,0.6047623644653417,0.3333333333333333,0.0,0.6123402715010972,0.0,0.9509444077862091,0.8102008413064995,0.27682695480039593,0.0,0.34509031672715273,anticipation,"anticipation,pressure",2
DFL-MAT-J041Y0,0,77639,DFL-OBJ-002G4W,Philipp Treu,0.4394040025056608,0.0,0.6052633765514221,0.4687136212921708,1.0,0.3856055038019865,0.3798657136322219,0.0,0.5322810128670405,0.4127350709336853,0.7418086027713626,0.8910941108545035,0.02984782250082481,pressure,pressure,1
DFL-MAT-J041Y0,0,77711,DFL-OBJ-00017V,Christian Günter,0.3922379278114433,0.0,0.5988835595307588,0.5367954339145304,0.5714285714285714,0.235718515430718,0.6172796044967706,0.0,0.5173313262949522,0.6482699604091059,0.5311932942923128,0.7525002062025734,0.359400775321676,pressure,pressure,1
DFL-MAT-J041Y0,0,102393,DFL-OBJ-002G4W,Philipp Treu,0.4073846574317827,0.0647595031304153,0.7748825214953763,0.0598318231012288,0.6666666666666667,0.3489143572404029,0.6400612820199139,0.7814510475090729,0.8469203645661498,0.07647022434839987,0.5936675189706367,0.8578387908281095,0.431045859452326,lpc,lpc,1
DFL-MAT-J041Y0,0,104090,DFL-OBJ-J01TOV,Yuito Suzuki,,0.0,0.9708087131913896,0.0193056629965185,,0.0,0.6108719958073372,0.0,0.9920869762454635,0.04885969976905312,1.0,0.0,0.3408837842296272,anticipation,"anticipation,pressure",2
DFL-MAT-J041Y0,0,123761,DFL-OBJ-J01WX3,Johan Manzambi,0.4441136647217544,0.2196693050086361,0.6041584653173255,0.4856859427596632,1.0,0.1357048352610162,0.4664894699237255,0.9223234905971627,0.5295642939623887,0.466234328604421,0.7418086027713626,0.6667199356647971,0.08646073903002309,synchronization,synchronization,1
DFL-MAT-J041Y0,0,141214,DFL-OBJ-00017V,Christian Günter,0.310032012656245,0.0,0.3483385258307641,0.5630336801186036,0.3333333333333333,0.0,0.7516843387676726,0.0,0.09174983503794128,0.7237761877268228,0.27682695480039593,0.0,0.8025713460903993,anticipation,"anticipation,pressure",2
DFL-MAT-J041Y0,0,154582,DFL-OBJ-0028B6,Jan-Niklas Beste,0.4119619643203124,0.0,0.7063430600045264,0.5698616788582623,1.0,0.0,0.5740476265950483,0.0,0.7570572830748927,0.7403858050148466,0.7418086027713626,0.0,0.2496597657538766,anticipation,"anticipation,pressure",2
DFL-MAT-J041Y0,0,166122,DFL-OBJ-00017V,Christian Günter,0.4069209119071231,0.165580167726113,0.769811409649085,0.4900670903289041,0.5,0.2510859704741008,0.5368330282581965,0.8968471626525899,0.8414869267568459,0.4814726987792808,0.4198026641372484,0.7664137248432861,0.17762805179808644,synchronization,synchronization,1
DFL-MAT-J041Y0,0,168390,DFL-OBJ-0028B6,Jan-Niklas Beste,0.471589956856183,0.0,0.6328644418401737,0.5299104954647547,1.0,0.1677038052445985,0.7247292039088304,0.0,0.599033940943583,0.624948449356648,0.7418086027713626,0.6947377103266249,0.7232864566149786,pressure,pressure,1
DFL-MAT-J041Y0,0,169307,DFL-OBJ-00017V,Christian Günter,0.2712299419717077,0.053563668841047,0.5888147016566752,0.536617834722915,0.0,0.0,0.7019013728726571,0.7572634856483009,0.493623185417354,0.6476822830748927,0.0,0.0,0.646187314417684,anticipation,"anticipation,pos",2
DFL-MAT-J041Y0,0,173829,DFL-OBJ-0000ZS,Matthias Lukas Ginter,0.5653900489319055,0.6156667526838805,0.5549954172749981,0.5832706277002061,1.0,0.4034241743536738,0.3519081505725847,0.9749051468162323,0.4172457522269878,0.7710532827449686,0.7418086027713626,0.9065232184097658,0.01815098152424942,synchronization,synchronization,1
DFL-MAT-J041Y0,0,177499,DFL-OBJ-00017V,Christian Günter,0.4326992286236167,0.0,0.8248264989341858,0.1936713937657187,1.0,0.3978569748100392,0.4091746019195783,0.0,0.8921096585285384,0.11119989277466183,0.7418086027713626,0.9017290085780271,0.04468925272187397,pressure,pressure,1
DFL-MAT-J041Y0,0,180527,DFL-OBJ-0028B6,Jan-Niklas Beste,,0.1938948494464794,0.6347379986927546,0.571962874097604,,0.3251291212223456,0.7758762503846834,0.9118947954470472,0.6037972203893105,0.7451697047179149,1.0,0.8362236060706038,0.8623133866710656,compactness,compactness,1
DFL-MAT-J041Y0,1,23287,DFL-OBJ-J01FRO,Fábio Daniel Ferreira Vieira,0.2667132641931482,0.1012637981562894,0.5957161525661154,0.4332325870844419,0.0,0.0,0.6941839936246725,0.8400022682283075,0.5098719482019135,0.320959460574068,0.0,0.0,0.619360359617288,anticipation,"anticipation,pos",2
DFL-MAT-J041Y0,1,28951,DFL-OBJ-J017PC,Jean-Luc Mamadou Diarra Dompé,0.3703926903390788,0.0,0.93226453902265,0.9855294009402776,0.0,0.0,0.8299362780356314,0.0,0.9636671065654899,0.9760083305839656,0.0,0.0,0.9511918508742989,anticipation,"anticipation,pos,pressure",3
DFL-MAT-J041Y0,1,30577,DFL-OBJ-0027AT,Bakery Jatta,0.5653268769060633,0.2427908560342512,0.6531926673164086,0.5668389415613698,1.0,0.3339079106775251,0.7379756689920269,0.9300200016496206,0.6479658116133289,0.733307901682613,0.7418086027713626,0.8443222121412075,0.7643259237875288,compactness,compactness,1
DFL-MAT-J041Y0,1,37006,DFL-OBJ-0027AT,Bakery Jatta,0.63547396316922,1.0,0.3609394726643496,0.5479566606904192,1.0,0.4226046051946956,0.4090909090909091,0.9853338419663478,0.10401888815572419,0.682772806004619,0.7418086027713626,0.9219317057076872,0.042245752226987794,synchronization,synchronization,1
DFL-MAT-J041Y0,1,43483,DFL-OBJ-J01HP7,Miro Max Maria Muheim,0.2947189029057335,0.0,0.5792151074424712,0.5968699700014131,0.1666666666666666,0.0,0.7009071852274333,0.0,0.4714254783899703,0.7969110854503464,0.15789446552292974,0.0,0.6427643516991092,anticipation,"anticipation,pressure",2
DFL-MAT-J041Y0,1,43592,DFL-OBJ-J017PC,Jean-Luc Mamadou Diarra Dompé,0.480382277778471,0.1774497145093207,0.5495645788219612,0.382113161569981,1.0,0.319121022502573,0.5570427480954463,0.9035899868030353,0.40528084790498187,0.23177684757505773,0.7418086027713626,0.8307231524249422,0.21436304025074232,synchronization,synchronization,1
DFL-MAT-J041Y0,1,47958,DFL-OBJ-0027AT,Bakery Jatta,0.4251896418611022,0.1997177774646474,0.6811024304739459,0.4986042438965579,0.5714285714285714,0.2241675905406772,0.5953005102256312,0.9145754289013527,0.7094708841966347,0.5124288601121741,0.5311932942923128,0.7424736060706038,0.2999164879577697,synchronization,synchronization,1
DFL-MAT-J041Y0,1,50076,DFL-OBJ-J017PC,Jean-Luc Mamadou Diarra Dompé,0.474336602756361,0.0,0.8794223354570079,0.5769096191011422,0.6666666666666667,0.3686020743394617,0.6563236464581985,0.0,0.927896115143517,0.7573305014846585,0.5936675189706367,0.8758196552292973,0.48678757010887497,pressure,pressure,1
DFL-MAT-J041Y0,1,50128,DFL-OBJ-J017PC,Jean-Luc Mamadou Diarra Dompé,0.4935434302426782,0.0,0.8664060595234737,0.5029005810185995,1.0,0.3812541534138286,0.5214276764124142,0.0,0.9196170818211812,0.5283373886506103,0.7418086027713626,0.8873773094688222,0.15298168921148136,pressure,pressure,1
DFL-MAT-J041Y0,1,61184,DFL-OBJ-J017PC,Jean-Luc Mamadou Diarra Dompé,0.3930808654021024,0.0,0.6774139222377866,0.3406876481019317,0.6,0.222517550076828,0.6964727217939857,0.0,0.7018362339161993,0.1837935087429891,0.5488081491257011,0.7409116215770373,0.6274228802375453,pressure,pressure,1
DFL-MAT-J041Y0,1,61916,DFL-OBJ-J01FRO,Fábio Daniel Ferreira Vieira,0.2678048025142457,0.0561376623259321,0.5790460073769745,0.5041750454438569,0.5555555555555556,0.0,0.2727272727272727,0.7627330089079511,0.47104400362916526,0.533080047838997,0.5239040333223358,0.0,7.217090069284065e-05,anticipation,anticipation,1
DFL-MAT-J041Y0,1,111346,DFL-OBJ-J01QPG,Damion Lamar Downs,0.3948696977143726,0.0,0.7226322282495719,0.4696284024949672,0.7142857142857143,0.0,0.7673134302360043,0.0,0.7832914054767404,0.41551880567469485,0.648527713625866,0.0,0.8420591388980534,anticipation,"anticipation,pressure",2
DFL-MAT-J041Y0,1,114941,DFL-OBJ-0027AT,Bakery Jatta,0.3403183081231846,0.0,0.8032463911635083,0.5157279754976674,0.6666666666666667,0.0,0.4882483663347114,0.0,0.8743762372154404,0.5753876608380073,0.5936675189706367,0.0,0.10907085120422302,anticipation,"anticipation,pressure",2
DFL-MAT-J041Y0,1,116030,DFL-OBJ-J017PC,Jean-Luc Mamadou Diarra Dompé,0.4870252509508507,0.1076667670059005,0.7177778822379122,0.2470028878428996,1.0,0.439099409572245,0.5342160694134198,0.8480132382052128,0.7758474925767074,0.12834048168921147,0.7418086027713626,0.9346904899373144,0.173297797756516,lpc,lpc,1
DFL-MAT-J041Y0,1,135111,DFL-OBJ-J01HP7,Miro Max Maria Muheim,0.5400006484472374,0.1212169535952018,0.8177036319744114,0.4207808651746699,1.0,0.4360162081067473,0.6378597000790123,0.8627361019465523,0.8864957934675025,0.2952769300560871,0.7418086027713626,0.9325098977235236,0.42375659848234903,lpc,lpc,1
DFL-MAT-J041Y0,1,139861,DFL-OBJ-0027AT,Bakery Jatta,0.4344121167766052,0.0,0.8525026036688488,0.4048235522139804,0.75,0.3736816401614756,0.5061356651405109,0.0,0.9108019218079841,0.2663467090069284,0.6612761877268228,0.8803921972946223,0.13162425767073574,pressure,pressure,1
DFL-MAT-J041Y0,1,144474,DFL-OBJ-0027AT,Bakery Jatta,0.3674550538794126,0.0,0.8141948369533992,0.564436323014421,0.3333333333333333,0.3011957162288331,0.5152640041170291,0.0,0.8835161662817552,0.7272403909600792,0.27682695480039593,0.81389702243484,0.14380051963048499,pressure,pressure,1
DFL-MAT-J041Y0,1,145919,DFL-OBJ-J01H5G,Nicolas Capaldo Taboas,0.5825522039329283,0.4100163860646708,0.8890805314513796,0.54477002525481,1.0,0.3777748889076665,0.5421139262228531,0.9598008083140878,0.9342007588254702,0.67314314582646,0.7418086027713626,0.8842069449026724,0.18657724348399868,synchronization,synchronization,1
DFL-MAT-J041Y0,1,146151,DFL-OBJ-0027AT,Bakery Jatta,0.5338382209181345,0.2367006872556951,0.891786383203646,0.6202788522157735,0.7777777777777778,0.3529919029667245,0.6242071327280112,0.9282311943253052,0.936051426921808,0.8322542065324975,0.6903610607060376,0.8613390795117123,0.3799849472121412,synchronization,synchronization,1
DFL-MAT-J041Y0,1,146324,DFL-OBJ-0027AT,Bakery Jatta,0.2928284844245576,0.0436903592455715,0.8760267334375845,0.4290169717770801,0.4,0.0,0.4533895326157395,0.7327975503134279,0.9258753299241175,0.31209274991751895,0.35481276806334544,0.0,0.07346482184097658,anticipation,anticipation,1
DFL-MAT-J041Y0,1,155889,DFL-OBJ-J01VXC,Giorgi Gocholeishvili,0.3714959498856194,0.1129110133436866,0.8885148798238385,0.1296006011164467,0.7142857142857143,0.0,0.6865418324708956,0.8542044704717915,0.9337935087429892,0.0932190283734741,0.648527713625866,0.0,0.5927911580336522,anticipation,anticipation,1
DFL-MAT-J041Y0,1,155933,DFL-OBJ-J01VXC,Giorgi Gocholeishvili,0.5407453227576323,0.0,0.908503410101086,0.4553826223036308,1.0,0.506328154889941,0.6198136180368479,0.0,0.9479493154074563,0.3751391867370505,0.7418086027713626,0.9732606812933026,0.36676736225668094,pressure,pressure,1
DFL-MAT-J041YE,0,34895,DFL-OBJ-J01VXC,Giorgi Gocholeishvili,0.3205575741082206,0.0950183931664011,0.4379758575164911,0.5096057114382134,0.75,0.0,0.3869620192590804,0.8319088172220389,0.20107328439458924,0.5531641784889475,0.6612761877268228,0.0,0.03263671230616958,anticipation,anticipation,1
DFL-MAT-J041YE,0,59578,DFL-OBJ-J01VXC,Giorgi Gocholeishvili,0.3013631607189131,0.0,0.6089102816366686,0.562503498678183,0.3333333333333333,0.0,0.6109323999306392,0.0,0.5407456285054437,0.7223740102276477,0.27682695480039593,0.0,0.3411002969317057,anticipation,"anticipation,pressure",2
DFL-MAT-J041YE,0,120188,DFL-OBJ-J01N5U,William Mikelbrencis,0.3208837541174074,0.0,0.6199505188026294,0.4656300520254283,0.4285714285714286,0.1262701191607183,0.5429121597491304,0.0,0.5675880484988453,0.40402301220719233,0.3951150610359617,0.6584409023424612,0.18813922797756516,pressure,pressure,1
DFL-MAT-J041YE,0,126507,DFL-OBJ-J01VXC,Giorgi Gocholeishvili,0.4000584393187519,0.0754971694730919,0.7070051209327186,0.4219948231756927,0.5,0.1434696067072861,0.767081568301027,0.8015712636093698,0.7582584130649951,0.2974265918838667,0.4198026641372484,0.6737772187396899,0.8414456862421643,lpc,lpc,1
DFL-MAT-J041YE,0,129772,DFL-OBJ-J01N5U,William Mikelbrencis,0.3853547253734647,0.0,0.4985723281687585,0.5050067903299587,0.6,0.2286551467974814,0.626912689922412,0.0,0.30230328274496865,0.5361163807324315,0.5488081491257011,0.746391454965358,0.3885371989442428,pressure,pressure,1
DFL-MAT-J041YE,0,136029,DFL-OBJ-J01N5U,William Mikelbrencis,0.5425195718520592,0.3142279247323767,0.727088505913473,0.4572772321030905,1.0,0.3379694674279351,0.595404754615097,0.946340935334873,0.7901579511712307,0.38047467832398546,0.7418086027713626,0.8479049818541735,0.3001639310458595,synchronization,synchronization,1
DFL-MAT-J041YE,0,161431,DFL-OBJ-0027JU,Jordan Torunarigha,,0.4864676442508013,0.1874968177580513,0.791279539655325,,0.5387056283171122,0.8666345216858109,0.9670694490267239,0.013021692510722533,0.9152249670075883,1.0,0.9846069778950841,0.9818026228967337,compactness,compactness,1
DFL-MAT-J041YE,0,172001,DFL-OBJ-J017PC,Jean-Luc Mamadou Diarra Dompé,0.6067679606415335,0.8060158722734984,0.6261966588319765,0.5389806822321116,1.0,0.4319503934334616,0.3423333176272677,0.9814469234576048,0.5832388238205213,0.6553581738700099,0.7418086027713626,0.929499340151765,0.016130196304849884,synchronization,synchronization,1
DFL-MAT-J041YE,0,178121,DFL-OBJ-J01QSK,Otto Emerson Stange,0.6408223987642268,0.7136836575647307,0.7355730004421905,0.5852381615284749,1.0,0.4020470499197649,0.5516775407315617,0.9788436159683273,0.8012619597492576,0.7751206285054437,0.7418086027713626,0.9054045694490267,0.20430035466842625,synchronization,synchronization,1
DFL-MAT-J041YE,1,37797,DFL-OBJ-J01B7D,Martin Albert Frederic Terrier,0.3625256745863376,0.0,0.6050919439000033,0.5112125532410532,0.6,0.0,0.7241307188022339,0.0,0.5318222121412075,0.5587625783569778,0.5488081491257011,0.0,0.7214976492906632,anticipation,"anticipation,pressure",2
DFL-MAT-J041YE,1,39518,DFL-OBJ-J01QPQ,Ibrahim Maza,0.5569216906576974,0.1597942799637811,0.9038843551276164,0.1839662877002331,1.0,0.5149149676783896,0.7004279016207775,0.8933365638403167,0.9446810046189377,0.1084986390630155,0.7418086027713626,0.9766063180468493,0.6411662817551963,lpc,lpc,1
DFL-MAT-J041YE,1,53883,DFL-OBJ-J01B7D,Martin Albert Frederic Terrier,0.2647219738721483,0.0,0.6651708694294138,0.5029474923630148,0.1999999999999999,0.1478827585680898,0.392290018325202,0.0,0.6757516083800725,0.5285229709666777,0.17336996865720883,0.6778600296931706,0.0347915291982844,pressure,pressure,1
DFL-MAT-J041YE,1,114126,DFL-OBJ-J016J2,Alejandro Grimaldo Garcia,0.3871384845898269,0.0,0.8744827945279025,0.0467510532205554,0.6666666666666667,0.3236141919837791,0.5998584736051059,0.0,0.9248958677004289,0.07161930880897394,0.5936675189706367,0.8349348399868031,0.31153084790498187,pressure,pressure,1
DFL-MAT-J041YE,1,168294,DFL-OBJ-J024A2,Christian Michel Kofane,0.5341847261819611,0.3215261532247753,0.5480759651088322,0.6116278612057858,1.0,0.389088599502306,0.4729876214703009,0.9477998185417355,0.40191459089409437,0.8203872484328605,0.7418086027713626,0.8942026146486308,0.09281177829099307,synchronization,synchronization,1
DFL-MAT-J041YE,1,168758,DFL-OBJ-002G8H,Exequiel Alejandro Palacios,0.4062837661386112,0.0,0.8558752326173693,0.5140690615651655,1.0,0.1351860587288713,0.374209902751923,0.0,0.9131062355658198,0.5691654981854174,0.7418086027713626,0.666183808973936,0.027883742989112503,pressure,pressure,1
DFL-MAT-J041YE,1,175766,DFL-OBJ-J024A2,Christian Michel Kofane,0.4804441814340546,0.0,0.7158587330378827,0.556268802195687,1.0,0.307040958494195,0.5673795911387525,0.0,0.772816314747608,0.7058881144836687,0.7418086027713626,0.8193665456944903,0.23550395908940944,pressure,pressure,1
DFL-MAT-J041YE,1,178581,DFL-OBJ-J016J2,Alejandro Grimaldo Garcia,0.4207567820478065,0.0,0.803086251380147,0.5518010669777405,0.8,0.3489024094102056,0.3636363636363636,0.0,0.8742215852853844,0.6941036374133949,0.6956450016496206,0.8578284806994392,0.021104833388320685,pressure,pressure,1
DFL-MAT-J041YE,1,178605,DFL-OBJ-J016J2,Alejandro Grimaldo Garcia,0.5581453884588681,0.0,0.8483582151693339,0.5519002123900149,1.0,0.7495338173927808,0.4038852920567481,0.0,0.9081522187396899,0.6943974760805015,0.7418086027713626,0.9983555344770703,0.03980740679643682,pressure,pressure,1
DFL-MAT-J041YN,0,11186,DFL-OBJ-0027AT,Bakery Jatta,0.3163848252898972,0.1382456474889812,0.3973382000887683,0.5585723896703407,0.25,0.1163999586435088,0.5777983552317056,0.8777991999340152,0.1447129660178159,0.7118422137908281,0.21053282744968657,0.649239112504124,0.2578099224678324,compactness,compactness,1
DFL-MAT-J041YN,0,49361,DFL-OBJ-0027AT,Bakery Jatta,0.4100179708375738,0.0,0.4790969746914465,0.5309754657331949,1.0,0.0,0.6744395988871789,0.0,0.26737772187396897,0.6286240102276477,0.7418086027713626,0.0,0.5498958677004289,anticipation,"anticipation,pressure",2
DFL-MAT-J041YN,0,104922,DFL-OBJ-0027AT,Bakery Jatta,0.5913300193875216,0.2604449609750223,0.9051548557087916,0.1378284875758236,1.0,0.7324868885143228,0.5605302360997366,0.9346904899373144,0.9454903497195645,0.0953326047509073,0.7418086027713626,0.9981493319036622,0.22114710491586936,lpc,lpc,1
DFL-MAT-J041YN,0,137444,DFL-OBJ-J017PC,Jean-Luc Mamadou Diarra Dompé,0.6189151158466247,0.3070143494788787,0.9310125387943752,0.5443545356589214,1.0,0.5502358419077988,0.6037252014391475,0.9448872071923458,0.9628835367865392,0.6717615885846255,0.7418086027713626,0.987653620917189,0.3216244638733091,synchronization,synchronization,1
DFL-MAT-J041YN,0,139789,DFL-OBJ-0027AT,Bakery Jatta,0.5955262285671242,0.5496613324064662,0.6711627777999164,0.4552117790109644,1.0,0.4554835649484806,0.527172970417324,0.9714357885186408,0.6887733008907951,0.374670075882547,0.7418086027713626,0.9459543055097328,0.16205975750577367,synchronization,synchronization,1
DFL-MAT-J041YN,0,142030,DFL-OBJ-J01W6J,Rayan Philippe,0.7155491356276521,0.9578340322499233,0.8388459811974964,0.5015538679816601,1.0,0.5028300457960384,0.5828347429282101,0.9843904651930057,0.9016465275486638,0.5230740679643682,0.7418086027713626,0.9718636588584626,0.2692232349059716,synchronization,synchronization,1
DFL-MAT-J041YN,0,142479,DFL-OBJ-J01HP7,Miro Max Maria Muheim,0.5016764904063229,0.1489193070561801,0.6312328056271856,0.373622305582686,1.0,0.3547960032952154,0.618498794598696,0.8857998597822501,0.5951521774991752,0.2203429148795777,0.7418086027713626,0.8631175767073573,0.36300932035631805,lpc,lpc,1
DFL-MAT-J041YN,0,143188,DFL-OBJ-J017PC,Jean-Luc Mamadou Diarra Dompé,0.3660181819490865,0.0,0.9059840128642804,0.5119276891455743,0.7142857142857143,0.0,0.5357700526826856,0.0,0.9461038023754537,0.5612576294952161,0.648527713625866,0.0,0.17582893434510063,anticipation,"anticipation,pressure",2
DFL-MAT-J041YN,0,158981,DFL-OBJ-J01IZ9,Nicolai Remberg,0.3599353320383357,0.0,0.8244394432005161,0.6769839004342163,0.4,0.0,0.6879527757257935,0.0,0.8918106647970967,0.8830779858132629,0.35481276806334544,0.0,0.5979101369185087,anticipation,"anticipation,pressure",2
DFL-MAT-J041YN,0,175032,DFL-OBJ-J01FRO,Fábio Daniel Ferreira Vieira,0.4970943362492031,0.1602297175849172,0.7814347324714571,0.4817019413428134,1.0,0.4905188883244453,0.3181818181818182,0.8936097822500825,0.853606483008908,0.45302705377763114,0.7418086027713626,0.9663838254701419,0.008031590234246124,synchronization,synchronization,1
DFL-MAT-J041YN,1,13185,DFL-OBJ-J01D4G,Franck Honorat,0.185788324204063,0.0,0.8890604147982438,0.022530674854002,0.0,0.0,0.5268911973312143,0.0,0.9341749835037941,0.05341162157703728,0.0,0.0,0.16152878587924777,anticipation,"anticipation,pos,pressure",3
DFL-MAT-J041YN,1,15657,DFL-OBJ-J0117M,Haris Tabaković,0.5673076802995028,0.1378171021163641,0.508327372375905,0.6237633952773781,1.0,0.4114423165182601,0.7806664848567686,0.8774847410095677,0.3206656219069614,0.8369092296271857,0.7418086027713626,0.9132248020455296,0.8725204140547674,compactness,compactness,1
DFL-MAT-J041YN,1,15741,DFL-OBJ-J0117M,Haris Tabaković,0.526403297600093,0.2021532068556171,0.576995926498675,0.4758242642352541,1.0,0.2973500371716527,0.7120198743859798,0.9155342708677005,0.4662961893764434,0.4346131639722864,0.7418086027713626,0.8102523919498515,0.6808912075222698,lpc,lpc,1
DFL-MAT-J041YN,1,21948,DFL-OBJ-J0117M,Haris Tabaković,0.4636160122752972,0.108197949265026,0.8528921478811666,0.5552731068684095,0.875,0.2159309957833098,0.5343684143836889,0.8486730864401187,0.9111215357967667,0.7032951171230617,0.7315912652589904,0.7353596172880238,0.17355039590894095,synchronization,synchronization,1
DFL-MAT-J041YN,1,27972,DFL-OBJ-J0117M,Haris Tabaković,0.4207255889585893,0.063163930323597,0.869344369699028,0.181911016267324,1.0,0.3209122001949924,0.3688520814048837,0.7780383949191686,0.9214625948531837,0.10780270537776311,0.7418086027713626,0.8324604091059057,0.026038229957109863,synchronization,synchronization,1
DFL-MAT-J041YN,1,31295,DFL-OBJ-002GC7,Luca Netz,0.6889209426029007,1.0,0.5341117417754198,0.5098805005274983,1.0,0.4824753641877597,0.5526233965566337,0.9853338419663478,0.3718193253051798,0.5541281755196305,0.7418086027713626,0.9623267898383372,0.205970595513032,synchronization,synchronization,1
DFL-MAT-J041YN,1,35071,DFL-OBJ-J01IB3,Yannik Engelhardt,0.3903039586909859,0.0,0.9078790170892456,0.006270747861513,1.0,0.0,0.7192669331138919,0.0,0.9474802045529528,0.01436200923787529,0.7418086027713626,0.0,0.705233421313098,anticipation,"anticipation,pressure",2
DFL-MAT-J041YN,1,37657,DFL-OBJ-002GNN,Joseph Michael Scally,0.4259521944778273,0.1599032522704007,0.654501852533601,0.5229719929156047,0.8333333333333334,0.3254093956450804,0.3164009699575968,0.8933984246123392,0.6509609039920818,0.6009619350049489,0.7150228884856483,0.8365122896733751,0.007835697789508413,synchronization,synchronization,1
DFL-MAT-J041YN,1,37913,DFL-OBJ-J0117M,Haris Tabaković,0.3789481208139526,0.0,0.887112359707207,0.242023332492489,1.0,0.1791377897696206,0.3415610754262973,0.0,0.9328965275486638,0.12635578192015837,0.7418086027713626,0.7049395826459914,0.016011629825140216,pressure,pressure,1
DFL-MAT-J041YN,1,40711,DFL-OBJ-002GC7,Luca Netz,0.3584803642774943,0.0723427003623389,0.5679334854368616,0.5337967378320034,0.5714285714285714,0.0,0.6627548508736476,0.7958285219399538,0.4459646156384032,0.6381247937974266,0.5311932942923128,0.0,0.5090110524579347,anticipation,anticipation,1
DFL-MAT-J041YN,1,40998,DFL-OBJ-002GC0,Rocco Reitz,0.6012022232952732,0.5278307759980599,0.8192108733489707,0.5550314476311021,1.0,0.3854889725326472,0.5360167600390364,0.9700078356977895,0.887805179808644,0.7027074397888485,0.7418086027713626,0.8910013196964698,0.17625680468492247,synchronization,synchronization,1
DFL-MAT-J041YN,1,41033,DFL-OBJ-002GC0,Rocco Reitz,0.6132489236188348,0.0,0.8363262641776913,0.5118066262648236,1.0,0.6437478038263014,0.80853197557358,0.0,0.8999144259320356,0.5607524331903662,0.7418086027713626,0.9963347492576707,0.9231276806334543,pressure,pressure,1
DFL-MAT-J041YN,1,41329,DFL-OBJ-002GC7,Luca Netz,0.3835011350730757,0.0804071542701511,0.6237346246702513,0.5516433474721931,0.625,0.212215265901299,0.4686696051062264,0.8098760722533818,0.5769187149455626,0.6936912322665787,0.5823521527548664,0.7322614236225669,0.08864648630814913,synchronization,synchronization,1
DFL-MAT-J041YN,1,46609,DFL-OBJ-J01IB3,Yannik Engelhardt,0.3181552715483965,0.0,0.8265106140343946,0.3771017510881366,0.2857142857142857,0.0,0.7511894319305796,0.0,0.8932901682612999,0.22487421643022104,0.26179994226327946,0.0,0.8012774249422633,anticipation,"anticipation,pressure",2
DFL-MAT-J041YN,1,46894,DFL-OBJ-002GNN,Joseph Michael Scally,0.4542721310651919,0.0,0.9128764995663888,0.2113121573893354,1.0,0.5255509310887502,0.327948046846999,0.0,0.9507897558561531,0.11635495710986474,0.7418086027713626,0.9804107555262289,0.013434097657538766,pressure,pressure,1
DFL-MAT-J041YN,1,57207,DFL-OBJ-J0117M,Haris Tabaković,0.3489760592799504,0.0768465686292099,0.6305118102662726,0.4807218052311982,0.5,0.1847314122161416,0.4740023789685053,0.8038291817881887,0.5936572088419664,0.45001134114153746,0.4198026641372484,0.709424488617618,0.09382217090069284,synchronization,synchronization,1
DFL-MAT-J041YN,1,62412,DFL-OBJ-002706,Florian Christian Neuhaus,0.3351179067557254,0.0,0.6546178310945907,0.5818334062205711,0.5,0.0,0.6123764755008512,0.0,0.6512805179808644,0.768037570108875,0.4198026641372484,0.0,0.3452191933355328,anticipation,"anticipation,pressure",2
DFL-MAT-J041YN,1,100179,DFL-OBJ-J0117M,Haris Tabaković,0.4799271389875366,0.0,0.6677331095645556,0.4415887435041339,0.8,0.3273359154709544,0.7832871115374872,0.0,0.6811798911250413,0.3403785879247773,0.6956450016496206,0.838285631804685,0.8781652095018145,pressure,pressure,1
DFL-MAT-J041YN,1,109049,DFL-OBJ-002GC7,Luca Netz,0.3987740051930042,0.0,0.7884201891474433,0.6299218273693117,0.25,0.4483952507340222,0.5399441451206198,0.0,0.8606740762124712,0.8441933355328275,0.21053282744968657,0.9413405229297261,0.1827212553612669,pressure,pressure,1
DFL-MAT-J041YN,1,111982,DFL-OBJ-J01D4G,Franck Honorat,0.3276866762281255,0.0,0.6023889018673273,0.5255573107395122,0.4,0.2876284263893401,0.3932419965259229,0.0,0.5256670653249752,0.6100193830419004,0.35481276806334544,0.8008289343451006,0.035173003959089406,pressure,pressure,1
DFL-MAT-J041YN,1,114835,DFL-OBJ-002GC7,Luca Netz,0.3871989751035491,0.0,0.3439184437600784,0.4922891494465119,0.6666666666666667,0.2698878294083712,0.6052879982792254,0.0,0.0877082645991422,0.4894682035631805,0.5936675189706367,0.7841883866710656,0.3256505691191026,pressure,pressure,1
DFL-MAT-J041YN,1,116527,DFL-OBJ-J01D4G,Franck Honorat,0.5627773276016621,0.0,0.9089762938332046,0.2355721966698151,1.0,0.7973969604525337,0.5328212883429604,0.0,0.9482792395249092,0.12400507258330584,0.7418086027713626,0.9988349554602441,0.1709780188056747,pressure,pressure,1
DFL-MAT-J041YN,1,117388,DFL-OBJ-J0117M,Haris Tabaković,0.5358758324872781,0.1244783444432481,0.7219981896009324,0.5518250949829729,1.0,0.4072767982968759,0.6078433376994925,0.8657311943253052,0.7823325635103926,0.6941809633784229,0.7418086027713626,0.9098018393269548,0.33227482678983833,synchronization,synchronization,1
DFL-MAT-J041YN,1,117749,DFL-OBJ-002GC7,Luca Netz,0.5051815214819685,0.1758407046516684,0.8313438194058878,0.4735357922162253,1.0,0.3051610609163029,0.5305044148758425,0.9027342461233916,0.8965327037281425,0.427617741669416,0.7418086027713626,0.8174333965687892,0.1672715275486638,synchronization,synchronization,1
DFL-MAT-J041YN,1,118558,DFL-OBJ-J0117M,Haris Tabaković,0.4618837443692962,0.1969800297996532,0.6272137539693234,0.2012712515060644,1.0,0.396997536960755,0.4410518368364259,0.913338213460904,0.5856977895084131,0.11352482678983834,0.7418086027713626,0.9009712141207522,0.06438159848234906,synchronization,synchronization,1
DFL-MAT-J041YN,1,128691,DFL-OBJ-002GC7,Luca Netz,0.4079388882114646,0.1046410411919093,0.5076368996909763,0.5067653311963094,1.0,0.1587868995598611,0.39904496198708,0.8443943830419004,0.31932015011547343,0.5426993978884856,0.7418086027713626,0.6874587594853184,0.03754948861761795,synchronization,synchronization,1
DFL-MAT-J041YN,1,134798,DFL-OBJ-J0117M,Haris Tabaković,0.2955841488433854,0.0,0.6270751671388204,0.5117079612837935,0.1999999999999999,0.0,0.7098099048535664,0.0,0.5853524001979544,0.5603967337512372,0.17336996865720883,0.0,0.6735710161662818,anticipation,"anticipation,pressure",2
DFL-MAT-J041YN,1,136299,DFL-OBJ-0028P3,Philipp Sander,0.5600763381810391,0.2433276548801056,0.7352550334840262,0.4934989916604795,1.0,0.3761861307456441,0.6772272624025122,0.9301694985153415,0.8008959501814583,0.4939479544704718,0.7418086027713626,0.8826191850874299,0.5598657621247113,lpc,lpc,1
DFL-MAT-J041YN,1,137935,DFL-OBJ-002GC7,Luca Netz,0.3314219419708125,0.0594630454115222,0.5201519110234489,0.5002917180862176,0.25,0.2079872451054685,0.6070550833798287,0.7700789755856153,0.3434046106895414,0.5186200923787528,0.21053282744968657,0.7286941191026064,0.33018702573408115,pos,pos,1
DFL-MAT-J041YN,1,167664,DFL-OBJ-J0117M,Haris Tabaković,0.4550573335005947,0.0,0.8197366966054211,0.0712435083069812,1.0,0.3570223849896894,0.6324165009204985,0.0,0.8882021197624547,0.07941376608380073,0.7418086027713626,0.8651950676344441,0.4060592626195975,pressure,pressure,1
DFL-MAT-J041YN,1,168520,DFL-OBJ-002GG4,Jens Castrop,0.5056235793508969,0.0,0.963112653594026,0.1937911088177746,1.0,0.4621001342150791,0.6316230763178816,0.0,0.9861998927746618,0.11124628835367865,0.7418086027713626,0.9502639392939624,0.4035951418673705,pressure,pressure,1
DFL-MAT-J041YN,1,179280,DFL-OBJ-002G4X,Giovanni Alejandro Reyna,0.3380372541831621,0.0,0.7301464126426602,0.1284425530679956,0.8571428571428572,0.0,0.5804773114163589,0.0,0.7943747937974266,0.0928684839986803,0.7251474348399868,0.0,0.2638052622896734,anticipation,"anticipation,pressure",2
DFL-MAT-J041YV,0,80829,DFL-OBJ-J021AR,Martijn Kaars,0.3930538752879761,0.1887821777948374,0.6825391031523982,0.5728178434919935,0.6666666666666667,0.1460286352642931,0.4206407909617854,0.9094822253381722,0.7123525651600132,0.7472626608380073,0.5936675189706367,0.6761279280765424,0.050983586275156714,synchronization,synchronization,1
DFL-MAT-J041YV,0,105124,DFL-OBJ-J01W5Q,Louis Oppie,0.3092925045377239,0.0535418420562838,0.9379532300895635,0.485994967590706,0.125,0.0,0.6802429488568563,0.7572170900692841,0.9674251484658528,0.46721379082810954,0.1475121659518311,0.0,0.5706398465852854,anticipation,anticipation,1
DFL-MAT-J041YV,0,111911,DFL-OBJ-J01RKL,Joel Chima Fujita,0.468321585652981,0.0,0.9804018113039225,0.1650323263245765,1.0,0.2435774979045234,0.7035468550867708,0.0,0.9972781260310128,0.10307035631804685,0.7418086027713626,0.7596141949851534,0.651981606730452,pressure,pressure,1
DFL-MAT-J041YV,0,112682,DFL-OBJ-J01RKL,Joel Chima Fujita,0.4325825120832954,0.0,0.954218842979155,0.4135528404932919,1.0,0.0,0.6669361166346527,0.0,0.9789982678983834,0.2818170570768723,0.7418086027713626,0.0,0.5235431788188717,anticipation,"anticipation,pressure",2
DFL-MAT-J041YV,0,132797,DFL-OBJ-J0244R,Ricky-Jade Jones,0.4672091970113508,0.3223388414141085,0.6856676769087577,0.2768652803369031,0.8,0.4751783735002998,0.3568879758644395,0.9479338502144506,0.7187087594853184,0.14052705377763114,0.6956450016496206,0.9582130484988453,0.0195273837017486,synchronization,synchronization,1
DFL-MAT-J041YV,0,159206,DFL-OBJ-J01BGD,Danel Sinani,0.4523960174958123,0.2655208173264238,0.5206112221455039,0.2685031577133585,1.0,0.2042601864861206,0.5465743282478158,0.9358349142197294,0.34434283239854835,0.1368875783569779,0.7418086027713626,0.7256474760805015,0.1944026311448367,lpc,lpc,1
DFL-MAT-J041YV,1,33747,DFL-OBJ-J01HP7,Miro Max Maria Muheim,0.4627220529611845,0.0,0.9539103399661168,0.4787499031553027,0.6666666666666667,0.2916884692393097,0.7133838363407514,0.0,0.9788075305179809,0.4438304190036292,0.5936675189706367,0.804777713625866,0.6853709584295612,pressure,pressure,1
DFL-MAT-J041YV,1,47528,DFL-OBJ-J01FRO,Fábio Daniel Ferreira Vieira,0.5135119001627745,0.0,0.9499178362964368,0.4748733466274653,1.0,0.4943117792750773,0.4766837164481978,0.0,0.9761784477070273,0.43176241339491916,0.7418086027713626,0.9681777878587925,0.09668323160673045,pressure,pressure,1
DFL-MAT-J041YV,1,84099,DFL-OBJ-0027AT,Bakery Jatta,0.3272595510079698,0.0,0.6301765645167119,0.5380660597647757,0.5555555555555556,0.0,0.566440465300433,0.0,0.592883949191686,0.6524868030353019,0.5239040333223358,0.0,0.23353987957769712,anticipation,"anticipation,pressure",2
DFL-MAT-J041YV,1,126564,DFL-OBJ-J01FRO,Fábio Daniel Ferreira Vieira,0.7123474508266651,1.0,0.842642894499285,0.5057559155190736,1.0,0.466538395034377,0.5651495765176757,0.9853338419663478,0.9042085945232596,0.5389568211811283,0.7418086027713626,0.9529961233916199,0.23081285054437478,synchronization,synchronization,1
DFL-MAT-J041YV,1,126660,DFL-OBJ-J01FRO,Fábio Daniel Ferreira Vieira,0.3823150681472064,0.0837215760788891,0.9088406202037116,0.5960257736875131,0.7142857142857143,0.0,0.4873981605845285,0.8155569531507754,0.9482173787528868,0.7954161167931376,0.648527713625866,0.0,0.10802437314417684,anticipation,anticipation,1
DFL-MAT-J041YV,1,146290,DFL-OBJ-J01FRO,Fábio Daniel Ferreira Vieira,0.4477725155759061,0.0,0.8892321886353626,0.957024951996534,0.5,0.0,0.8400364858099907,0.0,0.934324480369515,0.9459491504453975,0.4198026641372484,0.0,0.9620948119432531,anticipation,"anticipation,pressure",2
DFL-MAT-J041YV,1,150692,DFL-OBJ-J01W6J,Rayan Philippe,0.2925798108091193,0.1379988207011631,0.5030816573488212,0.568192269465328,0.6,0.0,0.2734221496984188,0.8776239277466182,0.31064417683932694,0.7363493896403827,0.5488081491257011,0.0,0.004149826789838337,anticipation,anticipation,1
DFL-MAT-J041YV,1,150749,DFL-OBJ-J017PC,Jean-Luc Mamadou Diarra Dompé,0.4240809718455486,0.0,0.5991935498359733,0.5132769668372268,0.6,0.3866843077356902,0.5944508006953594,0.0,0.5180169498515341,0.5663147476080501,0.5488081491257011,0.8920065572418344,0.2977410508083141,pressure,pressure,1
DFL-MAT-J041YV,1,153189,DFL-OBJ-J01W6J,Rayan Philippe,0.6462670050602655,0.7618799179872618,0.5255942481792112,0.4635918603458193,1.0,0.5087640421763436,0.5678387148519353,0.9802612586605081,0.3546168756186077,0.3982184097657539,0.7418086027713626,0.9742092131309799,0.2364885763774332,synchronization,synchronization,1
DFL-MAT-J041Z5,0,29545,DFL-OBJ-J01N5U,William Mikelbrencis,0.620621104339943,0.444310478454651,0.4482059119729079,0.603279401517483,1.0,0.598,0.5861436048961185,0.9632547014186738,0.21685809138898055,0.807597533817222,0.7418086027713626,0.9942160178159023,0.2769970719234576,compactness,compactness,1
DFL-MAT-J041Z5,0,63120,DFL-OBJ-0027AT,Bakery Jatta,0.5717033162992852,0.2778678244460095,0.6632088393326583,0.572788734074447,1.0,0.3824454091497953,0.6760359273114003,0.9388454717914879,0.6713027878587925,0.7472162652589904,0.7418086027713626,0.8883361514351699,0.555612834048169,synchronization,synchronization,1
DFL-MAT-J041Z5,0,70909,DFL-OBJ-0027AT,Bakery Jatta,0.473383774884534,0.0,0.3009417006558178,0.4637303400740337,1.0,0.2505318326370769,0.8082220080209681,0.0,0.05499938139227978,0.3986101946552293,0.7418086027713626,0.7659136836027713,0.9226534147146156,pressure,pressure,1
DFL-MAT-J041Z5,0,78234,DFL-OBJ-0027AT,Bakery Jatta,0.58242255602026,0.3018737371953343,0.6600892218804455,0.5734124418569734,1.0,0.4917410511782052,0.5864481309940991,0.9439644506763445,0.6640960079181788,0.7487421643022105,0.7418086027713626,0.966997278126031,0.2777136258660508,synchronization,synchronization,1
DFL-MAT-J041Z5,0,80039,DFL-OBJ-J01N5U,William Mikelbrencis,0.4218965328962913,0.1532098680425428,0.614018288856114,0.4596632434298681,0.25,0.3401442707962743,0.7939236247213308,0.8887485565819861,0.5531899538106235,0.3870473853513692,0.21053282744968657,0.8498278208512042,0.8990483751237216,pos,pos,1
DFL-MAT-J041Z5,0,114004,DFL-OBJ-J01H5G,Nicolas Capaldo Taboas,0.2889966497837175,0.1137406474354597,0.1355808909267832,0.5443579728578996,0.4,0.0,0.5890870385350584,0.8550962966017815,0.005820067634444078,0.6717718987132959,0.35481276806334544,0.0,0.2842347822500825,anticipation,anticipation,1
DFL-MAT-J041Z5,0,125128,DFL-OBJ-J01N5U,William Mikelbrencis,0.4040535054989546,0.1669373798495677,0.5513051202588705,0.5723399425269716,0.4,0.2111182699071604,0.6799804685143993,0.8976719729462224,0.4091677664137248,0.7461697871989442,0.35481276806334544,0.7312561860772022,0.5697737957769713,pos,pos,1
DFL-MAT-J041Z5,0,148415,DFL-OBJ-J01W6J,Rayan Philippe,0.2674950521514562,0.0398010299081618,0.5155146534236994,0.4349519477740154,0.25,0.0,0.5885934917874264,0.7224204058066644,0.33429045694490267,0.3247329676674365,0.21053282744968657,0.0,0.2830130320026394,anticipation,anticipation,1
DFL-MAT-J041Z5,0,166816,DFL-OBJ-J01W6J,Rayan Philippe,0.6096588724004843,0.5085702608154127,0.6919380746508308,0.4910416581704726,1.0,0.4876671049555248,0.5676758640279069,0.9687551550643352,0.7305757175849554,0.4847719399538106,0.7418086027713626,0.9648837017485978,0.2361122566809634,synchronization,synchronization,1
DFL-MAT-J041Z5,0,178306,DFL-OBJ-J01HP7,Miro Max Maria Muheim,0.4961070773949045,0.1857935425043992,0.7654510348467305,0.4451693563396416,1.0,0.3504326339791083,0.4706059387742661,0.9078171395579017,0.836965935334873,0.34891537446387333,0.7418086027713626,0.8592100379412735,0.09048684427581656,synchronization,synchronization,1
DFL-MAT-J041Z5,0,179699,DFL-OBJ-J01W6J,Rayan Philippe,0.4063270008029246,0.2769765538202675,0.5535925850876113,0.5286398895173561,0.5714285714285714,0.3130958348158744,0.3700968657685025,0.9386031837677334,0.4142815902342461,0.6208295529528208,0.5311932942923128,0.825227853843616,0.026466100296931704,synchronization,synchronization,1
DFL-MAT-J041Z5,1,17045,DFL-OBJ-002FWZ,Alphonso Boyle Davies,0.3544672016588011,0.2037259020869644,0.6561965405035448,0.516958829867416,0.5,0.1270306563845813,0.4171310355187295,0.9162044292312768,0.6551261959749257,0.5797900857802706,0.4198026641372484,0.6591162157703728,0.04897826624876279,synchronization,synchronization,1
DFL-MAT-J041Z5,1,18105,DFL-OBJ-J01UD5,Lennart Karl,,0.0,0.9653710208726052,0.3985915152948301,,0.0,0.52263394383894,0.0,0.987957769712966,0.256021115143517,1.0,0.0,0.1548168921148136,anticipation,"anticipation,pressure",2
DFL-MAT-J041Z5,1,20148,DFL-OBJ-0027G6,Serge David Gnabry,0.4429554355761766,0.0,0.721651172262695,0.584728135034187,0.75,0.264838914802769,0.6119823226383394,0.0,0.7817655064335203,0.7740071346090399,0.6612761877268228,0.779394176839327,0.3441108545034642,pressure,pressure,1
DFL-MAT-J041Z5,1,20659,DFL-OBJ-0027G6,Serge David Gnabry,0.3115770585165435,0.0895450477884978,0.690956552187743,0.6089344417195429,0.3333333333333333,0.0,0.5197888821042643,0.8243875783569778,0.7287972203893105,0.8164281590234246,0.27682695480039593,0.0,0.15062066974595842,anticipation,anticipation,1
DFL-MAT-J041Z5,1,45563,DFL-OBJ-J01R3R,Michael Akpovie Olise,0.6431588115197949,1.0,0.5022710080426127,0.3648878120717286,1.0,0.4578275694798742,0.4584589164291471,0.9853338419663478,0.309272929726163,0.2097028620917189,0.7418086027713626,0.9475008248102936,0.0793725255691191,synchronization,synchronization,1
DFL-MAT-J041Z5,1,45698,DFL-OBJ-J01R3R,Michael Akpovie Olise,0.4220435787785354,0.0887478581912823,0.6481430162360745,0.6033487403539058,0.625,0.1696269060454634,0.651195117955698,0.8232379990102277,0.6362741257010888,0.8076954800395909,0.5823521527548664,0.6964955872649291,0.4696005856153085,synchronization,synchronization,1
DFL-MAT-J041Z5,1,56196,DFL-OBJ-J01R3R,Michael Akpovie Olise,0.4795271495551068,0.0,0.6811748772312654,0.548864489629724,1.0,0.5055634902744074,0.3636363636363636,0.0,0.7095946057406797,0.6855410755526229,0.7418086027713626,0.9728585862751568,0.021104833388320685,pressure,pressure,1
DFL-MAT-J041Z5,1,60328,DFL-OBJ-J01R3R,Michael Akpovie Olise,0.4576306632454133,0.0,0.7372710861997014,0.4498071954605907,1.0,0.0,0.8480033033869303,0.0,0.8034734823490597,0.36024620587264927,0.7418086027713626,0.0,0.9692500412405147,anticipation,"anticipation,pressure",2
DFL-MAT-J041Z5,1,84419,DFL-OBJ-J01R3R,Michael Akpovie Olise,0.2827534607033986,0.1094411902807541,0.9103851011874412,0.0981298842455465,0.5,0.1582851598598933,0.2727272727272727,0.8501371247113164,0.9492226162982514,0.08570294457274827,0.4198026641372484,0.6870566644671725,7.217090069284065e-05,synchronization,synchronization,1
DFL-MAT-J041Z5,1,106138,DFL-OBJ-J01R3R,Michael Akpovie Olise,0.3907722031126307,0.0,0.3973217266425819,0.4367595751331023,0.5,0.367961210139339,0.656520513022426,0.0,0.14469750082481028,0.32872298746288353,0.4198026641372484,0.8752886836027713,0.4874164879577697,pressure,pressure,1
DFL-MAT-J041Z5,1,110834,DFL-OBJ-J01DA7,Luis Fernando Díaz Marulanda,0.566650651403845,0.3876387065482656,0.8615671134538618,0.519445922766013,1.0,0.3301963677042134,0.564202124537647,0.9573469976905312,0.9165704387990762,0.5888681540745628,0.7418086027713626,0.8410899868030353,0.2285394671725503,synchronization,synchronization,1
DFL-MAT-J041Z5,1,119704,DFL-OBJ-J01R3R,Michael Akpovie Olise,0.6227767039857213,0.3981685266582779,0.7967871359776265,0.4599021047158874,1.0,0.4293717491152182,0.7715840564963956,0.9586357637743319,0.8686438056746948,0.38773300890795115,0.7418086027713626,0.9274115390960079,0.8525857802705378,lpc,lpc,1
DFL-MAT-J041Z5,1,119820,DFL-OBJ-J01R3R,Michael Akpovie Olise,0.4431949554711312,0.1363147363167988,0.8379568315276752,0.5660176658396783,0.8,0.1377522309410246,0.5554468308737803,0.8761495793467502,0.9009815242494227,0.7312561860772022,0.6956450016496206,0.6685912240184757,0.2111256598482349,synchronization,synchronization,1
DFL-MAT-J041Z5,1,143464,DFL-OBJ-J01R3R,Michael Akpovie Olise,0.4310076983828658,0.0,0.5250496335731971,0.5140390672410785,1.0,0.0,0.766110140083238,0.0,0.3535085367865391,0.5690314665127021,0.7418086027713626,0.0,0.8391465275486638,anticipation,"anticipation,pressure",2
DFL-MAT-J041ZD,0,23119,DFL-OBJ-0028T0,Marvin Pieringer,0.4610780611132074,0.2824545348985868,0.5267580925355351,0.5238622232569413,0.75,0.2365044704538995,0.5822900663063522,0.9398919498515341,0.35691087924777304,0.6038229957109865,0.6612761877268228,0.7531961398878259,0.268063345430551,synchronization,synchronization,1
DFL-MAT-J041ZD,0,23212,DFL-OBJ-002G8E,Eren Sami Dinkçi,0.5821094074147076,0.4483698388830441,0.4890235894300161,0.5959797580618137,1.0,0.4116370190236434,0.5920886934217346,0.9636671065654899,0.284781219069614,0.7952769300560871,0.7418086027713626,0.9134000742329265,0.2917302457934675,compactness,compactness,1
DFL-MAT-J041ZD,0,23984,DFL-OBJ-J01AZQ,Omar Haktab Traoré,0.4134290597688592,0.1796219117729547,0.55400374648703,0.623441422801054,0.5714285714285714,0.2276923315321051,0.5306486479736463,0.9047447212141208,0.41516826129990103,0.8363524826789839,0.5311932942923128,0.7455666446717255,0.16755505608709997,synchronization,synchronization,1
DFL-MAT-J041ZD,0,26141,DFL-OBJ-J01AZQ,Omar Haktab Traoré,0.3199438271332194,0.0,0.3555691702978946,0.5485623394930871,0.75,0.0,0.4794606189654387,0.0,0.098729792147806,0.6846234741009568,0.6612761877268228,0.0,0.09933808973935995,anticipation,"anticipation,pressure",2
DFL-MAT-J041ZD,0,35285,DFL-OBJ-J01AZQ,Omar Haktab Traoré,0.5184579505593823,0.3365266137240223,0.4346365380034325,0.6305408239749769,1.0,0.4139319822141785,0.3902459361243783,0.9502484741009568,0.1958769795447047,0.8449665951831079,0.7418086027713626,0.9150806252062026,0.03387908281095348,synchronization,synchronization,1
DFL-MAT-J041ZD,0,37810,DFL-OBJ-J01S1Y,Hennes Behrens,0.302526031296214,0.0,0.3379496908628749,0.4902852130240845,0.6666666666666667,0.0,0.5022199662417086,0.0,0.08250164962058726,0.482240803365226,0.5936675189706367,0.0,0.12663931045859453,anticipation,"anticipation,pressure",2
DFL-MAT-J041ZD,0,46346,DFL-OBJ-0028T0,Marvin Pieringer,0.3229451119045111,0.0,0.6102352644052373,0.6020394905730162,0.6,0.0,0.4820714699449562,0.0,0.5438902177499175,0.8055251979544704,0.5488081491257011,0.0,0.10216306499505114,anticipation,"anticipation,pressure",2
DFL-MAT-J041ZD,0,58190,DFL-OBJ-0028T0,Marvin Pieringer,0.4018757107733222,0.0934736661585724,0.7284721507320824,0.2491333606960252,1.0,0.0,0.6179354040446843,0.8298055509732761,0.7921374958759485,0.1292477730122072,0.7418086027713626,0.0,0.3613803200263939,anticipation,anticipation,1
DFL-MAT-J041ZD,0,60330,DFL-OBJ-J01EAZ,Arijon Ibrahimović,0.373362261033769,0.1623096586534996,0.9491609840076656,0.1781702527664964,0.6666666666666667,0.213922287615563,0.4025624975738916,0.8947748267898383,0.975637165951831,0.10675622731771693,0.5936675189706367,0.7337099967007589,0.03915271362586605,synchronization,synchronization,1
DFL-MAT-J041ZD,0,62413,DFL-OBJ-J01AZQ,Omar Haktab Traoré,0.418647316251909,0.0,0.5879165915036388,0.5266772730496972,0.5,0.4597716148563351,0.5633517432182611,0.0,0.49155600461893767,0.6141331243813922,0.4198026641372484,0.9488256763444408,0.2269104668426262,pressure,pressure,1
DFL-MAT-J041ZD,0,62786,DFL-OBJ-0028T0,Marvin Pieringer,0.4684781069542683,0.0,0.8396994321828776,0.2105563559542343,1.0,0.4161389043130379,0.5433935368747649,0.0,0.9022651352688882,0.11615390960079182,0.7418086027713626,0.9167250907291323,0.18901558891454964,pressure,pressure,1
DFL-MAT-J041ZD,0,64746,DFL-OBJ-J01AZQ,Omar Haktab Traoré,0.3896385785257776,0.0,0.7115828906737754,0.5401653957723264,1.0,0.0,0.4833257183725797,0.0,0.7657744968657209,0.6591729214780601,0.7418086027713626,0.0,0.1035085367865391,anticipation,"anticipation,pressure",2
DFL-MAT-J041ZD,0,69308,DFL-OBJ-002G8E,Eren Sami Dinkçi,0.3724172745861556,0.2454962760605695,0.7865042660828818,0.2804504241029351,0.6,0.2143771272343924,0.3773911718994632,0.9308035714285714,0.8588234081161333,0.14232101616628176,0.5488081491257011,0.7340502309468823,0.028966306499505115,synchronization,synchronization,1
DFL-MAT-J041ZD,0,69343,DFL-OBJ-002G8E,Eren Sami Dinkçi,0.6970379021197121,1.0,0.8485690389027385,0.1763727942325196,1.0,0.7015425014330061,0.4235113856523233,0.9853338419663478,0.908255320026394,0.10620463543385021,0.7418086027713626,0.9977008413064995,0.052756928406466515,synchronization,synchronization,1
DFL-MAT-J041ZD,0,80624,DFL-OBJ-0028T0,Marvin Pieringer,0.4385820801687857,0.1211749948811059,0.6757546870745426,0.632375109374576,0.6666666666666667,0.2765915894723825,0.5234428747295088,0.862679396238865,0.6982534642032333,0.8470080006598483,0.5936675189706367,0.7906373721544044,0.15622422467832398,synchronization,synchronization,1
DFL-MAT-J041ZD,0,103325,DFL-OBJ-0028HA,Sirlord Calvin Conteh,0.3805576827231438,0.0,0.8798050425093302,0.2091446153415115,0.7142857142857143,0.2111298417209157,0.5587224047028665,0.0,0.9282054190036292,0.1157672797756516,0.648527713625866,0.7312613411415374,0.21774991751897063,pressure,pressure,1
DFL-MAT-J041ZD,0,116112,DFL-OBJ-0028HA,Sirlord Calvin Conteh,0.6709237933352405,1.0,0.7436433280509924,0.9508373674915088,1.0,0.1153960379856557,0.5336526966169038,0.9853338419663478,0.8114019712966017,0.9430777796106895,0.7418086027713626,0.6484297674034972,0.17231318046849226,synchronization,synchronization,1
DFL-MAT-J041ZD,0,116185,DFL-OBJ-0028HA,Sirlord Calvin Conteh,0.4065471805791817,0.0995319019704174,0.7721491187956964,0.6345599659774153,0.5714285714285714,0.1180995953519026,0.6004229298736501,0.8378216760145166,0.844002598152425,0.849441191026064,0.5311932942923128,0.6508938881557241,0.3129175602111514,synchronization,synchronization,1
DFL-MAT-J041ZD,0,123651,DFL-OBJ-0028HA,Sirlord Calvin Conteh,0.4059226429131252,0.0,0.8800066358697906,0.4141959409278328,1.0,0.0,0.5686223805611283,0.0,0.9283342956120092,0.2828996205872649,0.7418086027713626,0.0,0.2380969564500165,anticipation,"anticipation,pressure",2
DFL-MAT-J041ZD,0,149066,DFL-OBJ-0002JT,Marnon-Thomas Busch,0.5091880373218851,0.31021894194751,0.5855451951632475,0.5549371318515239,1.0,0.2658952260143533,0.5177136325632588,0.9455367452985813,0.4859627598152425,0.7023568954140548,0.7418086027713626,0.7805025156713956,0.14730596337842297,synchronization,synchronization,1
DFL-MAT-J041ZD,0,153395,DFL-OBJ-002G56,Stefan Schimmer,0.7147281710748675,1.0,0.7921491307459674,0.4916044566599395,1.0,0.4884212110514581,0.5800566850386109,0.9853338419663478,0.8642207604750908,0.48691644671725504,0.7418086027713626,0.9652548663807324,0.26301138238205213,synchronization,synchronization,1
DFL-MAT-J041ZD,0,159417,DFL-OBJ-0028QV,Mathias Honsak,0.3830901618619742,0.0939055248625383,0.5741070704568121,0.5151761256404268,0.6666666666666667,0.2877484988026478,0.37951175147649,0.8303468327284724,0.4597080171560541,0.5733153249752557,0.5936675189706367,0.8009371906961399,0.029713790828109536,synchronization,synchronization,1
DFL-MAT-J041ZD,0,159431,DFL-OBJ-0028QV,Mathias Honsak,0.4747464842783556,0.1519867365928194,0.6421639018590555,0.2681763663810012,1.0,0.423997991057214,0.469043925240291,0.8878773507093368,0.6221234741009568,0.1367277713625866,0.7418086027713626,0.9231328356977895,0.08903827119762454,synchronization,synchronization,1
DFL-MAT-J041ZD,0,159649,DFL-OBJ-002G56,Stefan Schimmer,0.5676968536838216,0.2604383441810424,0.8439212123264578,0.5381117156640711,1.0,0.41659607419687,0.5862308857147727,0.9346853348729792,0.9051107307819202,0.6526208347080171,0.7418086027713626,0.9170653249752557,0.2772342048828769,synchronization,synchronization,1
DFL-MAT-J041ZD,0,160283,DFL-OBJ-002G56,Stefan Schimmer,0.464988340200367,0.0,0.7359048915716262,0.4925497666964863,1.0,0.4896045471938794,0.3236438109865852,0.0,0.8016743648960739,0.49048375123721544,0.7418086027713626,0.965930179808644,0.012733008907951171,pressure,pressure,1
DFL-MAT-J041ZD,0,160789,DFL-OBJ-002G56,Stefan Schimmer,0.4632764681178399,0.3141639948161126,0.7443901043353096,0.5304498980159754,0.6,0.2700151518629984,0.5569400596342458,0.9463306252062026,0.8122680221049159,0.6268094275816563,0.5488081491257011,0.7843172632794457,0.2141465275486638,synchronization,synchronization,1
DFL-MAT-J041ZD,0,176219,DFL-OBJ-002G56,Stefan Schimmer,0.5684655967481828,0.20366275932305,0.673785031857784,0.8236119154516164,1.0,0.5049773875881726,0.445349034191505,0.9161941191026064,0.6941087924777302,0.9193644836687562,0.7418086027713626,0.9726523837017486,0.06734576047509074,synchronization,synchronization,1
DFL-MAT-J041ZD,1,16162,DFL-OBJ-002G8B,Ransford-Yeboah Königsdörffer,0.4083575233813474,0.1040067457683945,0.5775689111291793,0.4841831431173032,0.75,0.2760354957715274,0.4545454545454545,0.8435128670405807,0.467682901682613,0.4614143434510063,0.6612761877268228,0.7900754701418674,0.07426901187726823,synchronization,synchronization,1
DFL-MAT-J041ZD,1,16317,DFL-OBJ-002G8B,Ransford-Yeboah Königsdörffer,0.4818703733808506,0.0,0.6980124522827627,0.5321877084341397,1.0,0.3406276807367452,0.558175635205882,0.0,0.7418395331573738,0.6326707357307819,0.7418086027713626,0.8501835202903332,0.21656940778620917,pressure,pressure,1
DFL-MAT-J041ZD,1,43382,DFL-OBJ-0027AT,Bakery Jatta,0.3390149916865491,0.0,0.277317900572032,0.489042866926935,0.6666666666666667,0.3070392517759418,0.3636363636363636,0.0,0.0420756351039261,0.477972410095678,0.5936675189706367,0.8193613906301551,0.021104833388320685,pressure,pressure,1
DFL-MAT-J041ZD,1,101199,DFL-OBJ-J024Z8,Philip Porwei Otele,0.5548688712108981,0.1403737282704496,0.962272553023406,0.5541140560943055,1.0,0.5033797095356625,0.4849442818059093,0.8794745958429562,0.9854266331243814,0.7002484741009568,0.7418086027713626,0.9720389310458595,0.1053024991751897,synchronization,synchronization,1
DFL-MAT-J041ZD,1,101347,DFL-OBJ-J024Z8,Philip Porwei Otele,0.8761533001325097,1.0,0.9173744255606132,0.9632423407118168,1.0,0.7972965291836791,0.687692111252679,0.9853338419663478,0.9538260887495876,0.9499082398548334,0.7418086027713626,0.998829800395909,0.5970028455955131,synchronization,synchronization,1
DFL-MAT-J041ZD,1,109403,DFL-OBJ-J024Z8,Philip Porwei Otele,0.4280639047318093,0.0,0.4836815930298135,0.5319429985320075,0.75,0.2837452796417959,0.6424528875150217,0.0,0.27548663807324314,0.6318717007588255,0.6612761877268228,0.7972977152754867,0.43952594028373476,pressure,pressure,1
DFL-MAT-J041ZD,1,124517,DFL-OBJ-J01G5F,Warmed Omari,0.521904289715547,0.2883490907648808,0.8321306898471867,0.4380188458513287,1.0,0.2471586758895724,0.5912237918102503,0.9411600956779941,0.8970327449686573,0.3316613741339492,0.7418086027713626,0.7628928159023425,0.2894929478719894,synchronization,synchronization,1
DFL-MAT-J041ZD,1,130105,DFL-OBJ-J01HP7,Miro Max Maria Muheim,0.4512834068815467,0.0,0.8179865935859796,0.6021394680058749,0.75,0.3396463943019033,0.5227094562235053,0.0,0.8866865308479049,0.8056953150775321,0.6612761877268228,0.849389640382712,0.15491999340151766,pressure,pressure,1
DFL-MAT-J041ZD,1,130833,DFL-OBJ-J024Z8,Philip Porwei Otele,0.4289534946844093,0.0,0.9292338417750337,0.0815414394053731,0.6,0.4593783934162811,0.6606361499607509,0.0,0.9617081821181128,0.08206346915209502,0.5488081491257011,0.9485679231276807,0.5016805509732761,pressure,pressure,1
DFL-MAT-J041ZD,1,131992,DFL-OBJ-002G8B,Ransford-Yeboah Königsdörffer,0.4572675465061227,0.0975883424862459,0.8579024614675966,0.6208853970440751,1.0,0.0,0.6126757561261932,0.8353472451336192,0.9144620174859782,0.8330171560541075,0.7418086027713626,0.0,0.3461264846585285,anticipation,anticipation,1
DFL-MAT-J041ZD,1,132477,DFL-OBJ-J024Z8,Philip Porwei Otele,0.5217488115951253,0.0,0.938511519093379,0.5810217470327915,1.0,0.415704042366632,0.5447752551971149,0.0,0.9678220884196634,0.766336398878258,0.7418086027713626,0.9163951666116793,0.1912528868360277,pressure,pressure,1
DFL-MAT-J041ZD,1,132482,DFL-OBJ-J024Z8,Philip Porwei Otele,0.5217488115951253,0.0,0.938511519093379,0.5810217470327915,1.0,0.415704042366632,0.5447752551971149,0.0,0.9678220884196634,0.766336398878258,0.7418086027713626,0.9163951666116793,0.1912528868360277,pressure,pressure,1
DFL-MAT-J041ZD,1,132588,DFL-OBJ-J024Z8,Philip Porwei Otele,0.5664457232507409,0.2161769487301675,0.9007850253742236,0.1296972281567215,1.0,0.6062825970907652,0.6270366890471536,0.921008949191686,0.9425004124051468,0.0932293385021445,0.7418086027713626,0.994716059056417,0.3889702243483999,lpc,lpc,1
DFL-MAT-J041ZD,1,133503,DFL-OBJ-J024Z8,Philip Porwei Otele,0.7652232642481577,0.8192985090291904,0.954879743694495,0.1627408763936165,1.0,0.803714776913633,0.7663158263086178,0.9817149868030353,0.9795034642032333,0.10241566314747608,0.7418086027713626,0.9989225915539426,0.839584708017156,lpc,lpc,1
DFL-MAT-J041ZD,1,140968,DFL-OBJ-J01HP7,Miro Max Maria Muheim,0.2280117662953239,0.0,0.9323546676121393,0.0464732031941362,0.0,0.0,0.6966737072393338,0.0,0.963744432530518,0.07147496700758825,0.0,0.0,0.6281033487297921,anticipation,"anticipation,pos,pressure",3
DFL-MAT-J041ZD,1,141649,DFL-OBJ-J01FRO,Fábio Daniel Ferreira Vieira,0.2790766873925717,0.0,0.972533853001626,0.4259535636751493,0.0,0.0,0.7044103839994049,0.0,0.9932777961068954,0.3055870587264929,0.0,0.0,0.6546983256351039,anticipation,"anticipation,pos,pressure",3
DFL-MAT-J041ZD,1,145775,DFL-OBJ-J01W6J,Rayan Philippe,0.3595824733845187,0.0,0.972220092287633,0.0413872550302239,1.0,0.0,0.5286535750652961,0.0,0.9930922137908281,0.06916549818541735,0.7418086027713626,0.0,0.16433829594193336,anticipation,"anticipation,pressure",2
DFL-MAT-J041ZD,1,146274,DFL-OBJ-J01FRO,Fábio Daniel Ferreira Vieira,0.3818250843858456,0.1410252885843251,0.9350485334144236,0.6160981475072413,0.7142857142857143,0.0,0.4114063503485908,0.8800519630484989,0.9654765341471462,0.8267898383371824,0.648527713625866,0.0,0.04589038271197624,anticipation,anticipation,1
DFL-MAT-J041ZD,1,146946,DFL-OBJ-J01FRO,Fábio Daniel Ferreira Vieira,0.2611824994002129,0.0,0.9707852015282544,0.3712312402488364,0.0,0.0,0.6518119234627487,0.0,0.9920715110524579,0.21739937314417684,0.0,0.0,0.47165745628505445,anticipation,"anticipation,pos,pressure",3
DFL-MAT-J041ZD,1,148145,DFL-OBJ-J01N5U,William Mikelbrencis,0.5869737527470315,0.4935759115205146,0.748603254432811,0.5210236558787577,1.0,0.34421411814121,0.5914747712434554,0.967657126360937,0.8174643269548004,0.5941469399538106,0.7418086027713626,0.8534105905641702,0.29003938469152096,synchronization,synchronization,1
DFL-MAT-J041ZD,1,170983,DFL-OBJ-J01N5U,William Mikelbrencis,0.6205692576245072,0.8049881061328079,0.6431286353986709,0.5208754379530403,1.0,0.3936258201032568,0.4545454545454545,0.9814159930715936,0.6244638733091389,0.5936314335202904,0.7418086027713626,0.898120463543385,0.07426901187726823,synchronization,synchronization,1
DFL-MAT-J041ZD,1,170989,DFL-OBJ-J01N5U,William Mikelbrencis,0.6205692576245072,0.8049881061328079,0.6431286353986709,0.5208754379530403,1.0,0.3936258201032568,0.4545454545454545,0.9814159930715936,0.6244638733091389,0.5936314335202904,0.7418086027713626,0.898120463543385,0.07426901187726823,synchronization,synchronization,1
DFL-MAT-J041ZN,0,31118,DFL-OBJ-0027HO,Robert-Nesta Glatzel,0.3582460996472726,0.0,0.8049200093947082,0.1118972252208799,1.0,0.0,0.5458045451771438,0.0,0.8757938799076213,0.08881660343121082,0.7418086027713626,0.0,0.19310355493236556,anticipation,"anticipation,pressure",2
DFL-MAT-J041ZN,0,51259,DFL-OBJ-002G8B,Ransford-Yeboah Königsdörffer,0.7810352469235351,1.0,0.6686206434439231,0.5181583966104094,1.0,0.6672524048156235,0.7310681872519378,0.9853338419663478,0.6832212966017815,0.5842543714945563,0.7418086027713626,0.9970409930715936,0.7427880649950511,lpc,lpc,1
DFL-MAT-J041ZN,0,67170,DFL-OBJ-J01FRO,Fábio Daniel Ferreira Vieira,0.6171804960162411,0.0181330230310135,0.9277241277104352,0.1149333541224108,1.0,0.9012256556494536,0.7232585934098218,0.6506412900032993,0.9606874793797426,0.08963625866050809,0.7418086027713626,0.9995154239524909,0.7185798828769383,lpc,lpc,1
DFL-MAT-J041ZN,0,67734,DFL-OBJ-J024Z8,Philip Porwei Otele,0.2868062196813117,0.0,0.2081932778068909,0.4777587409826672,0.8,0.0,0.3807498564682011,0.0,0.017444737710326626,0.44076315572418345,0.6956450016496206,0.0,0.030198366875618606,anticipation,"anticipation,pressure",2
DFL-MAT-J041ZN,0,78189,DFL-OBJ-0027HO,Robert-Nesta Glatzel,0.4634026819261876,0.0,0.7329073556765832,0.5528296636488712,0.8333333333333334,0.4392766351770845,0.4674150895095608,0.0,0.7979008578027054,0.6968976822830749,0.7150228884856483,0.9347987462883537,0.08739896073903003,pressure,pressure,1
DFL-MAT-J041ZN,0,79355,DFL-OBJ-0027AT,Bakery Jatta,0.4807299003449026,0.0209769601387625,0.4046079286427556,0.514610042789673,1.0,0.2507136007764642,0.7546823322174133,0.6610132794457275,0.15371886341141539,0.5712120587264929,0.7418086027713626,0.7660734905971627,0.810391578686902,compactness,compactness,1
DFL-MAT-J041ZN,0,125804,DFL-OBJ-0027HO,Robert-Nesta Glatzel,0.4638483095010471,0.0149564020836884,0.7521417082353574,0.4855534273312891,1.0,0.3002868037606618,0.5093785392732575,0.6379598317387001,0.8215522929726163,0.4658013032002639,0.7418086027713626,0.813056746948202,0.1359699769053118,synchronization,synchronization,1
DFL-MAT-J041ZN,0,128089,DFL-OBJ-J024Z8,Philip Porwei Otele,0.5379698421399536,0.0845109395701082,0.6375739108539356,0.565097205264822,1.0,0.4387021388858488,0.6444433140364032,0.816845719234576,0.6109627598152425,0.7288384609039921,0.7418086027713626,0.9343863411415374,0.4461811283404817,synchronization,synchronization,1
DFL-MAT-J041ZN,0,131350,DFL-OBJ-J01HP7,Miro Max Maria Muheim,0.4457329033100902,0.0076376635483595,0.5633672444182445,0.5043093087803977,0.6666666666666667,0.3236251380745485,0.7260495185509035,0.6077202243483999,0.43543797426591885,0.5336367947871989,0.5936675189706367,0.8349657703728143,0.7273074067964368,compactness,compactness,1
DFL-MAT-J041ZN,0,134355,DFL-OBJ-0027AT,Bakery Jatta,0.3780383106919637,0.0,0.7983311227950154,0.1384491832000192,0.8333333333333334,0.2473171340193271,0.4864744327688468,0.0,0.8699635021445068,0.09554396238865061,0.7150228884856483,0.7630113823820521,0.10693665456944902,pressure,pressure,1
DFL-MAT-J041ZN,0,138161,DFL-OBJ-0027AT,Bakery Jatta,0.3958563471287049,0.0,0.961442605367026,0.5825483147108982,0.5,0.0,0.7822641557809209,0.0,0.9847152342461234,0.7695480039590894,0.4198026641372484,0.0,0.8760310128670405,anticipation,"anticipation,pressure",2
DFL-MAT-J041ZN,0,145983,DFL-OBJ-J01HP7,Miro Max Maria Muheim,0.306386121420215,0.0078319135820617,0.562803800139432,0.5177562080245555,0.3333333333333333,0.0,0.6711453391246167,0.6084625536126691,0.43408219234576045,0.582671766743649,0.27682695480039593,0.0,0.5381784064665127,anticipation,anticipation,1
DFL-MAT-J041ZN,0,157206,DFL-OBJ-J01FRO,Fábio Daniel Ferreira Vieira,0.3516595457062555,0.0088475311957448,0.3308376911894454,0.47421136143465,1.0,0.0,0.4793217239376355,0.6124938139227978,0.07646506928406467,0.42981895414054766,0.7418086027713626,0.0,0.09918343780930386,anticipation,anticipation,1
DFL-MAT-J041ZN,0,163071,DFL-OBJ-J017PC,Jean-Luc Mamadou Diarra Dompé,0.4131911804230028,0.0156050187088134,0.8017529216867963,0.1495903089102611,1.0,0.3585212224645816,0.3797853276592623,0.640599224678324,0.8731338667106565,0.09865762124711316,0.7418086027713626,0.8665920900692841,0.029816892114813594,synchronization,synchronization,1
DFL-MAT-J041ZN,0,164688,DFL-OBJ-J017PC,Jean-Luc Mamadou Diarra Dompé,0.4601966161759112,0.0,0.5675131921400501,0.5212360627317475,1.0,0.3821200506381399,0.466437640707616,0.0,0.4449851534147146,0.5949562850544374,0.7418086027713626,0.8880268475750578,0.08642980864401188,pressure,pressure,1
DFL-MAT-J041ZN,0,175207,DFL-OBJ-J01HP7,Miro Max Maria Muheim,0.3801003341272094,0.0147969325126302,0.6980110940162247,0.5379150648987795,0.5,0.1954459245045231,0.6073166194815274,0.6372175024744309,0.7418292230287034,0.6520022269877928,0.4198026641372484,0.7181365473441108,0.33090873474100957,synchronization,synchronization,1
DFL-MAT-J041ZN,1,13099,DFL-OBJ-J021ZE,Andrej Ilić,0.5060678172319448,0.0,0.7039052543172359,0.5726121546714303,1.0,0.4135625967793689,0.5676093142556795,0.0,0.7524280353018805,0.746876031012867,0.7418086027713626,0.9147816314747608,0.23599369020125371,pressure,pressure,1
DFL-MAT-J041ZN,1,14178,DFL-OBJ-002FVR,Wooyeong Jeong,0.3872176210079873,0.0324545822108669,0.9215750201889066,0.1727102055240333,0.875,0.2340642132832592,0.4154884599680304,0.7003928159023425,0.9565737380402507,0.105132382052128,0.7315912652589904,0.7511031837677334,0.04803488947542065,synchronization,synchronization,1
DFL-MAT-J041ZN,1,14862,DFL-OBJ-002FVR,Wooyeong Jeong,0.3512559216015486,0.0153465810175595,0.901170047332814,0.1448203948534616,0.5,0.3465715090997068,0.4537838767487564,0.6396042972616298,0.9427942510722533,0.09722451336192675,0.4198026641372484,0.8556375783569778,0.0736864896073903,synchronization,synchronization,1
DFL-MAT-J041ZN,1,21814,DFL-OBJ-J01CAD,Derrick Arthur Köhn,0.5458427234232995,0.0905888093309535,0.5811916498946439,0.4802488223372331,1.0,0.4415544257481453,0.7437268143506712,0.8259031672715276,0.47597224513361924,0.44860916364236225,0.7418086027713626,0.9366184839986803,0.7806777878587925,lpc,lpc,1
DFL-MAT-J041ZN,1,21819,DFL-OBJ-0002FX,Christopher Trimmel,0.5458427234232995,0.0905888093309535,0.5811916498946439,0.4802488223372331,1.0,0.4415544257481453,0.7437268143506712,0.8259031672715276,0.47597224513361924,0.44860916364236225,0.7418086027713626,0.9366184839986803,0.7806777878587925,lpc,lpc,1
DFL-MAT-J041ZN,1,21844,DFL-OBJ-0002FX,Christopher Trimmel,0.4656713306606589,0.0510011790651357,0.6195619406016919,0.4875268014663913,1.0,0.3915876867475233,0.4352255587541235,0.7514537281425272,0.5666034312108215,0.472662693830419,0.7418086027713626,0.8963110359617288,0.06024723688551633,synchronization,synchronization,1
DFL-MAT-J041ZN,1,26292,DFL-OBJ-J021ZE,Andrej Ilić,0.4915191348026467,0.0283487476968068,0.6353060672782043,0.1691258329764575,1.0,0.4213617430411815,0.7235068427296074,0.687221626525899,0.6053179643681953,0.10417354008578027,0.7418086027713626,0.9210141042560211,0.719409848234906,lpc,lpc,1
DFL-MAT-J041ZN,1,28195,DFL-OBJ-J021ZE,Andrej Ilić,0.3649197069405545,0.0114626056468957,0.7052288785533517,0.5558687051960771,0.5714285714285714,0.0,0.6831651167329922,0.6235668921148136,0.7549385516331244,0.7048725668096338,0.5311932942923128,0.0,0.5808314087759815,anticipation,anticipation,1
DFL-MAT-J041ZN,1,32690,DFL-OBJ-J01CAD,Derrick Arthur Köhn,0.4512258434767766,0.0,0.7532783035568338,0.5260317481396106,1.0,0.3251254831745944,0.4121675727771173,0.0,0.8228513691850874,0.6117308644011877,0.7418086027713626,0.8362184510062686,0.04631825305179808,pressure,pressure,1
DFL-MAT-J041ZN,1,61221,DFL-OBJ-002FVR,Wooyeong Jeong,0.3519927428291002,0.0255742654585703,0.6797038222128667,0.5332541888992323,0.4,0.3605010543744449,0.3715253862229349,0.6777569284064665,0.7067026146486308,0.6361813345430551,0.35481276806334544,0.8683345018145826,0.026940366215770374,synchronization,synchronization,1
DFL-MAT-J041ZN,1,74880,DFL-OBJ-J01CAD,Derrick Arthur Köhn,0.3670425822573255,0.0211697572873236,0.6393360260002843,0.4404132044438217,0.3333333333333333,0.3831867162741176,0.5431174212962675,0.6617246783239855,0.6152981689211481,0.33749175189706365,0.27682695480039593,0.888872278126031,0.18852070273837018,synchronization,synchronization,1
DFL-MAT-J041ZN,1,80139,DFL-OBJ-J021ZE,Andrej Ilić,0.4600941471181318,0.0199138494608861,0.7308620086582954,0.7530999759869713,1.0,0.1250210530981401,0.5324053514897125,0.6573583388320686,0.7953439458924447,0.9086110194655229,0.7418086027713626,0.6572964780600462,0.1702769300560871,synchronization,synchronization,1
DFL-MAT-J041ZN,1,113391,DFL-OBJ-0002FX,Christopher Trimmel,0.3881112689838276,0.0271145372098124,0.4854676140882756,0.6373167070411757,0.6666666666666667,0.1544419229774865,0.5731825445006413,0.6830408693500495,0.27880134444077864,0.8525187644341802,0.5936675189706367,0.6835615308479049,0.24796890465193006,synchronization,synchronization,1
DFL-MAT-J041ZN,1,116043,DFL-OBJ-0002FX,Christopher Trimmel,0.4074089911089137,0.0111870304256192,0.6942630589386034,0.6344246343240868,0.6,0.124339406719455,0.6855907163025075,0.6224173127680633,0.7349678323985483,0.8492865390960079,0.5488081491257011,0.6565747690531177,0.5892547838997031,pos,pos,1
DFL-MAT-J041ZN,1,119258,DFL-OBJ-J021ZE,Andrej Ilić,0.3991504792184658,0.0,0.7524546957278557,0.2346563925976781,0.8571428571428572,0.1728454612204149,0.6114938209073184,0.0,0.8219698531837677,0.12364937314417684,0.7251474348399868,0.6994442840646651,0.3427189871329594,pressure,pressure,1
DFL-MAT-J041ZN,1,119359,DFL-OBJ-J021ZE,Andrej Ilić,0.4700953675464011,0.0,0.8014934254110699,0.1293956850260119,0.875,0.3976946806528122,0.7301492208274379,0.0,0.8729276641372484,0.09314685747278126,0.7315912652589904,0.9015898218409766,0.7397775074232926,pressure,pressure,1
DFL-MAT-J041ZN,1,121639,DFL-OBJ-J01CAD,Derrick Arthur Köhn,0.5264393309650778,0.0726934385108291,0.4915054407185738,0.5114228096269859,1.0,0.4985435949990548,0.6221019097071361,0.796467749917519,0.28932283074892773,0.5595152177499175,0.7418086027713626,0.9699665951831079,0.3735204965357968,compactness,compactness,1
DFL-MAT-J041ZN,1,141989,DFL-OBJ-0002FX,Christopher Trimmel,0.4041137247319641,0.0,0.2179626764541932,0.5681307943891141,1.0,0.4083310145067804,0.2788939198001509,0.0,0.019898548333883208,0.7362153579676675,0.7418086027713626,0.9106988205212802,0.004453975585615309,pressure,pressure,1
DFL-MAT-J041ZN,1,150276,DFL-OBJ-J019UO,Stanley Pierre Nsoki,0.35708514901758,0.0,0.5505697746797129,0.8648424290318096,0.4285714285714286,0.0,0.6488173910653252,0.0,0.4076521774991752,0.9247360607060376,0.3951150610359617,0.0,0.4613679478719894,anticipation,"anticipation,pressure",2
DFL-MAT-J041ZN,1,150973,DFL-OBJ-J01VYC,Livan Baha Burcu,0.2377820733718155,0.0042651865583595,0.5078236038668831,0.6229788468554116,0.0,0.0,0.5693022045080856,0.5961728802375453,0.3196191438469152,0.8357957357307819,0.0,0.0,0.23948882382052128,anticipation,"anticipation,pos",2
DFL-MAT-J041ZN,1,154319,DFL-OBJ-0002FX,Christopher Trimmel,0.4935128416022037,0.0,0.3304951389664234,0.5336192669264769,1.0,0.5101946549474922,0.56820508349678,0.0,0.07623309138898053,0.6374855658198614,0.7418086027713626,0.9747917354008578,0.2372154404486968,pressure,pressure,1
DFL-MAT-J041ZN,1,154382,DFL-OBJ-J01VYC,Livan Baha Burcu,0.3416337920954357,0.0436236744571823,0.4560625084511998,0.4580307249292456,0.6666666666666667,0.2357967600363774,0.3636363636363636,0.732596502804355,0.2296117205542725,0.3825160838007258,0.5936675189706367,0.7525723771032663,0.021104833388320685,synchronization,synchronization,1
DFL-MAT-J041ZN,1,159212,DFL-OBJ-0027FW,Oliver Jasen Burke,0.4845819127927058,0.0,0.6927362503361432,0.4702872387565971,1.0,0.4466982527523591,0.4928480129180425,0.0,0.7319160343121082,0.41748288518640714,0.7418086027713626,0.9401651682612999,0.11459708017156055,pressure,pressure,1
DFL-MAT-J041ZN,1,172072,DFL-OBJ-0002FX,Christopher Trimmel,0.4172421757892338,0.0356429588340496,0.4766013798047134,0.5255730120772283,0.8888888888888888,0.2859014849437903,0.4545454545454545,0.7102802292972616,0.26308355328274496,0.6100657786209172,0.7362926839326955,0.7991638485648301,0.07426901187726823,synchronization,synchronization,1
DFL-MAT-J041ZN,1,173545,DFL-OBJ-0002FX,Christopher Trimmel,0.4205449898404659,0.0127073359510331,0.4556651611043761,0.8493306407907526,0.8571428571428572,0.2419990222673028,0.3849673975408506,0.6287786621577037,0.22887454635433852,0.9225915539425932,0.7251474348399868,0.7582017073573079,0.03183252226987793,synchronization,synchronization,1
DFL-MAT-J041ZN,1,176725,DFL-OBJ-0002FX,Christopher Trimmel,0.4637812391579217,0.0683559540587156,0.4461179137801364,0.5609965740907652,1.0,0.3279099413796968,0.5042371274347954,0.7881423210161663,0.21352276476410426,0.7182138733091389,0.7418086027713626,0.8388166034312108,0.1292323078192016,synchronization,synchronization,1
DFL-MAT-J041ZQ,0,15091,DFL-OBJ-0002LI,Nadiem Amiri,0.372680185508093,0.1432945856448015,0.697729666525714,0.6069462188790558,0.5,0.0,0.6293389639525944,0.8816706532497526,0.7413343368525239,0.813489772352359,0.4198026641372484,0.0,0.39623370999670077,anticipation,anticipation,1
DFL-MAT-J041ZQ,0,36390,DFL-OBJ-00278Q,Phillipp Mwene,0.4646087867806264,0.055922958907635,0.6765721300824126,0.1250970935276926,1.0,0.3872795261381735,0.6176984721146418,0.7622845183107885,0.6999082398548334,0.09201789838337182,0.7418086027713626,0.892480823160673,0.3606843863411415,lpc,lpc,1
DFL-MAT-J041ZQ,0,38505,DFL-OBJ-00278Q,Phillipp Mwene,0.374023721578513,0.0309416318024594,0.8174245762368781,0.4306965752399,0.2857142857142857,0.1978831015736842,0.7442839932665718,0.6955831408775982,0.8862638155724183,0.3155569531507753,0.26179994226327946,0.720043921148136,0.7822036869020126,pos,pos,1
DFL-MAT-J041ZQ,0,40283,DFL-OBJ-00278Q,Phillipp Mwene,0.3487474079423985,0.0,0.8787881866675712,0.1182578189612383,0.7142857142857143,0.0,0.6914788793022185,0.0,0.9274785549323655,0.0905383949191686,0.648527713625866,0.0,0.6098853513691851,anticipation,"anticipation,pressure",2
DFL-MAT-J041ZQ,0,40318,DFL-OBJ-0026VB,Phillip Tietz,0.513971569466386,0.0,0.879543869590948,0.5972973865674275,1.0,0.3710595126375519,0.5699201555631423,0.0,0.9280404569449027,0.7975967090069284,0.7418086027713626,0.8780775734081161,0.24085491586935004,pressure,pressure,1
DFL-MAT-J041ZQ,0,43405,DFL-OBJ-002G5R,Silas Katompa Mvumpa,0.5268770420195561,0.1639199880375661,0.8222742376053163,0.613323139941896,1.0,0.5039791689267378,0.3497190797513053,0.8957542890135269,0.8901146486308149,0.8228513691850874,0.7418086027713626,0.9722863741339491,0.017620009897723523,synchronization,synchronization,1
DFL-MAT-J041ZQ,0,47655,DFL-OBJ-00278Q,Phillipp Mwene,0.5425537195045297,0.4767568155234272,0.6970846274438751,0.3067015886136922,1.0,0.423974433675105,0.4523895337846649,0.9661621577037282,0.74009196634774,0.15684798746288353,0.7418086027713626,0.9230967502474431,0.07265032167601451,synchronization,synchronization,1
DFL-MAT-J041ZQ,0,47830,DFL-OBJ-0026VB,Phillip Tietz,0.6191884419803224,0.8731911142216778,0.7222695773894274,0.2246096459796351,1.0,0.4143209876714342,0.5040528839358904,0.9828181705707687,0.7827862091718905,0.12027796106895414,0.7418086027713626,0.9153383784229627,0.12896424447377103,lpc,lpc,1
DFL-MAT-J041ZQ,0,48033,DFL-OBJ-0026VB,Phillip Tietz,0.3876300990175376,0.0222429363439204,0.7228450370141053,0.3903597994891274,1.0,0.0,0.5357307995040729,0.6657456285054437,0.7836316397228638,0.24315407456285054,0.7418086027713626,0.0,0.17574645331573738,anticipation,anticipation,1
DFL-MAT-J041ZQ,0,76003,DFL-OBJ-00278Q,Phillipp Mwene,0.442082206335227,0.0,0.5948034059903492,0.4983290080890415,0.8571428571428572,0.286985873128218,0.5986317735221975,0.0,0.5076037198944243,0.5112328851864071,0.7251474348399868,0.8001587759815243,0.3084687396898713,pressure,pressure,1
DFL-MAT-J041ZQ,0,81007,DFL-OBJ-0002LI,Nadiem Amiri,0.443651232052743,0.0,0.6809130530771348,0.4411230735513013,1.0,0.4093658596471862,0.3609381572258559,0.0,0.7090378587924777,0.3391929231276806,0.7418086027713626,0.9115958017156054,0.02048622566809634,pressure,pressure,1
DFL-MAT-J041ZQ,0,108889,DFL-OBJ-00278Q,Phillipp Mwene,0.6086010412432242,0.7552633935887642,0.3166281527102952,0.5808531786669018,1.0,0.522533878372543,0.3926931863825504,0.980106606730452,0.06556726327944573,0.7660013196964698,0.7418086027713626,0.9794312933025404,0.034971956450016495,synchronization,synchronization,1
DFL-MAT-J041ZQ,0,113996,DFL-OBJ-00278Q,Phillipp Mwene,0.4789674530271823,0.0,0.5676820213448607,0.1900309483614033,1.0,0.309484467144298,0.8258845016976748,0.0,0.44533569778950843,0.1102565160013197,0.7418086027713626,0.8215574480369515,0.9465316727152755,pressure,pressure,1
DFL-MAT-J041ZQ,0,117351,DFL-OBJ-002G1Y,Sheraldo Rudi Salomo Willem Becker,0.7402281192897016,1.0,0.6545044336025638,0.521970555680333,1.0,0.5117233097146928,0.710776060197823,0.9853338419663478,0.6509712141207522,0.5974461811283405,0.7418086027713626,0.9754361184427581,0.6766125041240515,lpc,lpc,1
DFL-MAT-J041ZQ,0,127455,DFL-OBJ-J021EE,Kaishu Sano,0.3687552261886697,0.0,0.9607974690048192,0.336907784859899,0.5555555555555556,0.0,0.7524499772185718,0.0,0.9841636423622567,0.1801901187726823,0.5239040333223358,0.0,0.8047725585615308,anticipation,"anticipation,pressure",2
DFL-MAT-J041ZQ,0,140370,DFL-OBJ-0002LI,Nadiem Amiri,0.4816727020245865,0.2108959205699109,0.629115121913771,0.4889900837166576,1.0,0.3949966912550306,0.3576760993362862,0.9189263032002639,0.5903115720884197,0.47777651765094026,0.7418086027713626,0.8994143846915209,0.01975936159683273,synchronization,synchronization,1
DFL-MAT-J041ZQ,0,159172,DFL-OBJ-002G1Y,Sheraldo Rudi Salomo Willem Becker,0.4876521186093663,0.0,0.8756567091600798,0.4466731691279641,1.0,0.3945517096688318,0.5078577386286246,0.0,0.9255866463213461,0.352719811943253,0.7418086027713626,0.8990277548663808,0.1339079511712306,pressure,pressure,1
DFL-MAT-J041ZQ,0,160512,DFL-OBJ-00278Q,Phillipp Mwene,0.3932079054358606,0.041266941183848,0.8855933969899025,0.1153420742550622,0.8571428571428572,0.0,0.7525337327242477,0.7264052705377763,0.9319789260969977,0.08974967007588255,0.7251474348399868,0.0,0.8050096915209501,anticipation,anticipation,1
DFL-MAT-J041ZQ,0,160561,DFL-OBJ-00278Q,Phillipp Mwene,0.4491687667852972,0.0713804615878865,0.8751200139569781,0.1736990726321663,0.75,0.3878735326783696,0.6204749779061097,0.794029404486968,0.92530311778291,0.10542622071923458,0.6612761877268228,0.8930942758165622,0.36873659683272847,lpc,lpc,1
DFL-MAT-J041ZQ,1,10904,DFL-OBJ-0027HO,Robert-Nesta Glatzel,0.4155903712197953,0.1082274187302043,0.7374691180082591,0.511526054711067,0.75,0.1858647563898962,0.5064439150302755,0.8487143269548004,0.8037518558231607,0.5598296766743649,0.6612761877268228,0.7103575552622897,0.13200057736720555,synchronization,synchronization,1
DFL-MAT-J041ZQ,1,12250,DFL-OBJ-0027AT,Bakery Jatta,0.5623347600126473,0.2812681569221065,0.6685462820966772,0.5760052411566158,1.0,0.4575634530276192,0.5425239448497694,0.9396187314417684,0.6830099389640383,0.7552684757505773,0.7418086027713626,0.947356483008908,0.1873453480699439,synchronization,synchronization,1
DFL-MAT-J041ZQ,1,49046,DFL-OBJ-0027HO,Robert-Nesta Glatzel,0.2983710749228576,0.0598517572571403,0.5195630564184477,0.5013223228752443,0.5,0.0,0.4820573041723354,0.770934716265259,0.3421725503134279,0.5222131722203893,0.4198026641372484,0.0,0.10214759980204553,anticipation,anticipation,1
DFL-MAT-J041ZQ,1,52458,DFL-OBJ-J01H5G,Nicolas Capaldo Taboas,0.5456573066134457,0.0,0.923164684435108,0.4584822428880957,1.0,0.4807947758471199,0.6635979082522665,0.0,0.9576408363576377,0.38380484988452657,0.7418086027713626,0.9613731029363246,0.5117999422632794,pressure,pressure,1
DFL-MAT-J041ZQ,1,53900,DFL-OBJ-0027HO,Robert-Nesta Glatzel,0.5058761870387383,0.1016967168254771,0.7668310711346377,0.4292416458861329,1.0,0.407365631311544,0.5397256794225413,0.8405126195974926,0.8384196634774002,0.3125206202573408,0.7418086027713626,0.9098533899703068,0.1823449356647971,synchronization,synchronization,1
DFL-MAT-J041ZQ,1,64066,DFL-OBJ-J024Z8,Philip Porwei Otele,0.663648474952837,0.9670168017327688,0.5666781590668706,0.5081772722345086,1.0,0.4618903827880817,0.4737296685107132,0.9846018228307489,0.4429540580666447,0.5477101204223028,0.7418086027713626,0.9501659930715936,0.09354379742659188,synchronization,synchronization,1
DFL-MAT-J041ZQ,1,72836,DFL-OBJ-0027HO,Robert-Nesta Glatzel,0.3058084570748985,0.0371818199345432,0.7790922461587689,0.1639055428280365,0.75,0.0,0.4381805181650883,0.7150435087429892,0.8512093780930386,0.10276620752226988,0.6612761877268228,0.0,0.06239174364896074,anticipation,anticipation,1
DFL-MAT-J041ZQ,1,102183,DFL-OBJ-0027HO,Robert-Nesta Glatzel,0.3156042812424227,0.1009606572835013,0.5572914624600658,0.1852064731489009,0.4,0.2258756891085533,0.5254692363104323,0.8396517238535137,0.4220348069943913,0.10879763279445727,0.35481276806334544,0.7438809386341142,0.15934819366545694,lpc,lpc,1
DFL-MAT-J041ZQ,1,111520,DFL-OBJ-J024Z8,Philip Porwei Otele,0.3883011951758336,0.0,0.9544676227694144,0.0431678361597801,1.0,0.0,0.6706080551595198,0.0,0.9791735400857803,0.07000061860772022,0.7418086027713626,0.0,0.5364308396568789,anticipation,"anticipation,pressure",2
DFL-MAT-J041ZQ,1,120190,DFL-OBJ-J024Z8,Philip Porwei Otele,0.4962286690301378,0.0,0.8773184943173238,0.2724210793744103,1.0,0.4756688648328882,0.5597832344050252,0.0,0.9266073490597163,0.13854235400857803,0.7418086027713626,0.9585120422302871,0.21967791158033653,pressure,pressure,1
DFL-MAT-J041ZQ,1,122407,DFL-OBJ-0027HO,Robert-Nesta Glatzel,0.3945272204596565,0.0,0.7314582859970931,0.4226400633824988,1.0,0.0,0.5666996178702779,0.0,0.7961068954140548,0.2987256680963378,0.7418086027713626,0.0,0.2340656961398878,anticipation,"anticipation,pressure",2
DFL-MAT-J041ZQ,1,135642,DFL-OBJ-J01N5U,William Mikelbrencis,0.4702198023718039,0.1206903324402431,0.8139497676388227,0.2040679128953192,1.0,0.4053587975097412,0.4674670444863012,0.8621896651270208,0.8833202738370175,0.11430324150445398,0.7418086027713626,0.9081212883536787,0.08745051138238205,synchronization,synchronization,1
DFL-MAT-J041ZQ,1,139741,DFL-OBJ-J01G5F,Warmed Omari,0.4086255973529348,0.0,0.4515380133057097,0.6032847103021236,1.0,0.2632241101266304,0.3489960429044389,0.0,0.22198738040250743,0.8076129990102277,0.7418086027713626,0.7779816892114814,0.017408652259980204,pressure,pressure,1
DFL-MAT-J041ZQ,1,148577,DFL-OBJ-002G8B,Ransford-Yeboah Königsdörffer,0.5663260112308662,0.0643125932304057,0.8387171926703961,0.3497218650549448,1.0,0.6611215606752779,0.6012719678870089,0.7804148795776972,0.9015692015836357,0.1926447542065325,0.7418086027713626,0.9968708759485319,0.315345595513032,lpc,lpc,1
DFL-MAT-J041ZQ,1,151800,DFL-OBJ-J01FRO,Fábio Daniel Ferreira Vieira,0.348138345978183,0.0927026207456985,0.6916821399116193,0.4884210452854421,0.5714285714285714,0.0,0.5739450480437945,0.8287796931705708,0.7301272269877928,0.4758949191685912,0.5311932942923128,0.0,0.2494432530517981,anticipation,anticipation,1
DFL-MAT-J041ZQ,1,164476,DFL-OBJ-0002F6,Yussuf Yurary Poulsen,0.4741710681119144,0.0,0.8488994736841535,0.2220346246859909,1.0,0.3712425619302942,0.6093033491780393,0.0,0.9084151270207852,0.11950470141867371,0.7418086027713626,0.8782167601451666,0.3363009320356318,pressure,pressure,1
DFL-MAT-J041ZQ,1,166378,DFL-OBJ-J01VXC,Giorgi Gocholeishvili,0.4012950830985041,0.0,0.8208427829909735,0.58536707345438,0.6666666666666667,0.3399268483521526,0.3589217191558326,0.0,0.8890836357637744,0.7754247773012207,0.5936675189706367,0.8496216182777961,0.02004804519960409,pressure,pressure,1
DFL-MAT-J041ZQ,1,171893,DFL-OBJ-J01W6J,Rayan Philippe,0.3800751262309378,0.0,0.8922694105827578,0.1478689344738767,0.6,0.269024025753759,0.6128252425466123,0.0,0.9364225915539426,0.09811118442758165,0.5488081491257011,0.7833687314417684,0.34655435499835036,pressure,pressure,1
DFL-MAT-J041ZQ,1,173377,DFL-OBJ-J01N5U,William Mikelbrencis,0.509170239994839,0.0,0.9743023941682546,0.0677302103958406,1.0,0.306972697517791,0.8864352912451524,0.0,0.9943448944242824,0.07858895579016827,0.7418086027713626,0.8192428241504454,0.9905456120092379,pressure,pressure,1
DFL-MAT-J041ZQ,1,174203,DFL-OBJ-J01N5U,William Mikelbrencis,0.5168502791341794,0.0,0.8934601892251657,0.5564654708531542,1.0,0.1885391877711803,0.8012765255655643,0.0,0.9373247278126031,0.706429396238865,0.7418086027713626,0.7126515588914549,0.9117813840316727,pressure,pressure,1
DFL-MAT-J041ZQ,1,174272,DFL-OBJ-J01N5U,William Mikelbrencis,0.4910456330453668,0.0483704853368373,0.8213964532757074,0.5817264731027257,1.0,0.1752035781694954,0.6626418942090437,0.7448500907291323,0.8894857307819202,0.7678159023424612,0.7418086027713626,0.7015063097987463,0.5085934922467832,synchronization,synchronization,1
DFL-MAT-J04205,0,21218,DFL-OBJ-J01N5U,William Mikelbrencis,0.3940012947409563,0.0,0.7166846632556216,0.4855629796242811,0.5,0.2009198075574284,0.7037291380811488,0.0,0.7741514764104256,0.46582707852193994,0.4198026641372484,0.7228998267898383,0.6524868030353019,pressure,pressure,1
DFL-MAT-J04205,0,35189,DFL-OBJ-J01N5U,William Mikelbrencis,0.2690726877156711,0.0830053179093345,0.5737130799542997,0.4780438118916629,0.0,0.0,0.7045322392627567,0.8142733421313098,0.45883165621906963,0.4415879660178159,0.0,0.0,0.6551261959749257,anticipation,"anticipation,pos",2
DFL-MAT-J04205,0,45707,DFL-OBJ-002G8B,Ransford-Yeboah Königsdörffer,0.4374894501814803,0.1027950891288933,0.9341300198925186,0.5821632457405569,0.6666666666666667,0.1173531311610941,0.6388521017768352,0.8419405724183437,0.964914632134609,0.7686819531507754,0.5936675189706367,0.6501154734411085,0.4272465770372814,synchronization,synchronization,1
DFL-MAT-J04205,0,47490,DFL-OBJ-002G8B,Ransford-Yeboah Königsdörffer,0.3958410197584124,0.06628097721418,0.6876672127586738,0.5763454225573003,0.5,0.3017015012046007,0.5008653445084701,0.7844100544374794,0.722611143187067,0.756021115143517,0.4198026641372484,0.8143455130320026,0.1250309303860112,synchronization,synchronization,1
DFL-MAT-J04205,0,49319,DFL-OBJ-002G8B,Ransford-Yeboah Königsdörffer,0.330506667864589,0.0488509287787838,0.6922574706858703,0.464218843678336,0.5,0.0,0.5995858338042273,0.7461027713625866,0.7311066892114814,0.39989380567469485,0.4198026641372484,0.0,0.3107575882547014,anticipation,anticipation,1
DFL-MAT-J04205,0,49819,DFL-OBJ-J01N5U,William Mikelbrencis,0.5816394594965817,0.0,0.8790360324123881,0.5492739154440522,1.0,0.4821579973624821,0.7972564749778389,0.0,0.9276796024414384,0.6867009650280436,0.7418086027713626,0.9621618277796107,0.9047601864071264,pressure,pressure,1
DFL-MAT-J04205,0,52527,DFL-OBJ-J01G5F,Warmed Omari,0.4599812134613381,0.2552193150293984,0.3739239867299885,0.5623386471835764,1.0,0.3094522414472966,0.3636363636363636,0.9332676921807984,0.1171952325965028,0.7219100544374794,0.7418086027713626,0.8215316727152755,0.021104833388320685,synchronization,synchronization,1
DFL-MAT-J04205,0,54960,DFL-OBJ-J01N5U,William Mikelbrencis,0.2505293427915703,0.0,0.6767080525499076,0.4920182673542743,0.0,0.0,0.6444051123910273,0.0,0.7001608380072584,0.48838564005278784,0.0,0.0,0.446036786539096,anticipation,"anticipation,pos,pressure",3
DFL-MAT-J04205,0,55151,DFL-OBJ-002G8B,Ransford-Yeboah Königsdörffer,0.3200846708467748,0.0297299824611835,0.8424038364146261,0.4638777569369161,0.5,0.0,0.5101326971090199,0.6914539343451006,0.9040333223358628,0.3989710491586935,0.4198026641372484,0.0,0.1368721131639723,anticipation,anticipation,1
DFL-MAT-J04205,0,60717,DFL-OBJ-J01N5U,William Mikelbrencis,0.311255828668689,0.0,0.4122469180855168,0.546610292568315,0.3333333333333333,0.2271515053000749,0.4941875695511595,0.0,0.16415786869020124,0.6788755773672055,0.27682695480039593,0.7450305179808644,0.11602503299241175,pressure,pressure,1
DFL-MAT-J04205,0,62688,DFL-OBJ-J01N5U,William Mikelbrencis,0.6945676435040876,1.0,0.7188267381451527,0.4953276892258682,1.0,0.4092295952245264,0.5969926927932829,0.9853338419663478,0.7775280435499835,0.5005000412405147,0.7418086027713626,0.9114772352358957,0.3041797261629825,synchronization,synchronization,1
DFL-MAT-J04205,0,74029,DFL-OBJ-J01N5U,William Mikelbrencis,0.3740464273737867,0.0672395701802505,0.6048882287168964,0.6617083625373767,0.5,0.0,0.7088889723104459,0.7861215357967667,0.5313273259650281,0.873525651600132,0.4198026641372484,0.0,0.6704109617288023,anticipation,anticipation,1
DFL-MAT-J04205,0,74211,DFL-OBJ-002G8B,Ransford-Yeboah Königsdörffer,0.3729419374626385,0.0,0.699470915468007,0.4417942138881391,0.6666666666666667,0.2205991565639317,0.4843066808113039,0.0,0.7443345842956121,0.340930179808644,0.5936675189706367,0.7392826212471132,0.10449315407456285,pressure,pressure,1
DFL-MAT-J04205,0,75353,DFL-OBJ-J01N5U,William Mikelbrencis,0.5030821366482753,0.1557104530449184,0.8630325681597839,0.53493088410609,1.0,0.452042712106927,0.3307127377415315,0.8905940696139888,0.9174828851864071,0.6421560541075553,0.7418086027713626,0.9438149538106235,0.013985689541405477,synchronization,synchronization,1
DFL-MAT-J04205,0,106962,DFL-OBJ-002G8B,Ransford-Yeboah Königsdörffer,0.6491531033180352,0.6221873655136014,0.6835246195691411,0.5228255704562184,1.0,0.6182590211722114,0.4939331664026578,0.9751422797756516,0.7143578851864071,0.6004722038931046,0.7418086027713626,0.9953655971626526,0.11570026393929396,synchronization,synchronization,1
DFL-MAT-J04205,0,113446,DFL-OBJ-002G8B,Ransford-Yeboah Königsdörffer,0.5498140076912893,0.2887636755373011,0.5769431799595303,0.5292723342291903,1.0,0.3777546992275252,0.6256811726862641,0.9412116463213461,0.46621370834708015,0.6229018888155724,0.7418086027713626,0.8841811695809964,0.3847688469152095,synchronization,synchronization,1
DFL-MAT-J04205,0,125334,DFL-OBJ-J01FRO,Fábio Daniel Ferreira Vieira,0.4449619298425036,0.0,0.7347096603493435,0.5309416589867232,1.0,0.0,0.7420972898129801,0.0,0.8001948614318707,0.6285054437479379,0.7418086027713626,0.0,0.7758423375123722,anticipation,"anticipation,pressure",2
DFL-MAT-J04205,0,143075,DFL-OBJ-J01HP7,Miro Max Maria Muheim,0.55189792789538,0.2679921447171068,0.7222708123889323,0.4790626679151017,1.0,0.3552307208818884,0.6522670251837183,0.9364535219399538,0.7827913642362256,0.4448356565489937,0.7418086027713626,0.863540291982844,0.47323490597162654,lpc,lpc,1
DFL-MAT-J04205,0,148322,DFL-OBJ-J01HP7,Miro Max Maria Muheim,0.2899677668355005,0.1040948029889437,0.7221756638278992,0.4869728504748086,0.1999999999999999,0.0,0.5664533189030657,0.8436056581986143,0.7826109369844936,0.4707450098977235,0.17336996865720883,0.0,0.23358112009237875,anticipation,anticipation,1
DFL-MAT-J04205,0,148484,DFL-OBJ-J017PC,Jean-Luc Mamadou Diarra Dompé,0.6446455722939389,0.7929287280760432,0.7405629912190245,0.5279026047077966,1.0,0.5949582751855671,0.3181818181818182,0.981044828439459,0.8075769135598813,0.6183602771362586,0.7418086027713626,0.9939067139557902,0.008031590234246124,synchronization,synchronization,1
DFL-MAT-J04205,0,148495,DFL-OBJ-J017PC,Jean-Luc Mamadou Diarra Dompé,0.6446455722939389,0.7929287280760432,0.7405629912190245,0.5279026047077966,1.0,0.5949582751855671,0.3181818181818182,0.981044828439459,0.8075769135598813,0.6183602771362586,0.7418086027713626,0.9939067139557902,0.008031590234246124,synchronization,synchronization,1
DFL-MAT-J04205,1,15320,DFL-OBJ-J024CC,Yan Diomande,0.3126129106488858,0.0,0.5801279191540031,0.5847946653961446,0.6666666666666667,0.0,0.4026128554320347,0.0,0.47366793137578356,0.77413601121742,0.5936675189706367,0.0,0.03916302375453646,anticipation,"anticipation,pressure",2
DFL-MAT-J04205,1,22090,DFL-OBJ-J024CC,Yan Diomande,0.4135446299018938,0.0491952935296508,0.8294825617327688,0.5361116850379052,0.7142857142857143,0.0,0.7318408176818407,0.7469430468492246,0.8952439376443418,0.6459811118442759,0.648527713625866,0.0,0.7451336192675685,anticipation,anticipation,1
DFL-MAT-J04205,1,25494,DFL-OBJ-0027IT,David Raum,0.5134389502226037,0.1647780493287532,0.6533928836142955,0.5341974726444904,1.0,0.2759614220497808,0.644872116113997,0.8962543302540416,0.6484297674034972,0.6395115061035962,0.7418086027713626,0.7899517485978225,0.4478049736060706,synchronization,synchronization,1
DFL-MAT-J04205,1,42368,DFL-OBJ-J024LV,Rômulo José Cardoso da Cruz,0.4871189281343101,0.0,0.6533549634350918,0.5351450671751252,1.0,0.3424014751595032,0.5965472588569605,0.0,0.6483215110524579,0.6429035384361597,0.7418086027713626,0.8517661250412405,0.3030353018805675,pressure,pressure,1
DFL-MAT-J04205,1,66177,DFL-OBJ-J024CC,Yan Diomande,0.3621167602529134,0.0510626177393286,0.5746314321867064,0.5652032388589597,1.0,0.0,0.3445488474290754,0.7516186902012537,0.46094523259650283,0.7291271445067634,0.7418086027713626,0.0,0.016516826129990104,anticipation,anticipation,1
DFL-MAT-J04205,1,68647,DFL-OBJ-J01KK4,Antonio Eromonsele Nordby Nusa,0.3742126586721255,0.0,0.8308533157078124,0.2417855649298001,0.5,0.4535145058376086,0.4307075798190515,0.0,0.8962285549323655,0.12626299076212472,0.4198026641372484,0.9447583305839656,0.05731916034312108,pressure,pressure,1
DFL-MAT-J04205,1,165303,DFL-OBJ-J024LV,Rômulo José Cardoso da Cruz,0.405927048570147,0.0449308406429793,0.6698045942986945,0.6594040637370384,1.0,0.0,0.4669802102961332,0.7361844275816563,0.6858142939623887,0.8717832398548334,0.7418086027713626,0.0,0.08698655559221379,anticipation,anticipation,1
DFL-MAT-J04205,1,171862,DFL-OBJ-J024LV,Rômulo José Cardoso da Cruz,0.3344049491817488,0.0496482725201578,0.7303750607510138,0.4844744968500505,0.0,0.3288837887547113,0.6213452015399215,0.7481596420323325,0.7946995628505443,0.46230616958099635,0.0,0.839914632134609,0.3713553695150115,pos,pos,1
DFL-MAT-J04205,1,173797,DFL-OBJ-0028CM,Bote Ridle Nzuzi Baku,0.3481885698409588,0.0,0.940022114710277,0.3522163527352766,0.3333333333333333,0.0,0.8272927957942826,0.0,0.969028373474101,0.1953047674034972,0.27682695480039593,0.0,0.9482586192675685,anticipation,"anticipation,pressure",2
DFL-MAT-J0420A,0,21446,DFL-OBJ-J01KEB,Dženan Pejčinović,0.5086645954591381,0.277717979141388,0.4479323604483551,0.5389470496346195,1.0,0.2686135186824906,0.6037866405710909,0.9388145414054767,0.2164559963708347,0.6552499175189707,0.7418086027713626,0.7829821016166282,0.3217533404816892,compactness,compactness,1
DFL-MAT-J0420A,0,32523,DFL-OBJ-J01NZP,Jeanuël Merick Belocian,0.3346421384843769,0.1842202275205994,0.3496436838021636,0.5518198967491342,0.1999999999999999,0.1545923215749418,0.6420473178624622,0.9069562438139228,0.09298705047838997,0.6941551880567469,0.17336996865720883,0.6837625783569778,0.4380567469482019,compactness,compactness,1
DFL-MAT-J0420A,0,45528,DFL-OBJ-J01NAE,Jan Bürger,0.4975685805586302,0.2846313060277111,0.6510112001216279,0.5546377004108873,1.0,0.2253962093090888,0.5051761260252909,0.9404229214780601,0.64278497195645,0.7015681705707687,0.7418086027713626,0.7433963625866051,0.13046436819531507,synchronization,synchronization,1
DFL-MAT-J0420A,0,45646,DFL-OBJ-J01NAE,Jan Bürger,0.6259331426335444,0.6795270867408884,0.6004705028585364,0.5684824652792826,1.0,0.5743875030502686,0.3852299969835609,0.9774981441768393,0.5210378175519631,0.7370040828109535,0.7418086027713626,0.9916539508413065,0.03197686407126361,synchronization,synchronization,1
DFL-MAT-J0420A,0,58134,DFL-OBJ-J01KEB,Dženan Pejčinović,0.4475433281937072,0.0,0.7153011577305166,0.7430682063497721,0.8571428571428572,0.0,0.7507338933440274,0.0,0.7719399538106235,0.9066005443747938,0.7251474348399868,0.0,0.7998804025074233,anticipation,"anticipation,pressure",2
DFL-MAT-J0420A,0,61572,DFL-OBJ-J01GTD,Jesper Gränge Lindström,0.5988628802286007,1.0,0.9411086662121698,0.8120951949451903,0.5,0.0,0.7121631290052468,0.9853338419663478,0.9699562850544374,0.9180190118772682,0.4198026641372484,0.0,0.681478884856483,anticipation,anticipation,1
DFL-MAT-J0420A,0,73929,DFL-OBJ-J01NZP,Jeanuël Merick Belocian,0.4373875567497009,0.2340650757294118,0.7594056134493543,0.49569643629828,0.625,0.3963601528462301,0.3636363636363636,0.9273187479379743,0.8300839244473771,0.5019228389970307,0.5823521527548664,0.9003886918508743,0.021104833388320685,synchronization,synchronization,1
DFL-MAT-J0420A,0,78188,DFL-OBJ-J01NAE,Jan Bürger,0.6088289732619014,0.5388760149468225,0.7214292310029506,0.1488924255177584,1.0,0.4700115389736458,0.7416440194049769,0.9706625288683602,0.7813737215440448,0.09842564335202904,0.7418086027713626,0.9551406301550643,0.7746308973935995,lpc,lpc,1
DFL-MAT-J0420A,0,82084,DFL-OBJ-J01KEB,Dženan Pejčinović,0.3817944926635392,0.0912681816749276,0.6670098616891429,0.5027892920119281,0.6,0.0,0.713732011494961,0.8268980946882217,0.6797210079181788,0.5280023094688222,0.5488081491257011,0.0,0.6865153827119762,anticipation,anticipation,1
DFL-MAT-J0420A,0,83180,DFL-OBJ-J01KEB,Dženan Pejčinović,0.3868566965395801,0.1677218336685217,0.6894765909792995,0.4662832463148712,0.3333333333333333,0.3480912863754014,0.508191543839654,0.8981977895084131,0.7259516248762784,0.4058839904322006,0.27682695480039593,0.8571273919498515,0.13434097657538766,synchronization,synchronization,1
DFL-MAT-J0420A,0,108541,DFL-OBJ-J01NAE,Jan Bürger,0.3424124821572184,0.0835412699720658,0.2811898128969652,0.5226002404884952,0.625,0.2414626937123557,0.3871904832909221,0.8152682695480039,0.0442098317387001,0.5996886341141537,0.5823521527548664,0.7576501154734411,0.03271403827119763,synchronization,synchronization,1
DFL-MAT-J0420A,0,115744,DFL-OBJ-J01GTD,Jesper Gränge Lindström,0.4605107913382448,0.0,0.4509347236182116,0.6345039980972548,1.0,0.4581911919176727,0.3641439824185491,0.0,0.22096667766413725,0.8493947954470472,0.7418086027713626,0.947763733091389,0.024512330913889806,pressure,pressure,1
DFL-MAT-J0420A,0,119310,DFL-OBJ-J01KEB,Dženan Pejčinović,0.5363259164355079,0.0,0.7377482386294538,0.8403093917213301,1.0,0.3508421195808716,0.6121731739900819,0.0,0.8040869350049489,0.9215141454965358,0.7418086027713626,0.8594729462223688,0.34462120587264927,pressure,pressure,1
DFL-MAT-J0420A,0,164652,DFL-OBJ-J0258E,Kento Shiogai,0.4271889450423684,0.4124288145514441,0.5693319244882584,0.5247010510209862,0.5,0.2491481794261286,0.4678288340336181,0.9601461976245463,0.44895970801715607,0.6067304519960409,0.4198026641372484,0.764661002969317,0.08773919498515341,synchronization,synchronization,1
DFL-MAT-J0420A,0,166000,DFL-OBJ-J021ET,Mohamed El Amine Amoura,0.4128893746778656,0.1411764161051759,0.8543901051544897,0.5738987734058004,0.75,0.0,0.586014465449219,0.8801808396568789,0.9121216182777961,0.7500876360936984,0.6612761877268228,0.0,0.27665683767733423,anticipation,anticipation,1
DFL-MAT-J0420A,0,167037,DFL-OBJ-J021ET,Mohamed El Amine Amoura,0.6766449960581778,0.3027101150520809,0.9557776070962029,0.6021767955578201,1.0,0.7969644611790985,0.5688400962088798,0.9441242576707357,0.9802715687891785,0.8057623309138898,0.7418086027713626,0.9988246453315738,0.23851451666116794,synchronization,synchronization,1
DFL-MAT-J0420A,1,18432,DFL-OBJ-J01N5U,William Mikelbrencis,0.5740283636591179,0.6600361705827537,0.5827113526342442,0.5902979403933064,1.0,0.4188012141321031,0.3210865308729018,0.9767145743978884,0.47952408446057404,0.7850389722863741,0.7418086027713626,0.9188541322995711,0.012289673375123721,synchronization,synchronization,1
DFL-MAT-J0420A,1,28855,DFL-OBJ-J01N5U,William Mikelbrencis,0.4751480500042519,0.0,0.4677386394554487,0.5201852848498286,1.0,0.3630421978494904,0.5970612532089826,0.0,0.24848956614978554,0.5912961893764435,0.7418086027713626,0.8705408693500495,0.3043498432860442,pressure,pressure,1
DFL-MAT-J0420A,1,29431,DFL-OBJ-002G8B,Ransford-Yeboah Königsdörffer,0.4334668731200088,0.0,0.6587030522060147,0.4870782344422499,1.0,0.2889059000646515,0.4263042441916465,0.0,0.6607039755856153,0.47117803530188057,0.7418086027713626,0.8020919251072254,0.0545096502804355,pressure,pressure,1
DFL-MAT-J0420A,1,29490,DFL-OBJ-002G8B,Ransford-Yeboah Königsdörffer,0.47583073105321,0.0,0.6604764448037339,0.5050340882790557,0.6,0.4845790313677796,0.7140828420803873,0.0,0.6649620587264929,0.5362091718904652,0.5488081491257011,0.9633578027053777,0.6878350791817882,pressure,pressure,1
DFL-MAT-J0420A,1,37416,DFL-OBJ-J017PC,Jean-Luc Mamadou Diarra Dompé,0.2965795954267515,0.0487898583840651,0.636300060564257,0.4555578023956889,0.3333333333333333,0.0,0.5951554200806035,0.7459378093038601,0.6078439458924447,0.3756495381062356,0.27682695480039593,0.0,0.2995556334543055,anticipation,anticipation,1
DFL-MAT-J0420A,1,39439,DFL-OBJ-002G8B,Ransford-Yeboah Königsdörffer,0.3804620604037804,0.0,0.4273026797106072,0.4446998375784705,1.0,0.0,0.60395117772353,0.0,0.18556685087429892,0.34777095018145826,0.7418086027713626,0.0,0.3222379165291983,anticipation,"anticipation,pressure",2
DFL-MAT-J0420A,1,42785,DFL-OBJ-J01HP7,Miro Max Maria Muheim,0.450592547953289,0.0,0.8475184698647602,0.6058265641749394,0.875,0.0,0.7797496959750585,0.0,0.907543921148136,0.8118453068294292,0.7315912652589904,0.0,0.8705924199934015,anticipation,"anticipation,pressure",2
DFL-MAT-J0420A,1,64677,DFL-OBJ-J01N5U,William Mikelbrencis,0.352560832031956,0.1573313783211764,0.4858200087082187,0.4841727764645248,0.3333333333333333,0.1089908351160844,0.6841290658556931,0.8917539590894095,0.2793013856812933,0.46138341306499503,0.27682695480039593,0.6427024909270868,0.5840120834708017,pos,pos,1
DFL-MAT-J0420A,1,76141,DFL-OBJ-J024Z8,Philip Porwei Otele,0.3856371955108144,0.0,0.898770680597742,0.4071933310994412,0.0,0.4858728778948671,0.7177691830293418,0.0,0.940804396238865,0.27037281425272186,0.0,0.9640692015836357,0.7002484741009568,pos,"pos,pressure",2
DFL-MAT-J0420A,1,85752,DFL-OBJ-J024Z8,Philip Porwei Otele,0.3558668694336,0.0142934544613611,0.8890466961807983,0.5038308120983549,0.4,0.0,0.7308183278845564,0.6354029198284394,0.9341595183107885,0.5318119020125371,0.35481276806334544,0.0,0.7419374793797426,anticipation,anticipation,1
DFL-MAT-J0420A,1,101593,DFL-OBJ-J024Z8,Philip Porwei Otele,0.4237445155501438,0.0,0.6900033597617172,0.6225660636962204,1.0,0.0,0.6057702882578991,0.0,0.7270548086440118,0.8353317799406137,0.7418086027713626,0.0,0.32680014846585287,anticipation,"anticipation,pressure",2
DFL-MAT-J0420A,1,126845,DFL-OBJ-002G8B,Ransford-Yeboah Königsdörffer,0.4452688865682069,0.0594942482015917,0.6705750944036805,0.5271267194131537,0.8333333333333334,0.2768328605814013,0.5436932991168828,0.7701666116793138,0.6875412405146816,0.6156796436819532,0.7150228884856483,0.7907868690201254,0.18942799406136587,synchronization,synchronization,1
DFL-MAT-J0420A,1,127688,DFL-OBJ-J024Z8,Philip Porwei Otele,,0.0,0.5748242387134334,0.3668331760194768,,0.0,0.896812932681953,0.0,0.4614143434510063,0.21194531507753217,1.0,0.0,0.9936128752886836,anticipation,"anticipation,pressure",2
DFL-MAT-J0420A,1,129212,DFL-OBJ-J01N5U,William Mikelbrencis,0.5452852030226938,0.1681842357591731,0.6793209248899313,0.6047018380861057,1.0,0.4379876547913709,0.5650663391499604,0.8984658528538436,0.7058314087759815,0.8100771197624547,0.7418086027713626,0.9338708347080171,0.2306375783569779,synchronization,synchronization,1
DFL-MAT-J0420A,1,159791,DFL-OBJ-0027JU,Jordan Torunarigha,0.6816729163088555,0.7995253156929913,0.7920838573550513,0.5048569501436881,1.0,0.5515335167357891,0.5287561301732466,0.9812149455625206,0.8641692098317387,0.5354101369185087,0.7418086027713626,0.9879371494556252,0.16448263774331903,synchronization,synchronization,1
DFL-MAT-J0420A,1,162929,DFL-OBJ-J01FRO,Fábio Daniel Ferreira Vieira,0.4520902434636407,0.0,0.7865037851314421,0.5631467393898337,1.0,0.2613479339137242,0.4518085836683301,0.0,0.858818253051798,0.7240390960079182,0.7418086027713626,0.776244432530518,0.0722533817222039,pressure,pressure,1
DFL-MAT-J0420A,1,173280,DFL-OBJ-J01FRO,Fábio Daniel Ferreira Vieira,0.522799151531656,0.0,0.9626730812249668,0.4889653514361042,1.0,0.2865003987243365,0.734819696940838,0.0,0.9857874876278456,0.4777043467502474,0.7418086027713626,0.7996690448696799,0.7545673870009898,pressure,pressure,1
DFL-MAT-J0420A,1,173921,DFL-OBJ-0002F6,Yussuf Yurary Poulsen,0.4434856028438468,0.2237338533928448,0.9044550137239296,0.552585457389205,0.625,0.1934707882574734,0.5352085938892237,0.9237205130320026,0.9450521692510723,0.6962687644341802,0.5823521527548664,0.7167137495875948,0.17496288353678655,synchronization,synchronization,1
DFL-MAT-J0420A,1,173934,DFL-OBJ-0002F6,Yussuf Yurary Poulsen,0.6481422517739209,0.4294387747849703,0.8896210684560774,0.5060360646334036,1.0,0.5284877632848755,0.6929035726005373,0.9619195397558562,0.934602853843616,0.5400445397558562,0.7418086027713626,0.9814211481359287,0.6147259567799406,lpc,lpc,1
DFL-MAT-J0420A,1,177226,DFL-OBJ-J01QPG,Damion Lamar Downs,,0.0,0.9855895598062016,0.4732762841197229,,0.0,0.557812250176607,0.0,0.9982318129330254,0.42677746618277795,1.0,0.0,0.21586831903662157,anticipation,"anticipation,pressure",2
DFL-MAT-J0420N,0,47841,DFL-OBJ-002G8B,Ransford-Yeboah Königsdörffer,0.4811163970075888,0.3045610947508091,0.5801690082382754,0.5401308238585644,1.0,0.3826688568961531,0.2727272727272727,0.9444851121742,0.47377618772682284,0.6590595100626856,0.7418086027713626,0.8884701831078852,7.217090069284065e-05,synchronization,synchronization,1
DFL-MAT-J0420N,0,49007,DFL-OBJ-J01A3I,Albert-Mboyo Sambi Lokonga,0.5241091042494204,0.0,0.9619241721031544,0.3620240158876417,1.0,0.3228323314055694,0.7748613731804903,0.0,0.9851327944572749,0.20619741834378094,0.7418086027713626,0.8342698366875618,0.860034848234906,pressure,pressure,1
DFL-MAT-J0420N,0,49133,DFL-OBJ-J01A3I,Albert-Mboyo Sambi Lokonga,0.3443665398595831,0.0,0.8919689734800288,0.4312635798600127,0.6666666666666667,0.0,0.5221501765580142,0.0,0.9361854585945233,0.3168044787198944,0.5936675189706367,0.0,0.15407971791487957,anticipation,"anticipation,pressure",2
DFL-MAT-J0420N,0,50109,DFL-OBJ-J01QPG,Damion Lamar Downs,0.6786005098544474,1.0,0.5711484825589421,0.5343518986364983,1.0,0.4657278882269294,0.4936637900192503,0.9853338419663478,0.4531868607720224,0.6402125948531837,0.7418086027713626,0.952465151765094,0.11539096007918179,synchronization,synchronization,1
DFL-MAT-J0420N,0,51925,DFL-OBJ-J01N5U,William Mikelbrencis,0.4263681769584413,0.0963039025734987,0.6022193927951567,0.1294265608965462,1.0,0.3171537520135719,0.5023768536664301,0.833589368195315,0.5252185747278126,0.09317263279445727,0.7418086027713626,0.8289807406796437,0.12684035796766743,lpc,lpc,1
DFL-MAT-J0420N,0,51950,DFL-OBJ-J01N5U,William Mikelbrencis,0.4687304167752767,0.2158229318903001,0.6213250967010695,0.1315054999537778,1.0,0.4265987312618503,0.4665713518015006,0.9208955377763115,0.5709697707027384,0.09367782909930716,0.7418086027713626,0.9251433107885186,0.08653290993071594,synchronization,synchronization,1
DFL-MAT-J0420N,0,52767,DFL-OBJ-J01QPG,Damion Lamar Downs,0.3499664323927042,0.0,0.6399577208378322,0.0559617193296577,1.0,0.0,0.6021019987411298,0.0,0.6168395331573738,0.07521238865061036,0.7418086027713626,0.0,0.31745401682613,anticipation,"anticipation,pressure",2
DFL-MAT-J0420N,0,75993,DFL-OBJ-002G8B,Ransford-Yeboah Königsdörffer,0.4465636693834806,0.0,0.6977304908186991,0.5018806592741695,1.0,0.3815509212653896,0.3636363636363636,0.0,0.7413394919168591,0.5242700428901352,0.7418086027713626,0.8876041322995711,0.021104833388320685,pressure,pressure,1
DFL-MAT-J0420N,0,76709,DFL-OBJ-J01N5U,William Mikelbrencis,0.2098856185220777,0.0,0.9668706752533353,0.3761966899901967,0.0,0.0,0.4072197426376292,0.0,0.9891228142527219,0.22366793137578356,0.0,0.0,0.04127660013196965,anticipation,"anticipation,pos,pressure",3
DFL-MAT-J0420N,0,113091,DFL-OBJ-J01FRO,Fábio Daniel Ferreira Vieira,0.5751321198730251,0.0,0.8861694634280987,0.5388161113543742,1.0,0.7628398143342372,0.4629327279555377,0.0,0.9323552457934675,0.6549303035301881,0.7418086027713626,0.9984998762784559,0.0832697542065325,pressure,pressure,1
DFL-MAT-J0420N,0,128562,DFL-OBJ-J01HP7,Miro Max Maria Muheim,0.5371460717088621,0.0,0.7197139107647262,0.5499178657380461,1.0,0.4162692186921314,0.7190429452780429,0.0,0.7787807241834378,0.6885103926096998,0.7418086027713626,0.9168539673375123,0.7045581078851864,pressure,pressure,1
DFL-MAT-J0420N,0,178005,DFL-OBJ-J021LJ,Fabio Amado Uri Baldé,0.2747319238116021,0.0,0.944642573489701,0.0193490709664379,0.4,0.0,0.6173331326679459,0.0,0.9725905229297261,0.04891640547674035,0.35481276806334544,0.0,0.35958120257340814,anticipation,"anticipation,pressure",2
DFL-MAT-J0420N,1,26938,DFL-OBJ-J01ZQD,Saïd El Mala,0.4954600441083057,0.0,0.8968845474805215,0.5293683647073345,1.0,0.3600990147848142,0.526672030935748,0.0,0.9395362504124052,0.6231751072253382,0.7418086027713626,0.8680045776971297,0.16126072253381724,pressure,pressure,1
DFL-MAT-J0420N,1,37342,DFL-OBJ-J01XHG,Kristoffer Lund Hansen,0.5351829630722692,0.2107522343887827,0.517276959478364,0.4845258955059868,1.0,0.398,0.6537240525459413,0.9188644424282415,0.3375226822830749,0.4624659765753877,0.7418086027713626,0.9018681953150776,0.4781219069613989,compactness,compactness,1
DFL-MAT-J0420N,1,67385,DFL-OBJ-J01LB6,Youssoupha Niang,0.3703086997505262,0.0,0.4176459630761366,0.5688129752043526,0.5,0.1065934738980441,0.7611512874433278,0.0,0.17177189871329593,0.7378237380402507,0.4198026641372484,0.6405682942923128,0.8271249175189707,pressure,pressure,1
DFL-MAT-J0420N,1,78288,DFL-OBJ-002GDA,Ragnar Prince Friedel Ache,0.2796153944958082,0.0646449330410493,0.5577275349244477,0.0863276667191715,0.4,0.0,0.6915583461514283,0.7812087594853184,0.42307097492576706,0.08314087759815242,0.35481276806334544,0.0,0.6101070191355988,anticipation,anticipation,1
DFL-MAT-J0420N,1,106018,DFL-OBJ-0028BD,Linton Maina,0.3305191035272432,0.0797905434361669,0.3462152877705486,0.5774047887374407,0.7142857142857143,0.0,0.471937711999345,0.808891454965358,0.08988370174859782,0.7585574067964368,0.648527713625866,0.0,0.09168281920158364,anticipation,anticipation,1
DFL-MAT-J0420N,1,116229,DFL-OBJ-J01ZQD,Saïd El Mala,0.5229084588233217,0.0,0.4703501933655862,0.9047392123843816,1.0,0.3739446970318988,0.5886966020247224,0.0,0.2525208264599142,0.9308035714285714,0.7418086027713626,0.8805107637743319,0.28329140547674037,pressure,pressure,1
DFL-MAT-J0420N,1,123499,DFL-OBJ-002GDA,Ragnar Prince Friedel Ache,0.395908929547175,0.0,0.6280112686367694,0.51903173276963,0.5,0.371,0.5415891703954313,0.0,0.5875433025404158,0.5873731854173541,0.4198026641372484,0.8780157126360937,0.18561840151765094,pressure,pressure,1
DFL-MAT-J0420N,1,133973,DFL-OBJ-0028TI,Tom Krauß,0.4382616920502275,0.0,0.5473255490359974,0.0860608210654328,1.0,0.4905194081126705,0.5028199603583767,0.0,0.4003216760145167,0.08307386176179479,0.7418086027713626,0.9663889805344771,0.12743834543055096,pressure,pressure,1
DFL-MAT-J0420N,1,139202,DFL-OBJ-002GDA,Ragnar Prince Friedel Ache,0.4244745829094939,0.0847246809496133,0.6961161858759984,0.1930883006136769,0.5,0.3730726988659143,0.7598003973304739,0.8172168838667107,0.7383031590234246,0.1109782250082481,0.4198026641372484,0.8798045199604091,0.8237122649290664,lpc,lpc,1
DFL-MAT-J0420N,1,141378,DFL-OBJ-0028TI,Tom Krauß,0.3339646452120582,0.0,0.4075231927437458,0.1262563623258637,0.3333333333333333,0.3667404878681257,0.693679171030956,0.0,0.15763671230616957,0.09226534147146156,0.27682695480039593,0.8741081738700099,0.6174890712636094,pressure,pressure,1
DFL-MAT-J0420N,1,145431,DFL-OBJ-J01UCR,Sebastian Söraas Sebulonsen,0.5006762572536214,0.1883083539357736,0.4843245231369855,0.6452863460940516,0.6,0.4546555814625136,0.6802460583517457,0.9091832316067304,0.27673416364236225,0.860241050808314,0.5488081491257011,0.9454336440118772,0.5706604668426262,compactness,compactness,1
DFL-MAT-J0420N,1,145826,DFL-OBJ-0028BD,Linton Maina,0.5165699830667453,0.0122042367184189,0.5781490261460476,0.4777453141966426,1.0,0.4554939447635497,0.663478693761134,0.6266186902012537,0.469079924117453,0.4407219152095018,0.7418086027713626,0.9459697707027384,0.51143393269548,lpc,lpc,1
DFL-MAT-J0420N,1,163371,DFL-OBJ-0028NR,Marius Bülter,0.5001427801978554,0.0608434693931005,0.7119099299173204,0.6202832487675782,1.0,0.3348019607915624,0.5397696497927736,0.7730843780930386,0.7663570191355988,0.8322593615968328,0.7418086027713626,0.8451006268558232,0.18242226162982514,synchronization,synchronization,1
DFL-MAT-J0420N,1,172958,DFL-OBJ-0028BD,Linton Maina,0.4856356760559527,0.2001260400604112,0.5523932351174008,0.4046317848379285,1.0,0.491488691997747,0.3588956611812693,0.9146888403167271,0.41150816562190695,0.2660270950181458,0.7418086027713626,0.9668632464533158,0.020032580006598483,synchronization,synchronization,1
DFL-MAT-J0420N,1,173156,DFL-OBJ-0028NR,Marius Bülter,0.4160437121997408,0.0,0.6436529405896207,0.5122813946496783,0.6666666666666667,0.1543454252450668,0.7418251448941999,0.0,0.6256701583635764,0.5626494968657209,0.5936675189706367,0.6834429643681953,0.7751670240844606,pressure,pressure,1
DFL-MAT-J0420N,1,173221,DFL-OBJ-0028NR,Marius Bülter,0.5586542624155392,0.4779763071851989,0.6680990413857613,0.2047549917664614,1.0,0.5595011527103517,0.4494494497095825,0.9662497937974266,0.6820150115473441,0.11447851369185087,0.7418086027713626,0.9894888238205213,0.07045426426921808,synchronization,synchronization,1
DFL-MAT-J0420N,1,174086,DFL-OBJ-J01UCR,Sebastian Söraas Sebulonsen,0.409877465126328,0.0,0.9439407823986434,0.4472701575294601,1.0,0.0,0.5437642373586653,0.0,0.972080171560541,0.35410136918508744,0.7418086027713626,0.0,0.18959811118442757,anticipation,"anticipation,pressure",2
DFL-MAT-J0420P,0,10946,DFL-OBJ-0028RM,Julian Ryerson,0.4210962338800221,0.0,0.5715776176628844,0.4567203466168142,1.0,0.1966490361980028,0.5194174280900371,0.0,0.45405806664467174,0.3788302128010558,0.7418086027713626,0.7190644589244474,0.1499969069613989,pressure,pressure,1
DFL-MAT-J0420P,0,37568,DFL-OBJ-002G7P,Maximilian Beier,0.3540686787271077,0.0948134822209438,0.6196221071263706,0.5247846063853056,1.0,0.0,0.2727272727272727,0.8315892032332564,0.5667477730122072,0.6070397558561531,0.7418086027713626,0.0,7.217090069284065e-05,anticipation,anticipation,1
DFL-MAT-J0420P,0,45299,DFL-OBJ-002G7P,Maximilian Beier,0.5230451088445855,0.0,0.6154719489389978,0.5688624015377746,1.0,0.6666316284699723,0.4076068446939059,0.0,0.5568139640382712,0.7379474595842956,0.7418086027713626,0.9970152177499175,0.04149826789838337,pressure,pressure,1
DFL-MAT-J0420P,0,65446,DFL-OBJ-0028RM,Julian Ryerson,0.257731247438337,0.0988700462164123,0.4823109469778273,0.4710580845232426,0.4,0.0,0.3636363636363636,0.8370226410425602,0.2730792230287034,0.4199109204882877,0.35481276806334544,0.0,0.021104833388320685,anticipation,anticipation,1
DFL-MAT-J0420P,0,65664,DFL-OBJ-0028RM,Julian Ryerson,0.3985065509449438,0.1100423454090464,0.6527277765853284,0.2015506350954265,1.0,0.2834103602453165,0.3336792998847774,0.8508433685252392,0.6468523177169251,0.1136279280765424,0.7418086027713626,0.7970090316727153,0.014573366875618608,synchronization,synchronization,1
DFL-MAT-J0420P,0,100846,DFL-OBJ-002G5S,Ramy Bensebaini,0.3854351034489835,0.0,0.5401018220950711,0.4799986066744799,0.3333333333333333,0.3795890202371942,0.6687044402301316,0.0,0.38472245133619265,0.4477946634774002,0.27682695480039593,0.8858462553612669,0.5297086357637744,pressure,pressure,1
DFL-MAT-J0420P,0,173340,DFL-OBJ-J01DAB,Fabio Daniel Soares Silva,0.461124296535117,0.0,0.6961087891021249,0.5390650606044953,1.0,0.2959259958496945,0.5054240662770673,0.0,0.7382980039590894,0.6556365473441108,0.7418086027713626,0.8088708347080171,0.13073758660508084,pressure,pressure,1
DFL-MAT-J0420P,1,20031,DFL-OBJ-J01N5U,William Mikelbrencis,0.5135784674888841,0.3499880862635398,0.4262584965343704,0.5389850639876741,1.0,0.4572062699417643,0.3636363636363636,0.9522795694490267,0.18419044869679974,0.6553736390630155,0.7418086027713626,0.9470214038271197,0.021104833388320685,synchronization,synchronization,1
DFL-MAT-J0420P,1,21170,DFL-OBJ-J024Z8,Philip Porwei Otele,,0.0,0.4267218613424455,0.4264107663135449,,0.0,0.4549733681278805,0.0,0.1848142114813593,0.3065716760145167,1.0,0.0,0.07624855658198615,anticipation,"anticipation,pressure",2
DFL-MAT-J0420P,1,50759,DFL-OBJ-J01N5U,William Mikelbrencis,0.3336485117072341,0.0,0.4001863510425334,0.5773325637648018,0.625,0.0,0.6081653053471634,0.0,0.14829573573078192,0.7582841883866711,0.5823521527548664,0.0,0.33317696304849886,anticipation,"anticipation,pressure",2
DFL-MAT-J0420P,1,51187,DFL-OBJ-002G8B,Ransford-Yeboah Königsdörffer,0.3214035791938476,0.0774290738421769,0.7700249522069378,0.650986069027255,0.25,0.0,0.5877472182025253,0.8050200016496206,0.8417085945232596,0.8651383619267569,0.21053282744968657,0.0,0.2809097657538766,anticipation,anticipation,1
DFL-MAT-J0420P,1,57373,DFL-OBJ-J01N5U,William Mikelbrencis,0.4986850120513169,0.0,0.6467772953552451,0.2741573457038907,1.0,0.5017299638750448,0.6303794367554114,0.0,0.6331707769712966,0.13926406301550642,0.7418086027713626,0.971291446717255,0.39959996700758826,pressure,pressure,1
DFL-MAT-J0420P,1,58800,DFL-OBJ-J01HP7,Miro Max Maria Muheim,0.4102039252374987,0.1102113681489369,0.6965606861338718,0.5307990538327316,0.8333333333333334,0.0,0.6218513223200743,0.8510134856483009,0.7391640547674035,0.6279847822500825,0.7150228884856483,0.0,0.37284002804355,anticipation,anticipation,1
DFL-MAT-J0420P,1,63050,DFL-OBJ-J024Z8,Philip Porwei Otele,,0.0,0.4936447003774223,0.4824767256228697,,0.0,0.5697540991067004,0.0,0.29325098977235237,0.45563551633124383,1.0,0.0,0.2404579759155394,anticipation,"anticipation,pressure",2
DFL-MAT-J0420P,1,63102,DFL-OBJ-J024Z8,Philip Porwei Otele,0.5046889727519668,0.0,0.4830522818576711,0.1340363406487971,1.0,0.6658211848467492,0.6231675551709188,0.0,0.27435767898383373,0.0942912817551963,0.7418086027713626,0.9969945974925767,0.37683004783899704,pressure,pressure,1
DFL-MAT-J0420P,1,73266,DFL-OBJ-002G8B,Ransford-Yeboah Königsdörffer,0.5959952189280884,0.2295074505555638,0.8988516944784541,0.5759472553531547,1.0,0.465223694358138,0.6524447488732159,0.9257206779940613,0.9408868772682283,0.7551395991421973,0.7418086027713626,0.9521558479049819,0.47382258330583965,synchronization,synchronization,1
DFL-MAT-J0420P,1,76777,DFL-OBJ-J01HP7,Miro Max Maria Muheim,0.3682142535588937,0.0,0.7616800333507242,0.4854309870898964,0.625,0.0,0.6864266843621613,0.0,0.8325944407786209,0.4653785879247773,0.5823521527548664,0.0,0.5923890630155064,anticipation,"anticipation,pressure",2
DFL-MAT-J0420P,1,105672,DFL-OBJ-J01N5U,William Mikelbrencis,0.4574917146433005,0.0,0.6320466708152284,0.4930766066324965,0.8333333333333334,0.3417869097044071,0.6191077916562724,0.0,0.5970956367535467,0.4924169003629165,0.7150228884856483,0.8512248432860442,0.3646950263939294,pressure,pressure,1
DFL-MAT-J0420P,1,109374,DFL-OBJ-002G8B,Ransford-Yeboah Königsdörffer,0.2960179464827353,0.0,0.4241151156886306,0.5181172426893526,0.4,0.0,0.6301193228460448,0.0,0.1810870999670076,0.5840842543714946,0.35481276806334544,0.0,0.3987906219069614,anticipation,"anticipation,pressure",2
DFL-MAT-J0420P,1,114892,DFL-OBJ-J01HP7,Miro Max Maria Muheim,0.5087535959072512,0.1310682710771654,0.8535932882845916,0.1463322692086273,1.0,0.5245799745697441,0.5285633175568265,0.8719069613988782,0.9115700263939294,0.09757505773672055,0.7418086027713626,0.9800756763444408,0.16414240349719564,lpc,lpc,1
DFL-MAT-J0420P,1,116311,DFL-OBJ-J024Z8,Philip Porwei Otele,0.283919360142398,0.0,0.3101529818030362,0.5604039559233982,0.25,0.3204419760637084,0.3587716785015174,0.0,0.06097925602111515,0.7166518888155724,0.21053282744968657,0.8320273837017486,0.01999133949191686,pressure,pressure,1
DFL-MAT-J0420P,1,118630,DFL-OBJ-J01N5U,William Mikelbrencis,0.3495796437437181,0.0,0.7717029964794615,0.5769014537069975,0.75,0.0,0.4440017278918353,0.0,0.8435077119762454,0.7573098812273177,0.6612761877268228,0.0,0.06642815902342461,anticipation,"anticipation,pressure",2
DFL-MAT-J0420P,1,122778,DFL-OBJ-002G8B,Ransford-Yeboah Königsdörffer,0.4483206046975613,0.0584891916095302,0.6573906338222213,0.1086066599911292,1.0,0.3775927159466223,0.5655973005286947,0.7680169498515341,0.6576831078851864,0.08799179313757835,0.7418086027713626,0.8839646568789179,0.23166859122401848,lpc,lpc,1
DFL-MAT-J0420P,1,131123,DFL-OBJ-J024Z8,Philip Porwei Otele,0.3426663962464454,0.0,0.7286831929600868,0.1671579855916486,1.0,0.1116947675889597,0.3472126844960435,0.0,0.7924364896073903,0.10363741339491916,0.7418086027713626,0.6452645579016826,0.017047797756516003,pressure,pressure,1
DFL-MAT-J0420P,1,135214,DFL-OBJ-J01N5U,William Mikelbrencis,0.380635921389304,0.0,0.7546922660133358,0.1386085691358766,0.7142857142857143,0.3541850289343629,0.4914387558418531,0.0,0.8245989359947212,0.09559035796766743,0.648527713625866,0.8625092791158033,0.11289590894094358,pressure,pressure,1
DFL-MAT-J0420P,1,136498,DFL-OBJ-J01N5U,William Mikelbrencis,0.4777124417159655,0.0,0.6266709176640654,0.6489317409280269,1.0,0.1750141178815465,0.6794642837093663,0.0,0.5843729379742659,0.8634990514681623,0.7418086027713626,0.7013052622896734,0.5677272352358957,pressure,pressure,1
DFL-MAT-J0420P,1,141401,DFL-OBJ-J01QPG,Damion Lamar Downs,0.4464329523270268,0.0,0.6890507617229313,0.5195711419630668,1.0,0.1393211530795015,0.6208791462395036,0.0,0.7252144506763445,0.5892650940283735,0.7418086027713626,0.670019176839327,0.36996350214450674,pressure,pressure,1
DFL-MAT-J0420P,1,148627,DFL-OBJ-J021LJ,Fabio Amado Uri Baldé,0.3629671699608186,0.0,0.8094313277844817,0.4822105876077164,0.7142857142857143,0.120482534207564,0.4438091582161216,0.0,0.8795622319366546,0.4547643104585945,0.648527713625866,0.6530126195974926,0.06627350709336853,pressure,pressure,1
DFL-MAT-J0420P,1,148632,DFL-OBJ-J021LJ,Fabio Amado Uri Baldé,0.3629671699608186,0.0,0.8094313277844817,0.4822105876077164,0.7142857142857143,0.120482534207564,0.4438091582161216,0.0,0.8795622319366546,0.4547643104585945,0.648527713625866,0.6530126195974926,0.06627350709336853,pressure,pressure,1
DFL-MAT-J0420P,1,150986,DFL-OBJ-J01N5U,William Mikelbrencis,0.3051965705278004,0.0,0.5425401956948048,0.5356328147485507,0.2857142857142857,0.0,0.7071935825972668,0.0,0.3898672055427252,0.6444706779940613,0.26179994226327946,0.0,0.6642609699769053,anticipation,"anticipation,pressure",2
DFL-MAT-J0420P,1,152600,DFL-OBJ-J01N5U,William Mikelbrencis,0.5516030289688277,0.0,0.9148718053286856,0.4870229841860466,1.0,0.5632304473782994,0.5884048583290524,0.0,0.9522692593203563,0.47096667766413725,0.7418086027713626,0.9900868112834048,0.2825439211481359,pressure,pressure,1
DFL-MAT-J0420P,1,155002,DFL-OBJ-J01QSK,Otto Emerson Stange,0.5474068943413043,0.2399953353979643,0.8568510771235976,0.2047134336338452,1.0,0.568527670946888,0.5299634065756207,0.9291127103266249,0.913745463543385,0.11447851369185087,0.7418086027713626,0.9908806911910261,0.1663693912900033,lpc,lpc,1
DFL-MAT-J0420P,1,157787,DFL-OBJ-J01QPG,Damion Lamar Downs,0.5424936551207351,1.0,0.6744689814051247,0.6486638421849951,0.5,0.0,0.6414733282652755,0.9853338419663478,0.6955367452985813,0.8633031590234246,0.4198026641372484,0.0,0.4359122401847575,anticipation,anticipation,1
DFL-MAT-J0420P,1,171587,DFL-OBJ-J01A3I,Albert-Mboyo Sambi Lokonga,0.3764654096629679,0.2894451315746518,0.4080789181203605,0.212309781022906,0.6666666666666667,0.2982037110897486,0.3975771774955435,0.9413662982514022,0.15849760805014845,0.11660755526228968,0.5936675189706367,0.8111803035301881,0.03689479544704718,synchronization,synchronization,1
DFL-MAT-J04215,0,15595,DFL-OBJ-0027HO,Robert-Nesta Glatzel,0.6945075502829976,0.9493924489232274,0.5983778050267037,0.4853105264612184,1.0,0.5949803044942661,0.4916305387922268,0.9842461233916199,0.5161920570768723,0.46494040745628507,0.7418086027713626,0.9939118690201254,0.1130969564500165,synchronization,synchronization,1
DFL-MAT-J04215,0,18844,DFL-OBJ-J024Z8,Philip Porwei Otele,0.4997768664502984,0.0,0.6895575110868524,0.5281507130786782,1.0,0.4695260335255659,0.5077760611382363,0.0,0.7260598812273177,0.6191541570438799,0.7418086027713626,0.9548313262949522,0.13382031507753217,pressure,pressure,1
DFL-MAT-J04215,0,19533,DFL-OBJ-J01N5U,William Mikelbrencis,0.6033012662479718,0.1719287826706289,0.6316178642040045,0.5426054687471246,1.0,0.5505572197181092,0.76785440711661,0.9005536539096007,0.5960079181788188,0.6664621824480369,0.7418086027713626,0.9877412570108874,0.8433582151105246,compactness,compactness,1
DFL-MAT-J04215,0,19908,DFL-OBJ-J01N5U,William Mikelbrencis,0.640151035544392,0.5544155445588513,0.7631382416412774,0.4870695975354699,1.0,0.6501267070951937,0.4680512043958454,0.9716883866710656,0.8343677829099307,0.47115225998020455,0.7418086027713626,0.9964790910590564,0.08802787858792478,synchronization,synchronization,1
DFL-MAT-J04215,0,24828,DFL-OBJ-002G8B,Ransford-Yeboah Königsdörffer,0.4997486269367381,0.078930401259702,0.7228864144609046,0.5284338275788719,1.0,0.1551179931712229,0.7666517303143783,0.8074635021445068,0.7837244308808974,0.6201336192675685,0.7418086027713626,0.6842574645331574,0.8403940531177829,lpc,lpc,1
DFL-MAT-J04215,0,24888,DFL-OBJ-002G8B,Ransford-Yeboah Königsdörffer,0.5807796115293828,0.1883533729578005,0.7570276482808339,0.5477416911967506,1.0,0.4552087994923519,0.6992916631598527,0.9092193170570769,0.8272537941273507,0.6821026476410426,0.7418086027713626,0.9458099637083471,0.6372381227317717,synchronization,synchronization,1
DFL-MAT-J04215,0,42787,DFL-OBJ-J01HP7,Miro Max Maria Muheim,0.4685795882684758,0.0,0.8291178259704131,0.6211567208658693,1.0,0.2233834841645948,0.5216656714943293,0.0,0.8950222698779281,0.8334037858792478,0.7418086027713626,0.7417003464203233,0.15336831903662157,pressure,pressure,1
DFL-MAT-J04215,0,48893,DFL-OBJ-J024Z8,Philip Porwei Otele,0.4264917778873728,0.0,0.1921687409032209,0.8280213441530306,1.0,0.3271124381961058,0.3336923288794502,0.0,0.013944449026723853,0.9198490597162653,0.7418086027713626,0.8381206697459584,0.014583677004289013,pressure,pressure,1
DFL-MAT-J04215,0,60884,DFL-OBJ-J024Z8,Philip Porwei Otele,0.3087841204040771,0.0711734652635037,0.68658060216069,0.4916217354259112,0.6,0.0,0.3847305163109671,0.7936324645331574,0.720580047838997,0.4869679973606071,0.5488081491257011,0.0,0.03172942098317387,anticipation,anticipation,1
DFL-MAT-J04215,0,66477,DFL-OBJ-0027HO,Robert-Nesta Glatzel,0.5058619791083679,0.0,0.4346052532836135,0.4689540851976495,1.0,0.4424124245163892,0.6982201901286957,0.0,0.19585635928736392,0.4134877103266249,0.7418086027713626,0.9371803860112174,0.6336862834048169,pressure,pressure,1
DFL-MAT-J04215,0,73007,DFL-OBJ-J01N5U,William Mikelbrencis,0.4540812474453977,0.0384371447747044,0.8367260854220235,0.4565024061387948,0.8333333333333334,0.1146279777325433,0.7588966439827285,0.7186005031342791,0.9001927994061366,0.37827862091718906,0.7150228884856483,0.647764764104256,0.8213460903992081,lpc,lpc,1
DFL-MAT-J04215,0,76840,DFL-OBJ-J01HP7,Miro Max Maria Muheim,0.4906276940296673,0.1949583314574193,0.6746893505873331,0.5899443597533545,0.875,0.357529371206664,0.477259632280403,0.9124412322665787,0.6960522517321016,0.7844667601451666,0.7315912652589904,0.8656641784889475,0.09726059881227318,synchronization,synchronization,1
DFL-MAT-J04215,0,101913,DFL-OBJ-J01W6J,Rayan Philippe,0.396129629875588,0.0,0.6351728413225338,0.5682359543555863,1.0,0.2328488049862834,0.2727272727272727,0.0,0.6049828851864071,0.7364112504124052,0.7418086027713626,0.7500618607720224,7.217090069284065e-05,pressure,pressure,1
DFL-MAT-J04215,0,110389,DFL-OBJ-J01W6J,Rayan Philippe,0.5243738799221948,0.547497655506535,0.4950517433865666,0.4705668350153469,1.0,0.3665033940221697,0.3477068596929454,0.9712605163312438,0.29573573078192017,0.4182767650940284,0.7418086027713626,0.8738968162322666,0.017145743978884857,synchronization,synchronization,1
DFL-MAT-J04215,0,110550,DFL-OBJ-J01W6J,Rayan Philippe,0.4330615596617876,0.0937908759518127,0.6589807149764594,0.4277411604314232,0.6666666666666667,0.1353442134224519,0.8010247826317711,0.8301973358627516,0.6615184757505773,0.3092574645331574,0.5936675189706367,0.6663848564830089,0.9113328934345101,lpc,lpc,1
DFL-MAT-J04215,0,113423,DFL-OBJ-0027HO,Robert-Nesta Glatzel,0.2806157472346036,0.0369699710922254,0.6116657860097302,0.5797535049548395,0.25,0.0,0.5329361504469003,0.7144300560871,0.547230699439129,0.7636712306169581,0.21053282744968657,0.0,0.17118422137908282,anticipation,anticipation,1
DFL-MAT-J04215,0,131153,DFL-OBJ-J01N5U,William Mikelbrencis,0.4850421117001745,0.0,0.9694412714844628,0.3923601031661918,1.0,0.0,0.9220677490837176,0.0,0.9911487545364566,0.24628319861431872,0.7418086027713626,0.0,0.9982575882547015,anticipation,"anticipation,pressure",2
DFL-MAT-J04215,0,134510,DFL-OBJ-J01W6J,Rayan Philippe,0.4454489426736893,0.0704826166403932,0.7574257518472753,0.165444166868895,1.0,0.3726811069202738,0.4752879469395055,0.7921787363906302,0.8276043385021445,0.1031631474760805,0.7418086027713626,0.8794952161002969,0.09515733256351039,synchronization,synchronization,1
DFL-MAT-J04215,0,136771,DFL-OBJ-J01N5U,William Mikelbrencis,0.3827002682026381,0.0622909332073762,0.8282981214799162,0.4555754274782652,0.4444444444444444,0.255110162515623,0.5521533798723457,0.776244432530518,0.8944809881227318,0.3757268640712636,0.4128278620917189,0.7702181623226658,0.2050993896403827,synchronization,synchronization,1
DFL-MAT-J04215,0,138991,DFL-OBJ-0027JU,Jordan Torunarigha,0.487111344330326,0.2368456671197223,0.7886769055236692,0.4071790378712163,1.0,0.4827451128464524,0.25,0.9282569696469812,0.8609112091718905,0.27034703893104584,0.7418086027713626,0.9624659765753877,0.0,synchronization,synchronization,1
DFL-MAT-J04215,0,140649,DFL-OBJ-J02594,Albert Grønbæk Erlykke,0.4589232812395906,0.0919632447750512,0.794780124839493,0.4941676944269292,0.6,0.2530244965419028,0.7582373300189065,0.8278569366545695,0.8667055014846585,0.4963399043220059,0.5488081491257011,0.7681870669745958,0.8197995710986473,lpc,lpc,1
DFL-MAT-J04215,0,141756,DFL-OBJ-J01N5U,William Mikelbrencis,0.5185450386026196,0.0940367006319271,0.508278360937196,0.4407053014020806,1.0,0.4538375738129723,0.6485248700202138,0.8305272599802046,0.32056252062025736,0.3381773754536457,0.7418086027713626,0.9448975173210161,0.46030084955460243,compactness,compactness,1
DFL-MAT-J04215,0,141913,DFL-OBJ-J01N5U,William Mikelbrencis,0.5253263810695832,0.2682496590263475,0.6335108597033476,0.522764160553874,1.0,0.4098158786859428,0.4752137716430561,0.9364999175189707,0.6007144919168591,0.6002711563840317,0.7418086027713626,0.9119257258330584,0.09507485153414715,synchronization,synchronization,1
DFL-MAT-J04215,0,142171,DFL-OBJ-J01N5U,William Mikelbrencis,0.5217311642952536,0.0,0.841649339044938,0.5211733416519484,1.0,0.317281058292869,0.7239528361828815,0.0,0.903559056417024,0.5946779115803366,0.7418086027713626,0.829114772352359,0.7208378010557571,pressure,pressure,1
DFL-MAT-J04215,0,148573,DFL-OBJ-J01FRO,Fábio Daniel Ferreira Vieira,0.4101413721904761,0.0912550068464664,0.5087282487912554,0.3811229108347744,0.9,0.1408943476714755,0.5912333696789855,0.82685685417354,0.32144403662157706,0.23040560046189376,0.739076418673705,0.6713285631804685,0.28951872319366545,lpc,lpc,1
DFL-MAT-J04215,0,149612,DFL-OBJ-J01N5U,William Mikelbrencis,0.3700578033680938,0.037852765955032,0.8681583892620632,0.5224015588346129,0.6,0.0,0.618106758113949,0.7168993319036622,0.9207254206532498,0.5989772352358957,0.5488081491257011,0.0,0.36191644671725504,anticipation,anticipation,1
DFL-MAT-J04215,0,150293,DFL-OBJ-J01N5U,William Mikelbrencis,0.5156837239656308,0.0,0.8364715978950066,0.5564243904108856,1.0,0.4557215480178005,0.5256164370071925,0.0,0.9000329924117453,0.7062902095018145,0.7418086027713626,0.9461089574397888,0.15952862091718906,pressure,pressure,1
DFL-MAT-J04215,0,167631,DFL-OBJ-J02594,Albert Grønbæk Erlykke,0.4028405843727336,0.0,0.9768244447445172,0.0147076412188284,1.0,0.0,0.7473948167689461,0.0,0.9955975750577367,0.04000329924117453,0.7418086027713626,0.0,0.7909415209501814,anticipation,"anticipation,pressure",2
DFL-MAT-J04215,1,11121,DFL-OBJ-0002IG,Marius Wolf,0.409389341527123,0.0477107832409035,0.6372231928051904,0.5763521764743605,0.5,0.2223109744776795,0.6880826493338801,0.7431850049488617,0.610112174199934,0.7560417354008578,0.4198026641372484,0.7407105740679644,0.5984101781590234,pos,pos,1
DFL-MAT-J04215,1,13739,DFL-OBJ-00018O,Michael Gregoritsch,0.5153243503476004,0.0,0.5861534080697542,0.4914536453127927,1.0,0.4578275694798742,0.655122694334184,0.0,0.48728761134938964,0.48626690861101945,0.7418086027713626,0.9475008248102936,0.482596502804355,pressure,pressure,1
DFL-MAT-J04215,1,27057,DFL-OBJ-00018O,Michael Gregoritsch,0.412528583042498,0.0,0.6413882595818517,0.4665618009730881,0.3333333333333333,0.3870962658852598,0.7578663460282078,0.0,0.6202418756186078,0.4066675602111514,0.27682695480039593,0.8923107060376113,0.8188201088749587,pressure,pressure,1
DFL-MAT-J04215,1,35367,DFL-OBJ-0002IG,Marius Wolf,0.3941654756381098,0.0237725991847663,0.4783044919358047,0.5987447399674992,0.7,0.2602868857403353,0.4882637623491153,0.671318253051798,0.2659188386671066,0.8001897063675355,0.6441252886836027,0.7751876443418014,0.10909147146156384,synchronization,synchronization,1
DFL-MAT-J04215,1,37208,DFL-OBJ-J01FUR,Alexis Julian Claude-Maurice,0.880813616265412,1.0,0.9750929358464578,0.8553677117914855,1.0,0.8029078432676333,0.7437652411437667,0.9853338419663478,0.9947521445067634,0.9234369844935665,0.7418086027713626,0.9988968162322666,0.7808118195315078,pos,pos,1
DFL-MAT-J04215,1,38267,DFL-OBJ-0002IG,Marius Wolf,0.4408835350745357,0.0875323330577993,0.6521836136104916,0.5267917667709483,0.7777777777777778,0.1859613544607218,0.6473121008392175,0.8215626031012867,0.645527466182778,0.6145352193995381,0.6903610607060376,0.7104555014846585,0.4560427664137248,synchronization,synchronization,1
DFL-MAT-J04215,1,46561,DFL-OBJ-0002IG,Marius Wolf,0.5362160959677356,0.0357246652785051,0.3802037072231926,0.3532052927095697,1.0,0.5663845273720568,0.7618758889072159,0.7105586027713626,0.12403084790498185,0.19628938469152096,0.7418086027713626,0.9905353018805675,0.8288673292642692,compactness,compactness,1
DFL-MAT-J04215,1,46650,DFL-OBJ-J01FUR,Alexis Julian Claude-Maurice,0.2597757189514354,0.0,0.5085964049830638,0.4908739580722802,0.5,0.0,0.3636363636363636,0.0,0.3212017485978225,0.4841842626195975,0.4198026641372484,0.0,0.021104833388320685,anticipation,"anticipation,pressure",2
DFL-MAT-J04215,1,59521,DFL-OBJ-J017TJ,Dimitrios Christos Giannoulis,0.4792461383259945,0.1910156072765328,0.6685650865982364,0.244519970866614,1.0,0.3852908944641611,0.5007686220876488,0.9105338584625536,0.6830563345430551,0.12734039920818213,0.7418086027713626,0.8908415127020786,0.12491751897063676,synchronization,synchronization,1
DFL-MAT-J04215,1,59770,DFL-OBJ-00018O,Michael Gregoritsch,0.5088477613366507,0.0,0.8435233808602552,0.1751667932048256,1.0,0.4585714412827091,0.7073883540842312,0.0,0.904801426921808,0.10584893599472121,0.7418086027713626,0.9480111761794787,0.6649569036621577,pressure,pressure,1
DFL-MAT-J04215,1,64193,DFL-OBJ-J01FUR,Alexis Julian Claude-Maurice,0.5879780380637617,0.6708222079342084,0.941086791343288,0.7959010085554773,0.6666666666666667,0.0,0.8388834095945339,0.9771991504453975,0.9699356647970967,0.9159157456285054,0.5936675189706367,0.0,0.9609658528538436,anticipation,anticipation,1
DFL-MAT-J04215,1,64497,DFL-OBJ-J01FUR,Alexis Julian Claude-Maurice,0.4700674493629362,0.0413273160497394,0.8837211390193795,0.1269287197054848,0.8571428571428572,0.331559622403516,0.7485738469715018,0.7266063180468493,0.9305922137908281,0.0925076294952161,0.7251474348399868,0.8422653414714616,0.7942304519960409,lpc,lpc,1
DFL-MAT-J04215,1,67747,DFL-OBJ-00018O,Michael Gregoritsch,0.5420061835550095,0.0733488159405716,0.7328147934257012,0.5619155814786192,1.0,0.4817753894005813,0.591943172079037,0.7976482596502804,0.7978132217090069,0.7208017156054107,0.7418086027713626,0.9619195397558562,0.29129206532497526,synchronization,synchronization,1
DFL-MAT-J04215,1,75624,DFL-OBJ-00018O,Michael Gregoritsch,0.4163434956841379,0.0,0.7358392866395049,0.2791281372330038,0.8,0.3502593769085643,0.5243689744728368,0.0,0.8015918838667107,0.14173333883206862,0.6956450016496206,0.8590347657538766,0.15772950346420322,pressure,pressure,1
DFL-MAT-J04215,1,106157,DFL-OBJ-J01K2X,Anton Kade,0.3936975780645323,0.0,0.6845533304864655,0.5420340578703939,0.75,0.3971084033282797,0.2727272727272727,0.0,0.7164611514351699,0.6647919416034312,0.6612761877268228,0.9010846255361267,7.217090069284065e-05,pressure,pressure,1
DFL-MAT-J04215,1,121793,DFL-OBJ-0002IG,Marius Wolf,0.4228404709032625,0.0475032922703896,0.7015274145174675,0.4849155365017215,0.6666666666666667,0.3044751154694528,0.5604281066432028,0.7427004289013527,0.7481493319036622,0.463718657208842,0.5936675189706367,0.8168354091059057,0.22095121247113164,synchronization,synchronization,1
DFL-MAT-J04215,1,122264,DFL-OBJ-00018O,Michael Gregoritsch,0.4804006722081494,0.0497451172067167,0.7825586725009133,0.4997786878931846,0.8333333333333334,0.3148900229863969,0.6503568944655014,0.7484173952490927,0.8548179231276807,0.5167230287033983,0.7150228884856483,0.8267537528868361,0.46671890465193006,synchronization,synchronization,1
DFL-MAT-J04215,1,125447,DFL-OBJ-J01FUR,Alexis Julian Claude-Maurice,0.4884987160734697,0.0,0.9781717588351088,0.1105425518500377,1.0,0.5196726337213977,0.5297631586096618,0.0,0.9962058726492906,0.0884351286704058,0.7418086027713626,0.9783332645991422,0.16607039755856154,pressure,pressure,1
DFL-MAT-J04215,1,126896,DFL-OBJ-J01FUR,Alexis Julian Claude-Maurice,0.3887872712377057,0.0,0.9781276656413488,0.4534598182776334,1.0,0.0,0.4270776823277982,0.0,0.9961749422632794,0.3700408281095348,0.7418086027713626,0.0,0.05495814087759815,anticipation,"anticipation,pressure",2
DFL-MAT-J04215,1,133993,DFL-OBJ-J017TJ,Dimitrios Christos Giannoulis,0.5299167794939849,0.0912059458928318,0.4567774617066256,0.5381732539931059,1.0,0.4676179770512627,0.6534656969282338,0.8267589079511712,0.2306375783569779,0.65282188221709,0.7418086027713626,0.9536301963048499,0.4772816314747608,compactness,compactness,1
DFL-MAT-J04215,1,147106,DFL-OBJ-00018O,Michael Gregoritsch,0.452125309944309,0.0652011366682227,0.68509287050264,0.2076767138528379,1.0,0.4476812552572731,0.4331460106021287,0.7822964780600462,0.7175694902672385,0.11534456450016496,0.7418086027713626,0.9408404816892115,0.058953315737380406,synchronization,synchronization,1
DFL-MAT-J04215,1,156667,DFL-OBJ-0002IG,Marius Wolf,0.4866826875776681,0.0,0.6264298194531803,0.5749913075117417,1.0,0.3124062070642593,0.6145966919460175,0.0,0.5837233998680303,0.7528559056417025,0.7418086027713626,0.8245886258660509,0.3517506598482349,pressure,pressure,1
DFL-MAT-J04215,1,158803,DFL-OBJ-0002IG,Marius Wolf,0.468079807415025,0.023157685302152,0.8990479664902093,0.4998064700338086,0.8333333333333334,0.2592862092881017,0.6321489404769223,0.6691015753876608,0.9411188551633124,0.5168261299901022,0.7150228884856483,0.7741824067964368,0.4051365061035962,synchronization,synchronization,1
DFL-MAT-J04215,1,164473,DFL-OBJ-J01FUR,Alexis Julian Claude-Maurice,0.3190622029988455,0.0,0.9511987193796416,0.3571173061022407,0.3333333333333333,0.0,0.6820723112773343,0.0,0.9771218244803695,0.2004752969317057,0.27682695480039593,0.0,0.5770166611679314,anticipation,"anticipation,pressure",2
DFL-MAT-J04215,1,170930,DFL-OBJ-0002IG,Marius Wolf,,0.0,0.9866983866167124,0.4588556481829433,,0.0,0.6074696611312662,0.0,0.9983503794127351,0.3847121412075223,1.0,0.0,0.3313108297591554,anticipation,"anticipation,pressure",2
DFL-MAT-J04219,0,32450,DFL-OBJ-002G41,Jamie Leweling,0.486572071009535,0.0,0.6685763363928621,0.5059660407679781,1.0,0.4383553279566567,0.5000819115214801,0.0,0.6830924199934015,0.539812561860772,0.7418086027713626,0.9341234328604421,0.1239380567469482,pressure,pressure,1
DFL-MAT-J04219,0,51204,DFL-OBJ-0028I9,Chris Jan Führich,0.4045773273762484,0.0,0.5123908555191217,0.500720981859859,1.0,0.1751517918126522,0.4618998371720737,0.0,0.32855287033982183,0.5201511464863081,0.7418086027713626,0.7014702243483999,0.08242947871989442,pressure,pressure,1
DFL-MAT-J04219,0,52482,DFL-OBJ-0028I9,Chris Jan Führich,0.5567876491173862,0.0,0.9538756469497666,0.8675232968933988,1.0,0.3002035263549316,0.6659298777734077,0.0,0.97878691026064,0.9251742411745298,0.7418086027713626,0.8129948861761794,0.5197026558891455,pressure,pressure,1
DFL-MAT-J04219,0,54058,DFL-OBJ-0027YK,Deniz Undav,0.515478776791572,0.2323335143792718,0.6094647938773186,0.5276294042583312,1.0,0.3846096566695712,0.4950980682915663,0.9266898300890795,0.5420859452325965,0.6174839161992741,0.7418086027713626,0.8902641454965358,0.11728802375453645,synchronization,synchronization,1
DFL-MAT-J04219,0,60066,DFL-OBJ-0028I9,Chris Jan Führich,0.4846560832409459,0.0522049323111307,0.5162308634547238,0.4317645722897785,1.0,0.3520827849193468,0.6391414484509328,0.7543611844275817,0.3355843780930386,0.3177994061365886,0.7418086027713626,0.8605658198614319,0.42816933355328274,lpc,lpc,1
DFL-MAT-J04219,0,66704,DFL-OBJ-0027YK,Deniz Undav,0.4304265744582421,0.1169325322244869,0.5853900442283861,0.8842804477356232,0.5,0.2342555536990343,0.5541161893889219,0.8583749175189707,0.4855915951831079,0.9274166941603431,0.4198026641372484,0.751293921148136,0.20864091883866712,synchronization,synchronization,1
DFL-MAT-J04219,0,69694,DFL-OBJ-J01D9B,Ramon Hendriks,0.4378799986010849,0.1781547881221178,0.5241598081873481,0.5196319833883724,1.0,0.1818313737258616,0.4353128694697339,0.9039714615638403,0.3516991092048829,0.5894352111514352,0.7418086027713626,0.7071304849884527,0.06031425272187397,synchronization,synchronization,1
DFL-MAT-J04219,0,109097,DFL-OBJ-002GEY,Ermedin Demirović,0.4680828700033171,0.2397366580769127,0.6816283380684296,0.515118781253958,0.6666666666666667,0.1443575963543333,0.7656006912924225,0.9290250742329265,0.7105792230287034,0.5731245875948532,0.5936675189706367,0.6746484246123392,0.8379247773012207,lpc,lpc,1
DFL-MAT-J04219,0,112117,DFL-OBJ-0027YK,Deniz Undav,0.3809610359807706,0.0,0.7921411318652423,0.1441716336828283,0.6666666666666667,0.3433971940917251,0.5243152079446645,0.0,0.8642156054107555,0.09706986143187067,0.5936675189706367,0.8527301220719234,0.15764186737050478,pressure,pressure,1
DFL-MAT-J04219,0,141240,DFL-OBJ-0027YK,Deniz Undav,0.2363145654795832,0.0766510270436572,0.5547898157306883,0.4956177064968516,0.0,0.0,0.5520944657536433,0.8034837924777302,0.4168591224018476,0.5016186902012537,0.0,0.0,0.20497566809633785,anticipation,"anticipation,pos",2
DFL-MAT-J04219,0,157169,DFL-OBJ-J01EAG,Tiago Barreiros de Melo Tomás,0.4714562860257076,0.0,0.7486693216340248,0.2853120974861507,1.0,0.46082986344908,0.5004512665549432,0.0,0.8175210326624877,0.1448727730122072,0.7418086027713626,0.9494442840646651,0.12448964863081491,pressure,pressure,1
DFL-MAT-J04219,0,168937,DFL-OBJ-002G41,Jamie Leweling,0.3176480711965474,0.2111258649845333,0.4274494993594766,0.2878695235486326,0.5,0.1675823777873986,0.4114525578850815,0.9190345595513032,0.18581429396238866,0.14620277961068953,0.4198026641372484,0.6946449191685913,0.04590584790498185,synchronization,synchronization,1
DFL-MAT-J04219,1,10430,DFL-OBJ-J021LJ,Fabio Amado Uri Baldé,0.4569666271458076,0.0533169390594478,0.666569739602908,0.5501210832816686,0.8888888888888888,0.3363771633564345,0.4846511904204721,0.7567531342791158,0.6787312355658198,0.6890774496865721,0.7362926839326955,0.8465285796766744,0.1049313345430551,synchronization,synchronization,1
DFL-MAT-J04219,1,17511,DFL-OBJ-J01N5U,William Mikelbrencis,0.5595535657477945,0.3189007882568538,0.8116879841539903,0.4487845892758692,1.0,0.4211065877155163,0.5535151915374555,0.9472585367865392,0.8815005361266909,0.3575810376113494,0.7418086027713626,0.9207924364896074,0.2075583553282745,synchronization,synchronization,1
DFL-MAT-J04219,1,22542,DFL-OBJ-J021LJ,Fabio Amado Uri Baldé,0.288250272918509,0.0,0.2903594813892102,0.576543673597618,0.5,0.0,0.5329294727230524,0.0,0.0488184592543715,0.7564953810623557,0.4198026641372484,0.0,0.1711739112504124,anticipation,"anticipation,pressure",2
DFL-MAT-J04219,1,24024,DFL-OBJ-002G8B,Ransford-Yeboah Königsdörffer,0.4164055084137962,0.0,0.7230905265560167,0.5246906050745725,0.6666666666666667,0.416698242911214,0.4191735096576771,0.0,0.7840337347410096,0.6066995216100297,0.5936675189706367,0.9172096667766414,0.05019486143187067,pressure,pressure,1
DFL-MAT-J04219,1,41439,DFL-OBJ-J01N5U,William Mikelbrencis,0.5345296252290793,0.2162600390012249,0.7049923845750785,0.5380454314414662,0.8,0.4638700949023126,0.6266465527112917,0.9210398795776972,0.7545570768723193,0.6524249422632794,0.6956450016496206,0.9513619679973606,0.38784126525899043,synchronization,synchronization,1
DFL-MAT-J04219,1,54314,DFL-OBJ-J021LJ,Fabio Amado Uri Baldé,0.4480662664592428,0.109393244428762,0.4359760221697401,0.5845999475903804,0.6,0.3425801095486209,0.678503893242753,0.850049488617618,0.19791322995710986,0.7737648465852854,0.5488081491257011,0.851956862421643,0.5642166364236225,compactness,compactness,1
DFL-MAT-J04219,1,57012,DFL-OBJ-J021LJ,Fabio Amado Uri Baldé,0.3456196232176226,0.1367946322263517,0.4836135870256299,0.5753140800845326,0.4,0.3117137937501169,0.3445868134196931,0.8765774496865721,0.2753732266578687,0.7535982349059717,0.35481276806334544,0.8237947459584296,0.016537446387330915,synchronization,synchronization,1
DFL-MAT-J04219,1,68172,DFL-OBJ-002G8B,Ransford-Yeboah Königsdörffer,0.4338573071521585,0.1582761380288923,0.5028098634038269,0.5685677880782685,0.6666666666666667,0.3918729365476605,0.4445172929677333,0.8923210161662818,0.31014413559881227,0.7372102853843616,0.5936675189706367,0.8966409600791818,0.06685087429891125,synchronization,synchronization,1
DFL-MAT-J04219,1,69457,DFL-OBJ-J01W6J,Rayan Philippe,0.5383847944944211,0.3098005918068093,0.4582570482803478,0.4469969524454438,1.0,0.4611727692417658,0.5542206426491204,0.9454233338832069,0.23283363576377433,0.3535033817222039,0.7418086027713626,0.9496762619597493,0.20882650115473442,synchronization,synchronization,1
DFL-MAT-J04219,1,70370,DFL-OBJ-J01N5U,William Mikelbrencis,0.2265935619633061,0.0615794457347539,0.2990095273939251,0.260643535316542,0.5,0.0,0.3636363636363636,0.7747339986803036,0.05384980204552953,0.1336759732761465,0.4198026641372484,0.0,0.021104833388320685,anticipation,anticipation,1
DFL-MAT-J04219,1,72706,DFL-OBJ-J01N5U,William Mikelbrencis,0.4952985457009346,0.0,0.7277372276290721,0.5382344434289945,1.0,0.3675005376350302,0.5775846291871007,0.0,0.7911992741669416,0.6530641702408446,0.7418086027713626,0.8748608132629495,0.2572995710986473,pressure,pressure,1
DFL-MAT-J04219,1,74737,DFL-OBJ-J01FRO,Fábio Daniel Ferreira Vieira,0.4174018346756329,0.0,0.4239739458288971,0.5205906089853249,0.75,0.2717013554703588,0.6345154239385651,0.0,0.18084996700758826,0.592631351039261,0.6612761877268228,0.7859462636093698,0.4128587924777301,pressure,pressure,1
DFL-MAT-J04219,1,77581,DFL-OBJ-J021LJ,Fabio Amado Uri Baldé,0.5847594361369008,0.2602062922189521,0.3266532068116959,0.467422017794935,1.0,0.5670751746583865,0.7420938806140523,0.9346389392939624,0.07312974265918838,0.4091162157703728,0.7418086027713626,0.9906435582316068,0.7758320273837017,compactness,compactness,1
DFL-MAT-J04219,1,78707,DFL-OBJ-J01W6J,Rayan Philippe,0.3661372796458635,0.0690522001321399,0.933946528182804,0.4555408987049148,1.0,0.0,0.2727272727272727,0.7894826377433191,0.9648166859122402,0.37560829759155395,0.7418086027713626,0.0,7.217090069284065e-05,anticipation,anticipation,1
DFL-MAT-J04219,1,104373,DFL-OBJ-J01W6J,Rayan Philippe,0.3831746824940982,0.0,0.4369747089586708,0.407256159067954,0.8,0.1390737586120747,0.6386147587514868,0.0,0.19950098977235237,0.2704604503464203,0.6956450016496206,0.6697871989442429,0.42639599142197293,pressure,pressure,1
DFL-MAT-J04219,1,106822,DFL-OBJ-J01W6J,Rayan Philippe,0.4744141505696229,0.0,0.9587068883264424,0.8703858864167898,1.0,0.0,0.5999468986585608,0.0,0.9824882464533158,0.9255711811283405,0.7418086027713626,0.0,0.3116958099637083,anticipation,"anticipation,pressure",2
DFL-MAT-J04219,1,108702,DFL-OBJ-002G8B,Ransford-Yeboah Königsdörffer,0.4498362984167287,0.0601812636389999,0.7473010038145906,0.43217966230571,0.75,0.3099568997545362,0.6188411802998306,0.7716100296931706,0.8160002886836027,0.31866545694490267,0.6612761877268228,0.8220317139557902,0.36408157373804023,lpc,lpc,1
DFL-MAT-J04219,1,110584,DFL-OBJ-002G8B,Ransford-Yeboah Königsdörffer,0.5067006520442551,0.1597967116678872,0.5351416895837812,0.5584727572142145,1.0,0.4035871694618704,0.5093107726818198,0.8933468739689872,0.37401538271197626,0.7115741504453975,0.7418086027713626,0.9066520950181458,0.1358462553612669,synchronization,synchronization,1
DFL-MAT-J04219,1,114142,DFL-OBJ-J01W6J,Rayan Philippe,0.4472772504303209,0.0,0.5004221067073058,0.4885382890182427,1.0,0.4609417923352305,0.3636363636363636,0.0,0.30585512207192345,0.4762557736720554,0.7418086027713626,0.9495009897723523,0.021104833388320685,pressure,pressure,1
DFL-MAT-J04219,1,115611,DFL-OBJ-J01W6J,Rayan Philippe,0.2726742802873527,0.0450816902975322,0.6888320710622494,0.1405776800484573,0.4444444444444444,0.0,0.5601690456039612,0.7365710574067964,0.724822665786869,0.09608524414384692,0.4128278620917189,0.0,0.22045117123061697,anticipation,anticipation,1
DFL-MAT-J04219,1,120412,DFL-OBJ-J01N5U,William Mikelbrencis,0.3895380421472956,0.0,0.9718848979139768,0.426295226595331,0.5,0.0,0.838465741248948,0.0,0.9928550808314087,0.3063706285054437,0.4198026641372484,0.0,0.9605998432860442,anticipation,"anticipation,pressure",2
DFL-MAT-J04219,1,125603,DFL-OBJ-002G8B,Ransford-Yeboah Königsdörffer,0.4984590687662984,0.1656985812589825,0.7322811963024802,0.5549513903752755,0.8,0.366,0.5882676977983008,0.8969141784889475,0.7971585285384362,0.7024290663147477,0.6956450016496206,0.8734122401847575,0.28222946222368855,synchronization,synchronization,1
DFL-MAT-J04219,1,125707,DFL-OBJ-002G8B,Ransford-Yeboah Königsdörffer,0.3198120026129348,0.0450880681759069,0.6688963639079653,0.5005123775959711,0.5,0.1217929318799229,0.4071991207460521,0.7366019877928076,0.6838450593863411,0.5194036621577037,0.4198026641372484,0.6541261134938964,0.041271445067634444,synchronization,synchronization,1
DFL-MAT-J04219,1,146015,DFL-OBJ-002G8B,Ransford-Yeboah Königsdörffer,0.5957816332695896,0.3710855522485682,0.6251800462463345,0.9035934317986964,1.0,0.4204028732007119,0.4877738328591502,0.9552540415704388,0.5806458264599142,0.9305715935334873,0.7418086027713626,0.9201789838337182,0.10845739854833389,synchronization,synchronization,1
DFL-MAT-J04219,1,155343,DFL-OBJ-J01FRO,Fábio Daniel Ferreira Vieira,0.3265709602176142,0.0,0.568386357066781,0.5616094800579213,0.5714285714285714,0.0,0.5609187912043883,0.0,0.44696985318376775,0.7199511299901022,0.5311932942923128,0.0,0.22199769053117782,anticipation,"anticipation,pressure",2
DFL-MAT-J04219,1,159841,DFL-OBJ-J01N5U,William Mikelbrencis,0.5514259344238476,0.2715746469827983,0.4649126086780925,0.5197185306006126,1.0,0.4411041994919729,0.6281825335589839,0.9373298828769383,0.24384485318376772,0.589708429561201,0.7418086027713626,0.9363040250742329,0.39256330419003627,compactness,compactness,1
DFL-MAT-J04219,1,160372,DFL-OBJ-0027HO,Robert-Nesta Glatzel,0.4883727657518039,0.0,0.7681896752262891,0.5040786289177625,0.8888888888888888,0.388859675614169,0.6122065591479666,0.0,0.8397290498185417,0.5327449686572089,0.7362926839326955,0.8939757918178819,0.34470368690201253,pressure,pressure,1
DFL-MAT-J0421J,0,16635,DFL-OBJ-002GPZ,Justin Gideon Njinmah,0.2684028122234682,0.0,0.901155967423678,0.017692505061286,0.25,0.0,0.7218877031433575,0.0,0.942783940943583,0.04614813592873639,0.21053282744968657,0.0,0.7141207522269878,anticipation,"anticipation,pressure",2
DFL-MAT-J0421J,0,21175,DFL-OBJ-J01DCO,Yukinari Sugawara,0.5682934057696769,0.3132006627950268,0.5742509555262932,0.6330059704023764,1.0,0.4943768826756692,0.5048263560343349,0.9461244226327945,0.4600585615308479,0.8477709501814583,0.7418086027713626,0.9682190283734741,0.13001587759815242,synchronization,synchronization,1
DFL-MAT-J0421J,0,41267,DFL-OBJ-002GPZ,Justin Gideon Njinmah,0.36582685012037,0.0845420408817833,0.6898404264279385,0.5373200395650496,0.7142857142857143,0.0,0.5263562757223819,0.8168972698779281,0.726652713625866,0.6501154734411085,0.648527713625866,0.0,0.16076068129330254,anticipation,anticipation,1
DFL-MAT-J0421J,0,48070,DFL-OBJ-002GPZ,Justin Gideon Njinmah,0.5646115432826131,0.6808721200910484,0.3507704243109634,0.5533720444686799,1.0,0.381715781605724,0.4083278306612737,0.9775754701418674,0.09399228802375453,0.6984905971626526,0.7418086027713626,0.8877690943582975,0.04186943253051798,synchronization,synchronization,1
DFL-MAT-J0421J,0,49085,DFL-OBJ-002GPZ,Justin Gideon Njinmah,0.2164145432630972,0.0,0.2605477029476758,0.4755759601354378,0.0,0.2220449762207148,0.4090909090909091,0.0,0.03435850379412735,0.43387598977235237,0.0,0.740524991751897,0.042245752226987794,pos,"pos,pressure",2
DFL-MAT-J0421J,0,61331,DFL-OBJ-J01TR0,Olivier Deman,0.6411055480432436,0.7029000587417437,0.5538457633387563,0.503701216551654,1.0,0.4418544973766247,0.63606526714294,0.9783487297921478,0.4148177169251072,0.5313221709006929,0.7418086027713626,0.9367989112504124,0.41767877763114486,compactness,compactness,1
DFL-MAT-J0421J,0,67813,DFL-OBJ-J01DCO,Yukinari Sugawara,0.3057836634169621,0.0640685184325869,0.637053131471293,0.4932979373301541,0.5,0.0,0.4729378133144351,0.7798426674364896,0.6096946139887826,0.49316438469152096,0.4198026641372484,0.0,0.09276022764764104,anticipation,anticipation,1
DFL-MAT-J0421J,0,70374,DFL-OBJ-002FW5,Amos Pieper,,0.0,0.3642550225590043,0.4982808491858089,,0.0,0.4591665513619831,0.0,0.10737999010227647,0.5110576129990102,1.0,0.0,0.08004268393269548,anticipation,"anticipation,pressure",2
DFL-MAT-J0421J,0,103708,DFL-OBJ-J01VZA,Jovan Milošević,0.458000110165926,0.2064488481314077,0.6410520157712921,0.4085663248261618,0.5,0.365686276826117,0.7130907498013277,0.9172045117123062,0.6194531507753217,0.27299674199934015,0.4198026641372484,0.8731132464533158,0.6844533569778951,lpc,lpc,1
DFL-MAT-J0421J,0,103746,DFL-OBJ-J01VZA,Jovan Milošević,0.5628798134822248,0.3342922445851656,0.6568349537191324,0.4903143723313005,1.0,0.4570484533496358,0.5514650226575512,0.9499082398548334,0.6565077532167601,0.4823542147806005,0.7418086027713626,0.9468976822830749,0.20389310458594523,synchronization,synchronization,1
DFL-MAT-J0421J,0,109499,DFL-OBJ-J01VZA,Jovan Milošević,0.6704805809363306,0.7757897255711784,0.6464982096268916,0.5589129909757268,1.0,0.5188567575671907,0.5576052617811802,0.9805860277136259,0.6324903084790499,0.7127907456285054,0.7418086027713626,0.9780188056746948,0.21549199934015176,synchronization,synchronization,1
DFL-MAT-J0421J,0,120116,DFL-OBJ-J01DCO,Yukinari Sugawara,0.3746616205363963,0.0,0.4655394858071916,0.5758852914989148,0.375,0.3481965051870804,0.5927213926673994,0.0,0.2448346255361267,0.7549694820191356,0.3457553200263939,0.8572201831078852,0.293292230287034,pressure,pressure,1
DFL-MAT-J0421J,0,136418,DFL-OBJ-002GPZ,Justin Gideon Njinmah,0.322996477615861,0.2722110077580537,0.4644724413159105,0.5241343024299542,0.375,0.176792013307877,0.3181818181818182,0.9374896898713296,0.2430922137908281,0.6047096667766414,0.3457553200263939,0.702795075882547,0.008031590234246124,synchronization,synchronization,1
DFL-MAT-J0421J,0,139815,DFL-OBJ-002GPZ,Justin Gideon Njinmah,0.4084799909579313,0.0,0.9411609457879004,0.4284978124628336,0.7777777777777778,0.0,0.722262778569448,0.0,0.9699717502474431,0.31091739524909273,0.6903610607060376,0.0,0.7153167271527548,anticipation,"anticipation,pressure",2
DFL-MAT-J0421J,0,143392,DFL-OBJ-0000DT,Leonardo Jesus Loureiro Bittencourt,0.4895911672781287,0.0660009959839771,0.9577312166037772,0.0647963732751397,0.8333333333333334,0.5576035776425108,0.5977153999514854,0.7837295859452326,0.9817510722533818,0.07781054107555262,0.7150228884856483,0.9890454882876938,0.3060922550313428,lpc,lpc,1
DFL-MAT-J0421J,0,175713,DFL-OBJ-002FX2,Romano Christian Schmid,0.3042836427939573,0.0,0.5192280396637566,0.6050375188017942,0.5,0.0,0.5047180101800907,0.0,0.34157971791487957,0.8106647970966677,0.4198026641372484,0.0,0.12986122566809633,anticipation,"anticipation,pressure",2
DFL-MAT-J0421J,0,175746,DFL-OBJ-J01DCO,Yukinari Sugawara,0.2586112266290412,0.1615028127296689,0.5772256758808614,0.6626450574562224,0.25,0.0,0.2809007933623784,0.8943727317716925,0.46687871164632133,0.8741494143846915,0.21053282744968657,0.0,0.004624092708677004,anticipation,anticipation,1
DFL-MAT-J0421J,0,177840,DFL-OBJ-J020YN,Marco Grüll,0.4303302838318166,0.1737647167210448,0.7898672713763741,0.567988972101966,0.8571428571428572,0.0,0.5837626112199759,0.9016413724843286,0.8619731524249422,0.7358648135928736,0.7251474348399868,0.0,0.2714296024414385,anticipation,anticipation,1
DFL-MAT-J0421J,0,177926,DFL-OBJ-J020YN,Marco Grüll,0.3629401647600053,0.0809584426673444,0.8275063563933973,0.6818282313746613,0.3333333333333333,0.271390870469627,0.3800723914435168,0.8110204965357968,0.8939345513032002,0.8856297426591884,0.27682695480039593,0.7856988205212802,0.02990452820851204,synchronization,synchronization,1
DFL-MAT-J0421J,1,19204,DFL-OBJ-002G8B,Ransford-Yeboah Königsdörffer,0.4905977456917775,0.0,0.827845580480594,0.4440247820795823,1.0,0.2111542722364043,0.7421344831736418,0.0,0.8941665291982844,0.346188345430551,0.7418086027713626,0.7313077367205543,0.7759505938634114,pressure,pressure,1
DFL-MAT-J0421J,1,20641,DFL-OBJ-002G8B,Ransford-Yeboah Königsdörffer,0.3950522137264817,0.129433074753865,0.5746752387693181,0.5289744463301005,0.4,0.2567843243673157,0.6375039175421491,0.8705047838997031,0.46103286869020127,0.6218657208841967,0.35481276806334544,0.7717801468162323,0.4224214368195315,pos,pos,1
DFL-MAT-J0421J,1,20666,DFL-OBJ-002G8B,Ransford-Yeboah Königsdörffer,0.5723695514507603,0.1980766611557035,0.5821895181665349,0.5568903899293495,1.0,0.4918898016231869,0.672283447563888,0.9138640300230947,0.478328109534807,0.707470719234576,0.7418086027713626,0.9671055344770703,0.5421942015836357,compactness,compactness,1
DFL-MAT-J0421J,1,25508,DFL-OBJ-J01HP7,Miro Max Maria Muheim,0.5770618177584274,0.2221714336744832,0.6932244583680831,0.4768088220909463,1.0,0.4659067488648292,0.7046704137789218,0.9232565572418344,0.7329470471791488,0.4377629082810954,0.7418086027713626,0.9525476327944573,0.6556159270867701,lpc,lpc,1
DFL-MAT-J0421J,1,25559,DFL-OBJ-J01HP7,Miro Max Maria Muheim,0.3378339545296498,0.055030728496941,0.6927170511506826,0.4338638414200437,0.6666666666666667,0.0,0.5161381274707257,0.7601554767403497,0.7319005691191026,0.3223203975585615,0.5936675189706367,0.0,0.14502226987792807,anticipation,anticipation,1
DFL-MAT-J0421J,1,45506,DFL-OBJ-J02594,Albert Grønbæk Erlykke,0.4016931554882847,0.0779326971739196,0.4456275693494513,0.4348209832787104,0.5714285714285714,0.3359483568721423,0.5994362567672047,0.8058499670075883,0.21281652095018147,0.32445459419333555,0.5311932942923128,0.8461161745298581,0.3103503381722204,compactness,compactness,1
DFL-MAT-J0421J,1,57157,DFL-OBJ-002G8B,Ransford-Yeboah Königsdörffer,0.3454339042711142,0.1576515848645593,0.2698392526453372,0.5273981169912487,0.0,0.2729388436392973,0.7886053861254166,0.8919240762124712,0.03858050148465853,0.6166178653909601,0.0,0.7870855328274496,0.8888104173540086,pos,pos,1
DFL-MAT-J0421J,1,57552,DFL-OBJ-002G8B,Ransford-Yeboah Königsdörffer,0.370895403280605,0.0413697584783737,0.6334469994992393,0.3208780435471608,0.8,0.0,0.6693047623177737,0.7267042642692181,0.6005649950511383,0.16682819201583635,0.6956450016496206,0.0,0.5319253134279116,anticipation,anticipation,1
DFL-MAT-J0421J,1,65290,DFL-OBJ-0027HO,Robert-Nesta Glatzel,0.4925292979088165,0.0,0.783490370004481,0.5689688385100058,1.0,0.2920616944906009,0.6077818812171778,0.0,0.8557045941933356,0.7381845925437149,0.7418086027713626,0.8052313592873639,0.33210470966677663,pressure,pressure,1
DFL-MAT-J0421J,1,76161,DFL-OBJ-J01FRO,Fábio Daniel Ferreira Vieira,0.691529162685919,1.0,0.9430840773995312,0.142240564888148,1.0,0.5826643924210276,0.5107579024388931,0.9853338419663478,0.971342997360607,0.09654919993401517,0.7418086027713626,0.9926643434510063,0.1377742494226328,lpc,lpc,1
DFL-MAT-J0421J,1,105576,DFL-OBJ-002G8B,Ransford-Yeboah Königsdörffer,0.3298383268058271,0.0647514597619004,0.7926899837423029,0.528204846749368,0.625,0.0,0.4090909090909091,0.7814201171230617,0.8647259567799406,0.6194016001319697,0.5823521527548664,0.0,0.042245752226987794,anticipation,anticipation,1
DFL-MAT-J0421J,1,113803,DFL-OBJ-J01FRO,Fábio Daniel Ferreira Vieira,0.4420902509905098,0.0,0.7992849518920172,0.4849732854388985,1.0,0.0,0.7302363657872533,0.0,0.8709068789178489,0.46392485978225007,0.7418086027713626,0.0,0.7400507258330584,anticipation,"anticipation,pressure",2
DFL-MAT-J0421J,1,116512,DFL-OBJ-J01N5U,William Mikelbrencis,0.5414784996356385,0.2687666185059214,0.8380958019185081,0.2297519027739652,1.0,0.4680159922809825,0.5783274017458002,0.9366287941273507,0.9011104008578027,0.12194820191355989,0.7418086027713626,0.9539188799076213,0.2590935334872979,lpc,lpc,1
DFL-MAT-J0421J,1,119926,DFL-OBJ-002G8B,Ransford-Yeboah Königsdörffer,0.5382191538889165,0.2336126325944035,0.5676990024284394,0.5779194004698595,1.0,0.4499584118985269,0.5173413014264348,0.9271795612009238,0.44537693830419006,0.7597121412075223,0.7418086027713626,0.9423715357967667,0.14680592213790827,synchronization,synchronization,1
DFL-MAT-J0421J,1,121233,DFL-OBJ-J01N5U,William Mikelbrencis,0.2514735953980084,0.0,0.5118914543352115,0.5644999876716164,0.0,0.0,0.6702794131941872,0.0,0.32762495875948533,0.7273331821181128,0.0,0.0,0.5353637413394919,anticipation,"anticipation,pos,pressure",3
DFL-MAT-J0421J,1,121600,DFL-OBJ-002G8B,Ransford-Yeboah Königsdörffer,0.3603015736961958,0.0578584279395158,0.6579182611482809,0.4205936918539449,0.6,0.0,0.6930765534388692,0.7666096172880238,0.658868772682283,0.2949160755526229,0.5488081491257011,0.0,0.6152466182777961,anticipation,anticipation,1
DFL-MAT-J0421J,1,121660,DFL-OBJ-002G8B,Ransford-Yeboah Königsdörffer,0.6525189667232225,0.8651093562416401,0.6558071848941887,0.4516265696574128,1.0,0.4940518994979145,0.4767842929513142,0.982699604091059,0.6541106483008908,0.3650713460903992,0.7418086027713626,0.9680849967007589,0.0967657126360937,synchronization,synchronization,1
DFL-MAT-J0421J,1,133933,DFL-OBJ-002G8B,Ransford-Yeboah Königsdörffer,0.528674484120962,0.3691166674100724,0.7812091168406768,0.5057187192570703,1.0,0.4413809595288132,0.3181818181818182,0.954980823160673,0.853353884856483,0.5388021692510723,0.7418086027713626,0.9364792972616298,0.008031590234246124,synchronization,synchronization,1
DFL-MAT-J0421J,1,157101,DFL-OBJ-J01N5U,William Mikelbrencis,0.5313670612511675,0.2467549341539982,0.7627997742717972,0.4986665701251682,1.0,0.352127048672107,0.5507348663771208,0.9311592708677005,0.8339089821840977,0.5126505278785879,0.7418086027713626,0.8605915951831079,0.2023929808644012,synchronization,synchronization,1
DFL-MAT-J0421J,1,157950,DFL-OBJ-0027HO,Robert-Nesta Glatzel,0.5000946719677763,0.0697347443953667,0.8662366268978852,0.6080848231944747,1.0,0.3361022925450085,0.4778872635639294,0.7907404734411085,0.9195294457274826,0.8152115638403167,0.7418086027713626,0.8462759815242494,0.09780703563180468,synchronization,synchronization,1
DFL-MAT-J0421J,1,166767,DFL-OBJ-J01N5U,William Mikelbrencis,0.3278965613673709,0.0,0.9726011543373456,0.379980002004786,0.25,0.0,0.7675180736723433,0.0,0.9933293467502474,0.22880237545364565,0.21053282744968657,0.0,0.8425024744308809,anticipation,"anticipation,pressure",2
DFL-MAT-J0421J,1,167886,DFL-OBJ-J01IZ9,Nicolai Remberg,0.3274344692429265,0.0,0.6803397182211055,0.5097867393599457,0.6666666666666667,0.0,0.4777332378318336,0.0,0.7078831243813922,0.5537776311448367,0.5936675189706367,0.0,0.09769362421643023,anticipation,"anticipation,pressure",2
DFL-MAT-J0421J,1,174115,DFL-OBJ-J01QPG,Damion Lamar Downs,0.4118572502723323,0.0,0.7810792550242912,0.4774761279065628,1.0,0.2473571211551266,0.3278486360757792,0.0,0.8532610936984494,0.4397682283074893,0.7418086027713626,0.7630783982184097,0.013408322335862751,pressure,pressure,1
DFL-MAT-J0421J,1,175397,DFL-OBJ-J01G5F,Warmed Omari,0.2963643628633093,0.071920046273655,0.6445094792679178,0.5840321386642416,0.3333333333333333,0.0,0.4958470642659632,0.794993401517651,0.6278301303200264,0.772512165951831,0.27682695480039593,0.0,0.11819531507753217,anticipation,anticipation,1
DFL-MAT-J0421J,1,182890,DFL-OBJ-J01N5U,William Mikelbrencis,0.4356374564957065,0.2366416353060832,0.5443588515464788,0.2694243612189575,1.0,0.1593448059990665,0.5327834504568493,0.9282105740679644,0.3938159848234906,0.1372742081821181,0.7418086027713626,0.6878917848894754,0.17089038271197624,lpc,lpc,1
DFL-MAT-J0421J,1,184469,DFL-OBJ-J01N5U,William Mikelbrencis,0.6168045145618319,0.5029928646889864,0.8155996711232703,0.1706722668496536,1.0,0.4725755125574366,0.7605495356089453,0.9683891454965358,0.8847276064005278,0.10454985978225008,0.7418086027713626,0.956578893104586,0.8257330501484659,lpc,lpc,1
DFL-MAT-J0421W,0,34090,DFL-OBJ-002G8B,Ransford-Yeboah Königsdörffer,0.4734771698441712,0.0360451799833975,0.8882713018991445,0.3790326271613893,0.8888888888888888,0.3244641584112876,0.6053237410195997,0.7115999257670735,0.9336285466842627,0.22746205872649292,0.7362926839326955,0.8356823243154075,0.32571242989112503,lpc,lpc,1
DFL-MAT-J0421W,0,34193,DFL-OBJ-002G8B,Ransford-Yeboah Königsdörffer,0.6568923529576582,0.288572700172985,0.8999573211498231,0.4364128685953102,1.0,0.6707011311616284,0.7430823933271988,0.9411858709996701,0.9418147888485648,0.3279548828769383,0.7418086027713626,0.997154404486968,0.7788219646981195,lpc,lpc,1
DFL-MAT-J0421W,0,37030,DFL-OBJ-J01FRO,Fábio Daniel Ferreira Vieira,0.2658165532306958,0.0578128216336423,0.7311828953590912,0.4591168433452832,0.5,0.0,0.2727272727272727,0.7665065160013197,0.7957511959749257,0.38538745463543383,0.4198026641372484,0.0,7.217090069284065e-05,anticipation,anticipation,1
DFL-MAT-J0421W,0,40946,DFL-OBJ-J01N5U,William Mikelbrencis,0.4075684867888968,0.0,0.670101173483414,0.5689239934090965,1.0,0.1050899071548449,0.4528024099431476,0.0,0.6865205377763115,0.7381021115143517,0.7418086027713626,0.6391712718574728,0.0729802457934675,pressure,pressure,1
DFL-MAT-J0421W,0,62729,DFL-OBJ-0027HO,Robert-Nesta Glatzel,0.5423159206106954,0.0,0.8361784358736203,0.3819641471876246,1.0,0.5043137501959766,0.6995719725728449,0.0,0.8998164797096668,0.2315397146156384,0.7418086027713626,0.9723740102276477,0.6382175849554602,pressure,pressure,1
DFL-MAT-J0421W,0,67625,DFL-OBJ-J01N5U,William Mikelbrencis,0.5147317711496587,0.1625370176002327,0.8294010674376899,0.5151877204361754,1.0,0.4712041147366505,0.3831033281158111,0.8949500989772352,0.8952026971296602,0.5733411002969317,0.7418086027713626,0.9558262537116463,0.031085037941273506,synchronization,synchronization,1
DFL-MAT-J0421W,0,75226,DFL-OBJ-J01FRO,Fábio Daniel Ferreira Vieira,0.4248173361743192,0.0,0.936851687296319,0.5455618216275991,1.0,0.0,0.5606029444284883,0.0,0.9665590976575388,0.675509320356318,0.7418086027713626,0.0,0.22129660178159025,anticipation,"anticipation,pressure",2
DFL-MAT-J0421W,0,76948,DFL-OBJ-J01N5U,William Mikelbrencis,0.545001012901613,0.0813557322969091,0.93001277751858,0.1284248547654296,1.0,0.5975384892983109,0.6468536266348425,0.8116751897063675,0.9622288436159683,0.0928684839986803,0.7418086027713626,0.9941953975585616,0.45444469646981195,lpc,lpc,1
DFL-MAT-J0421W,0,100785,DFL-OBJ-0027AT,Bakery Jatta,0.5015603337551756,0.2052708186641539,0.4451816627630169,0.5025324541354071,1.0,0.3747312715887977,0.5419725827120208,0.9168127268228308,0.21210512207192345,0.5269403662157703,0.7418086027713626,0.8812427829099307,0.1862627845595513,synchronization,synchronization,1
DFL-MAT-J0421W,0,112956,DFL-OBJ-J01G5F,Warmed Omari,0.3497504628900741,0.0,0.5465656051009711,0.492026936217516,1.0,0.0,0.3852708738726122,0.0,0.3985586440118773,0.48841141537446386,0.7418086027713626,0.0,0.03200779445727483,anticipation,"anticipation,pressure",2
DFL-MAT-J0421W,0,114478,DFL-OBJ-J01N5U,William Mikelbrencis,0.4160395152261325,0.1245137047261917,0.7452935550151247,0.5593002087322682,0.5714285714285714,0.1736187152324811,0.6157993635072649,0.8657724348399868,0.8135619432530518,0.713744432530518,0.5311932942923128,0.7002484741009568,0.3551736225668096,synchronization,synchronization,1
DFL-MAT-J0421W,0,119722,DFL-OBJ-002G8B,Ransford-Yeboah Königsdörffer,0.3751887368256399,0.0,0.6619203568585585,0.5325988818726304,0.5,0.162566576494205,0.6503105744427177,0.0,0.6683850214450676,0.6339285714285714,0.4198026641372484,0.6905775734081161,0.4664920818211811,pressure,pressure,1
DFL-MAT-J0421W,0,128547,DFL-OBJ-J01N5U,William Mikelbrencis,0.50355523132412,0.1169172762931063,0.5788446118715642,0.108695533781311,1.0,0.4501204273584822,0.725253858920175,0.8583491421972946,0.4705852029033322,0.08804849884526558,0.7418086027713626,0.9424694820191356,0.7248896816232266,lpc,lpc,1
DFL-MAT-J0421W,0,130039,DFL-OBJ-J02594,Albert Grønbæk Erlykke,0.3562851226461013,0.0380063628950313,0.3913153365084995,0.0716880648318157,0.7142857142857143,0.2436448400822572,0.6402861492204905,0.7173220471791488,0.13679478719894425,0.07950655724183438,0.648527713625866,0.7596915209501814,0.431808808973936,lpc,lpc,1
DFL-MAT-J0421W,0,147167,DFL-OBJ-J01G5F,Warmed Omari,0.4137374131392477,0.0,0.595320119724348,0.4962677795766746,1.0,0.0,0.6675212265484429,0.0,0.508892485978225,0.5039745546024414,0.7418086027713626,0.0,0.5255742741669416,anticipation,"anticipation,pressure",2
DFL-MAT-J0421W,0,149050,DFL-OBJ-J01QSK,Otto Emerson Stange,0.3506027640524025,0.1051910659844019,0.5987380667397658,0.5308603064444336,0.5,0.0,0.6411335515545513,0.84501814582646,0.5170168673705048,0.628175519630485,0.4198026641372484,0.0,0.4348193665456945,anticipation,anticipation,1
DFL-MAT-J0421W,0,162639,DFL-OBJ-J02594,Albert Grønbæk Erlykke,0.5487199410247642,0.0646576022870687,0.9068981832778764,0.5254993806902652,1.0,0.3830898803651609,0.6937622337858487,0.7812396898713296,0.9467172550313427,0.6098028703398218,0.7418086027713626,0.8888155724183437,0.6177829099307159,lpc,lpc,1
DFL-MAT-J0421W,0,172084,DFL-OBJ-J01QSK,Otto Emerson Stange,0.3247779253380234,0.1015242397401544,0.6388590810231071,0.5090190693847126,0.4285714285714286,0.1101255262824975,0.4545454545454545,0.8402600214450676,0.6141949851534148,0.5508701748597823,0.3951150610359617,0.6437850544374794,0.07426901187726823,synchronization,synchronization,1
DFL-MAT-J0421W,0,172862,DFL-OBJ-J01FRO,Fábio Daniel Ferreira Vieira,0.4263657817748916,0.0,0.5432913282680312,0.4689983134244055,1.0,0.3424402981831205,0.3888284961737719,0.0,0.3915013609369845,0.41360112174199937,0.7418086027713626,0.8518279858132629,0.03332749092708677,pressure,pressure,1
DFL-MAT-J0421W,1,12489,DFL-OBJ-J02110,Albian Hajdari,0.4804227839822552,0.0,0.7762674341829987,0.4654583978703495,1.0,0.2693748345936141,0.6376745479478476,0.0,0.8484411085450346,0.4035023507093369,0.7418086027713626,0.7837089656878918,0.42310190531177827,pressure,pressure,1
DFL-MAT-J0421W,1,18273,DFL-OBJ-0026TU,Andrej Kramarić,0.534780579435635,0.1205763535208547,0.7544491578742547,0.6050038881970367,1.0,0.3983617099854296,0.5728019133197877,0.862091718904652,0.8242947871989442,0.8105823160673045,0.7418086027713626,0.9021826542395249,0.2469945974925767,synchronization,synchronization,1
DFL-MAT-J0421W,1,39813,DFL-OBJ-J0133P,Vladimir Coufal,0.2876727114049097,0.0,0.4242567038496329,0.4995166547035997,0.5,0.0,0.523277227055696,0.0,0.1812933025404157,0.5158260475090729,0.4198026641372484,0.0,0.15595616133289344,anticipation,"anticipation,pressure",2
DFL-MAT-J0421W,1,43438,DFL-OBJ-002GBW,Tim Lemperle,0.4254870385762955,0.0,0.8235901194343966,0.1546749774770472,1.0,0.3652043441628444,0.4336417820083479,0.0,0.8911250412405147,0.10008557406796437,0.7418086027713626,0.8726905311778291,0.05923168921148136,pressure,pressure,1
DFL-MAT-J0421W,1,60762,DFL-OBJ-002GBW,Tim Lemperle,0.4403507333279264,0.0,0.8050640077766477,0.7420269651805653,0.8571428571428572,0.0,0.6827979503178525,0.0,0.8759072913229957,0.906404651930056,0.7251474348399868,0.0,0.5795323325635104,anticipation,"anticipation,pressure",2
DFL-MAT-J0421W,1,68211,DFL-OBJ-002GBW,Tim Lemperle,0.6343991136254526,0.2863404620224929,0.8057177429634619,0.4632441280234173,1.0,0.5959049786706409,0.7408698045441848,0.9407940861101947,0.8764382629495217,0.3971719317057077,0.7418086027713626,0.994004660178159,0.772635887495876,lpc,lpc,1
DFL-MAT-J0421W,1,104011,DFL-OBJ-002GBW,Tim Lemperle,0.3888018141625524,0.1098905924817978,0.6672600432167839,0.5880723361580356,0.5,0.2773717309348108,0.4555421570182247,0.8506629412735071,0.6802468244803695,0.7808118195315078,0.4198026641372484,0.7913229957109865,0.07676406301550644,synchronization,synchronization,1
DFL-MAT-J0421W,1,115737,DFL-OBJ-J0231Z,Bazoumana Toure,0.381525747624557,0.1689864410730815,0.699074876014153,0.5636806865198162,0.6666666666666667,0.0,0.5424833908964215,0.8988473276146486,0.7435767898383372,0.7253433272847245,0.5936675189706367,0.0,0.18726802210491586,anticipation,anticipation,1
DFL-MAT-J0421W,1,121458,DFL-OBJ-J0133P,Vladimir Coufal,0.3490545108321404,0.0,0.3768508464429222,0.6067495978389741,0.3333333333333333,0.0,0.9005493186244897,0.0,0.1203604420983174,0.8132320191355988,0.27682695480039593,0.0,0.9945871824480369,anticipation,"anticipation,pressure",2
DFL-MAT-J0421W,1,122453,DFL-OBJ-J0133P,Vladimir Coufal,0.5752078773880512,0.392695481764945,0.5902019108930562,0.5472718074723756,1.0,0.4770162612375116,0.5277578513711783,0.9578831243813922,0.49674715440448697,0.6808912075222698,0.7418086027713626,0.9593110772022435,0.16293611844275815,synchronization,synchronization,1
DFL-MAT-J0421W,1,122483,DFL-OBJ-J0133P,Vladimir Coufal,0.461577712809328,0.157788662452661,0.615611260098051,0.6115362200409596,0.6,0.3542664044132345,0.6014028867305632,0.8920374876278456,0.557164508413065,0.8202583718244804,0.5488081491257011,0.8626020702738371,0.3156703645661498,synchronization,synchronization,1
DFL-MAT-J0421W,1,142710,DFL-OBJ-0026TU,Andrej Kramarić,0.3987423549345302,0.0,0.9458716022435408,0.0735458561823641,0.8,0.2906135103143643,0.544164995202338,0.0,0.9734617288023755,0.08002721873968988,0.6956450016496206,0.803659064665127,0.19020640877598152,pressure,pressure,1
DFL-MAT-J0421W,1,156271,DFL-OBJ-J0231Z,Bazoumana Toure,0.5479132516153985,0.4561459087722392,0.7598533019141054,0.5154416827933235,1.0,0.3403439220680303,0.4433885781319826,0.964404280765424,0.8305066397228638,0.5742947871989442,0.7418086027713626,0.8499566974595842,0.06600544374793797,synchronization,synchronization,1
DFL-MAT-J0421W,1,156509,DFL-OBJ-J0231Z,Bazoumana Toure,0.5202070034024897,0.430650998436999,0.6215141506220111,0.459543169956061,1.0,0.4339518142224974,0.3181818181818182,0.9620535714285714,0.5713564005278786,0.3866762207192346,0.7418086027713626,0.9309324480369515,0.008031590234246124,synchronization,synchronization,1
DFL-MAT-J0421W,1,156532,DFL-OBJ-J0231Z,Bazoumana Toure,0.4992329835691651,0.228684167908825,0.649792622046698,0.4660272123086847,1.0,0.4974042737463549,0.3181818181818182,0.9254474595842956,0.6401094935664797,0.4052189871329594,0.7418086027713626,0.9695387248432861,0.008031590234246124,synchronization,synchronization,1
DFL-MAT-J0421W,1,160895,DFL-OBJ-J01XKB,William Cole Campbell,0.2463704174332236,0.0,0.9028238225513372,0.0973272046099234,0.4,0.0,0.4538987642854091,0.0,0.943954140547674,0.08552767238535137,0.35481276806334544,0.0,0.07378443582975916,anticipation,"anticipation,pressure",2
DFL-MAT-J0421W,1,167499,DFL-OBJ-J01KA5,Max Moerstedt,0.554194072948561,0.172196899713322,0.6927164721584023,0.5150895864685708,1.0,0.528581142290417,0.5512245049060172,0.900687685582316,0.7318902589904323,0.5730060211151435,0.7418086027713626,0.9814520785219399,0.20338275321676014,synchronization,synchronization,1
DFL-MAT-J0421W,1,173057,DFL-OBJ-J01KA5,Max Moerstedt,0.5585387078976821,0.5104303962589685,0.3681635199356392,0.3396823745768734,1.0,0.4536271883169556,0.5723397172035694,0.9689304272517321,0.1111431870669746,0.1828604420983174,0.7418086027713626,0.9448253464203233,0.2461233916199274,compactness,compactness,1
DFL-MAT-J0421W,1,173847,DFL-OBJ-J0133P,Vladimir Coufal,0.3484379633177403,0.0861807060426427,0.8226053733918259,0.7611643001311112,0.6666666666666667,0.0,0.2994399624334722,0.8194232514021775,0.8903569366545695,0.9102142444737711,0.5936675189706367,0.0,0.00616030188056747,anticipation,anticipation,1
DFL-MAT-J0421Z,0,16239,DFL-OBJ-002FU7,Jonathan Michael Burkardt,0.4609541972885683,0.0,0.7835575714122397,0.2916201388325739,1.0,0.3795578002146973,0.5224568322233576,0.0,0.8557767650940283,0.14819778950841306,0.7418086027713626,0.8857895496535797,0.1544869679973606,pressure,pressure,1
DFL-MAT-J0421Z,0,19674,DFL-OBJ-J01FDE,Arnaud Kalimuendo Muinga,0.2269943624702254,0.0,0.570353645695906,0.51817455581362,0.25,0.0,0.3636363636363636,0.0,0.451346502804355,0.5843368525239195,0.21053282744968657,0.0,0.021104833388320685,anticipation,"anticipation,pressure",2
DFL-MAT-J0421Z,0,39503,DFL-OBJ-002GKG,Ansgar Knauff,0.3499601450237853,0.0,0.5468153262598807,0.5977706940926314,0.6666666666666667,0.0,0.5849885806462201,0.0,0.3991411662817552,0.7984730699439129,0.5936675189706367,0.0,0.2741927169251072,anticipation,"anticipation,pressure",2
DFL-MAT-J0421Z,0,48790,DFL-OBJ-002FU7,Jonathan Michael Burkardt,0.4401947403059502,0.0930462524642604,0.7447105977951436,0.2044591831654276,1.0,0.3837618290632437,0.4001399308065765,0.8292127185747278,0.8127319778950841,0.11442180798416364,0.7418086027713626,0.8893826294952161,0.03812685582316067,synchronization,synchronization,1
DFL-MAT-J0421Z,0,49060,DFL-OBJ-J01KLQ,Aurèle Florian Amenda,0.5004756742709261,0.1244503481162696,0.8657881814745081,0.6190735941332729,1.0,0.2529711827527864,0.5146991687758946,0.8657208841966347,0.9191943665456945,0.8307540828109535,0.7418086027713626,0.7681561365885846,0.14308396568789178,synchronization,synchronization,1
DFL-MAT-J0421Z,0,55960,DFL-OBJ-J01LMN,Can Yılmaz Uzun,0.4095028385257278,0.0,0.8125282091644959,0.5329173062974772,0.8,0.1840564942206694,0.4977157340448214,0.0,0.882139764104256,0.6350781507753217,0.6956450016496206,0.7089244473771033,0.12048931870669746,pressure,pressure,1
DFL-MAT-J0421Z,0,60006,DFL-OBJ-002FU7,Jonathan Michael Burkardt,0.391103404333764,0.0,0.956105505491478,0.7492658547609142,0.5,0.0,0.665570480868185,0.0,0.9804932365555922,0.907853225008248,0.4198026641372484,0.0,0.5184860607060376,anticipation,"anticipation,pressure",2
DFL-MAT-J0421Z,0,65133,DFL-OBJ-J01FDE,Arnaud Kalimuendo Muinga,0.4761710552949039,0.0502470941505518,0.832827110818252,0.5240773728601164,0.8,0.3374164506301975,0.597905715279943,0.7496236803035302,0.8974863906301551,0.6045498597822501,0.6956450016496206,0.8474513361926757,0.3066129165291983,synchronization,synchronization,1
DFL-MAT-J0421Z,0,107627,DFL-OBJ-J01FDE,Arnaud Kalimuendo Muinga,0.4973828320340112,0.0,0.9038974835926225,0.4489697188611239,1.0,0.3324437865411674,0.6097184354112382,0.0,0.944691314747608,0.35801921807984166,0.7418086027713626,0.8430695315077532,0.3375381474760805,pressure,pressure,1
DFL-MAT-J0421Z,0,111877,DFL-OBJ-002GKG,Ansgar Knauff,0.3587216518841927,0.0,0.942163122860393,0.44314695661241,0.5555555555555556,0.0,0.6507175784339653,0.0,0.9707501649620587,0.3441005443747938,0.5239040333223358,0.0,0.4679303447707027,anticipation,"anticipation,pressure",2
DFL-MAT-J0421Z,0,114657,DFL-OBJ-002FU7,Jonathan Michael Burkardt,0.5161360786374121,0.1793191164148396,0.723737575757081,0.4883126812003739,1.0,0.3964686756295233,0.5122447365127155,0.9046055344770703,0.7850492824150446,0.47544127350709336,0.7418086027713626,0.9004608627515671,0.13979503464203233,synchronization,synchronization,1
DFL-MAT-J0421Z,0,116712,DFL-OBJ-002GKG,Ansgar Knauff,0.4677739454611164,0.1820606217739686,0.6143920908688322,0.4704840335684414,1.0,0.4156416532944601,0.3117198116190638,0.9059767815902342,0.5541591059056417,0.4180602523919498,0.7418086027713626,0.9163333058396569,0.007387207192345761,synchronization,synchronization,1
DFL-MAT-J0421Z,0,120022,DFL-OBJ-J01FDE,Arnaud Kalimuendo Muinga,0.4571007429281804,0.1173255168930096,0.7520329389298138,0.4886989287203584,0.8,0.4498367554958937,0.3751133708709151,0.8587873226657868,0.8214491916859122,0.4768589161992742,0.6956450016496206,0.9422426591883867,0.02816211646321346,synchronization,synchronization,1
DFL-MAT-J0421Z,0,128839,DFL-OBJ-J01FDE,Arnaud Kalimuendo Muinga,0.4117841304972565,0.0797900427696956,0.6378364559991083,0.1570142644883302,0.75,0.3163862391365117,0.6143561114620015,0.8088862999010228,0.6116535384361597,0.10076604256021116,0.6612761877268228,0.8282435664797096,0.3510650362916529,lpc,lpc,1
DFL-MAT-J0421Z,0,174802,DFL-OBJ-J01DNM,Nathaniel Brown,0.5779798642574447,0.0,0.7565549350333071,0.6072694148949517,1.0,0.5432986351788125,0.7265981356653308,0.0,0.826650651600132,0.8139537281425272,0.7418086027713626,0.9858802787858792,0.7289415621906962,pressure,pressure,1
DFL-MAT-J0421Z,1,32197,DFL-OBJ-J02594,Albert Grønbæk Erlykke,0.4614440451900682,0.0184785928363144,0.8777077034260933,0.1763954426918004,1.0,0.4994553225788948,0.4073355344936734,0.6519609864731112,0.9267877763114484,0.10622010062685583,0.7418086027713626,0.9703790003299241,0.04133330583965688,synchronization,synchronization,1
DFL-MAT-J0421Z,1,42346,DFL-OBJ-0027AT,Bakery Jatta,0.5339412476482042,0.0218066530273415,0.6769066299403239,0.4192868694951981,1.0,0.5431455403824157,0.6371800291872152,0.6640805427251733,0.7006247937974266,0.2924880402507423,0.7418086027713626,0.9858390382711977,0.42146259485318377,lpc,lpc,1
DFL-MAT-J0421Z,1,53649,DFL-OBJ-J02594,Albert Grønbæk Erlykke,0.602272497479196,0.0783209752045475,0.6773216261909075,0.5370659431159311,1.0,0.4993968191357748,0.8895534332891218,0.8065407456285054,0.7016042560211151,0.6492288023754537,0.7418086027713626,0.9703326047509073,0.9915560046189377,lpc,lpc,1
DFL-MAT-J0421Z,1,63480,DFL-OBJ-0027AT,Bakery Jatta,0.4665501847204787,0.00712517061775,0.6676541092095984,0.5783698581064728,0.6666666666666667,0.3120121530341948,0.7551734666011543,0.6059262619597493,0.6810510145166612,0.7606658281095348,0.5936675189706367,0.8241195150115473,0.8116287941273507,pos,pos,1
DFL-MAT-J0421Z,1,66015,DFL-OBJ-0027AT,Bakery Jatta,0.3743814555869038,0.0,0.5178070001148938,0.5845163408315704,0.6666666666666667,0.3480986989522198,0.3391108605496444,0.0,0.338718657208842,0.7735895743978884,0.5936675189706367,0.8571325470141867,0.015557984163642362,pressure,pressure,1
DFL-MAT-J0421Z,1,67499,DFL-OBJ-J02594,Albert Grønbæk Erlykke,0.3021285073050255,0.0250627820908572,0.8936061602530572,0.2128248150851042,0.625,0.0,0.4570197542640914,0.6758443995381063,0.9374226740349719,0.11678798251402177,0.5823521527548664,0.0,0.0781198449356648,anticipation,anticipation,1
DFL-MAT-J0421Z,1,73404,DFL-OBJ-0027HO,Robert-Nesta Glatzel,0.5135734142390208,0.0,0.6414203538100942,0.5634397023737487,1.0,0.3401134863060417,0.7127346479059098,0.0,0.6203140465193006,0.7247350296931706,0.7418086027713626,0.849822665786869,0.6832522269877928,pressure,pressure,1
DFL-MAT-J0421Z,1,104373,DFL-OBJ-002G8B,Ransford-Yeboah Königsdörffer,0.4777248395990474,0.0409301569188425,0.6179333089889723,0.5135546368127109,1.0,0.4213998880179522,0.4545454545454545,0.7255649950511383,0.5626752721873969,0.5673612256680963,0.7418086027713626,0.9210295694490267,0.07426901187726823,synchronization,synchronization,1
DFL-MAT-J0421Z,1,119041,DFL-OBJ-0027AT,Bakery Jatta,0.2752446378876106,0.0264457430844255,0.4825896354472269,0.4848433282230859,0.0,0.1753248300171059,0.6245660038670933,0.680767485978225,0.27351740349719567,0.4634557489277466,0.0,0.7015784806994392,0.38109328604420983,pos,pos,1
DFL-MAT-J0421Z,1,143301,DFL-OBJ-J01VXC,Giorgi Gocholeishvili,0.3332605891555871,0.0,0.9648049065122531,0.0054269263614721,0.4444444444444444,0.0,0.8605061574864298,0.0,0.9875711398878259,0.011516413724843286,0.4128278620917189,0.0,0.9785240019795447,anticipation,"anticipation,pressure",2
DFL-MAT-J0421Z,1,166589,DFL-OBJ-J01H5G,Nicolas Capaldo Taboas,0.4946306420567827,0.0269472871679905,0.7113863269479974,0.4515819306892423,1.0,0.2470892464092373,0.7378259386050714,0.6824583470801716,0.7654445727482679,0.3649630897393599,0.7418086027713626,0.7628154899373144,0.7638001072253382,lpc,lpc,1
DFL-MAT-J0421Z,1,170769,DFL-OBJ-002G8B,Ransford-Yeboah Königsdörffer,0.4912600292790557,0.0237911341412941,0.7945237850056488,0.5760709028411194,1.0,0.5033247157010303,0.3409335089577488,0.6713955790168261,0.8664735235895744,0.7554025074232926,0.7418086027713626,0.9720234658528538,0.01590852853843616,synchronization,synchronization,1
DFL-MAT-J0421Z,1,175798,DFL-OBJ-J01VXC,Giorgi Gocholeishvili,0.3740392817147412,0.0200276941593391,0.6633534438115448,0.4755617592862277,0.6666666666666667,0.0,0.7067938291784729,0.657698573078192,0.6716842626195975,0.43382959419333555,0.5936675189706367,0.0,0.6628330171560541,anticipation,anticipation,1
DFL-MAT-J0421Z,1,176709,DFL-OBJ-J01H5G,Nicolas Capaldo Taboas,0.420909417086964,0.0134008634399535,0.6147147324413812,0.3708504899354768,0.8,0.3324929907460369,0.546802232771912,0.6317531342791158,0.554901435169911,0.2169663477400198,0.6956450016496206,0.843167477730122,0.19483565654899374,synchronization,synchronization,1
DFL-MAT-J0421Z,1,178938,DFL-OBJ-002G8B,Ransford-Yeboah Königsdörffer,0.2516139719473212,0.0269175141035407,0.5064807271428515,0.5471326230859852,0.0,0.0,0.6586009338125749,0.6823707109864731,0.3171292477730122,0.6803808561530847,0.0,0.0,0.4945974925767074,anticipation,"anticipation,pos",2
DFL-MAT-J0422E,0,32719,DFL-OBJ-0027AT,Bakery Jatta,0.5006428549234115,0.0,0.6779980680635995,0.5367546474846722,1.0,0.5408645622321095,0.4333830679169299,0.0,0.7031353101286704,0.6481617040580666,0.7418086027713626,0.9852204305509733,0.059123432860442096,pressure,pressure,1
DFL-MAT-J0422E,0,62037,DFL-OBJ-002G8B,Ransford-Yeboah Königsdörffer,0.3968481303065974,0.0,0.6680792651206182,0.5461919767431967,0.5,0.1942254320438502,0.7082029023356322,0.0,0.6819479957109865,0.6774991751897064,0.4198026641372484,0.7172808066644671,0.6678643599472122,pressure,pressure,1
DFL-MAT-J0422E,0,67457,DFL-OBJ-J01FRO,Fábio Daniel Ferreira Vieira,0.5111925669298919,0.0,0.7466875646163008,0.5320177811732497,1.0,0.3600979631500549,0.6573560857162684,0.0,0.8152528043549984,0.6321500742329265,0.7418086027713626,0.8679994226327945,0.49028270372814253,pressure,pressure,1
DFL-MAT-J0422E,0,106423,DFL-OBJ-002G8B,Ransford-Yeboah Königsdörffer,0.3282076537619757,0.0773228899241852,0.714578406826454,0.4909223836673481,0.3333333333333333,0.0,0.6687798631432804,0.8047570933685252,0.7707491339491916,0.4843646898713296,0.27682695480039593,0.0,0.5299921643022105,anticipation,anticipation,1
DFL-MAT-J0422E,0,121234,DFL-OBJ-J02594,Albert Grønbæk Erlykke,0.281953971643307,0.0,0.5029673747861202,0.4714293803030779,0.3,0.0,0.6380794473220732,0.0,0.3104018888155724,0.42089553777631145,0.27472884361596833,0.0,0.42459687396898715,anticipation,"anticipation,pressure",2
DFL-MAT-J0422E,0,141294,DFL-OBJ-J01FRO,Fábio Daniel Ferreira Vieira,0.5316099181285588,0.2240211200861032,0.5550201969121482,0.5138340335712367,1.0,0.4175729832639731,0.5719514707155617,0.9238236143187067,0.4172869927416694,0.5684489442428241,0.7418086027713626,0.9179107555262289,0.24530373639063016,synchronization,synchronization,1
DFL-MAT-J0422E,0,146572,DFL-OBJ-J021LJ,Fabio Amado Uri Baldé,0.3796647604944056,0.0636655442305688,0.7351571674091582,0.4816444711755213,0.75,0.0,0.5978305442806536,0.7789250659848235,0.8008031590234246,0.45281054107555263,0.6612761877268228,0.0,0.30637578356977896,anticipation,anticipation,1
DFL-MAT-J0422E,0,152966,DFL-OBJ-002G8B,Ransford-Yeboah Königsdörffer,0.207148103223543,0.0848984634648928,0.6254378950035788,0.4314772225887506,0.0,0.0,0.4162225878386703,0.8175107225338172,0.5813469152095018,0.3172271939953811,0.0,0.0,0.048467914879577696,anticipation,"anticipation,pos",2
DFL-MAT-J0422E,0,161473,DFL-OBJ-J01W6J,Rayan Philippe,,0.0,0.9111652710350304,0.2742512641119409,,0.0,0.7041091686616296,0.0,0.9497175024744309,0.1393516991092049,1.0,0.0,0.6538013444407786,anticipation,"anticipation,pressure",2
DFL-MAT-J0422E,0,172987,DFL-OBJ-J02594,Albert Grønbæk Erlykke,0.3082729018557171,0.0871899161821671,0.6311592542137041,0.5912285980691244,0.3333333333333333,0.0,0.5394154995539637,0.820985235895744,0.5949975255691191,0.7866628175519631,0.27682695480039593,0.0,0.1818191191026064,anticipation,anticipation,1
DFL-MAT-J0422E,1,30452,DFL-OBJ-0000ZS,Matthias Lukas Ginter,0.3136875865288554,0.1061248992849129,0.8713736089733517,0.1972291013515821,0.7142857142857143,0.0,0.3861507363053176,0.8461007093368526,0.922838997030683,0.11231854173540086,0.648527713625866,0.0,0.03233256351039261,anticipation,anticipation,1
DFL-MAT-J0422E,1,38301,DFL-OBJ-J01WX3,Johan Manzambi,0.3548163974217172,0.0933602004562314,0.7090866229293644,0.5790810919981403,0.5714285714285714,0.0,0.5460207927943692,0.8296612091718905,0.7617019960409106,0.7623051385681293,0.5311932942923128,0.0,0.19345409930715934,anticipation,anticipation,1
DFL-MAT-J0422E,1,38558,DFL-OBJ-J01WX3,Johan Manzambi,0.5355641659749325,0.0,0.8952187951910663,0.6159937776688686,1.0,0.5254943483249236,0.4867144400795591,0.0,0.9383866710656549,0.8266454965357968,0.7418086027713626,0.9803901352688882,0.10721502804354999,pressure,pressure,1
DFL-MAT-J0422E,1,40748,DFL-OBJ-0028B6,Jan-Niklas Beste,0.4154175013903246,0.0,0.9284125701743302,0.1004277226332976,1.0,0.2473344360445721,0.5058145239946661,0.0,0.9611050395908941,0.08619783074892774,0.7418086027713626,0.7630474678323985,0.13119638733091388,pressure,pressure,1
DFL-MAT-J0422E,1,41558,DFL-OBJ-0028B6,Jan-Niklas Beste,0.6258064053141498,0.7216244033478235,0.5206640347244671,0.5861409284409078,1.0,0.4440332491588887,0.5092963335298711,0.9791219894424282,0.3444253134279116,0.7768630402507424,0.7418086027713626,0.9383248102936325,0.1358307901682613,synchronization,synchronization,1
DFL-MAT-J0422E,1,52638,DFL-OBJ-00012Y,Lukas Kübler,0.4447992091884931,0.0,0.8575320081862888,0.2387742118352994,0.5714285714285714,0.5183806542349018,0.6303293039443546,0.0,0.9142145743978884,0.12510310128670407,0.5311932942923128,0.9778383784229627,0.3994710903992082,pressure,pressure,1
DFL-MAT-J0422E,1,54369,DFL-OBJ-0028B6,Jan-Niklas Beste,0.400449227348745,0.0,0.8989346424457291,0.1313120198228862,1.0,0.0,0.6986474251419642,0.0,0.9409745133619267,0.09363658858462554,0.7418086027713626,0.0,0.6349905146816233,anticipation,"anticipation,pressure",2
DFL-MAT-J0422E,1,62737,DFL-OBJ-0027B9,Lucas Höler,0.4301887658148142,0.0,0.6912347321163771,0.524841649670858,1.0,0.3563670794001763,0.3027597696534623,0.0,0.7292921065654899,0.6073129742659188,0.7418086027713626,0.8645661497855494,0.006536621577037281,pressure,pressure,1
DFL-MAT-J0422E,1,102178,DFL-OBJ-0028B6,Jan-Niklas Beste,0.656898614119866,0.9211573085504308,0.5875499419055178,0.5330559328402035,1.0,0.4629968637443692,0.4597938127670573,0.9837512372154404,0.49065386836027713,0.6355214863081491,0.7418086027713626,0.950939252721874,0.08056334543055098,synchronization,synchronization,1
DFL-MAT-J0422E,1,109034,DFL-OBJ-002G4W,Philipp Treu,0.4652229042878839,0.1453528312826502,0.6352591299521837,0.5190106192290841,1.0,0.1762618733226853,0.5585747715650365,0.8832481029363246,0.6051942428241505,0.587295859452326,0.7418086027713626,0.7023517403497196,0.21739937314417684,synchronization,synchronization,1
DFL-MAT-J0422E,1,109157,DFL-OBJ-002GMV,Igor Matanović,0.5324765010761447,0.0,0.7882179638159996,0.5846773135521695,1.0,0.4711431744865639,0.5905923993597837,0.0,0.8604781837677334,0.7739349637083471,0.7418086027713626,0.9558004783899703,0.28806499505113825,pressure,pressure,1
DFL-MAT-J0422E,1,116731,DFL-OBJ-0028B6,Jan-Niklas Beste,0.4105216931510397,0.0724585781304059,0.7729878242681825,0.480672369006642,0.8,0.0,0.6832305981397,0.7960501897063675,0.844868648960739,0.44981029363246455,0.6956450016496206,0.0,0.5810324562850544,anticipation,anticipation,1
DFL-MAT-J0422E,1,127366,DFL-OBJ-J01XA7,Bruno Ifechukwu Ogbus,0.3427195691094858,0.0,0.9296591198077582,0.319266050866707,0.5,0.0,0.6944308578784255,0.0,0.9619453150775321,0.16573016331243814,0.4198026641372484,0.0,0.6202264104256021,anticipation,"anticipation,pressure",2
DFL-MAT-J0422E,1,132326,DFL-OBJ-002G4W,Philipp Treu,0.5154814172571095,0.3425599646173912,0.4398219710774713,0.4747423743323662,1.0,0.2889983922871139,0.5951128980288425,0.9511145249092708,0.20392919003629165,0.4313860936984494,0.7418086027713626,0.8022259567799406,0.2994679973606071,compactness,compactness,1
DFL-MAT-J0422E,1,139389,DFL-OBJ-J01IB2,Jordy Makengo Basambundu,0.3358850798269953,0.0,0.4682851074375506,0.428900963142816,0.3333333333333333,0.4380802667986389,0.4268661257644875,0.0,0.2492989112504124,0.31182984163642363,0.27682695480039593,0.93394300560871,0.05482410920488288,pressure,pressure,1
DFL-MAT-J0422E,1,139431,DFL-OBJ-J01IB2,Jordy Makengo Basambundu,0.3716845806228321,0.0,0.5009309931610075,0.4359378284615067,1.0,0.1265594018253187,0.4008235534926758,0.0,0.3067984988452656,0.32693933520290336,0.7418086027713626,0.6587038106235565,0.03841553942593204,pressure,pressure,1
DFL-MAT-J0422E,1,168988,DFL-OBJ-0027B9,Lucas Höler,0.3473241528352214,0.0809191429606159,0.5953563892214166,0.5115376283684921,0.6666666666666667,0.0,0.5301549345557387,0.8109173952490927,0.5089852771362586,0.5598606070603761,0.5936675189706367,0.0,0.16667354008578028,anticipation,anticipation,1
DFL-MAT-J0422E,1,174297,DFL-OBJ-J01IB2,Jordy Makengo Basambundu,0.3313506487807173,0.1017913712718246,0.7910253268796951,0.4896987961982736,0.1999999999999999,0.1201458554935681,0.6054703131768526,0.8406672715275486,0.8631433520290334,0.4802406384031673,0.17336996865720883,0.652796106895414,0.3261351451666117,pos,pos,1
DFL-MAT-J0422G,0,16056,DFL-OBJ-002G6U,Patrik Schick,0.4627325824514692,0.1219314304318125,0.7096010525625398,0.5797044024536735,0.75,0.248136390060012,0.6208180402277041,0.8634578109534807,0.7624958759485319,0.7635629742659188,0.6612761877268228,0.7637588667106565,0.3697676096997691,synchronization,synchronization,1
DFL-MAT-J0422G,0,23986,DFL-OBJ-002G6U,Patrik Schick,0.3470301651431124,0.0811171493644757,0.7652465346809062,0.4903248058739534,0.8,0.0,0.3717176742971544,0.8112988700098978,0.8367494226327945,0.4823954552952821,0.6956450016496206,0.0,0.027017692180798417,anticipation,anticipation,1
DFL-MAT-J0422G,0,34637,DFL-OBJ-002G6U,Patrik Schick,0.4941370912342089,0.0,0.5234584384636346,0.5691619269340832,1.0,0.4034192277968162,0.5933341159196626,0.0,0.35017836522599805,0.738669168591224,0.7418086027713626,0.9065180633454305,0.2948542147806005,pressure,pressure,1
DFL-MAT-J0422G,0,38840,DFL-OBJ-J01QRR,Montrell Amare Culbreath,0.46347422643004,0.0828899532371354,0.7447531365224087,0.6060932740541282,0.8,0.2359505528090998,0.6054154469681402,0.8140568294292313,0.8127989937314418,0.8123092626195975,0.6956450016496206,0.7527012537116463,0.32595471791487957,synchronization,synchronization,1
DFL-MAT-J0422G,0,38871,DFL-OBJ-J01QRR,Montrell Amare Culbreath,0.5597944267286987,0.1472636826602633,0.7636508206748044,0.5456114324106234,1.0,0.400331453153712,0.6957646696555864,0.8845110936984494,0.8349245298581326,0.6757000577367206,0.7418086027713626,0.9039044457274826,0.625,synchronization,synchronization,1
DFL-MAT-J0422G,0,54828,DFL-OBJ-J01QRR,Montrell Amare Culbreath,0.4749206158807822,0.1714615792513104,0.8748937220662685,0.1059521523345967,0.8571428571428572,0.3591411201553903,0.6387678069690447,0.9002959006928406,0.925153620917189,0.08742989112504124,0.7251474348399868,0.8671643022104916,0.42692696304849886,lpc,lpc,1
DFL-MAT-J0422G,0,61866,DFL-OBJ-002G6U,Patrik Schick,0.4931705090159493,0.1485278276577119,0.8594407082315024,0.5248809410898382,1.0,0.3859725318907077,0.3696254034714437,0.8854338502144506,0.9153796189376443,0.6074418508742989,0.7418086027713626,0.8914137248432861,0.026342378752886836,synchronization,synchronization,1
DFL-MAT-J0422G,0,69430,DFL-OBJ-002G6U,Patrik Schick,0.4188330894569543,0.0,0.8143136042124535,0.4980849919681837,1.0,0.2223308731571792,0.3636363636363636,0.0,0.8836244226327945,0.5104029198284394,0.7418086027713626,0.7407311943253052,0.021104833388320685,pressure,pressure,1
DFL-MAT-J0422G,0,70304,DFL-OBJ-J01QRR,Montrell Amare Culbreath,0.2682844964056209,0.0527818375657611,0.5900039438387719,0.5483492983898173,0.2857142857142857,0.1254380967671341,0.3216047224510541,0.7555726245463543,0.4962986638073243,0.6839997113163973,0.26179994226327946,0.6577037281425272,0.012397929726162982,synchronization,synchronization,1
DFL-MAT-J0422G,0,72174,DFL-OBJ-J01860,Aleix García Serrano,0.3029055736540945,0.0775302725373447,0.8832342955255591,0.1609206402893236,0.5714285714285714,0.0,0.4887528349412394,0.8051952738370175,0.9302983751237216,0.10177128010557572,0.5311932942923128,0.0,0.10962759815242494,anticipation,anticipation,1
DFL-MAT-J0422G,0,72321,DFL-OBJ-002GCU,Malik Leon Tillman,0.5147900214168885,0.0311678799429767,0.8269423405951495,0.4897499156320533,1.0,0.3937574243760517,0.6029307065081082,0.696237834048169,0.8935118360277137,0.48038498020455295,0.7418086027713626,0.898223564830089,0.3194748020455295,synchronization,synchronization,1
DFL-MAT-J0422G,0,112864,DFL-OBJ-002G6U,Patrik Schick,0.5985283972040673,0.1762194286984668,0.824025466422198,0.5365818691370888,1.0,0.6364599432939252,0.5771108865411171,0.902919828439459,0.8915013609369845,0.6475482514021775,0.7418086027713626,0.9960666859122402,0.2562479379742659,synchronization,synchronization,1
DFL-MAT-J0422G,0,114312,DFL-OBJ-J01860,Aleix García Serrano,0.6261869961817963,0.0,0.9734856803879318,0.4946691041034977,1.0,0.9340837022544226,0.5098363266921407,0.0,0.9938706285054437,0.4980977812603101,0.7418086027713626,0.9996030600461894,0.13647001814582646,pressure,pressure,1
DFL-MAT-J0422G,0,123345,DFL-OBJ-002G6U,Patrik Schick,0.3269605946055308,0.0641373628023544,0.7167638108809669,0.5876625622722257,0.5,0.0,0.4882577690852533,0.7800230946882217,0.7742803530188057,0.7799973193665457,0.4198026641372484,0.0,0.10907600626855823,anticipation,anticipation,1
DFL-MAT-J0422G,0,129555,DFL-OBJ-002G6U,Patrik Schick,0.4225180018009679,0.0,0.7593020627602292,0.5167446334139224,1.0,0.0,0.6344364297638266,0.0,0.8299653579676675,0.5789807406796437,0.7418086027713626,0.0,0.41254433355328274,anticipation,"anticipation,pressure",2
DFL-MAT-J0422G,0,159054,DFL-OBJ-0001E5,Jonas Hofmann,0.3769527576918483,0.0894660566888452,0.6006517060158258,0.5197843515278779,0.6,0.1326115106252617,0.563122693405351,0.8242277713625866,0.5215430138568129,0.5899352523919499,0.5488081491257011,0.6640650775321676,0.22642589079511713,synchronization,synchronization,1
DFL-MAT-J0422G,0,160989,DFL-OBJ-002G6U,Patrik Schick,0.3217062539699346,0.0,0.7107650616855288,0.263806812148099,0.6666666666666667,0.2497664695152784,0.307865814214699,0.0,0.7643259237875288,0.13490287858792477,0.5936675189706367,0.7652383701748597,0.007016042560211151,pressure,pressure,1
DFL-MAT-J0422G,0,170763,DFL-OBJ-J01US3,Eliesse Ben Seghir,0.5140169659652112,0.2847161405821103,0.570570510449107,0.4872483626116057,1.0,0.369871368030103,0.4949321701642158,0.9404538518640713,0.4518310788518641,0.4717502474430881,0.7418086027713626,0.8770001649620587,0.11705604585945233,synchronization,synchronization,1
DFL-MAT-J0422G,0,174402,DFL-OBJ-J016J2,Alejandro Grimaldo Garcia,0.2490126120372917,0.0463096398641869,0.5651105230260105,0.4573582839684224,0.0,0.0,0.6579723638290124,0.739658940943583,0.4394795447047179,0.3806705707687232,0.0,0.0,0.49243752062025736,anticipation,"anticipation,pos",2
DFL-MAT-J0422G,1,18959,DFL-OBJ-J01H5G,Nicolas Capaldo Taboas,0.2363224036394448,0.0,0.2086855732754775,0.0482221121877605,0.5,0.0,0.622907110991978,0.0,0.01756330419003629,0.07224307159353349,0.4198026641372484,0.0,0.37597430715935337,anticipation,"anticipation,pressure",2
DFL-MAT-J0422G,1,49796,DFL-OBJ-J02594,Albert Grønbæk Erlykke,0.4297630584700408,0.1533519925560668,0.5790278523494401,0.1379002040030873,1.0,0.3922292849176797,0.3886272813645494,0.8888516578686902,0.47099760805014845,0.09535838007258331,0.7418086027713626,0.89697603926097,0.033229544704717916,synchronization,synchronization,1
DFL-MAT-J0422G,1,101993,DFL-OBJ-J01W6J,Rayan Philippe,0.683117791907014,0.6922467173062742,0.4401447156899776,0.5049232068062391,1.0,0.5119772756613389,0.811213474325678,0.977972410095678,0.20445500659848234,0.5357039755856153,0.7418086027713626,0.9755392197294622,0.9272208017156054,compactness,compactness,1
DFL-MAT-J0422G,1,130869,DFL-OBJ-J01H5G,Nicolas Capaldo Taboas,0.3684390665753342,0.0,0.8536928319961501,0.1630173850091495,0.5555555555555556,0.3498300577607294,0.5100376437366088,0.0,0.9116164219729462,0.10249298911250412,0.5239040333223358,0.8586429808644012,0.13678963213460904,pressure,pressure,1
DFL-MAT-J0422G,1,133041,DFL-OBJ-J01HP7,Miro Max Maria Muheim,0.5350523822164903,0.1122797253537457,0.6099441341586777,0.6711974061488786,1.0,0.34310118723513,0.6592545584248221,0.8535394671725504,0.5431942840646651,0.8798457604750908,0.7418086027713626,0.8524414384691521,0.4967574645331574,synchronization,synchronization,1
DFL-MAT-J0422G,1,134252,DFL-OBJ-J01H5G,Nicolas Capaldo Taboas,0.5454162481155927,0.0826357754552615,0.8855409640608489,0.3926786332788822,0.8333333333333334,0.4006863482588205,0.857297487812657,0.8137165951831079,0.9319170653249752,0.24672653414714615,0.7150228884856483,0.9042240597162653,0.9764568211811283,lpc,lpc,1
DFL-MAT-J0422G,1,141802,DFL-OBJ-J01H5G,Nicolas Capaldo Taboas,0.3724162645923781,0.0859907506571414,0.6863818901733509,0.6016985048205611,0.5,0.0,0.6875013413458946,0.8191397228637414,0.7201831078851864,0.805004536456615,0.4198026641372484,0.0,0.5963481524249422,anticipation,anticipation,1
DFL-MAT-J0422G,1,174700,DFL-OBJ-0002F6,Yussuf Yurary Poulsen,0.4513775826715921,0.1928767839204382,0.2890795682927629,0.4477284721656399,1.0,0.2322772783740444,0.5624783013189569,0.9113638238205213,0.04824624711316397,0.35523032827449685,0.7418086027713626,0.7495772847245133,0.2249876278455955,compactness,compactness,1
