match_id,losing_team,recovery_seconds,post_loss_tpr,is_hsv
DFL-MAT-J041UB,0,45.76,0.2802372277853792,False
DFL-MAT-J041UB,0,5.36,0.4797255272714048,False
DFL-MAT-J041UB,0,9.36,0.37386420307549567,False
DFL-MAT-J041UB,0,21.6,0.4302177511945344,False
DFL-MAT-J041UB,1,17.8,0.36397232021494663,True
DFL-MAT-J041UB,0,2.28,0.5760267798653734,False
DFL-MAT-J041UB,1,1.92,0.4604345392557981,True
DFL-MAT-J041UB,0,2.96,0.5468928960805426,False
DFL-MAT-J041UB,1,2.32,0.6205890378532403,True
DFL-MAT-J041UB,0,47.96,0.280274390597195,False
DFL-MAT-J041UB,1,59.24,0.38111102090595894,True
DFL-MAT-J041UB,1,41.0,0.34030674230195584,True
DFL-MAT-J041UB,1,17.88,0.26913292906055464,True
DFL-MAT-J041UB,0,13.08,0.33534636885728414,False
DFL-MAT-J041UB,1,43.12,0.5501829565596599,True
DFL-MAT-J041UB,1,24.64,0.3296253389331441,True
DFL-MAT-J041UB,0,5.12,0.3727836921132197,False
DFL-MAT-J041UB,1,4.36,0.5501011825137784,True
DFL-MAT-J041UB,0,30.16,0.5984200581367092,False
DFL-MAT-J041UB,0,55.88,0.36535263001404755,False
DFL-MAT-J041UB,0,26.4,0.3680478348343554,False
DFL-MAT-J041UB,1,50.8,0.5842694842615914,True
DFL-MAT-J041UB,0,3.72,0.3704965853534495,False
DFL-MAT-J041UB,1,50.52,0.28053473541740415,True
DFL-MAT-J041UB,1,33.48,0.4118509270512116,True
DFL-MAT-J041UB,0,8.24,0.2732393589852344,False
DFL-MAT-J041UB,1,8.56,0.5149715065971521,True
DFL-MAT-J041UB,1,51.48,0.349525373631341,True
DFL-MAT-J041UB,1,3.52,0.3756542807436543,True
DFL-MAT-J041UB,1,1.6,0.38716984401763466,True
DFL-MAT-J041UB,0,30.56,0.6903826558055101,False
DFL-MAT-J041UB,0,13.68,0.5817721235210056,False
DFL-MAT-J041UB,1,27.8,0.3156350029270856,True
DFL-MAT-J041UB,0,38.08,0.5007850307991955,False
DFL-MAT-J041UB,1,5.44,0.551929306653221,True
DFL-MAT-J041UB,0,2.28,0.6253417760020303,False
DFL-MAT-J041UB,1,28.24,0.5143185335147119,True
DFL-MAT-J041UB,1,10.6,0.2912504733979644,True
DFL-MAT-J041UB,0,2.68,0.2806571363900967,False
DFL-MAT-J041UB,1,39.32,0.30754320751864517,True
DFL-MAT-J041UB,1,37.64,0.2661350872027911,True
DFL-MAT-J041UB,0,32.96,0.2091521330014953,False
DFL-MAT-J041UB,1,5.4,,True
DFL-MAT-J041UB,0,5.76,0.6024795957463817,False
DFL-MAT-J041UB,1,42.52,0.28162754695838177,True
DFL-MAT-J041UB,0,26.28,0.47693451465491693,False
DFL-MAT-J041UB,1,42.0,0.4307348660058964,True
DFL-MAT-J041UB,0,8.72,0.4794577812957394,False
DFL-MAT-J041UB,1,16.08,0.47885887798389115,True
DFL-MAT-J041UB,0,15.72,0.32698302653061884,False
DFL-MAT-J041UB,1,4.08,0.47595659117755673,True
DFL-MAT-J041UB,0,5.84,0.48692424485191993,False
DFL-MAT-J041UB,0,2.36,0.64210562873617,False
DFL-MAT-J041UB,1,7.68,0.3276415491053288,True
DFL-MAT-J041UB,0,36.56,0.3794516857875683,False
DFL-MAT-J041UB,0,17.92,0.5128636267445797,False
DFL-MAT-J041UB,1,51.44,0.5515860803607983,True
DFL-MAT-J041UB,1,7.0,0.451668720306271,True
DFL-MAT-J041UB,0,37.92,0.505341411253709,False
DFL-MAT-J041UB,0,2.6,0.6431967394363642,False
DFL-MAT-J041UB,1,6.44,0.4830241327671562,True
DFL-MAT-J041UB,0,26.92,0.25946212562094123,False
DFL-MAT-J041UB,1,8.0,0.3519135933251959,True
DFL-MAT-J041UB,1,28.72,0.26665012566163027,True
DFL-MAT-J041UB,0,9.44,0.343230537925952,False
DFL-MAT-J041UB,0,15.68,0.3401759087744327,False
DFL-MAT-J041UB,1,29.64,0.47406970097977935,True
DFL-MAT-J041UB,0,23.76,0.5864854423812421,False
DFL-MAT-J041UB,1,10.84,0.4560368588757142,True
DFL-MAT-J041UB,0,30.44,0.48047607091645633,False
DFL-MAT-J041UN,1,44.24,0.6093904218875543,False
DFL-MAT-J041UN,1,6.52,0.5657803273406057,False
DFL-MAT-J041UN,0,25.4,0.33461736508956896,True
DFL-MAT-J041UN,1,7.36,0.4837774895698567,False
DFL-MAT-J041UN,0,10.72,0.3579310433078798,True
DFL-MAT-J041UN,1,12.16,0.5398530120153903,False
DFL-MAT-J041UN,0,53.6,0.5222286387256386,True
DFL-MAT-J041UN,0,13.08,0.4888630900107761,True
DFL-MAT-J041UN,1,38.44,,False
DFL-MAT-J041UN,1,4.84,0.4885286810606777,False
DFL-MAT-J041UN,0,3.2,0.6441077746012527,True
DFL-MAT-J041UN,1,4.0,0.5954069900326402,False
DFL-MAT-J041UN,0,10.28,0.364764137350441,True
DFL-MAT-J041UN,1,10.08,0.27217577785012914,False
DFL-MAT-J041UN,0,1.52,,True
DFL-MAT-J041UN,0,31.0,0.42523319895762995,True
DFL-MAT-J041UN,0,13.12,0.36064307988304933,True
DFL-MAT-J041UN,1,14.16,0.42008236109523245,False
DFL-MAT-J041UN,0,4.56,0.4113397887001595,True
DFL-MAT-J041UN,1,13.32,0.44460945851828804,False
DFL-MAT-J041UN,0,0.16,0.4693697485092495,True
DFL-MAT-J041UN,1,35.72,0.5331233297710666,False
DFL-MAT-J041UN,0,57.4,0.35363040767649406,True
DFL-MAT-J041UN,1,43.8,0.39270424903513657,False
DFL-MAT-J041UN,0,5.16,0.4429680772286299,True
DFL-MAT-J041UN,0,14.84,0.534456265966466,True
DFL-MAT-J041UN,1,13.12,0.2596358715680036,False
DFL-MAT-J041UN,0,44.88,0.44377184071788617,True
DFL-MAT-J041UN,1,12.08,0.3717861159076012,False
DFL-MAT-J041UN,1,38.32,0.2562803821093981,False
DFL-MAT-J041UN,1,21.52,0.3239356915880335,False
DFL-MAT-J041UN,0,26.96,0.40162524746892064,True
DFL-MAT-J041UN,0,38.28,0.2618451652514886,True
DFL-MAT-J041UN,1,7.4,0.4544436377155238,False
DFL-MAT-J041UN,0,54.2,0.3148349287866303,True
DFL-MAT-J041UN,1,11.2,0.38255751089243273,False
DFL-MAT-J041UN,0,30.36,0.2533897463976155,True
DFL-MAT-J041UN,1,28.52,,False
DFL-MAT-J041UN,0,14.68,0.27757720077109976,True
DFL-MAT-J041UN,0,34.08,0.39443106773681746,True
DFL-MAT-J041UN,1,8.24,0.5702046793093655,False
DFL-MAT-J041UN,0,22.68,0.42729184873115883,True
DFL-MAT-J041UN,0,6.04,0.3257708681401363,True
DFL-MAT-J041UN,1,38.2,0.5272865642119016,False
DFL-MAT-J041UN,0,12.52,0.28392509981592967,True
DFL-MAT-J041UN,1,37.84,0.5262629876625146,False
DFL-MAT-J041UN,0,20.4,0.24264800358054017,True
DFL-MAT-J041UN,1,42.16,0.36600390724058585,False
DFL-MAT-J041UN,0,39.08,0.4854123428644549,True
DFL-MAT-J041UN,1,56.32,0.5237479936384023,False
DFL-MAT-J041UN,0,14.24,0.2687184525697237,True
DFL-MAT-J041UN,1,19.92,0.2990920834145912,False
DFL-MAT-J041UN,0,8.96,0.5034106049283014,True
DFL-MAT-J041UN,0,36.6,,True
DFL-MAT-J041UN,1,30.52,0.4407688708287845,False
DFL-MAT-J041UN,1,23.52,0.2769071746960065,False
DFL-MAT-J041UN,0,56.6,0.17975118329365625,True
DFL-MAT-J041UN,0,20.44,0.3790511205387297,True
DFL-MAT-J041UN,0,32.08,0.47382968951288146,True
DFL-MAT-J041UN,1,12.52,0.527436862288019,False
DFL-MAT-J041UN,0,43.96,0.32623675789756024,True
DFL-MAT-J041UN,1,6.96,0.44316559087492824,False
DFL-MAT-J041UN,0,9.68,0.4117165404513721,True
DFL-MAT-J041UN,1,4.2,0.39447369133771404,False
DFL-MAT-J041UN,1,10.08,0.3692447216131245,False
DFL-MAT-J041UN,0,5.32,0.39868746003742633,True
DFL-MAT-J041UN,1,16.84,0.2516641048844426,False
DFL-MAT-J041UN,1,18.28,0.40695410399337395,False
DFL-MAT-J041UN,0,21.56,0.2664287628837539,True
DFL-MAT-J041UN,0,15.28,0.39498755459821827,True
DFL-MAT-J041UN,0,39.84,0.44820067684554443,True
DFL-MAT-J041UN,1,9.32,0.25542308068860736,False
DFL-MAT-J041UO,1,13.12,0.3135070118621521,True
DFL-MAT-J041UO,1,25.56,0.3355339642478887,True
DFL-MAT-J041UO,1,36.76,0.543526943367774,True
DFL-MAT-J041UO,1,3.2,0.34791292504676113,True
DFL-MAT-J041UO,1,47.72,0.4539867127622241,True
DFL-MAT-J041UO,1,56.36,0.4035746890267544,True
DFL-MAT-J041UO,1,2.36,0.4407067824638171,True
DFL-MAT-J041UO,1,27.6,0.3606840173452406,True
DFL-MAT-J041UO,1,27.56,0.417735833024491,True
DFL-MAT-J041UO,1,19.28,0.473337430622923,True
DFL-MAT-J041UO,1,29.0,0.26880926414885814,True
DFL-MAT-J041UO,1,3.48,0.4383307291240476,True
DFL-MAT-J041UO,1,17.88,0.5392239574870834,True
DFL-MAT-J041UO,1,28.64,0.4954251053209844,True
DFL-MAT-J041UO,1,39.84,0.40323512832677655,True
DFL-MAT-J041UO,1,42.48,0.4305610214430005,True
DFL-MAT-J041UO,1,6.64,,True
DFL-MAT-J041UO,1,4.68,0.5015050576711124,True
DFL-MAT-J041UO,1,22.2,0.5397334091770589,True
DFL-MAT-J041UO,1,35.24,0.5832006044662609,True
DFL-MAT-J041UO,1,26.76,0.359987628921814,True
DFL-MAT-J041UO,1,20.04,0.3973903371613762,True
DFL-MAT-J041UO,1,19.4,0.3936846067720578,True
DFL-MAT-J041UO,1,21.56,0.33367824882254354,True
DFL-MAT-J041UO,1,26.4,0.27052177301146474,True
DFL-MAT-J041UO,1,9.84,0.2738790068415161,True
DFL-MAT-J041UO,1,11.88,0.3074984645907133,True
DFL-MAT-J041UO,1,14.88,0.7011645257892378,True
DFL-MAT-J041V5,0,48.04,0.4249605680381599,True
DFL-MAT-J041V5,1,8.24,0.34470516541146745,False
DFL-MAT-J041V5,0,8.04,0.41578811900771145,True
DFL-MAT-J041V5,1,2.6,0.3021869447549737,False
DFL-MAT-J041V5,0,28.36,0.3314083596936631,True
DFL-MAT-J041V5,1,4.2,0.3573930032418594,False
DFL-MAT-J041V5,0,38.64,0.2869716389578496,True
DFL-MAT-J041V5,1,6.72,0.4522209975659161,False
DFL-MAT-J041V5,0,47.32,0.31965614764319383,True
DFL-MAT-J041V5,1,6.64,0.3007802492286449,False
DFL-MAT-J041V5,0,23.68,,True
DFL-MAT-J041V5,0,5.24,0.4003841109110698,True
DFL-MAT-J041V5,1,59.16,0.48683650695336206,False
DFL-MAT-J041V5,1,20.88,0.5183334538852826,False
DFL-MAT-J041V5,1,4.52,0.6137514422513468,False
DFL-MAT-J041V5,0,38.16,0.45000646632880975,True
DFL-MAT-J041V5,1,42.32,0.35475464108434407,False
DFL-MAT-J041V5,0,46.36,0.4744919250685716,True
DFL-MAT-J041V5,1,7.12,0.40848587191283636,False
DFL-MAT-J041V5,1,0.6,0.34570888470517563,False
DFL-MAT-J041V5,1,27.24,0.37988605998214425,False
DFL-MAT-J041V5,0,6.16,0.5031032718803803,True
DFL-MAT-J041V5,1,44.4,0.3414406626072178,False
DFL-MAT-J041V5,0,8.28,0.43567788868922364,True
DFL-MAT-J041V5,1,44.0,0.29917143989074085,False
DFL-MAT-J041V5,1,25.96,0.523393883537337,False
DFL-MAT-J041V5,1,29.04,0.3230570674697953,False
DFL-MAT-J041V5,1,37.12,0.5626568264100946,False
DFL-MAT-J041V5,0,48.44,0.4411066022133938,True
DFL-MAT-J041V5,1,56.6,0.5538239339808333,False
DFL-MAT-J041V5,0,25.44,0.28025512590947044,True
DFL-MAT-J041V5,1,10.48,0.4139697059324627,False
DFL-MAT-J041V5,0,3.6,0.3972293941955959,True
DFL-MAT-J041V5,0,57.24,0.3037944302119739,True
DFL-MAT-J041V5,0,44.32,0.3605444500641908,True
DFL-MAT-J041V5,1,4.68,0.24051924960042684,False
DFL-MAT-J041V5,0,23.84,0.38937521343520093,True
DFL-MAT-J041V5,1,44.68,0.41115244892674924,False
DFL-MAT-J041V5,0,46.56,0.6052719788308001,True
DFL-MAT-J041V5,1,32.6,0.2415567722610478,False
DFL-MAT-J041V5,1,30.0,0.3962460997154942,False
DFL-MAT-J041V5,0,23.76,0.39919244138404686,True
DFL-MAT-J041V5,0,4.92,0.4480085073715223,True
DFL-MAT-J041V5,0,26.8,0.532869470662233,True
DFL-MAT-J041V5,0,54.28,0.43964660719381715,True
DFL-MAT-J041V5,1,2.28,0.38329867658738714,False
DFL-MAT-J041V5,0,54.04,0.38431675488858535,True
DFL-MAT-J041V5,0,27.44,0.43219816344896755,True
DFL-MAT-J041V5,1,42.64,0.374793871581766,False
DFL-MAT-J041V5,0,10.4,0.3743778158481325,True
DFL-MAT-J041V5,1,54.92,0.6488321380489174,False
DFL-MAT-J041V5,1,10.48,0.3731743333868678,False
DFL-MAT-J041V5,1,9.8,0.5642810074614583,False
DFL-MAT-J041V5,0,3.8,0.5054498620607869,True
DFL-MAT-J041V5,0,29.64,,True
DFL-MAT-J041VB,1,3.28,0.4311596893838886,True
DFL-MAT-J041VB,1,6.44,0.22848157950725223,True
DFL-MAT-J041VB,0,9.84,0.4609139374388068,False
DFL-MAT-J041VB,0,20.12,0.48339208313270216,False
DFL-MAT-J041VB,1,2.48,0.4082965607105938,True
DFL-MAT-J041VB,0,19.72,0.2483577785165771,False
DFL-MAT-J041VB,0,33.8,0.2585632846161911,False
DFL-MAT-J041VB,1,9.08,0.4024412787461295,True
DFL-MAT-J041VB,0,51.12,0.5224559054638641,False
DFL-MAT-J041VB,0,15.84,0.32916865584186855,False
DFL-MAT-J041VB,1,9.56,0.39810575907792795,True
DFL-MAT-J041VB,0,5.88,0.3446355260081338,False
DFL-MAT-J041VB,1,13.6,0.3689231422262919,True
DFL-MAT-J041VB,0,30.44,0.5469161382705675,False
DFL-MAT-J041VB,1,3.32,0.6986823026337864,True
DFL-MAT-J041VB,0,58.6,0.5866110304781353,False
DFL-MAT-J041VB,0,7.28,,False
DFL-MAT-J041VB,1,45.16,0.2137802918216592,True
DFL-MAT-J041VB,0,5.44,0.5541676233382746,False
DFL-MAT-J041VB,1,11.44,0.3207513947838743,True
DFL-MAT-J041VB,1,13.6,0.27423026785639,True
DFL-MAT-J041VB,1,57.96,0.37885477122617406,True
DFL-MAT-J041VB,1,42.48,0.4344834955691141,True
DFL-MAT-J041VB,0,46.08,0.3448761535938864,False
DFL-MAT-J041VB,1,9.28,0.5358198642458891,True
DFL-MAT-J041VB,0,29.8,0.3321057963379931,False
DFL-MAT-J041VB,1,5.64,0.33422844851675215,True
DFL-MAT-J041VB,0,25.48,0.3456836319937646,False
DFL-MAT-J041VB,1,7.96,0.4398763192165735,True
DFL-MAT-J041VB,0,50.76,0.3090796185570367,False
DFL-MAT-J041VB,1,23.2,0.3033423032315956,True
DFL-MAT-J041VB,1,4.64,0.46688980053468027,True
DFL-MAT-J041VB,0,6.52,0.43728099668177095,False
DFL-MAT-J041VB,1,7.56,0.48100697023957767,True
DFL-MAT-J041VB,0,1.44,0.30828922686733884,False
DFL-MAT-J041VB,1,36.84,0.3420850116453238,True
DFL-MAT-J041VB,1,21.72,0.4000045938544566,True
DFL-MAT-J041VB,0,31.92,0.49079526635064374,False
DFL-MAT-J041VB,1,9.52,0.380988298073352,True
DFL-MAT-J041VB,1,7.8,0.30794502632706233,True
DFL-MAT-J041VB,0,50.28,0.40314703585791634,False
DFL-MAT-J041VB,0,9.6,0.2914972065897543,False
DFL-MAT-J041VB,1,19.52,0.3243279293549019,True
DFL-MAT-J041VB,0,12.24,0.4275087004976055,False
DFL-MAT-J041VB,1,6.72,0.26192664830373674,True
DFL-MAT-J041VB,0,18.0,0.39902376223360586,False
DFL-MAT-J041VB,0,47.8,0.34313272275127954,False
DFL-MAT-J041VB,1,13.4,0.2207071250687275,True
DFL-MAT-J041VB,0,5.68,0.34015436195928056,False
DFL-MAT-J041VB,1,25.12,0.2367704669308455,True
DFL-MAT-J041VB,1,17.92,0.4010196244129892,True
DFL-MAT-J041VB,0,39.28,0.6039812465228093,False
DFL-MAT-J041VB,1,34.68,0.5563508564742252,True
DFL-MAT-J041VB,1,51.12,,True
DFL-MAT-J041VB,0,8.4,0.4186009708035884,False
DFL-MAT-J041VB,1,42.24,0.5408027742938102,True
DFL-MAT-J041VB,1,4.76,0.42099260225147317,True
DFL-MAT-J041VB,1,11.84,0.40201199602253546,True
DFL-MAT-J041VB,0,3.48,0.6209777086586857,False
DFL-MAT-J041VB,1,32.04,0.5456031967822538,True
DFL-MAT-J041VB,1,7.12,0.40778655546387,True
DFL-MAT-J041VB,0,59.96,0.3506635644165717,False
DFL-MAT-J041VN,1,23.6,0.2982346332370121,False
DFL-MAT-J041VN,0,17.24,0.4589325801914398,True
DFL-MAT-J041VN,1,4.8,0.3577740072117382,False
DFL-MAT-J041VN,1,44.32,0.599786481124821,False
DFL-MAT-J041VN,0,20.92,0.4153235814170095,True
DFL-MAT-J041VN,0,19.96,0.30515426421893144,True
DFL-MAT-J041VN,1,7.6,0.5544423590350793,False
DFL-MAT-J041VN,0,1.84,0.5055051902921873,True
DFL-MAT-J041VN,1,20.68,0.36333112201480516,False
DFL-MAT-J041VN,1,13.96,0.37508322048974946,False
DFL-MAT-J041VN,0,12.76,0.43659866503232064,True
DFL-MAT-J041VN,0,50.2,0.5340111729006594,True
DFL-MAT-J041VN,1,16.64,0.28967515661299365,False
DFL-MAT-J041VN,0,13.16,0.5285223420605564,True
DFL-MAT-J041VN,1,12.6,0.5367188893800015,False
DFL-MAT-J041VN,1,24.0,0.2939867641560698,False
DFL-MAT-J041VN,1,7.88,0.41784720621499993,False
DFL-MAT-J041VN,0,6.36,0.41325062083885694,True
DFL-MAT-J041VN,1,25.92,0.40917767409400213,False
DFL-MAT-J041VN,1,5.28,0.3638513899388817,False
DFL-MAT-J041VN,0,11.24,0.4470341347834083,True
DFL-MAT-J041VN,1,10.88,0.33588541609934097,False
DFL-MAT-J041VN,0,53.28,0.4539189252532591,True
DFL-MAT-J041VN,0,10.68,0.345254427293054,True
DFL-MAT-J041VN,1,2.2,0.49903977269271016,False
DFL-MAT-J041VN,0,7.64,0.3347233670271459,True
DFL-MAT-J041VN,1,9.88,0.32896781238712525,False
DFL-MAT-J041VN,0,11.08,0.206589928009139,True
DFL-MAT-J041VN,1,8.88,0.4583315044809027,False
DFL-MAT-J041VN,1,6.0,0.49579137437129434,False
DFL-MAT-J041VN,0,23.32,0.4273425639831947,True
DFL-MAT-J041VN,1,39.96,0.35437119215616164,False
DFL-MAT-J041VN,0,26.64,0.31925711875681506,True
DFL-MAT-J041VN,1,10.64,0.44211638724442387,False
DFL-MAT-J041VN,0,48.88,0.29816576234009806,True
DFL-MAT-J041VN,1,47.44,0.3041512535244619,False
DFL-MAT-J041VN,0,1.12,,True
DFL-MAT-J041VN,1,58.12,0.6059723980752046,False
DFL-MAT-J041VN,0,41.92,0.3892361485950809,True
DFL-MAT-J041VN,0,51.92,0.5186743280063727,True
DFL-MAT-J041VN,1,47.56,,False
DFL-MAT-J041VN,1,6.4,0.39096583090640596,False
DFL-MAT-J041VN,0,26.2,0.3879776470735212,True
DFL-MAT-J041VN,1,13.88,0.4842849932779525,False
DFL-MAT-J041VN,0,38.96,0.5604552921152961,True
DFL-MAT-J041VN,0,13.8,0.24791707847837996,True
DFL-MAT-J041VN,0,18.96,0.2658679809683587,True
DFL-MAT-J041VN,0,2.48,0.45760077147415384,True
DFL-MAT-J041VN,1,4.04,0.5659505229032482,False
DFL-MAT-J041VN,0,56.0,0.5626710538989887,True
DFL-MAT-J041VN,1,3.84,0.30828528121172155,False
DFL-MAT-J041VN,0,9.56,0.3847618535474495,True
DFL-MAT-J041VN,1,13.16,0.48042962515205834,False
DFL-MAT-J041VN,1,5.68,0.4191793454246789,False
DFL-MAT-J041VN,0,4.72,0.3499697729726304,True
DFL-MAT-J041VN,1,21.8,0.3121471031954186,False
DFL-MAT-J041VN,0,12.04,0.37333101974302974,True
DFL-MAT-J041VN,1,13.72,0.3076256652707904,False
DFL-MAT-J041VN,1,27.52,0.3612642884829908,False
DFL-MAT-J041VN,1,11.04,0.332878720325971,False
DFL-MAT-J041VN,0,3.6,0.46441327960512896,True
DFL-MAT-J041VN,0,35.32,0.4645946518551382,True
DFL-MAT-J041VN,0,34.24,0.2878005882265801,True
DFL-MAT-J041VN,0,4.52,0.44770534371284026,True
DFL-MAT-J041VN,1,59.0,0.43955240155721675,False
DFL-MAT-J041VN,0,36.16,0.4660604917649806,True
DFL-MAT-J041VN,1,39.4,0.3363862758795316,False
DFL-MAT-J041VN,0,3.76,0.4800126968879896,True
DFL-MAT-J041VN,1,54.24,0.5232907125343883,False
DFL-MAT-J041VN,0,3.2,0.4199080732194798,True
DFL-MAT-J041VN,0,29.08,0.4328749316570738,True
DFL-MAT-J041VN,1,11.6,0.32125050290800544,False
DFL-MAT-J041VN,1,25.24,0.32653777099657283,False
DFL-MAT-J041VN,1,8.64,0.409956314525337,False
DFL-MAT-J041VN,1,48.56,0.24935086762224737,False
DFL-MAT-J041VN,0,43.04,0.43992918849875623,True
DFL-MAT-J041VN,1,34.8,0.47379149665245074,False
DFL-MAT-J041VN,0,27.2,0.3966425505925531,True
DFL-MAT-J041VN,1,6.6,0.5738900292545855,False
DFL-MAT-J041VN,0,11.0,0.42803286941259905,True
DFL-MAT-J041VN,1,9.24,0.42747490916787,False
DFL-MAT-J041VN,0,26.28,0.5300335824395614,True
DFL-MAT-J041VN,1,6.04,0.3596586653430693,False
DFL-MAT-J041VN,0,1.56,0.2825393219461655,True
DFL-MAT-J041VN,1,10.88,0.40428267962258163,False
DFL-MAT-J041VN,0,2.44,0.44420069304576626,True
DFL-MAT-J041VN,1,46.84,0.4852073642723806,False
DFL-MAT-J041VN,1,2.44,0.49489522063461167,False
DFL-MAT-J041VN,0,25.0,0.2846747913596111,True
DFL-MAT-J041VN,1,33.16,0.5754968739129648,False
DFL-MAT-J041VN,0,11.56,0.42359452593157115,True
DFL-MAT-J041VN,1,25.8,0.5051641224350099,False
DFL-MAT-J041VN,1,15.8,0.3778214306521675,False
DFL-MAT-J041VN,0,1.28,0.5229140367578033,True
DFL-MAT-J041VN,1,10.32,0.4914692983984241,False
DFL-MAT-J041VN,0,22.96,0.36782986934567496,True
DFL-MAT-J041VR,0,5.12,0.406456750694828,False
DFL-MAT-J041VR,1,17.8,0.33086800298780034,True
DFL-MAT-J041VR,0,32.08,0.33322585297978774,False
DFL-MAT-J041VR,1,3.24,0.5227588608180038,True
DFL-MAT-J041VR,0,1.76,,False
DFL-MAT-J041VR,1,5.0,0.4128663613664953,True
DFL-MAT-J041VR,0,4.92,0.5492082394426645,False
DFL-MAT-J041VR,1,4.52,0.47008963951128346,True
DFL-MAT-J041VR,0,35.08,0.35647866142355306,False
DFL-MAT-J041VR,1,16.52,0.26200970974082494,True
DFL-MAT-J041VR,0,39.88,0.32439122481286115,False
DFL-MAT-J041VR,1,4.92,0.4511852821212875,True
DFL-MAT-J041VR,0,57.2,0.40648131217582106,False
DFL-MAT-J041VR,1,52.16,0.3278762862341068,True
DFL-MAT-J041VR,1,3.76,0.31241764632087005,True
DFL-MAT-J041VR,0,7.0,0.246556380219782,False
DFL-MAT-J041VR,1,51.56,0.3771054599353212,True
DFL-MAT-J041VR,0,7.52,0.43470547707201135,False
DFL-MAT-J041VR,1,22.0,0.2254066794517313,True
DFL-MAT-J041VR,0,5.76,0.6288612417986016,False
DFL-MAT-J041VR,1,38.52,0.41121036803571726,True
DFL-MAT-J041VR,1,5.36,0.23265901377575757,True
DFL-MAT-J041VR,0,43.2,,False
DFL-MAT-J041VR,0,3.16,0.3682632296961345,False
DFL-MAT-J041VR,1,21.68,0.3138761687575955,True
DFL-MAT-J041VR,0,7.44,0.425022036625979,False
DFL-MAT-J041VR,0,29.72,0.3495636496383862,False
DFL-MAT-J041VR,0,9.76,0.333214490627316,False
DFL-MAT-J041VR,1,2.56,0.5442996237787436,True
DFL-MAT-J041VR,0,8.6,0.49172896592036036,False
DFL-MAT-J041VR,0,3.88,0.37702072722205504,False
DFL-MAT-J041VR,0,4.4,0.33471310413925087,False
DFL-MAT-J041VR,1,33.64,0.25931377048373183,True
DFL-MAT-J041VR,0,32.88,0.4441615080276251,False
DFL-MAT-J041VR,1,49.96,0.48699314256523024,True
DFL-MAT-J041VR,0,55.2,0.43731015999638645,False
DFL-MAT-J041VR,0,8.36,0.44676151815031506,False
DFL-MAT-J041VR,0,17.08,0.3119722017411121,False
DFL-MAT-J041VR,1,22.08,0.37268830119366814,True
DFL-MAT-J041VR,1,29.2,0.34469462527813843,True
DFL-MAT-J041VR,1,9.52,0.5598661348254592,True
DFL-MAT-J041VR,0,16.44,0.3940581922499348,False
DFL-MAT-J041VR,1,6.04,0.3546771169220653,True
DFL-MAT-J041VR,0,16.24,0.3479389558771016,False
DFL-MAT-J041VR,0,33.32,0.4535951297566432,False
DFL-MAT-J041VR,0,29.8,0.4032927494682258,False
DFL-MAT-J041VR,0,3.08,0.45339467067984396,False
DFL-MAT-J041VR,1,19.12,0.32591211666881276,True
DFL-MAT-J041VR,0,15.28,0.3063910713394888,False
DFL-MAT-J041VR,0,1.88,0.5451740050175434,False
DFL-MAT-J041VR,1,5.92,0.3998391681415752,True
DFL-MAT-J041VR,0,45.72,,False
DFL-MAT-J041VR,0,15.76,0.264387001650708,False
DFL-MAT-J041VR,1,14.84,0.5504289665166168,True
DFL-MAT-J041VR,1,7.52,,True
DFL-MAT-J041VR,0,3.16,0.5580302514398197,False
DFL-MAT-J041VR,1,35.72,0.5437109198314456,True
DFL-MAT-J041VR,0,37.56,0.42375528011818453,False
DFL-MAT-J041VR,1,53.6,0.3099048083486225,True
DFL-MAT-J041VR,0,36.48,0.250365615193975,False
DFL-MAT-J041VR,0,3.56,0.2698943627860666,False
DFL-MAT-J041VR,1,10.56,0.3253469217561517,True
DFL-MAT-J041VR,0,44.88,0.41350353700453785,False
DFL-MAT-J041VR,1,6.8,0.4041970414239845,True
DFL-MAT-J041VR,0,32.64,0.4611845435794677,False
DFL-MAT-J041VR,1,2.72,0.5431153711531151,True
DFL-MAT-J041VR,0,21.8,0.4369935377294211,False
DFL-MAT-J041VR,0,3.52,0.46513482156807484,False
DFL-MAT-J041VR,1,8.96,0.5128553760057755,True
DFL-MAT-J041VR,1,2.2,0.37055907786541625,True
DFL-MAT-J041VR,0,32.56,0.5415805485741343,False
DFL-MAT-J041VR,0,22.72,0.5850136582371657,False
DFL-MAT-J041VR,1,5.52,0.39506478207189405,True
DFL-MAT-J041VR,0,6.04,0.3632191448899622,False
DFL-MAT-J041VR,1,5.08,0.3379344599020188,True
DFL-MAT-J041VR,0,10.44,0.32027711289423083,False
DFL-MAT-J041VR,1,4.44,,True
DFL-MAT-J041VR,0,9.92,0.3547093524108365,False
DFL-MAT-J041VR,1,38.08,0.5218273231364197,True
DFL-MAT-J041VR,0,7.08,0.35802926449306316,False
DFL-MAT-J041VR,1,29.0,0.5137855201478315,True
DFL-MAT-J041VR,0,36.12,0.4115315682146133,False
DFL-MAT-J041VR,0,16.6,0.33744102419297484,False
DFL-MAT-J041VR,1,16.84,0.36602699533328975,True
DFL-MAT-J041VR,1,17.8,0.3140535711192451,True
DFL-MAT-J041VR,1,10.6,0.4712757300678295,True
DFL-MAT-J041W5,1,3.48,0.5833009934649129,False
DFL-MAT-J041W5,0,18.8,,True
DFL-MAT-J041W5,1,56.8,0.5370385068832865,False
DFL-MAT-J041W5,0,3.56,0.38746107424351584,True
DFL-MAT-J041W5,1,4.12,0.3076723005101751,False
DFL-MAT-J041W5,0,1.44,0.47349997406023037,True
DFL-MAT-J041W5,1,32.12,0.6048535901680053,False
DFL-MAT-J041W5,0,6.28,0.2958751368243452,True
DFL-MAT-J041W5,1,43.28,0.2498373081668045,False
DFL-MAT-J041W5,1,3.6,0.35215555919063346,False
DFL-MAT-J041W5,0,27.68,0.4576399108988633,True
DFL-MAT-J041W5,1,41.8,0.5699080557367764,False
DFL-MAT-J041W5,0,21.68,0.2803179898078747,True
DFL-MAT-J041W5,0,13.64,0.21659308894444218,True
DFL-MAT-J041W5,0,4.48,0.3469131759325514,True
DFL-MAT-J041W5,1,30.92,0.2846153266266004,False
DFL-MAT-J041W5,0,3.68,0.3513398241249853,True
DFL-MAT-J041W5,1,42.16,0.4335168556886414,False
DFL-MAT-J041W5,0,16.6,0.2908074083394926,True
DFL-MAT-J041W5,1,10.2,0.5485397876188243,False
DFL-MAT-J041W5,0,45.96,0.4998209349432226,True
DFL-MAT-J041W5,1,11.88,0.5891335212763001,False
DFL-MAT-J041W5,0,35.84,0.4118848197612434,True
DFL-MAT-J041W5,0,3.68,0.35839088155065685,True
DFL-MAT-J041W5,1,24.72,0.594517727255773,False
DFL-MAT-J041W5,0,9.76,0.2281789248159722,True
DFL-MAT-J041W5,1,42.36,0.34640805838040906,False
DFL-MAT-J041W5,0,3.44,0.4531523282112698,True
DFL-MAT-J041W5,1,4.96,0.5267870623574089,False
DFL-MAT-J041W5,1,48.0,0.31734365998862846,False
DFL-MAT-J041W5,0,36.92,0.3508612552238656,True
DFL-MAT-J041W5,1,11.12,0.4000599003875364,False
DFL-MAT-J041W5,1,12.56,0.3648762313042857,False
DFL-MAT-J041W5,0,3.56,0.6153413622094829,True
DFL-MAT-J041W5,1,3.72,0.5325318227537748,False
DFL-MAT-J041W5,0,24.6,0.23270669853449163,True
DFL-MAT-J041W5,0,34.88,,True
DFL-MAT-J041W5,1,13.0,0.3179977522548353,False
DFL-MAT-J041W5,0,4.04,0.42753211849560413,True
DFL-MAT-J041W5,0,8.92,0.32632143592069207,True
DFL-MAT-J041W5,1,34.92,0.40604975569404456,False
DFL-MAT-J041W5,1,11.64,0.36337968303030826,False
DFL-MAT-J041W5,1,14.08,0.2674857105089765,False
DFL-MAT-J041W5,0,4.96,0.4225895725439072,True
DFL-MAT-J041W5,1,3.6,0.4875784520285879,False
DFL-MAT-J041W5,0,41.16,0.5101957773982138,True
DFL-MAT-J041W5,1,3.64,0.33552340369434214,False
DFL-MAT-J041W5,0,6.88,0.41634538675716404,True
DFL-MAT-J041W5,1,2.68,0.43486503319445163,False
DFL-MAT-J041W5,0,14.2,0.5172270025314085,True
DFL-MAT-J041W5,1,36.6,0.37731623393940267,False
DFL-MAT-J041W5,1,33.48,0.2523436141663122,False
DFL-MAT-J041W5,0,5.92,0.357278806153375,True
DFL-MAT-J041W5,0,22.2,0.40686838275239756,True
DFL-MAT-J041W5,1,23.6,0.25627170046064845,False
DFL-MAT-J041W5,1,2.84,0.5876543374216172,False
DFL-MAT-J041W5,0,45.36,0.4867591962861065,True
DFL-MAT-J041W5,0,7.96,0.4466565108333689,True
DFL-MAT-J041W5,1,20.96,0.23084916527338892,False
DFL-MAT-J041W5,0,36.88,0.5037242054966399,True
DFL-MAT-J041W5,1,14.08,0.4620041753170627,False
DFL-MAT-J041W5,0,3.28,0.40159630915883876,True
DFL-MAT-J041W5,1,38.08,0.31268674046952294,False
DFL-MAT-J041W5,1,6.16,0.5402403339615852,False
DFL-MAT-J041W5,0,12.24,0.3754049899270841,True
DFL-MAT-J041W5,1,0.8,0.4784404659844528,False
DFL-MAT-J041W5,0,10.12,0.4302938771263728,True
DFL-MAT-J041W5,1,8.88,0.3553353102506551,False
DFL-MAT-J041W5,1,5.8,0.28584295626070166,False
DFL-MAT-J041W5,1,33.68,0.4335444529634373,False
DFL-MAT-J041W5,0,4.44,0.5181070024269382,True
DFL-MAT-J041W5,1,45.56,0.5837312710430467,False
DFL-MAT-J041WE,1,3.6,0.5027554466451313,True
DFL-MAT-J041WE,0,41.28,0.3594812117019439,False
DFL-MAT-J041WE,1,3.28,0.334510182394718,True
DFL-MAT-J041WE,0,9.44,0.27758281712770777,False
DFL-MAT-J041WE,1,34.4,,True
DFL-MAT-J041WE,1,8.2,0.4989642733073591,True
DFL-MAT-J041WE,0,58.6,0.23592090577060912,False
DFL-MAT-J041WE,1,7.12,0.47283725338741533,True
DFL-MAT-J041WE,1,7.08,0.4301593768684031,True
DFL-MAT-J041WE,0,2.72,0.5100889048098749,False
DFL-MAT-J041WE,1,1.12,0.3280633685763608,True
DFL-MAT-J041WE,0,16.12,0.49610353275530006,False
DFL-MAT-J041WE,1,6.6,0.46022142163811236,True
DFL-MAT-J041WE,1,3.68,,True
DFL-MAT-J041WE,0,15.6,0.23961484394711294,False
DFL-MAT-J041WE,1,11.84,0.3520797593045734,True
DFL-MAT-J041WE,1,11.56,0.21340393484000422,True
DFL-MAT-J041WE,1,57.2,0.41798593076753576,True
DFL-MAT-J041WE,0,56.32,0.3639362359189026,False
DFL-MAT-J041WE,1,13.44,0.530067967507607,True
DFL-MAT-J041WE,0,17.36,0.3021009323545167,False
DFL-MAT-J041WE,0,7.36,0.2880205430193084,False
DFL-MAT-J041WE,1,10.56,0.5510447643409209,True
DFL-MAT-J041WE,0,8.6,0.3692804711064136,False
DFL-MAT-J041WE,1,4.84,0.47639976211544144,True
DFL-MAT-J041WE,1,5.28,0.4586164718502513,True
DFL-MAT-J041WE,0,13.68,0.4918115191384457,False
DFL-MAT-J041WE,1,6.64,0.49072123857695504,True
DFL-MAT-J041WE,0,45.92,0.3276877277918561,False
DFL-MAT-J041WE,0,1.36,0.4669448169303234,False
DFL-MAT-J041WE,1,14.56,0.29195998126642175,True
DFL-MAT-J041WE,0,4.72,0.4656716422612471,False
DFL-MAT-J041WE,1,15.92,0.3148905573389,True
DFL-MAT-J041WE,1,5.6,,True
DFL-MAT-J041WE,0,14.72,0.5249299890140875,False
DFL-MAT-J041WE,1,5.08,0.4044310099621331,True
DFL-MAT-J041WE,0,50.04,0.5343544619556629,False
DFL-MAT-J041WE,0,37.52,0.6560304118138459,False
DFL-MAT-J041WE,0,2.56,0.27766493701002726,False
DFL-MAT-J041WE,1,5.96,,True
DFL-MAT-J041WE,0,39.2,,False
DFL-MAT-J041WE,1,34.76,0.5335879112946295,True
DFL-MAT-J041WE,0,53.32,0.5504022828714247,False
DFL-MAT-J041WE,1,3.96,0.5198982781360796,True
DFL-MAT-J041WE,0,8.48,0.5070298454167891,False
DFL-MAT-J041WE,1,17.44,0.4055532492053328,True
DFL-MAT-J041WE,0,4.68,0.39874561763416655,False
DFL-MAT-J041WE,1,20.44,0.5982133043038755,True
DFL-MAT-J041WE,1,17.96,0.2646311260786501,True
DFL-MAT-J041WE,0,0.28,0.4756677347392009,False
DFL-MAT-J041WE,1,12.88,0.5816965853740432,True
DFL-MAT-J041WE,0,7.44,0.5570409814573065,False
DFL-MAT-J041WE,1,6.56,0.290595647035985,True
DFL-MAT-J041WE,0,41.12,0.4221201270362011,False
DFL-MAT-J041WN,0,10.72,0.3498112725966678,True
DFL-MAT-J041WN,1,10.8,0.4426898015013072,False
DFL-MAT-J041WN,0,23.4,0.5323655777030111,True
DFL-MAT-J041WN,0,6.96,0.33768045368257393,True
DFL-MAT-J041WN,1,5.04,0.3033663498866622,False
DFL-MAT-J041WN,0,40.84,0.32899281160943267,True
DFL-MAT-J041WN,0,35.8,0.32258551078618564,True
DFL-MAT-J041WN,0,44.28,0.225412899745218,True
DFL-MAT-J041WN,1,11.64,0.49705008342757084,False
DFL-MAT-J041WN,1,56.92,0.3113176661702527,False
DFL-MAT-J041WN,1,6.6,,False
DFL-MAT-J041WN,0,7.64,0.5293112127453268,True
DFL-MAT-J041WN,1,38.2,0.4753475812933514,False
DFL-MAT-J041WN,0,1.44,0.6198438731439749,True
DFL-MAT-J041WN,1,15.96,0.4785271157681268,False
DFL-MAT-J041WN,0,1.8,0.27620276225783164,True
DFL-MAT-J041WN,1,28.36,0.4590985280961825,False
DFL-MAT-J041WN,1,18.6,0.35443987860683346,False
DFL-MAT-J041WN,1,10.44,0.5236496217160521,False
DFL-MAT-J041WN,0,9.16,0.2513260224463433,True
DFL-MAT-J041WN,1,7.84,0.44392417694789027,False
DFL-MAT-J041WN,0,11.2,0.3625242967587232,True
DFL-MAT-J041WN,1,6.2,0.38477993952274225,False
DFL-MAT-J041WN,0,58.2,0.27329881254606825,True
DFL-MAT-J041WN,0,32.12,0.23765310866525505,True
DFL-MAT-J041WN,1,13.64,0.37899960751894063,False
DFL-MAT-J041WN,0,23.36,0.5470711349297531,True
DFL-MAT-J041WN,1,18.92,0.4310762029546624,False
DFL-MAT-J041WN,1,7.76,0.35764134490623367,False
DFL-MAT-J041WN,0,22.92,0.23916137773298804,True
DFL-MAT-J041WN,1,2.4,0.4952785999492324,False
DFL-MAT-J041WN,0,26.8,0.3556693846852252,True
DFL-MAT-J041WN,0,22.04,0.22960537903581021,True
DFL-MAT-J041WN,0,21.28,,True
DFL-MAT-J041WN,1,5.4,0.3576119452920848,False
DFL-MAT-J041WN,0,12.32,0.5834392259025982,True
DFL-MAT-J041WN,1,31.88,0.3287039234233609,False
DFL-MAT-J041WN,1,38.96,0.5035657062249559,False
DFL-MAT-J041WN,1,2.44,0.523640621317107,False
DFL-MAT-J041WN,0,19.16,0.5800637002004205,True
DFL-MAT-J041WN,1,19.4,0.32592460829288133,False
DFL-MAT-J041WN,0,7.92,0.22031276854845017,True
DFL-MAT-J041WN,1,27.4,0.253096317933771,False
DFL-MAT-J041WN,0,41.76,0.3091511049073527,True
DFL-MAT-J041WN,0,16.6,0.3863859896968099,True
DFL-MAT-J041WN,1,7.88,0.4725137872482065,False
DFL-MAT-J041WN,0,32.12,0.4562121738312615,True
DFL-MAT-J041WN,0,9.68,0.38646015813029555,True
DFL-MAT-J041WN,1,17.56,0.4464147957113906,False
DFL-MAT-J041WN,0,57.72,0.5078308665770291,True
DFL-MAT-J041WN,0,40.04,0.2632223757899323,True
DFL-MAT-J041WN,1,1.36,0.543353945779886,False
DFL-MAT-J041WN,0,15.28,0.4275688811411115,True
DFL-MAT-J041WN,0,4.68,0.3292853110258221,True
DFL-MAT-J041WN,1,27.08,0.5323592675566481,False
DFL-MAT-J041WN,0,29.12,0.2888013942853698,True
DFL-MAT-J041WN,0,20.52,0.25962665360502724,True
DFL-MAT-J041WN,1,3.48,0.5017954423321993,False
DFL-MAT-J041WN,0,30.08,0.4905733106076135,True
DFL-MAT-J041WN,0,28.28,0.27281199037026643,True
DFL-MAT-J041WN,1,48.88,0.2992389511852757,False
DFL-MAT-J041WN,0,10.56,0.31451385138437205,True
DFL-MAT-J041WN,1,22.32,0.5405242397232963,False
DFL-MAT-J041WN,1,10.36,0.2295026290851462,False
DFL-MAT-J041WN,0,10.04,0.35278777907905073,True
DFL-MAT-J041WN,0,3.72,0.3523727872590503,True
DFL-MAT-J041WN,1,15.08,0.41614301652436636,False
DFL-MAT-J041WN,0,7.6,0.5384657145052494,True
DFL-MAT-J041WN,1,7.12,0.41970031793471724,False
DFL-MAT-J041WN,0,9.16,0.32728317416607156,True
DFL-MAT-J041WN,1,35.48,0.36592784963405894,False
DFL-MAT-J041WN,1,35.12,0.5068256345883562,False
DFL-MAT-J041WN,1,5.96,0.36779723275454357,False
DFL-MAT-J041WN,1,6.08,0.4049829403420834,False
DFL-MAT-J041WN,1,10.96,0.4948103351332233,False
DFL-MAT-J041WN,0,3.56,0.299988066491128,True
DFL-MAT-J041WN,0,20.12,0.31836950397019254,True
DFL-MAT-J041WN,1,38.36,0.509007006847027,False
DFL-MAT-J041WN,0,15.72,0.3179886098129002,True
DFL-MAT-J041WN,1,58.04,0.5150888407180589,False
DFL-MAT-J041WN,0,46.88,0.3698369286162709,True
DFL-MAT-J041WN,1,37.52,0.3573624888018137,False
DFL-MAT-J041WN,0,3.52,0.38275051754486905,True
DFL-MAT-J041WN,1,58.36,0.2947511485510259,False
DFL-MAT-J041WN,0,6.08,0.5193398117327939,True
DFL-MAT-J041WN,0,6.72,0.39027766693166965,True
DFL-MAT-J041WN,1,19.0,0.4694407421224653,False
DFL-MAT-J041WN,0,7.0,0.33373669589100813,True
DFL-MAT-J041WT,1,10.36,0.37030871095219364,True
DFL-MAT-J041WT,0,7.68,0.4539254240199053,False
DFL-MAT-J041WT,1,26.32,0.5841670690859183,True
DFL-MAT-J041WT,1,28.2,0.3128470785854915,True
DFL-MAT-J041WT,0,10.88,,False
DFL-MAT-J041WT,1,1.76,0.5637355852718307,True
DFL-MAT-J041WT,0,14.36,0.40458265106018093,False
DFL-MAT-J041WT,1,4.0,0.3811705306850655,True
DFL-MAT-J041WT,1,46.04,0.38342706694893813,True
DFL-MAT-J041WT,0,7.8,0.351427327784621,False
DFL-MAT-J041WT,1,54.88,0.5322958285105881,True
DFL-MAT-J041WT,0,11.04,,False
DFL-MAT-J041WT,1,4.36,0.4995681176945832,True
DFL-MAT-J041WT,0,44.4,0.3120372775310928,False
DFL-MAT-J041WT,1,5.8,0.5283803052708886,True
DFL-MAT-J041WT,0,38.68,0.39709689866983117,False
DFL-MAT-J041WT,1,0.92,0.3580138745305755,True
DFL-MAT-J041WT,0,56.84,0.430417834410692,False
DFL-MAT-J041WT,0,8.68,0.4530559627953592,False
DFL-MAT-J041WT,1,38.48,0.2121949644287574,True
DFL-MAT-J041WT,0,6.36,0.37527304215311924,False
DFL-MAT-J041WT,1,30.04,0.6328499637305,True
DFL-MAT-J041WT,1,15.12,0.3007167088693225,True
DFL-MAT-J041WT,0,24.96,0.564161654645244,False
DFL-MAT-J041WT,1,13.28,0.3330470749981414,True
DFL-MAT-J041WT,0,47.16,0.4950837541369758,False
DFL-MAT-J041WT,1,22.88,0.38608465404592285,True
DFL-MAT-J041WT,0,3.92,0.47511560213925624,False
DFL-MAT-J041WT,0,11.4,0.5296375812485069,False
DFL-MAT-J041WT,1,28.72,0.2066019498360734,True
DFL-MAT-J041WT,1,3.56,0.4754540275126007,True
DFL-MAT-J041WT,0,58.68,0.38864385993757367,False
DFL-MAT-J041WT,0,39.76,0.4583188358444806,False
DFL-MAT-J041WT,1,0.12,0.35394414071830216,True
DFL-MAT-J041WT,0,32.08,0.2594859070085966,False
DFL-MAT-J041WT,1,17.72,0.3029487707667516,True
DFL-MAT-J041WT,0,15.72,0.2506852972040726,False
DFL-MAT-J041WT,1,20.64,0.2749127291164535,True
DFL-MAT-J041WT,0,24.16,0.28903358621259595,False
DFL-MAT-J041WT,1,26.76,0.2887924536982948,True
DFL-MAT-J041WT,1,8.04,0.5742998512092347,True
DFL-MAT-J041WT,0,58.16,0.2616666908751725,False
DFL-MAT-J041WT,0,11.48,0.23740976320460663,False
DFL-MAT-J041WT,1,42.16,0.3355096694038154,True
DFL-MAT-J041WT,1,22.0,,True
DFL-MAT-J041WT,0,8.72,0.33252714939249856,False
DFL-MAT-J041WT,1,30.84,0.2526646466242582,True
DFL-MAT-J041WT,0,7.68,0.34960602540667246,False
DFL-MAT-J041WT,1,10.52,0.4830095768085914,True
DFL-MAT-J041WT,0,7.0,0.2654950786570232,False
DFL-MAT-J041WT,1,46.88,0.29207563322636093,True
DFL-MAT-J041WT,0,31.52,0.5133123560076928,False
DFL-MAT-J041WT,0,7.6,0.4591778193828842,False
DFL-MAT-J041WT,1,12.32,0.5950985654729084,True
DFL-MAT-J041WT,0,21.8,0.26118457819447544,False
DFL-MAT-J041WT,1,16.92,0.26893758467188994,True
DFL-MAT-J041WT,0,3.68,0.36964724467079574,False
DFL-MAT-J041WT,1,54.56,0.526746701163316,True
DFL-MAT-J041WT,1,32.24,0.5168841060960139,True
DFL-MAT-J041WT,0,31.68,0.45146469694868746,False
DFL-MAT-J041WT,1,10.6,0.34797665911969283,True
DFL-MAT-J041WT,0,42.88,0.34921595555369533,False
DFL-MAT-J041WT,1,8.76,0.3937663321323066,True
DFL-MAT-J041WT,0,3.0,0.4725943953626611,False
DFL-MAT-J041WT,1,9.52,0.3538874205360039,True
DFL-MAT-J041WT,0,2.04,0.4505685048238692,False
DFL-MAT-J041WT,1,2.12,0.6306484205312348,True
DFL-MAT-J041WT,0,5.16,0.4641136700321913,False
DFL-MAT-J041WT,1,4.0,0.6064242821725931,True
DFL-MAT-J041WT,1,4.96,0.38059952918984896,True
DFL-MAT-J041WT,0,55.16,0.2880717674050048,False
DFL-MAT-J041WT,0,43.6,0.47596761964928547,False
DFL-MAT-J041WT,0,9.32,0.4366869789524115,False
DFL-MAT-J041WT,1,50.72,0.41416691452303384,True
DFL-MAT-J041WT,0,5.28,0.48284422056363835,False
DFL-MAT-J041WT,1,2.36,0.4101104258351606,True
DFL-MAT-J041WT,0,16.24,0.43851482724961777,False
DFL-MAT-J041WT,1,33.12,0.3603242152386628,True
DFL-MAT-J041X5,1,4.88,0.5082724033104113,False
DFL-MAT-J041X5,0,35.76,0.5211437808290983,True
DFL-MAT-J041X5,0,23.72,0.48174600597035,True
DFL-MAT-J041X5,0,9.0,0.4321734948663454,True
DFL-MAT-J041X5,1,11.52,0.3097910691774274,False
DFL-MAT-J041X5,0,9.52,0.4356724457375989,True
DFL-MAT-J041X5,1,12.56,0.2880731700152026,False
DFL-MAT-J041X5,0,26.68,0.5327227257862133,True
DFL-MAT-J041X5,1,3.68,0.47845702982108773,False
DFL-MAT-J041X5,0,38.16,0.27372984039343373,True
DFL-MAT-J041X5,1,11.68,0.4144590695593877,False
DFL-MAT-J041X5,1,4.08,,False
DFL-MAT-J041X5,0,41.96,0.45195136922926327,True
DFL-MAT-J041X5,0,6.28,0.47631505708123023,True
DFL-MAT-J041X5,0,49.8,0.5732040780832824,True
DFL-MAT-J041X5,0,5.16,0.4118279844751072,True
DFL-MAT-J041X5,1,8.16,0.3053522132850305,False
DFL-MAT-J041X5,0,15.6,0.28086118926994014,True
DFL-MAT-J041X5,1,35.48,0.3923603200331992,False
DFL-MAT-J041X5,1,38.56,0.6088103936831996,False
DFL-MAT-J041X5,0,33.0,0.39021709667016946,True
DFL-MAT-J041X5,1,27.84,0.34755780561526045,False
DFL-MAT-J041X5,1,6.68,0.4225134431890041,False
DFL-MAT-J041X5,1,10.68,0.22842855970614462,False
DFL-MAT-J041X5,0,32.32,0.48273621073951245,True
DFL-MAT-J041X5,1,18.48,0.5860061662525433,False
DFL-MAT-J041X5,0,2.88,0.48376295435637273,True
DFL-MAT-J041X5,1,23.44,0.3755823387833901,False
DFL-MAT-J041X5,0,5.6,0.37212869385274,True
DFL-MAT-J041X5,1,35.68,0.6300325944237646,False
DFL-MAT-J041X5,1,15.24,0.39893572892552914,False
DFL-MAT-J041X5,0,40.68,0.43341773732508987,True
DFL-MAT-J041X5,1,13.36,0.4789430156108598,False
DFL-MAT-J041X5,1,50.0,0.4781690527088777,False
DFL-MAT-J041X5,1,9.12,0.2847922230336297,False
DFL-MAT-J041X5,0,53.6,,True
DFL-MAT-J041X5,1,7.72,0.5882252333566379,False
DFL-MAT-J041X5,0,0.92,0.490690169654434,True
DFL-MAT-J041X5,1,0.08,0.4944446421677588,False
DFL-MAT-J041X5,0,3.32,0.4106204942215961,True
DFL-MAT-J041X5,1,6.72,0.3249041704262613,False
DFL-MAT-J041X5,0,5.08,0.5354078075006307,True
DFL-MAT-J041X5,1,31.52,0.5702176330444598,False
DFL-MAT-J041X5,0,2.92,,True
DFL-MAT-J041X5,1,7.76,0.3389450938063319,False
DFL-MAT-J041X5,1,6.44,0.460581393734791,False
DFL-MAT-J041X5,0,44.44,0.3057230940647772,True
DFL-MAT-J041X5,1,4.64,0.4960546644560702,False
DFL-MAT-J041X5,0,15.48,0.4423442333462351,True
DFL-MAT-J041X5,1,37.68,0.4750971478191182,False
DFL-MAT-J041X5,1,3.12,0.5604673366993181,False
DFL-MAT-J041X5,0,38.36,0.3200925326703453,True
DFL-MAT-J041X5,0,11.36,0.3701458758100138,True
DFL-MAT-J041X5,1,5.88,,False
DFL-MAT-J041X5,0,26.32,0.5697551111833677,True
DFL-MAT-J041X5,1,12.68,0.3217254109926988,False
DFL-MAT-J041X5,0,14.76,0.29754445448701233,True
DFL-MAT-J041X5,1,13.08,0.21477993146972252,False
DFL-MAT-J041X5,0,29.6,0.5392664562552121,True
DFL-MAT-J041X5,1,47.6,0.5643127501513399,False
DFL-MAT-J041X5,0,2.6,0.5045029165191297,True
DFL-MAT-J041X5,1,9.32,0.580526977643106,False
DFL-MAT-J041X5,1,11.76,0.7245265966000531,False
DFL-MAT-J041X5,1,3.76,0.41283874795870423,False
DFL-MAT-J041X5,1,23.72,0.48227449233217773,False
DFL-MAT-J041X5,0,7.8,0.34128518399718183,True
DFL-MAT-J041X5,1,30.76,0.40291396359153225,False
DFL-MAT-J041X5,0,32.68,0.5676023032393687,True
DFL-MAT-J041X5,1,27.76,0.48835997518047053,False
DFL-MAT-J041X5,0,42.92,0.22868077810860096,True
DFL-MAT-J041X5,0,3.48,0.3637831579478617,True
DFL-MAT-J041X5,1,36.0,0.4805566544022378,False
DFL-MAT-J041X5,0,18.6,0.2871416467803026,True
DFL-MAT-J041X5,1,0.8,0.47892645813478885,False
DFL-MAT-J041X5,0,26.6,0.5215512516676057,True
DFL-MAT-J041X5,1,7.6,0.5700791114042476,False
DFL-MAT-J041X5,0,16.4,0.3191960215070714,True
DFL-MAT-J041X5,1,3.24,0.5147843253782655,False
DFL-MAT-J041X5,0,5.08,0.4941354305304272,True
DFL-MAT-J041X5,0,25.44,0.26308619806666694,True
DFL-MAT-J041X5,0,31.12,0.4460079210024647,True
DFL-MAT-J041X5,1,5.16,0.5042224807061704,False
DFL-MAT-J041X5,0,53.4,0.30947878084164726,True
DFL-MAT-J041X5,0,31.44,0.5276257748731938,True
DFL-MAT-J041X5,1,7.68,0.5561715407970333,False
DFL-MAT-J041XE,1,30.68,0.47504759167349914,False
DFL-MAT-J041XE,0,3.04,0.3960019301629029,True
DFL-MAT-J041XE,0,30.28,0.4178383033779909,True
DFL-MAT-J041XE,0,18.44,0.4057503605148816,True
DFL-MAT-J041XE,1,6.44,0.2996561742799029,False
DFL-MAT-J041XE,0,13.0,0.3884046898553106,True
DFL-MAT-J041XE,0,9.56,0.32960404373281227,True
DFL-MAT-J041XE,1,29.6,0.4492768060547116,False
DFL-MAT-J041XE,1,16.12,,False
DFL-MAT-J041XE,0,2.2,0.5678620118553908,True
DFL-MAT-J041XE,1,38.0,0.33704585170260487,False
DFL-MAT-J041XE,1,6.28,0.3102293322439398,False
DFL-MAT-J041XE,0,26.76,0.39741703603529394,True
DFL-MAT-J041XE,1,30.04,0.4115861941388379,False
DFL-MAT-J041XE,0,59.12,0.5286344217422544,True
DFL-MAT-J041XE,0,24.48,0.5032442895171514,True
DFL-MAT-J041XE,1,39.72,0.27241950327356496,False
DFL-MAT-J041XE,0,20.28,0.28301726342009353,True
DFL-MAT-J041XE,0,4.36,0.3438301510209507,True
DFL-MAT-J041XE,1,38.76,0.5021977005105249,False
DFL-MAT-J041XE,1,9.4,0.42980325802737096,False
DFL-MAT-J041XE,0,31.84,0.3637060921559087,True
DFL-MAT-J041XE,1,2.4,0.38368502363317875,False
DFL-MAT-J041XE,0,46.68,0.39348528284020834,True
DFL-MAT-J041XE,0,2.12,0.5038415529311395,True
DFL-MAT-J041XE,1,10.28,0.45835089511785077,False
DFL-MAT-J041XE,0,9.2,0.48733745813947743,True
DFL-MAT-J041XE,1,17.04,0.273287323524478,False
DFL-MAT-J041XE,0,17.44,,True
DFL-MAT-J041XE,1,13.44,0.5471128385415814,False
DFL-MAT-J041XE,1,12.84,0.531665107727658,False
DFL-MAT-J041XE,0,7.56,,True
DFL-MAT-J041XE,1,28.12,0.4240217191120604,False
DFL-MAT-J041XE,1,11.12,,False
DFL-MAT-J041XE,0,9.08,0.4165067427725872,True
DFL-MAT-J041XE,0,18.84,0.2418230759509098,True
DFL-MAT-J041XE,1,41.84,0.48697690405717814,False
DFL-MAT-J041XE,1,53.96,0.3024883003443454,False
DFL-MAT-J041XE,0,54.92,0.2783740031956665,True
DFL-MAT-J041XE,0,23.68,0.27556107420311,True
DFL-MAT-J041XE,1,0.28,0.6537147331940822,False
DFL-MAT-J041XE,0,8.8,0.45852495473377997,True
DFL-MAT-J041XE,1,28.48,0.331179036244371,False
DFL-MAT-J041XE,0,35.64,0.491968977286658,True
DFL-MAT-J041XE,1,7.44,0.5169394366649381,False
DFL-MAT-J041XE,0,17.56,0.4220365423771968,True
DFL-MAT-J041XE,1,7.76,0.3365743460138469,False
DFL-MAT-J041XE,0,5.84,0.3173012883259111,True
DFL-MAT-J041XE,1,7.68,0.27458117714804237,False
DFL-MAT-J041XE,0,33.6,0.1890102430781572,True
DFL-MAT-J041XE,1,30.2,0.2705751193695538,False
DFL-MAT-J041XE,0,14.32,0.3669288670587125,True
DFL-MAT-J041XE,1,5.6,0.4610387099981117,False
DFL-MAT-J041XE,0,17.92,0.3511299676807844,True
DFL-MAT-J041XE,1,0.68,0.284551592587265,False
DFL-MAT-J041XE,0,0.4,0.5932126063634363,True
DFL-MAT-J041XE,1,38.48,0.38445491885105393,False
DFL-MAT-J041XE,0,17.08,0.36514437444569126,True
DFL-MAT-J041XE,1,9.04,0.46665964971738155,False
DFL-MAT-J041XE,0,4.4,0.4690451336087202,True
DFL-MAT-J041XE,1,48.08,0.4619198918836508,False
DFL-MAT-J041XE,1,11.6,0.40628441478960275,False
DFL-MAT-J041XE,1,33.72,0.3688589845079347,False
DFL-MAT-J041XE,0,7.24,0.3765712463498216,True
DFL-MAT-J041XE,1,48.68,0.2904342786291197,False
DFL-MAT-J041XE,1,2.8,0.2969396484314042,False
DFL-MAT-J041XE,0,20.8,0.3589450460851212,True
DFL-MAT-J041XE,1,2.84,0.4153700229312493,False
DFL-MAT-J041XE,0,25.36,0.4765737360303283,True
DFL-MAT-J041XE,0,26.6,0.2797849210638966,True
DFL-MAT-J041XE,0,24.96,0.2530967227123866,True
DFL-MAT-J041XE,1,47.16,0.39566821636757815,False
DFL-MAT-J041XE,0,0.16,0.5577554644040513,True
DFL-MAT-J041XE,1,6.76,0.2746004553479803,False
DFL-MAT-J041XE,0,2.0,0.4127509267295996,True
DFL-MAT-J041XE,1,49.84,0.45914302727033585,False
DFL-MAT-J041XE,1,5.12,0.2641423274565052,False
DFL-MAT-J041XE,0,42.92,0.20550945446768737,True
DFL-MAT-J041XE,1,14.36,0.5162156507129386,False
DFL-MAT-J041XN,0,32.36,0.5031375429694502,False
DFL-MAT-J041XN,0,2.64,0.5175028609743173,False
DFL-MAT-J041XN,1,28.24,0.4880668053528051,True
DFL-MAT-J041XN,0,2.52,0.3824736647130971,False
DFL-MAT-J041XN,1,31.88,0.3959036239464915,True
DFL-MAT-J041XN,0,2.72,0.41275861012957266,False
DFL-MAT-J041XN,1,7.12,0.3401841767439355,True
DFL-MAT-J041XN,0,48.36,0.39316892252461805,False
DFL-MAT-J041XN,1,2.08,0.3637495835925468,True
DFL-MAT-J041XN,0,26.56,0.43114643387523777,False
DFL-MAT-J041XN,1,18.56,0.2674935105295657,True
DFL-MAT-J041XN,0,8.96,0.6269289264434015,False
DFL-MAT-J041XN,1,35.68,0.3220240529217217,True
DFL-MAT-J041XN,0,4.76,0.5641900134205026,False
DFL-MAT-J041XN,1,17.08,,True
DFL-MAT-J041XN,0,19.88,0.3236078867691555,False
DFL-MAT-J041XN,0,18.04,0.44469916545345267,False
DFL-MAT-J041XN,1,1.84,0.35589687097162853,True
DFL-MAT-J041XN,0,8.2,,False
DFL-MAT-J041XN,0,12.76,0.3331471310102452,False
DFL-MAT-J041XN,0,36.92,0.22476547220257434,False
DFL-MAT-J041XN,1,38.76,0.4225812514279883,True
DFL-MAT-J041XN,1,38.28,0.4597494894881298,True
DFL-MAT-J041XN,1,34.52,0.2346318870282187,True
DFL-MAT-J041XN,0,7.28,0.37900836138300437,False
DFL-MAT-J041XN,1,5.48,0.3985160648828188,True
DFL-MAT-J041XN,0,9.72,0.50582416774069,False
DFL-MAT-J041XN,1,35.2,0.32592778914169473,True
DFL-MAT-J041XN,0,27.2,0.370388611228635,False
DFL-MAT-J041XN,1,17.8,0.5318120601971691,True
DFL-MAT-J041XN,0,14.68,0.48267390130005966,False
DFL-MAT-J041XN,1,44.04,0.4988592510366546,True
DFL-MAT-J041XN,0,15.88,0.3287810874187454,False
DFL-MAT-J041XN,0,8.16,0.4355799625868196,False
DFL-MAT-J041XN,0,40.68,0.4640536882303695,False
DFL-MAT-J041XN,1,11.52,0.5131050984465796,True
DFL-MAT-J041XN,1,37.4,0.38693826064111353,True
DFL-MAT-J041XN,0,21.0,0.3958285810823911,False
DFL-MAT-J041XN,1,2.08,,True
DFL-MAT-J041XN,0,3.0,0.5522511899277479,False
DFL-MAT-J041XN,1,4.92,0.37442010560202926,True
DFL-MAT-J041XN,0,6.96,0.3701569883921671,False
DFL-MAT-J041XN,1,7.68,0.43619240077563304,True
DFL-MAT-J041XN,0,53.84,0.5468178005186616,False
DFL-MAT-J041XN,0,48.68,0.5358065370689039,False
DFL-MAT-J041XN,0,2.56,0.39000923162127754,False
DFL-MAT-J041XN,1,18.24,0.42160672130598215,True
DFL-MAT-J041XN,1,43.76,0.5180511584099374,True
DFL-MAT-J041XN,0,4.96,0.5175121975023753,False
DFL-MAT-J041XN,1,29.28,0.436748434772517,True
DFL-MAT-J041XN,1,41.48,0.3817677379401055,True
DFL-MAT-J041XN,1,7.4,0.48593062969521905,True
DFL-MAT-J041XN,0,8.2,0.36168854606234696,False
DFL-MAT-J041XN,0,3.84,0.4614734115298647,False
DFL-MAT-J041XN,1,24.16,0.43094369194500987,True
DFL-MAT-J041XN,0,50.6,0.27924231950186135,False
DFL-MAT-J041XN,0,14.84,,False
DFL-MAT-J041XN,0,1.08,0.6152480079886372,False
DFL-MAT-J041XN,1,43.24,0.6089699041683054,True
DFL-MAT-J041XN,0,2.56,0.5476934067169906,False
DFL-MAT-J041XN,1,15.76,0.3832627857861362,True
DFL-MAT-J041XN,0,3.8,0.5325383237094226,False
DFL-MAT-J041XN,1,42.4,0.42361802042901825,True
DFL-MAT-J041XN,1,12.96,0.5093569754739986,True
DFL-MAT-J041XN,0,4.72,0.39763020168682867,False
DFL-MAT-J041XN,1,9.16,0.5953457003796712,True
DFL-MAT-J041XN,1,10.24,0.34546017251588906,True
DFL-MAT-J041XN,0,25.0,0.40361708022922,False
DFL-MAT-J041XN,0,22.28,0.4360096865359748,False
DFL-MAT-J041XN,1,8.96,0.43699070227493,True
DFL-MAT-J041XN,0,10.24,0.6609798551711812,False
DFL-MAT-J041XN,0,42.04,0.3589099412437509,False
DFL-MAT-J041XN,0,4.92,0.5844015123129593,False
DFL-MAT-J041XN,1,37.36,0.3482367164217024,True
DFL-MAT-J041XN,0,56.68,0.6263165401238884,False
DFL-MAT-J041XN,0,6.76,0.407762579386874,False
DFL-MAT-J041XN,1,59.0,,True
DFL-MAT-J041XW,1,22.24,0.2318960305925346,False
DFL-MAT-J041XW,0,0.88,0.5580542599612723,True
DFL-MAT-J041XW,1,16.56,0.430858629811737,False
DFL-MAT-J041XW,0,8.92,0.3277551976110773,True
DFL-MAT-J041XW,1,11.56,0.2894522925134141,False
DFL-MAT-J041XW,0,7.4,,True
DFL-MAT-J041XW,1,20.96,0.24631537314064766,False
DFL-MAT-J041XW,0,50.52,0.27987611728224426,True
DFL-MAT-J041XW,0,20.12,0.4974594287170443,True
DFL-MAT-J041XW,0,20.68,0.271946939227308,True
DFL-MAT-J041XW,0,1.84,0.40533347986872803,True
DFL-MAT-J041XW,1,45.28,0.28555345627840184,False
DFL-MAT-J041XW,0,55.64,0.42717126113577963,True
DFL-MAT-J041XW,0,22.2,0.5320962667530924,True
DFL-MAT-J041XW,1,43.28,0.3326169852893245,False
DFL-MAT-J041XW,0,19.72,0.4221866179394822,True
DFL-MAT-J041XW,1,14.44,0.5021391643347998,False
DFL-MAT-J041XW,0,12.36,0.5006094583310331,True
DFL-MAT-J041XW,1,32.36,0.40971358324968543,False
DFL-MAT-J041XW,0,6.88,0.4361914411126634,True
DFL-MAT-J041XW,1,23.0,0.3185343520021664,False
DFL-MAT-J041XW,0,32.6,0.4263023294550467,True
DFL-MAT-J041XW,1,4.76,0.23000094690816364,False
DFL-MAT-J041XW,1,59.72,0.5189890840810211,False
DFL-MAT-J041XW,0,21.76,0.20515639520823786,True
DFL-MAT-J041XW,1,44.44,0.3468737253371483,False
DFL-MAT-J041XW,1,14.48,0.5636076782034637,False
DFL-MAT-J041XW,0,8.32,0.3325771687628252,True
DFL-MAT-J041XW,1,15.32,0.35308199825206754,False
DFL-MAT-J041XW,0,4.96,,True
DFL-MAT-J041XW,1,32.2,0.33964191324033105,False
DFL-MAT-J041XW,1,3.56,0.4894563680291948,False
DFL-MAT-J041XW,0,11.64,0.46612300026500375,True
DFL-MAT-J041XW,1,1.0,0.3375423036565169,False
DFL-MAT-J041XW,0,27.44,0.2723805247919805,True
DFL-MAT-J041XW,0,18.4,0.3386778027730534,True
DFL-MAT-J041XW,1,56.68,0.23496302530763166,False
DFL-MAT-J041XW,0,7.28,,True
DFL-MAT-J041XW,0,9.24,0.4863713344593475,True
DFL-MAT-J041XW,0,41.44,0.46268334755019086,True
DFL-MAT-J041XW,0,19.8,0.4371698149571757,True
DFL-MAT-J041XW,1,19.48,0.4863736342868308,False
DFL-MAT-J041XW,1,17.12,0.3350459806029209,False
DFL-MAT-J041XW,1,11.2,0.3163068160241582,False
DFL-MAT-J041XW,0,33.36,0.3831058532331987,True
DFL-MAT-J041XW,1,5.08,0.4254716640742887,False
DFL-MAT-J041XW,0,43.64,0.21751652378929756,True
DFL-MAT-J041XW,0,22.24,0.4334454028617866,True
DFL-MAT-J041XW,1,1.68,0.4141953222032492,False
DFL-MAT-J041XW,0,54.28,0.39294579140911184,True
DFL-MAT-J041XW,1,2.12,0.6184536588454049,False
DFL-MAT-J041XW,0,24.84,0.3823460809059851,True
DFL-MAT-J041XW,1,11.68,0.47831346486518117,False
DFL-MAT-J041XW,0,53.4,0.2926217426985173,True
DFL-MAT-J041XW,1,9.08,0.5142595845577825,False
DFL-MAT-J041XW,0,39.12,0.3875304300108985,True
DFL-MAT-J041XW,0,14.32,0.3196817016171479,True
DFL-MAT-J041XW,1,0.88,0.5512582130428925,False
DFL-MAT-J041XW,0,35.04,0.4482048955527038,True
DFL-MAT-J041XW,1,12.8,0.5112769438482602,False
DFL-MAT-J041XW,0,1.88,0.36500840778478827,True
DFL-MAT-J041XW,1,8.2,0.4299805714689821,False
DFL-MAT-J041XW,0,14.88,0.24372691160562698,True
DFL-MAT-J041XW,0,10.16,0.26400024191903204,True
DFL-MAT-J041XW,1,3.88,0.49361341175946816,False
DFL-MAT-J041XW,0,6.4,0.3848142858302017,True
DFL-MAT-J041XW,0,10.2,0.4718119862992619,True
DFL-MAT-J041XW,1,10.04,0.5701955300136397,False
DFL-MAT-J041XW,0,0.12,,True
DFL-MAT-J041XW,1,32.84,0.5220334651478478,False
DFL-MAT-J041Y0,1,45.28,0.6318068730522134,True
DFL-MAT-J041Y0,0,14.0,0.4790034546489752,False
DFL-MAT-J041Y0,1,57.08,0.5268441158631819,True
DFL-MAT-J041Y0,1,30.04,0.29931132601302757,True
DFL-MAT-J041Y0,0,30.12,0.2563985836571944,False
DFL-MAT-J041Y0,0,53.24,0.5114686405133292,False
DFL-MAT-J041Y0,1,7.0,0.42418623718815107,True
DFL-MAT-J041Y0,0,36.8,0.4562210987908738,False
DFL-MAT-J041Y0,1,6.8,0.3655622692813679,True
DFL-MAT-J041Y0,0,13.84,0.2484650822023422,False
DFL-MAT-J041Y0,1,33.4,0.27002597150695906,True
DFL-MAT-J041Y0,0,6.72,0.492585043826069,False
DFL-MAT-J041Y0,1,50.4,0.36100538487988304,True
DFL-MAT-J041Y0,1,1.8,0.4732190010728756,True
DFL-MAT-J041Y0,1,31.72,,True
DFL-MAT-J041Y0,1,34.64,0.3773947192664532,True
DFL-MAT-J041Y0,0,6.52,0.2718174847005046,False
DFL-MAT-J041Y0,1,14.04,0.39029393485198116,True
DFL-MAT-J041Y0,0,2.36,0.5982696309041385,False
DFL-MAT-J041Y0,0,12.52,0.31554662103677233,False
DFL-MAT-J041Y0,1,21.08,0.40186820946225443,True
DFL-MAT-J041Y0,0,8.2,0.3753726900873792,False
DFL-MAT-J041Y0,1,35.88,0.2934576851489028,True
DFL-MAT-J041Y0,1,40.52,0.37289776912946654,True
DFL-MAT-J041Y0,0,39.64,0.4674725390774503,False
DFL-MAT-J041Y0,1,34.52,0.5869120687349542,True
DFL-MAT-J041Y0,1,9.8,0.34918121401618984,True
DFL-MAT-J041Y0,0,33.24,0.5397301953947565,False
DFL-MAT-J041Y0,0,18.68,0.4587154611306948,False
DFL-MAT-J041Y0,1,40.92,0.3511043770783207,True
DFL-MAT-J041Y0,0,8.48,0.40328432632209954,False
DFL-MAT-J041Y0,1,36.84,0.5400990293608691,True
DFL-MAT-J041Y0,0,12.64,,False
DFL-MAT-J041Y0,1,21.56,0.24253422940671823,True
DFL-MAT-J041Y0,0,3.4,0.4048857327762045,False
DFL-MAT-J041Y0,1,6.36,0.492303757961168,True
DFL-MAT-J041Y0,0,2.44,0.634859079302446,False
DFL-MAT-J041Y0,1,21.28,0.4371419782885343,True
DFL-MAT-J041Y0,1,6.88,0.5478752660922858,True
DFL-MAT-J041Y0,1,17.84,0.3847981392432738,True
DFL-MAT-J041Y0,1,4.16,0.5201545020144656,True
DFL-MAT-J041Y0,0,57.44,0.4241605893244291,False
DFL-MAT-J041Y0,0,12.44,0.4168831419906293,False
DFL-MAT-J041Y0,1,54.88,,True
DFL-MAT-J041Y0,1,31.0,0.44012939649730204,True
DFL-MAT-J041Y0,0,9.04,0.5365338014020362,False
DFL-MAT-J041Y0,1,5.64,0.5246481782079363,True
DFL-MAT-J041Y0,0,18.96,0.33843236512063263,False
DFL-MAT-J041Y0,1,16.8,0.29216238152009033,True
DFL-MAT-J041Y0,0,57.12,,False
DFL-MAT-J041Y0,0,2.52,0.6703029189684178,False
DFL-MAT-J041Y0,0,4.36,0.4445909291838925,False
DFL-MAT-J041Y0,0,23.56,0.3423415071827449,False
DFL-MAT-J041Y0,0,11.04,0.43250912669473157,False
DFL-MAT-J041Y0,1,27.88,0.6232930510260973,True
DFL-MAT-J041Y0,1,19.24,,True
DFL-MAT-J041Y0,0,0.24,0.5956986743512734,False
DFL-MAT-J041Y0,1,15.36,0.36657857403660127,True
DFL-MAT-J041Y0,0,34.32,0.3943338511612898,False
DFL-MAT-J041Y0,0,13.16,0.25350121790469843,False
DFL-MAT-J041Y0,1,8.88,0.34958492805835295,True
DFL-MAT-J041Y0,0,3.56,0.4842959640296976,False
DFL-MAT-J041Y0,1,17.16,0.4216769397920774,True
DFL-MAT-J041Y0,0,6.64,0.48249876374817924,False
DFL-MAT-J041Y0,0,23.56,0.3918612113299878,False
DFL-MAT-J041Y0,0,0.08,0.5474798776062901,False
DFL-MAT-J041Y0,1,43.24,0.4628225982052112,True
DFL-MAT-J041Y0,0,30.2,0.49558953826988056,False
DFL-MAT-J041Y0,1,24.24,0.36008455654225385,True
DFL-MAT-J041Y0,0,43.84,0.3978228493414533,False
DFL-MAT-J041Y0,1,4.88,0.4980535825562798,True
DFL-MAT-J041Y0,0,20.2,0.2710710881818707,False
DFL-MAT-J041Y0,1,5.4,0.4110004721092939,True
DFL-MAT-J041Y0,0,5.44,0.38196311434145747,False
DFL-MAT-J041Y0,1,5.04,0.3823952255037262,True
DFL-MAT-J041Y0,0,41.24,0.26269190016144056,False
DFL-MAT-J041YE,0,3.72,0.4948692327974321,True
DFL-MAT-J041YE,0,3.08,0.3503808867102085,True
DFL-MAT-J041YE,0,5.76,0.5251831440219081,True
DFL-MAT-J041YE,0,10.64,0.5305700762544103,True
DFL-MAT-J041YE,0,53.16,0.252344612541268,True
DFL-MAT-J041YE,0,5.68,0.4487435982603003,True
DFL-MAT-J041YE,0,32.64,0.3016844987435752,True
DFL-MAT-J041YE,0,9.16,0.47250982737919606,True
DFL-MAT-J041YE,0,27.84,0.4543161816478698,True
DFL-MAT-J041YE,0,2.6,0.526603775983746,True
DFL-MAT-J041YE,0,38.48,0.4435480524979332,True
DFL-MAT-J041YE,0,21.52,0.42209094068318603,True
DFL-MAT-J041YE,0,38.6,0.37988567085816616,True
DFL-MAT-J041YE,0,9.04,0.3988052905946095,True
DFL-MAT-J041YE,0,37.2,0.45891617587585604,True
DFL-MAT-J041YE,0,45.08,0.5933563287827766,True
DFL-MAT-J041YE,0,6.48,0.4574868379552918,True
DFL-MAT-J041YE,0,34.12,0.2716146998132699,True
DFL-MAT-J041YE,0,58.92,0.32778875671998825,True
DFL-MAT-J041YE,0,13.44,0.463951600741349,True
DFL-MAT-J041YE,0,2.12,0.4267256368450304,True
DFL-MAT-J041YE,0,10.84,0.35484657689870164,True
DFL-MAT-J041YE,0,51.44,0.33959910222410566,True
DFL-MAT-J041YE,0,8.56,0.33956889357404424,True
DFL-MAT-J041YE,0,11.92,0.43115511600531303,True
DFL-MAT-J041YE,0,16.8,0.21339028485544068,True
DFL-MAT-J041YE,0,10.24,0.18438594905400635,True
DFL-MAT-J041YE,0,4.8,0.3522921098505319,True
DFL-MAT-J041YE,0,43.32,0.2495336344308091,True
DFL-MAT-J041YE,0,3.24,0.35934197643736976,True
DFL-MAT-J041YE,0,39.2,0.27531144807484986,True
DFL-MAT-J041YE,0,6.64,0.30494955934898865,True
DFL-MAT-J041YE,0,3.04,0.4435658585059417,True
DFL-MAT-J041YE,0,29.36,,True
DFL-MAT-J041YE,0,28.12,0.36036408346180115,True
DFL-MAT-J041YE,0,6.24,0.2801766973793025,True
DFL-MAT-J041YE,0,50.4,,True
DFL-MAT-J041YE,0,12.0,0.328236727531663,True
DFL-MAT-J041YE,0,33.2,0.3296136489713958,True
DFL-MAT-J041YE,0,32.56,0.5340133468117115,True
DFL-MAT-J041YE,0,8.64,0.4453525121724325,True
DFL-MAT-J041YE,0,10.44,0.2975322460376832,True
DFL-MAT-J041YE,0,3.44,0.4862494325891979,True
DFL-MAT-J041YE,0,6.04,0.3549929294029792,True
DFL-MAT-J041YE,0,10.84,0.36811712251515644,True
DFL-MAT-J041YN,0,44.52,0.4122510930025238,True
DFL-MAT-J041YN,1,49.0,0.5780376478467749,False
DFL-MAT-J041YN,1,7.56,0.37273885466031365,False
DFL-MAT-J041YN,0,33.56,0.3146030358301209,True
DFL-MAT-J041YN,1,5.76,0.3866099758937348,False
DFL-MAT-J041YN,0,26.96,0.4589469324704166,True
DFL-MAT-J041YN,1,7.44,0.40969879268080783,False
DFL-MAT-J041YN,0,52.72,0.4175847951244755,True
DFL-MAT-J041YN,1,32.88,0.2845057323806342,False
DFL-MAT-J041YN,0,10.48,0.28676500667008126,True
DFL-MAT-J041YN,1,2.36,0.44612756067829684,False
DFL-MAT-J041YN,0,9.0,0.5710448655212885,True
DFL-MAT-J041YN,1,5.56,0.5331775224681244,False
DFL-MAT-J041YN,0,26.24,0.3644114658461983,True
DFL-MAT-J041YN,0,3.64,0.4965871820097685,True
DFL-MAT-J041YN,1,7.6,0.34694156257035536,False
DFL-MAT-J041YN,1,56.56,0.3833734400371822,False
DFL-MAT-J041YN,1,5.0,0.37887324792817434,False
DFL-MAT-J041YN,0,3.0,0.40394666874012325,True
DFL-MAT-J041YN,1,11.04,0.37797756891337725,False
DFL-MAT-J041YN,0,11.6,0.3790308765327455,True
DFL-MAT-J041YN,0,35.6,0.4857326860906658,True
DFL-MAT-J041YN,0,48.52,0.3194992592183414,True
DFL-MAT-J041YN,1,48.96,0.36611051314562765,False
DFL-MAT-J041YN,0,7.28,0.3049393759599043,True
DFL-MAT-J041YN,1,55.2,0.31332272666973576,False
DFL-MAT-J041YN,0,6.44,0.3558371090999516,True
DFL-MAT-J041YN,1,41.88,0.4174982963746017,False
DFL-MAT-J041YN,1,46.2,0.28026229669353603,False
DFL-MAT-J041YN,1,53.52,0.46068789014386297,False
DFL-MAT-J041YN,0,3.76,0.3726682399207834,True
DFL-MAT-J041YN,0,23.4,0.3394624974030057,True
DFL-MAT-J041YN,1,15.92,0.4234419753782201,False
DFL-MAT-J041YN,0,48.8,0.2784442718673657,True
DFL-MAT-J041YN,0,11.64,0.39669702638630344,True
DFL-MAT-J041YN,1,47.24,0.5692302511355929,False
DFL-MAT-J041YN,0,3.08,,True
DFL-MAT-J041YN,1,8.84,0.5156402113866511,False
DFL-MAT-J041YN,1,6.0,0.5444754065483863,False
DFL-MAT-J041YN,0,41.96,0.506204007975457,True
DFL-MAT-J041YN,0,30.52,0.4499767280181015,True
DFL-MAT-J041YN,0,17.16,0.33030439090200975,True
DFL-MAT-J041YN,1,13.48,0.2988645735535249,False
DFL-MAT-J041YN,0,5.2,0.41829791231620156,True
DFL-MAT-J041YN,1,17.16,0.5072997333617083,False
DFL-MAT-J041YN,1,20.92,,False
DFL-MAT-J041YN,0,10.48,0.4368462467420727,True
DFL-MAT-J041YN,1,9.4,0.43679314614706655,False
DFL-MAT-J041YN,0,7.48,0.31753384966026443,True
DFL-MAT-J041YN,1,33.08,0.42378509446748847,False
DFL-MAT-J041YN,1,13.24,0.2795163527587084,False
DFL-MAT-J041YN,1,23.24,0.4053441062115848,False
DFL-MAT-J041YN,0,7.68,0.44665365232206156,True
DFL-MAT-J041YN,1,3.48,0.2896271117837299,False
DFL-MAT-J041YN,0,11.04,0.3379950036624647,True
DFL-MAT-J041YN,1,7.44,0.5600763381810391,False
DFL-MAT-J041YN,0,50.52,0.316807303877623,True
DFL-MAT-J041YN,0,7.92,0.4749624271069956,True
DFL-MAT-J041YN,1,11.64,0.4342454457808487,False
DFL-MAT-J041YN,0,39.32,0.4534712473635467,True
DFL-MAT-J041YN,1,2.16,0.4110909175619082,False
DFL-MAT-J041YN,0,20.6,0.5604100231299444,True
DFL-MAT-J041YN,0,29.28,0.5015996978495554,True
DFL-MAT-J041YN,1,9.84,0.4514452526918017,False
DFL-MAT-J041YN,0,35.84,0.1851757090229195,True
DFL-MAT-J041YN,0,37.12,0.2521203661860243,True
DFL-MAT-J041YN,1,43.44,0.43291813724589917,False
DFL-MAT-J041YN,0,20.92,,True
DFL-MAT-J041YN,0,1.6,0.47579278712238227,True
DFL-MAT-J041YN,1,13.88,0.4546512288208906,False
DFL-MAT-J041YN,0,6.2,0.43125359214983155,True
DFL-MAT-J041YN,1,18.32,0.3381374337896954,False
DFL-MAT-J041YN,0,40.6,0.4420903380693419,True
DFL-MAT-J041YN,1,12.96,,False
DFL-MAT-J041YN,0,2.44,0.4332639623876629,True
DFL-MAT-J041YN,1,4.12,0.3637479471325964,False
DFL-MAT-J041YN,0,2.76,0.272048614804426,True
DFL-MAT-J041YN,1,46.08,0.3727573019081618,False
DFL-MAT-J041YN,0,28.08,0.35708747519118883,True
DFL-MAT-J041YN,1,56.44,0.44717496692810227,False
DFL-MAT-J041YN,1,38.88,0.4092104768100164,False
DFL-MAT-J041YN,1,3.36,0.6900682087392757,False
DFL-MAT-J041YN,0,11.2,0.36951358241241916,True
DFL-MAT-J041YN,1,47.28,0.3761889939726436,False
DFL-MAT-J041YN,0,3.6,0.3880944766687451,True
DFL-MAT-J041YV,1,1.76,0.6338821798007883,True
DFL-MAT-J041YV,0,36.88,0.5823995110921767,False
DFL-MAT-J041YV,1,7.96,0.48673248812639663,True
DFL-MAT-J041YV,0,12.64,0.4561168388719019,False
DFL-MAT-J041YV,1,18.12,0.1908166107707802,True
DFL-MAT-J041YV,0,24.28,0.3676395258109036,False
DFL-MAT-J041YV,1,25.88,0.32637996764566674,True
DFL-MAT-J041YV,1,39.52,0.27230028503051457,True
DFL-MAT-J041YV,0,58.2,0.477615769543209,False
DFL-MAT-J041YV,1,2.52,0.5124813722238167,True
DFL-MAT-J041YV,0,14.0,0.4279343470599446,False
DFL-MAT-J041YV,1,3.68,0.3650342920563508,True
DFL-MAT-J041YV,0,3.48,0.5968523728451712,False
DFL-MAT-J041YV,1,4.24,0.31791058057610355,True
DFL-MAT-J041YV,0,7.76,0.4437277432098937,False
DFL-MAT-J041YV,0,2.48,0.4542541340865404,False
DFL-MAT-J041YV,1,5.2,0.40827019777447104,True
DFL-MAT-J041YV,0,2.6,0.4177629740070413,False
DFL-MAT-J041YV,1,4.88,0.4546973293665008,True
DFL-MAT-J041YV,0,3.28,0.5835371597086668,False
DFL-MAT-J041YV,1,45.44,0.4002625292880481,True
DFL-MAT-J041YV,1,7.32,0.4330564221804695,True
DFL-MAT-J041YV,0,39.24,0.4967634767624429,False
DFL-MAT-J041YV,1,4.28,0.49849230141082385,True
DFL-MAT-J041YV,1,5.36,0.6100287871938241,True
DFL-MAT-J041YV,0,21.28,0.31853867858677903,False
DFL-MAT-J041YV,1,3.24,0.4693732924702225,True
DFL-MAT-J041YV,0,42.56,0.3512326200236384,False
DFL-MAT-J041YV,0,37.6,0.2630227055566103,False
DFL-MAT-J041YV,1,8.6,0.37181178832937006,True
DFL-MAT-J041YV,0,3.4,0.5561336362074301,False
DFL-MAT-J041YV,1,7.04,0.5559183356313985,True
DFL-MAT-J041YV,0,14.68,0.37605602476269645,False
DFL-MAT-J041YV,1,42.56,0.3048754689432513,True
DFL-MAT-J041YV,1,35.6,0.5628785227180785,True
DFL-MAT-J041YV,0,17.8,0.47133892626508445,False
DFL-MAT-J041YV,1,17.0,0.3509435170255526,True
DFL-MAT-J041YV,0,6.88,0.37552373119885624,False
DFL-MAT-J041YV,1,28.0,0.4076736756219075,True
DFL-MAT-J041YV,0,55.04,0.3514025902395798,False
DFL-MAT-J041YV,1,27.56,0.3378547704722818,True
DFL-MAT-J041YV,1,33.56,0.245557963695327,True
DFL-MAT-J041YV,0,24.76,0.29199288938022083,False
DFL-MAT-J041YV,1,9.68,0.5849398130201966,True
DFL-MAT-J041YV,0,20.0,0.23927432540251856,False
DFL-MAT-J041YV,1,42.56,0.5104229647082006,True
DFL-MAT-J041YV,0,6.04,0.5036581561008486,False
DFL-MAT-J041YV,1,36.08,0.2836053895064635,True
DFL-MAT-J041YV,0,36.52,0.31322151124373104,False
DFL-MAT-J041YV,1,6.92,0.4725706351689183,True
DFL-MAT-J041YV,1,9.72,0.5729195639426774,True
DFL-MAT-J041YV,0,10.04,,False
DFL-MAT-J041YV,1,15.96,0.32823506926153684,True
DFL-MAT-J041YV,1,1.04,0.41300851911913533,True
DFL-MAT-J041YV,0,9.04,0.3204486278278927,False
DFL-MAT-J041YV,1,22.36,,True
DFL-MAT-J041YV,0,46.08,0.3279614529114662,False
DFL-MAT-J041YV,1,46.04,0.417213672320909,True
DFL-MAT-J041YV,1,6.72,0.31010487913792156,True
DFL-MAT-J041YV,0,44.8,0.5120737169596752,False
DFL-MAT-J041YV,1,56.24,0.21586235306792179,True
DFL-MAT-J041YV,0,2.32,0.5505494664527716,False
DFL-MAT-J041YV,0,11.24,0.5268926133903766,False
DFL-MAT-J041YV,1,57.92,0.2873433679749439,True
DFL-MAT-J041YV,1,21.68,0.4687059064247158,True
DFL-MAT-J041YV,0,15.56,0.5386993393614349,False
DFL-MAT-J041YV,1,50.88,0.279652702518898,True
DFL-MAT-J041YV,0,51.0,0.587696104623599,False
DFL-MAT-J041YV,1,4.68,0.28826431502459565,True
DFL-MAT-J041YV,1,8.76,0.4052658423841851,True
DFL-MAT-J041YV,0,53.28,0.44567169754976527,False
DFL-MAT-J041Z5,0,25.24,0.3530886868663869,True
DFL-MAT-J041Z5,0,26.48,,True
DFL-MAT-J041Z5,0,7.84,0.4154626169183547,True
DFL-MAT-J041Z5,0,4.72,0.2566533314879502,True
DFL-MAT-J041Z5,0,30.04,0.24844772728711173,True
DFL-MAT-J041Z5,0,4.52,0.41286026252481867,True
DFL-MAT-J041Z5,0,24.12,0.43485046331193694,True
DFL-MAT-J041Z5,0,6.2,0.3107928270414085,True
DFL-MAT-J041Z5,0,4.76,0.4318436972935954,True
DFL-MAT-J041Z5,0,50.72,0.4696970493205026,True
DFL-MAT-J041Z5,0,6.16,0.538308798150627,True
DFL-MAT-J041Z5,0,39.56,0.3061921882897491,True
DFL-MAT-J041Z5,0,5.16,0.4935700537003587,True
DFL-MAT-J041Z5,0,37.84,0.39737100976127776,True
DFL-MAT-J041Z5,0,2.96,0.28577045448655297,True
DFL-MAT-J041Z5,0,45.36,0.6035241106331242,True
DFL-MAT-J041Z5,0,7.76,0.3897856257560847,True
DFL-MAT-J041Z5,0,2.56,0.5134550646533103,True
DFL-MAT-J041Z5,0,8.84,0.26239676297879316,True
DFL-MAT-J041Z5,0,24.4,0.5337968007346191,True
DFL-MAT-J041Z5,0,45.12,0.5723486596078496,True
DFL-MAT-J041Z5,0,57.12,,True
DFL-MAT-J041Z5,0,35.88,0.3661465385392681,True
DFL-MAT-J041Z5,0,14.72,0.30155059143002705,True
DFL-MAT-J041Z5,0,0.4,0.5850037778446397,True
DFL-MAT-J041Z5,0,40.08,0.4002066230202295,True
DFL-MAT-J041Z5,0,14.8,0.5335916103963474,True
DFL-MAT-J041Z5,0,26.24,0.5160657072247792,True
DFL-MAT-J041ZD,1,28.48,0.5262236931295351,True
DFL-MAT-J041ZD,1,7.68,0.38794049872180114,True
DFL-MAT-J041ZD,0,7.92,,False
DFL-MAT-J041ZD,1,2.96,0.447852661976533,True
DFL-MAT-J041ZD,0,4.2,0.48679489439060974,False
DFL-MAT-J041ZD,1,2.28,0.6057042586812846,True
DFL-MAT-J041ZD,0,6.64,0.5724354786970042,False
DFL-MAT-J041ZD,1,25.36,0.3303038726678375,True
DFL-MAT-J041ZD,1,9.68,0.3334249298422745,True
DFL-MAT-J041ZD,1,7.88,0.24928361266286742,True
DFL-MAT-J041ZD,0,15.2,0.29427205762004255,False
DFL-MAT-J041ZD,1,50.88,0.4941907318718899,True
DFL-MAT-J041ZD,0,41.12,0.3792739255856547,False
DFL-MAT-J041ZD,1,21.92,0.309671129227479,True
DFL-MAT-J041ZD,1,29.84,0.37574992769411225,True
DFL-MAT-J041ZD,1,13.84,0.5138225945491601,True
DFL-MAT-J041ZD,1,29.88,0.3474590568199436,True
DFL-MAT-J041ZD,1,1.68,0.39620102379506816,True
DFL-MAT-J041ZD,0,0.72,0.37681255825378274,False
DFL-MAT-J041ZD,0,4.88,0.547884601975368,False
DFL-MAT-J041ZD,1,41.92,0.468920809506757,True
DFL-MAT-J041ZD,0,31.8,0.28694006469076727,False
DFL-MAT-J041ZD,1,9.48,0.486447972728061,True
DFL-MAT-J041ZD,0,26.12,0.4568728684676351,False
DFL-MAT-J041ZD,1,57.56,0.4796113264603889,True
DFL-MAT-J041ZD,1,7.72,0.32896987829206203,True
DFL-MAT-J041ZD,0,52.28,0.5350766424379456,False
DFL-MAT-J041ZD,1,24.72,0.49791333177541475,True
DFL-MAT-J041ZD,0,24.36,0.32074877277240577,False
DFL-MAT-J041ZD,0,31.28,0.22081270411742993,False
DFL-MAT-J041ZD,1,3.84,0.3203106943653188,True
DFL-MAT-J041ZD,0,6.64,0.4219064604130396,False
DFL-MAT-J041ZD,1,16.08,0.30938541240023,True
DFL-MAT-J041ZD,0,4.68,0.4725451107042587,False
DFL-MAT-J041ZD,1,19.28,0.4443471348204482,True
DFL-MAT-J041ZD,0,3.96,,False
DFL-MAT-J041ZD,1,27.48,0.37427038102942584,True
DFL-MAT-J041ZD,1,22.88,0.3943596623892411,True
DFL-MAT-J041ZD,0,16.84,0.43972616871549336,False
DFL-MAT-J041ZD,0,53.56,0.4016759241667172,False
DFL-MAT-J041ZD,1,35.44,0.4611322487581953,True
DFL-MAT-J041ZD,0,51.24,0.4109130128815705,False
DFL-MAT-J041ZD,1,20.16,0.4482594979649563,True
DFL-MAT-J041ZD,1,39.28,0.6950446644093944,True
DFL-MAT-J041ZD,1,1.28,0.48007627461622016,True
DFL-MAT-J041ZD,0,0.04,,False
DFL-MAT-J041ZD,1,42.2,0.34806204823149156,True
DFL-MAT-J041ZD,1,4.4,0.352688280959793,True
DFL-MAT-J041ZD,0,31.64,0.40456285176798074,False
DFL-MAT-J041ZD,1,35.44,0.3624194181292138,True
DFL-MAT-J041ZD,1,51.72,0.1979263695225667,True
DFL-MAT-J041ZD,0,8.72,0.4738008178576173,False
DFL-MAT-J041ZD,1,4.88,0.5989336375251549,True
DFL-MAT-J041ZD,0,16.88,0.3876205726335919,False
DFL-MAT-J041ZD,1,38.44,0.29411607861777583,True
DFL-MAT-J041ZD,0,24.0,0.5692254944719123,False
DFL-MAT-J041ZD,1,23.76,0.6072457195134402,True
DFL-MAT-J041ZD,1,3.52,0.36029366913605876,True
DFL-MAT-J041ZD,0,18.64,0.4349549615304167,False
DFL-MAT-J041ZD,1,2.84,0.44056943572271834,True
DFL-MAT-J041ZD,1,25.52,0.5372708897917846,True
DFL-MAT-J041ZD,0,3.4,,False
DFL-MAT-J041ZD,1,51.12,0.3413819451269234,True
DFL-MAT-J041ZD,1,23.52,0.5362990256003533,True
DFL-MAT-J041ZD,0,12.68,0.3460061822761502,False
DFL-MAT-J041ZD,0,9.88,,False
DFL-MAT-J041ZD,1,48.4,0.33165875779806575,True
DFL-MAT-J041ZD,1,2.56,0.516645190914796,True
DFL-MAT-J041ZD,0,10.72,0.5369900279051911,False
DFL-MAT-J041ZD,1,15.24,0.3307941266500702,True
DFL-MAT-J041ZD,0,0.48,0.3036235576635926,False
DFL-MAT-J041ZD,1,35.64,0.4576855873957843,True
DFL-MAT-J041ZD,1,6.44,0.5266712502683606,True
DFL-MAT-J041ZN,1,49.88,0.25145434359972024,False
DFL-MAT-J041ZN,0,52.24,0.3348456852896568,True
DFL-MAT-J041ZN,0,52.24,0.4014401932668384,True
DFL-MAT-J041ZN,1,1.04,0.5365343730968708,False
DFL-MAT-J041ZN,0,8.04,0.5012991596783841,True
DFL-MAT-J041ZN,1,40.24,0.5049284397737109,False
DFL-MAT-J041ZN,1,23.28,0.46585761231790257,False
DFL-MAT-J041ZN,0,15.0,0.23192429733387732,True
DFL-MAT-J041ZN,1,6.24,,False
DFL-MAT-J041ZN,0,14.68,0.32488398041693806,True
DFL-MAT-J041ZN,1,45.4,0.37015851521623766,False
DFL-MAT-J041ZN,0,44.04,0.3920785243205692,True
DFL-MAT-J041ZN,1,7.72,0.49814916237784157,False
DFL-MAT-J041ZN,0,3.12,0.5020779195566231,True
DFL-MAT-J041ZN,1,36.68,,False
DFL-MAT-J041ZN,1,11.28,0.20033945734558545,False
DFL-MAT-J041ZN,0,29.72,0.17737629940828545,True
DFL-MAT-J041ZN,1,1.84,0.4794724579808861,False
DFL-MAT-J041ZN,0,11.12,0.4334467209564701,True
DFL-MAT-J041ZN,1,28.76,0.4881625621445167,False
DFL-MAT-J041ZN,0,10.8,0.33360476847654996,True
DFL-MAT-J041ZN,1,11.88,0.3658358830531462,False
DFL-MAT-J041ZN,0,2.72,0.40172378570140954,True
DFL-MAT-J041ZN,1,49.88,0.48809070672604243,False
DFL-MAT-J041ZN,0,56.76,0.5097809993678406,True
DFL-MAT-J041ZN,0,0.72,0.37730221949114096,True
DFL-MAT-J041ZN,1,26.32,0.4356932847625341,False
DFL-MAT-J041ZN,0,11.04,0.2699087173013371,True
DFL-MAT-J041ZN,1,33.04,0.2310188779759561,False
DFL-MAT-J041ZN,1,12.32,0.45316602186793037,False
DFL-MAT-J041ZN,0,4.24,0.5326272058416848,True
DFL-MAT-J041ZN,0,6.88,0.3715431775852027,True
DFL-MAT-J041ZN,0,46.56,0.42904285273464954,True
DFL-MAT-J041ZN,0,52.8,0.4173882634086957,True
DFL-MAT-J041ZN,0,4.8,0.29401268818413956,True
DFL-MAT-J041ZN,1,14.36,0.4903408534541685,False
DFL-MAT-J041ZN,0,20.8,0.40382779346222814,True
DFL-MAT-J041ZN,0,17.52,0.3729561143704971,True
DFL-MAT-J041ZN,1,19.72,0.29247467620526973,False
DFL-MAT-J041ZN,0,0.08,0.4765140079783692,True
DFL-MAT-J041ZN,1,38.0,0.4962214154465173,False
DFL-MAT-J041ZN,0,5.0,0.3700855219140186,True
DFL-MAT-J041ZN,1,19.44,0.4933536788372838,False
DFL-MAT-J041ZN,0,3.96,0.45352051202626636,True
DFL-MAT-J041ZN,1,3.0,0.47142110672799986,False
DFL-MAT-J041ZN,0,25.48,0.47553009557764714,True
DFL-MAT-J041ZN,1,16.04,0.2111490326750636,False
DFL-MAT-J041ZN,0,21.88,0.46448363056983766,True
DFL-MAT-J041ZN,0,4.48,0.2668489674909963,True
DFL-MAT-J041ZN,1,15.12,0.2815657435240987,False
DFL-MAT-J041ZN,0,2.4,0.339455064746062,True
DFL-MAT-J041ZN,1,56.36,0.500947021666245,False
DFL-MAT-J041ZN,0,53.84,0.2363109735787629,True
DFL-MAT-J041ZN,0,46.72,0.2662059262699886,True
DFL-MAT-J041ZN,0,5.36,0.3481495622965172,True
DFL-MAT-J041ZN,1,6.84,0.436035391912598,False
DFL-MAT-J041ZN,0,18.16,0.47999941101905214,True
DFL-MAT-J041ZN,1,10.48,0.3762376841972948,False
DFL-MAT-J041ZN,0,36.92,0.20997050868756817,True
DFL-MAT-J041ZN,1,40.12,0.4641746975488596,False
DFL-MAT-J041ZN,0,0.68,,True
DFL-MAT-J041ZN,1,8.76,0.4491954660952751,False
DFL-MAT-J041ZN,0,10.68,0.2835474072584686,True
DFL-MAT-J041ZN,1,1.12,,False
DFL-MAT-J041ZN,0,13.68,0.5454109246026286,True
DFL-MAT-J041ZN,1,4.36,0.3172233898050616,False
DFL-MAT-J041ZN,0,49.2,0.34465325791325224,True
DFL-MAT-J041ZN,1,9.04,0.4369374666616584,False
DFL-MAT-J041ZN,0,21.24,0.2380388034965704,True
DFL-MAT-J041ZN,1,49.08,0.441664710796073,False
DFL-MAT-J041ZN,1,4.32,0.32976094022003294,False
DFL-MAT-J041ZN,0,6.32,0.3752382461963236,True
DFL-MAT-J041ZN,1,14.84,0.428528662245234,False
DFL-MAT-J041ZN,0,56.04,,True
DFL-MAT-J041ZN,1,7.96,0.4585047961956433,False
DFL-MAT-J041ZN,0,1.68,0.3684313641736736,True
DFL-MAT-J041ZN,1,14.4,0.3420336979923459,False
DFL-MAT-J041ZN,0,47.24,0.45324764026581255,True
DFL-MAT-J041ZN,0,2.6,0.41893826105648296,True
DFL-MAT-J041ZN,1,8.68,0.35533775201812934,False
DFL-MAT-J041ZN,0,5.76,0.36559463114408586,True
DFL-MAT-J041ZN,1,5.2,0.474875903817661,False
DFL-MAT-J041ZN,0,17.08,0.38806172385310655,True
DFL-MAT-J041ZN,0,13.0,0.3983159305549957,True
DFL-MAT-J041ZN,1,12.88,0.3860266177175506,False
DFL-MAT-J041ZN,1,6.28,0.4320717801274314,False
DFL-MAT-J041ZN,1,43.4,0.46744752372053694,False
DFL-MAT-J041ZN,0,3.72,0.5163040301031335,True
DFL-MAT-J041ZN,1,16.6,0.3873747839078535,False
DFL-MAT-J041ZN,0,50.08,0.4795254243250635,True
DFL-MAT-J041ZQ,0,6.76,0.4995525767196602,False
DFL-MAT-J041ZQ,1,45.72,0.38094255792513887,True
DFL-MAT-J041ZQ,1,7.64,0.32540516160092575,True
DFL-MAT-J041ZQ,0,18.6,0.2342726709503881,False
DFL-MAT-J041ZQ,1,8.44,0.41594234646873623,True
DFL-MAT-J041ZQ,0,17.12,,False
DFL-MAT-J041ZQ,1,3.68,0.3920744180949183,True
DFL-MAT-J041ZQ,0,35.4,0.3283906577652438,False
DFL-MAT-J041ZQ,1,15.08,0.22560758920914004,True
DFL-MAT-J041ZQ,0,34.12,0.4414000819674944,False
DFL-MAT-J041ZQ,1,16.16,0.37421262142652295,True
DFL-MAT-J041ZQ,0,19.6,0.4984994273988629,False
DFL-MAT-J041ZQ,1,23.16,0.19404854956643278,True
DFL-MAT-J041ZQ,1,14.56,0.27416476181138594,True
DFL-MAT-J041ZQ,0,36.44,0.23834845110082473,False
DFL-MAT-J041ZQ,1,3.32,0.385565419459307,True
DFL-MAT-J041ZQ,0,22.4,0.36837588955967887,False
DFL-MAT-J041ZQ,1,4.76,0.5267327242512262,True
DFL-MAT-J041ZQ,0,48.16,0.32452757248014724,False
DFL-MAT-J041ZQ,0,9.2,0.5088770607611405,False
DFL-MAT-J041ZQ,1,7.12,0.32169228565651337,True
DFL-MAT-J041ZQ,1,35.68,0.4855532389723914,True
DFL-MAT-J041ZQ,0,8.08,0.27510589485430953,False
DFL-MAT-J041ZQ,1,33.28,0.26919731463490076,True
DFL-MAT-J041ZQ,1,0.44,0.48833392294232947,True
DFL-MAT-J041ZQ,0,8.24,0.4829841906735309,False
DFL-MAT-J041ZQ,0,4.44,0.3266636390519424,False
DFL-MAT-J041ZQ,1,2.16,0.5205888435643423,True
DFL-MAT-J041ZQ,0,4.16,0.45619602840398205,False
DFL-MAT-J041ZQ,1,45.36,0.5008798651933809,True
DFL-MAT-J041ZQ,1,9.52,0.45883795393552335,True
DFL-MAT-J041ZQ,0,12.96,0.3454185175294646,False
DFL-MAT-J041ZQ,1,11.36,0.5474802847329577,True
DFL-MAT-J041ZQ,0,31.36,0.5245736416274153,False
DFL-MAT-J041ZQ,1,52.88,0.42440745185823303,True
DFL-MAT-J041ZQ,1,36.12,,True
DFL-MAT-J041ZQ,0,5.68,0.3202223677790127,False
DFL-MAT-J041ZQ,1,49.4,0.37206286730161264,True
DFL-MAT-J041ZQ,1,44.6,0.4589213927282483,True
DFL-MAT-J041ZQ,1,16.92,0.30498861824177054,True
DFL-MAT-J041ZQ,0,5.0,0.4090966502884538,False
DFL-MAT-J041ZQ,1,5.32,0.4366800826537219,True
DFL-MAT-J041ZQ,0,27.36,0.4592734105220657,False
DFL-MAT-J041ZQ,1,10.36,0.24987375106906215,True
DFL-MAT-J041ZQ,1,3.6,,True
DFL-MAT-J041ZQ,0,8.76,0.4636445890442299,False
DFL-MAT-J041ZQ,1,6.6,0.4491613594888097,True
DFL-MAT-J041ZQ,1,58.16,0.20495818542535352,True
DFL-MAT-J041ZQ,0,6.24,0.47004759557217174,False
DFL-MAT-J041ZQ,1,41.8,0.3710514314207676,True
DFL-MAT-J041ZQ,0,29.36,0.6261639622626234,False
DFL-MAT-J041ZQ,1,3.48,0.34235231693533913,True
DFL-MAT-J041ZQ,1,27.52,0.2816959559180188,True
DFL-MAT-J041ZQ,0,7.04,0.22981118245106447,False
DFL-MAT-J041ZQ,0,30.08,0.4933883832191856,False
DFL-MAT-J041ZQ,1,7.6,0.3748773661485336,True
DFL-MAT-J041ZQ,1,50.76,0.4168403299610623,True
DFL-MAT-J041ZQ,1,36.44,0.3266226909428116,True
DFL-MAT-J041ZQ,0,7.56,0.4262962576958944,False
DFL-MAT-J041ZQ,1,17.04,0.3737776526816497,True
DFL-MAT-J041ZQ,1,35.84,0.2300006948245606,True
DFL-MAT-J041ZQ,1,16.64,0.3600967352171783,True
DFL-MAT-J041ZQ,0,25.28,0.32514951821965904,False
DFL-MAT-J041ZQ,1,49.24,0.41269394182832736,True
DFL-MAT-J041ZQ,0,4.36,0.4187829654866108,False
DFL-MAT-J041ZQ,1,15.08,0.23146548360843525,True
DFL-MAT-J041ZQ,0,24.08,0.48756162410173043,False
DFL-MAT-J04205,0,10.96,0.5132087525912811,True
DFL-MAT-J04205,1,8.36,0.4128501944726269,False
DFL-MAT-J04205,0,14.8,0.2507044880369754,True
DFL-MAT-J04205,1,32.08,0.3394651812166636,False
DFL-MAT-J04205,1,4.88,0.5393934381989656,False
DFL-MAT-J04205,0,3.72,0.3372214154920319,True
DFL-MAT-J04205,1,16.36,,False
DFL-MAT-J04205,1,38.28,0.34056089048171057,False
DFL-MAT-J04205,1,23.64,0.4613039102294348,False
DFL-MAT-J04205,1,36.64,0.3356772734173796,False
DFL-MAT-J04205,0,34.92,0.42120847240396186,True
DFL-MAT-J04205,0,11.04,0.581551266506104,True
DFL-MAT-J04205,1,23.64,0.37152559944453195,False
DFL-MAT-J04205,1,53.16,,False
DFL-MAT-J04205,0,9.0,0.46227298952080453,True
DFL-MAT-J04205,0,7.04,0.49463758599754165,True
DFL-MAT-J04205,1,48.4,0.2419454075657655,False
DFL-MAT-J04205,0,52.0,0.3646485169173597,True
DFL-MAT-J04205,0,50.32,0.3942203730822363,True
DFL-MAT-J04205,1,9.84,0.39680116279895655,False
DFL-MAT-J04205,1,25.52,,False
DFL-MAT-J04205,0,8.16,0.3907541376964277,True
DFL-MAT-J04205,1,20.8,0.2658084044870071,False
DFL-MAT-J04205,1,6.72,,False
DFL-MAT-J04205,0,13.4,0.31443589063741867,True
DFL-MAT-J04205,1,13.4,0.44890401048704637,False
DFL-MAT-J04205,0,38.6,0.32083400404533985,True
DFL-MAT-J04205,1,4.68,0.41188953055081073,False
DFL-MAT-J04205,0,43.6,0.3711205182521297,True
DFL-MAT-J04205,1,44.92,0.182364048300321,False
DFL-MAT-J04205,0,55.72,0.37035590107435795,True
DFL-MAT-J04205,1,14.68,0.4788276515337709,False
DFL-MAT-J04205,0,50.64,0.36066862406096956,True
DFL-MAT-J04205,1,47.64,0.2789758631630616,False
DFL-MAT-J04205,0,43.84,0.2968451062470981,True
DFL-MAT-J04205,0,8.88,0.37697630561416906,True
DFL-MAT-J04205,1,59.44,0.46486023055516074,False
DFL-MAT-J04205,1,9.2,0.44005970553562246,False
DFL-MAT-J04205,0,47.36,0.45557020608426724,True
DFL-MAT-J04205,1,5.36,0.41859603511734006,False
DFL-MAT-J04205,1,34.2,0.5374157612043314,False
DFL-MAT-J04205,0,6.08,,True
DFL-MAT-J04205,1,4.96,0.4804845733177838,False
DFL-MAT-J04205,1,11.88,0.3868227848630434,False
DFL-MAT-J04205,0,7.36,0.5271747823460516,True
DFL-MAT-J04205,0,12.72,0.3254262989927048,True
DFL-MAT-J04205,1,20.88,0.39309670689401943,False
DFL-MAT-J04205,0,17.64,0.2900592521474485,True
DFL-MAT-J04205,1,30.16,0.34500496729931024,False
DFL-MAT-J04205,1,8.16,0.5262781222039664,False
DFL-MAT-J04205,0,12.6,0.2551182903586341,True
DFL-MAT-J04205,1,58.24,0.35664087125551974,False
DFL-MAT-J04205,1,21.36,0.3260802105285689,False
DFL-MAT-J04205,0,2.28,0.3274614211769919,True
DFL-MAT-J04205,1,53.16,0.534065155739175,False
DFL-MAT-J04205,0,1.56,0.3344509628320349,True
DFL-MAT-J04205,1,6.32,0.5498671934816601,False
DFL-MAT-J04205,0,27.84,0.41428606885152797,True
DFL-MAT-J04205,0,14.76,0.4521257440973946,True
DFL-MAT-J04205,1,13.36,0.3977183327631308,False
DFL-MAT-J04205,1,23.4,0.40039048012672723,False
DFL-MAT-J04205,1,3.84,0.3968779368566853,False
DFL-MAT-J04205,0,42.4,0.413349367490245,True
DFL-MAT-J04205,0,6.76,0.4230142377986168,True
DFL-MAT-J04205,0,34.76,0.490558683371655,True
DFL-MAT-J04205,1,8.04,0.2386231031683126,False
DFL-MAT-J04205,0,9.12,0.28764967286274107,True
DFL-MAT-J0420A,1,1.92,0.5698618604554762,True
DFL-MAT-J0420A,0,17.0,0.4611430993893486,False
DFL-MAT-J0420A,1,51.16,0.41875936509914014,True
DFL-MAT-J0420A,1,12.2,0.2970677274226328,True
DFL-MAT-J0420A,0,7.68,0.5798629721170053,False
DFL-MAT-J0420A,1,43.0,0.3580676395084539,True
DFL-MAT-J0420A,0,16.2,0.219707098556221,False
DFL-MAT-J0420A,1,6.92,0.2913473026004631,True
DFL-MAT-J0420A,0,38.84,0.30424121534277715,False
DFL-MAT-J0420A,1,26.96,,True
DFL-MAT-J0420A,1,22.28,0.5363520089070865,True
DFL-MAT-J0420A,0,23.0,0.3158384193854195,False
DFL-MAT-J0420A,1,6.36,0.37681403089014526,True
DFL-MAT-J0420A,0,52.6,0.631831814222687,False
DFL-MAT-J0420A,0,36.0,0.564092966172279,False
DFL-MAT-J0420A,1,9.24,0.2899992036970079,True
DFL-MAT-J0420A,0,9.6,0.43001304227815873,False
DFL-MAT-J0420A,1,55.68,0.35686202436038644,True
DFL-MAT-J0420A,1,42.0,0.2783619997840543,True
DFL-MAT-J0420A,1,6.28,0.34039398016776107,True
DFL-MAT-J0420A,0,5.88,0.3708616929501291,False
DFL-MAT-J0420A,1,32.16,0.44872744842290824,True
DFL-MAT-J0420A,0,3.52,0.453921768903928,False
DFL-MAT-J0420A,0,31.68,0.44456750661564304,False
DFL-MAT-J0420A,1,5.52,0.48632505071154997,True
DFL-MAT-J0420A,0,18.56,0.4944218547560107,False
DFL-MAT-J0420A,0,21.36,0.45991842440043723,False
DFL-MAT-J0420A,1,7.72,0.3196173665263046,True
DFL-MAT-J0420A,0,43.12,0.4553162483530244,False
DFL-MAT-J0420A,1,17.92,0.4030482927888602,True
DFL-MAT-J0420A,1,3.32,0.3928065988445219,True
DFL-MAT-J0420A,0,39.28,0.5142571136591821,False
DFL-MAT-J0420A,0,6.2,0.3550884060812154,False
DFL-MAT-J0420A,1,2.28,0.5604321120327781,True
DFL-MAT-J0420A,0,40.2,0.5296359778688937,False
DFL-MAT-J0420A,0,5.48,0.5056427529286814,False
DFL-MAT-J0420A,1,6.08,0.525289978773514,True
DFL-MAT-J0420A,0,11.12,0.39869592589655345,False
DFL-MAT-J0420A,0,13.48,,False
DFL-MAT-J0420A,1,47.56,0.23580451430584373,True
DFL-MAT-J0420A,0,3.76,0.4662129585827672,False
DFL-MAT-J0420A,1,12.68,0.3602532704054869,True
DFL-MAT-J0420A,0,45.32,0.44584312930780884,False
DFL-MAT-J0420A,1,59.88,0.5065648981447836,True
DFL-MAT-J0420A,0,37.76,0.5631469767185094,False
DFL-MAT-J0420A,1,5.64,0.3528937689136522,True
DFL-MAT-J0420A,0,49.68,0.3006539212804127,False
DFL-MAT-J0420A,0,28.48,0.4094956322389838,False
DFL-MAT-J0420A,0,7.56,0.30441592231334985,False
DFL-MAT-J0420A,0,5.96,0.4910462852749201,False
DFL-MAT-J0420A,1,10.68,,True
DFL-MAT-J0420A,0,20.64,0.3006560651051424,False
DFL-MAT-J0420A,1,7.8,0.5065684548678058,True
DFL-MAT-J0420A,0,36.68,0.2546015187311038,False
DFL-MAT-J0420A,1,31.16,0.42535401144772633,True
DFL-MAT-J0420A,1,13.56,0.3372892671029314,True
DFL-MAT-J0420A,0,43.48,0.2831216696865416,False
DFL-MAT-J0420A,1,50.72,0.3141185338106513,True
DFL-MAT-J0420A,0,7.56,0.3004144451627834,False
DFL-MAT-J0420A,0,7.32,0.3763004988338546,False
DFL-MAT-J0420A,1,18.92,0.4882300280920473,True
DFL-MAT-J0420A,1,16.72,0.3086584155988241,True
DFL-MAT-J0420A,0,19.52,0.464628397290119,False
DFL-MAT-J0420A,1,55.36,,True
DFL-MAT-J0420A,1,28.12,0.39822506696920046,True
DFL-MAT-J0420A,0,4.2,0.5411522740392147,False
DFL-MAT-J0420A,1,54.44,0.4322634611558363,True
DFL-MAT-J0420N,0,22.6,0.3561092508526727,True
DFL-MAT-J0420N,0,10.32,0.337539904205247,True
DFL-MAT-J0420N,0,32.88,0.5037624445434831,True
DFL-MAT-J0420N,0,38.88,0.2944150934408165,True
DFL-MAT-J0420N,0,3.04,0.3930014948191367,True
DFL-MAT-J0420N,1,6.2,0.4547621647558478,False
DFL-MAT-J0420N,0,10.8,0.41317456827365007,True
DFL-MAT-J0420N,1,45.52,0.5276210345383411,False
DFL-MAT-J0420N,0,19.28,0.5311043412150017,True
DFL-MAT-J0420N,1,8.4,0.4634775200305976,False
DFL-MAT-J0420N,0,18.48,0.3344573303038092,True
DFL-MAT-J0420N,0,7.4,0.2870476554185324,True
DFL-MAT-J0420N,1,19.76,,False
DFL-MAT-J0420N,0,3.52,0.6177739271846188,True
DFL-MAT-J0420N,1,19.48,0.5281856622590287,False
DFL-MAT-J0420N,1,8.12,0.4307320705001366,False
DFL-MAT-J0420N,1,28.32,,False
DFL-MAT-J0420N,0,7.76,0.4956592688586688,True
DFL-MAT-J0420N,1,18.12,0.580612814661052,False
DFL-MAT-J0420N,0,5.0,0.45220830251235744,True
DFL-MAT-J0420N,1,47.44,0.4480208381527691,False
DFL-MAT-J0420N,0,23.72,0.5156393837383279,True
DFL-MAT-J0420N,1,6.32,0.4533671518604847,False
DFL-MAT-J0420N,0,7.36,0.3435592018243185,True
DFL-MAT-J0420N,1,45.44,0.49072137244149366,False
DFL-MAT-J0420N,0,41.24,0.3520003694976885,True
DFL-MAT-J0420N,1,8.08,0.4329416328235844,False
DFL-MAT-J0420N,0,7.28,0.45024890417498914,True
DFL-MAT-J0420N,1,48.96,0.33177633070932155,False
DFL-MAT-J0420N,0,0.72,0.3808749429118759,True
DFL-MAT-J0420N,1,25.04,0.38107515031964306,False
DFL-MAT-J0420N,1,7.2,0.49758752698682074,False
DFL-MAT-J0420N,0,46.24,0.6037789870819165,True
DFL-MAT-J0420N,0,11.08,0.4784922136767185,True
DFL-MAT-J0420N,1,3.8,0.5512085105294247,False
DFL-MAT-J0420N,0,15.88,0.3689857566264274,True
DFL-MAT-J0420N,1,24.36,0.2494609675182902,False
DFL-MAT-J0420N,1,3.8,0.2558950807447293,False
DFL-MAT-J0420N,0,5.16,0.42065262458138486,True
DFL-MAT-J0420N,1,12.44,0.5126886829687497,False
DFL-MAT-J0420N,0,17.8,0.24786347564270234,True
DFL-MAT-J0420N,1,2.68,0.37925758176073576,False
DFL-MAT-J0420N,0,3.32,0.4155394247624047,True
DFL-MAT-J0420N,1,9.8,0.4453805372364947,False
DFL-MAT-J0420N,0,16.92,0.3707808056880443,True
DFL-MAT-J0420N,0,3.04,0.4807197676044164,True
DFL-MAT-J0420N,1,7.48,0.44375507876924997,False
DFL-MAT-J0420N,0,8.96,0.5657559277285333,True
DFL-MAT-J0420N,0,24.96,0.3961218743968289,True
DFL-MAT-J0420N,0,16.2,0.343933953518581,True
DFL-MAT-J0420N,0,3.44,0.5658848783885735,True
DFL-MAT-J0420N,1,4.2,0.3428191178307611,False
DFL-MAT-J0420N,1,6.32,0.2820701992532619,False
DFL-MAT-J0420N,1,23.16,0.47117578103063334,False
DFL-MAT-J0420N,1,3.64,,False
DFL-MAT-J0420N,0,7.8,0.4518725989035696,True
DFL-MAT-J0420N,1,5.88,0.39107633513627565,False
DFL-MAT-J0420N,0,2.88,0.4516409755074952,True
DFL-MAT-J0420N,1,11.48,0.44310880838725275,False
DFL-MAT-J0420N,0,2.88,0.5985196995821014,True
DFL-MAT-J0420N,1,40.64,0.29083435646413835,False
DFL-MAT-J0420N,0,3.76,0.4283453781132122,True
DFL-MAT-J0420N,1,2.44,0.3915082755104849,False
DFL-MAT-J0420N,0,43.36,0.2765359434391901,True
DFL-MAT-J0420N,0,6.92,0.27566766492120887,True
DFL-MAT-J0420N,1,24.0,0.33668146592158693,False
DFL-MAT-J0420N,1,32.32,0.4146447056412434,False
DFL-MAT-J0420N,0,16.12,0.2157340724237756,True
DFL-MAT-J0420N,1,57.28,,False
DFL-MAT-J0420N,0,42.6,,True
DFL-MAT-J0420N,0,43.12,0.4403873308913119,True
DFL-MAT-J0420P,1,47.28,0.2948129847125288,True
DFL-MAT-J0420P,1,34.76,0.32290081362535566,True
DFL-MAT-J0420P,1,50.36,,True
DFL-MAT-J0420P,1,7.56,0.32299301132752894,True
DFL-MAT-J0420P,0,29.92,0.3523882868259928,False
DFL-MAT-J0420P,0,12.12,0.5182804572760438,False
DFL-MAT-J0420P,0,55.08,0.3530974848966418,False
DFL-MAT-J0420P,0,8.52,0.42574281429445365,False
DFL-MAT-J0420P,1,49.72,,True
DFL-MAT-J0420P,1,49.32,0.4436657184054394,True
DFL-MAT-J0420P,1,37.36,0.32259323519956956,True
DFL-MAT-J0420P,0,13.0,0.49839647829830436,False
DFL-MAT-J0420P,1,35.68,0.4307708383461203,True
DFL-MAT-J0420P,0,5.96,0.4613477673742894,False
DFL-MAT-J0420P,1,15.68,0.40299276334612705,True
DFL-MAT-J0420P,0,21.52,0.4278982738682175,False
DFL-MAT-J0420P,0,28.08,0.3264701139183946,False
DFL-MAT-J0420P,1,2.52,0.5601601051601885,True
DFL-MAT-J0420P,0,9.04,0.4200053712007873,False
DFL-MAT-J0420P,1,49.64,0.3357649157761251,True
DFL-MAT-J0420P,1,17.04,0.3144193432376272,True
DFL-MAT-J0420P,0,5.72,0.4760480191252015,False
DFL-MAT-J0420P,1,47.16,0.3409584510909512,True
DFL-MAT-J0420P,1,12.4,0.28907765036580657,True
DFL-MAT-J0420P,0,22.12,0.3826718063217693,False
DFL-MAT-J0420P,1,17.52,0.19500973019003554,True
DFL-MAT-J0420P,0,5.04,0.23710681966924127,False
DFL-MAT-J0420P,1,5.72,0.2142684965012748,True
DFL-MAT-J0420P,0,25.2,0.49679527114803795,False
DFL-MAT-J0420P,1,29.8,0.3739259052718252,True
DFL-MAT-J0420P,1,13.16,0.3444455529827884,True
DFL-MAT-J0420P,1,8.4,0.44646203704604864,True
DFL-MAT-J0420P,0,30.92,0.2858809980602936,False
DFL-MAT-J0420P,1,23.92,0.365481149971343,True
DFL-MAT-J0420P,1,10.08,0.4912709152893484,True
DFL-MAT-J0420P,0,3.0,0.3150696814958967,False
DFL-MAT-J0420P,1,10.84,0.440378686537591,True
DFL-MAT-J0420P,0,4.44,0.4094932915042002,False
DFL-MAT-J0420P,1,18.32,0.38303211410043225,True
DFL-MAT-J0420P,0,30.6,0.3712518612211301,False
DFL-MAT-J0420P,0,6.68,0.5000334229974928,False
DFL-MAT-J0420P,1,25.48,0.30608073336529995,True
DFL-MAT-J0420P,0,17.64,0.4575634007622437,False
DFL-MAT-J0420P,1,23.64,0.18732545644863494,True
DFL-MAT-J0420P,0,10.48,0.4006203657727987,False
DFL-MAT-J0420P,1,21.8,0.2405374643448377,True
DFL-MAT-J0420P,1,11.92,0.2636200192268437,True
DFL-MAT-J0420P,0,35.44,,False
DFL-MAT-J0420P,0,4.6,0.347955106582869,False
DFL-MAT-J0420P,1,2.88,0.4710918475102619,True
DFL-MAT-J0420P,0,3.24,0.3542598302746019,False
DFL-MAT-J0420P,1,41.92,0.3652709901083236,True
DFL-MAT-J0420P,0,9.64,0.3607629716496004,False
DFL-MAT-J0420P,1,22.76,0.27165280364143013,True
DFL-MAT-J0420P,0,7.36,0.3160346851920288,False
DFL-MAT-J0420P,1,28.88,0.31650884166760007,True
DFL-MAT-J0420P,0,6.04,0.4329232083425022,False
DFL-MAT-J0420P,1,25.88,0.32821091361140975,True
DFL-MAT-J0420P,0,8.0,0.3356147870930893,False
DFL-MAT-J0420P,1,14.56,0.29470154118820935,True
DFL-MAT-J0420P,0,30.64,0.47203700414275734,False
DFL-MAT-J0420P,1,15.52,0.4774074917153577,True
DFL-MAT-J0420P,0,3.16,0.4761385030291007,False
DFL-MAT-J0420P,1,59.64,0.47574738393462984,True
DFL-MAT-J0420P,1,26.68,,True
DFL-MAT-J0420P,1,19.36,0.3105875475074832,True
DFL-MAT-J0420P,0,23.08,0.475904084197211,False
DFL-MAT-J0420P,0,41.88,,False
DFL-MAT-J0420P,0,4.48,0.46085759382996266,False
DFL-MAT-J0420P,1,4.84,0.5234982815712962,True
DFL-MAT-J0420P,0,50.52,0.5850465767432539,False
DFL-MAT-J0420P,1,16.4,0.4739178455391253,True
DFL-MAT-J0420P,0,23.12,0.4735054783631546,False
DFL-MAT-J0420P,1,11.56,0.2816007281781417,True
DFL-MAT-J0420P,0,12.72,0.2920003151891358,False
DFL-MAT-J0420P,1,7.96,0.5193234756012401,True
DFL-MAT-J0420P,1,24.72,0.3112888462878756,True
DFL-MAT-J04215,1,22.48,0.2227185320678057,False
DFL-MAT-J04215,0,7.96,0.371762910613427,True
DFL-MAT-J04215,1,5.2,0.3868550390273124,False
DFL-MAT-J04215,1,9.8,0.3867101401712207,False
DFL-MAT-J04215,0,29.32,0.24135405874054394,True
DFL-MAT-J04215,1,1.8,0.41749358974004397,False
DFL-MAT-J04215,0,35.0,0.46101716843653084,True
DFL-MAT-J04215,0,19.64,0.3875987226055191,True
DFL-MAT-J04215,0,11.32,0.32459524382480076,True
DFL-MAT-J04215,1,6.12,0.4493154745012498,False
DFL-MAT-J04215,0,18.12,0.36207308277227596,True
DFL-MAT-J04215,1,6.6,0.4010532665731932,False
DFL-MAT-J04215,0,10.28,0.4324682563819639,True
DFL-MAT-J04215,1,36.04,0.3275138169460481,False
DFL-MAT-J04215,0,6.96,0.48534191784089914,True
DFL-MAT-J04215,1,9.36,0.2932807332669709,False
DFL-MAT-J04215,0,12.92,0.39815775530042813,True
DFL-MAT-J04215,1,11.88,0.3877693163240043,False
DFL-MAT-J04215,0,9.88,0.3481784097184631,True
DFL-MAT-J04215,1,5.6,0.4388642504226052,False
DFL-MAT-J04215,0,10.48,0.4002115641122508,True
DFL-MAT-J04215,1,3.56,0.3279582852221793,False
DFL-MAT-J04215,0,18.52,0.3158430014366833,True
DFL-MAT-J04215,1,17.76,,False
DFL-MAT-J04215,0,22.0,0.32158872892624507,True
DFL-MAT-J04215,1,48.28,0.3575772579668606,False
DFL-MAT-J04215,0,6.36,0.30372328990287106,True
DFL-MAT-J04215,1,11.48,0.5510173673173618,False
DFL-MAT-J04215,0,40.2,0.4515161944916081,True
DFL-MAT-J04215,1,13.2,0.41017562378816114,False
DFL-MAT-J04215,0,25.36,0.37216686769572815,True
DFL-MAT-J04215,1,7.28,0.3907230799959014,False
DFL-MAT-J04215,0,11.72,0.34147083862817923,True
DFL-MAT-J04215,0,10.68,0.4858952831122351,True
DFL-MAT-J04215,1,1.4,0.49358848350677836,False
DFL-MAT-J04215,0,0.08,0.5300606990987958,True
DFL-MAT-J04215,1,2.2,0.5443618011232421,False
DFL-MAT-J04215,0,35.24,0.44009462456966536,True
DFL-MAT-J04215,1,44.44,0.3074158348421982,False
DFL-MAT-J04215,1,16.76,0.5668226491939641,False
DFL-MAT-J04215,0,28.04,0.32236331302878823,True
DFL-MAT-J04215,0,18.08,0.25708858705364873,True
DFL-MAT-J04215,1,48.92,0.4116244591587116,False
DFL-MAT-J04215,0,21.84,0.2674148694945787,True
DFL-MAT-J04215,1,37.28,0.29033113282290957,False
DFL-MAT-J04215,0,8.96,0.3706296523252958,True
DFL-MAT-J04215,1,6.28,0.3243774606068059,False
DFL-MAT-J04215,0,15.28,0.41091066319994374,True
DFL-MAT-J04215,0,2.96,0.4173214927661819,True
DFL-MAT-J04215,1,9.76,0.4086880756678659,False
DFL-MAT-J04215,0,24.04,,True
DFL-MAT-J04215,1,2.12,0.4838536515898495,False
DFL-MAT-J04215,0,5.72,0.3389485590504242,True
DFL-MAT-J04215,1,4.16,0.42150097459815705,False
DFL-MAT-J04215,0,5.08,0.37032138361127953,True
DFL-MAT-J04215,0,18.84,0.3147628908802695,True
DFL-MAT-J04215,0,30.64,0.35577022927877117,True
DFL-MAT-J04215,1,13.16,0.33236806091983156,False
DFL-MAT-J04215,0,50.4,0.35440134682108604,True
DFL-MAT-J04215,0,52.64,0.3135806346710607,True
DFL-MAT-J04215,0,15.4,0.3197808440247551,True
DFL-MAT-J04215,1,12.44,0.265988258548747,False
DFL-MAT-J04215,0,5.6,0.3933075485847179,True
DFL-MAT-J04215,0,5.6,,True
DFL-MAT-J04215,1,7.2,0.25175316520851543,False
DFL-MAT-J04215,0,3.72,,True
DFL-MAT-J04219,0,6.48,0.42291596199170395,False
DFL-MAT-J04219,1,40.44,0.4621954202232848,True
DFL-MAT-J04219,0,19.8,0.39845046429036945,False
DFL-MAT-J04219,1,8.76,0.5015409285628466,True
DFL-MAT-J04219,0,3.52,0.574483510858057,False
DFL-MAT-J04219,1,16.04,0.33437719923611375,True
DFL-MAT-J04219,0,5.96,0.46331025063667847,False
DFL-MAT-J04219,1,30.2,0.4116185562395829,True
DFL-MAT-J04219,0,7.84,0.35112753638047495,False
DFL-MAT-J04219,1,14.28,0.30309696787211166,True
DFL-MAT-J04219,0,41.36,0.3154933222241465,False
DFL-MAT-J04219,1,13.0,0.4120720892401393,True
DFL-MAT-J04219,1,17.12,0.30601707883067003,True
DFL-MAT-J04219,0,6.12,0.4438361341989858,False
DFL-MAT-J04219,1,0.92,0.5214691240140608,True
DFL-MAT-J04219,0,6.0,0.5379903991815669,False
DFL-MAT-J04219,1,39.88,,True
DFL-MAT-J04219,0,43.32,0.3038062800676427,False
DFL-MAT-J04219,1,12.32,0.4350958561878242,True
DFL-MAT-J04219,0,12.88,0.5343528324721555,False
DFL-MAT-J04219,1,50.16,0.26817163942565864,True
DFL-MAT-J04219,0,45.96,0.37860064459347587,False
DFL-MAT-J04219,0,34.92,0.5462261306103904,False
DFL-MAT-J04219,1,3.32,0.3338560390495274,True
DFL-MAT-J04219,0,53.68,0.3684295173823979,False
DFL-MAT-J04219,0,3.88,0.4107120666701339,False
DFL-MAT-J04219,1,11.88,0.5237034973213741,True
DFL-MAT-J04219,0,1.64,0.3684887588076753,False
DFL-MAT-J04219,1,14.08,0.3703657593262812,True
DFL-MAT-J04219,0,4.32,0.5489336979697096,False
DFL-MAT-J04219,1,10.84,0.4641595206232074,True
DFL-MAT-J04219,0,3.56,0.3672700275877019,False
DFL-MAT-J04219,1,13.68,0.3947337892871358,True
DFL-MAT-J04219,0,23.0,0.4620164263515128,False
DFL-MAT-J04219,1,5.88,0.6278978521245586,True
DFL-MAT-J04219,0,46.64,0.4518695993225488,False
DFL-MAT-J04219,0,42.52,0.5676657718070037,False
DFL-MAT-J04219,1,2.96,0.40891355474416713,True
DFL-MAT-J04219,0,23.72,0.41208915110347766,False
DFL-MAT-J04219,0,58.84,0.4458919365409199,False
DFL-MAT-J04219,1,3.16,0.5337127609056842,True
DFL-MAT-J04219,0,12.48,0.42415632550766863,False
DFL-MAT-J04219,1,7.92,0.273833608151438,True
DFL-MAT-J04219,0,13.84,0.3868996906596099,False
DFL-MAT-J04219,0,55.44,0.2300751151754299,False
DFL-MAT-J04219,0,15.8,0.2683973631347764,False
DFL-MAT-J04219,0,2.28,0.6256364593748818,False
DFL-MAT-J04219,1,13.4,0.393907425088333,True
DFL-MAT-J04219,0,44.48,0.5241306107187489,False
DFL-MAT-J04219,0,8.28,0.4055243012285561,False
DFL-MAT-J04219,1,8.2,0.2769575519439612,True
DFL-MAT-J04219,0,5.24,0.45787841271498203,False
DFL-MAT-J04219,1,6.2,0.41574775236552747,True
DFL-MAT-J04219,0,3.32,0.435653220702072,False
DFL-MAT-J04219,1,34.36,0.3476096365315464,True
DFL-MAT-J04219,1,40.6,0.24969269008570968,True
DFL-MAT-J04219,1,39.84,0.41282626731113986,True
DFL-MAT-J04219,1,45.52,0.5035298308204382,True
DFL-MAT-J04219,0,57.44,0.4264730066644326,False
DFL-MAT-J04219,0,20.96,0.4358513612995494,False
DFL-MAT-J04219,1,7.76,0.3275526926944026,True
DFL-MAT-J04219,0,17.76,0.2342257613730202,False
DFL-MAT-J04219,1,48.2,0.48051393462931913,True
DFL-MAT-J04219,0,14.04,0.4561623193056152,False
DFL-MAT-J04219,1,13.52,0.3191635780435997,True
DFL-MAT-J04219,1,9.64,0.2733021590894096,True
DFL-MAT-J04219,1,9.52,0.3894962291419363,True
DFL-MAT-J04219,0,50.52,0.3998152238643293,False
DFL-MAT-J04219,0,7.88,0.35543787349419215,False
DFL-MAT-J04219,1,2.72,0.5556395069747376,True
DFL-MAT-J04219,0,14.96,0.41624235073712573,False
DFL-MAT-J04219,1,29.8,0.42102434255359916,True
DFL-MAT-J04219,0,25.48,0.31847701012525054,False
DFL-MAT-J04219,1,41.32,0.4583477506013545,True
DFL-MAT-J04219,0,26.6,,False
DFL-MAT-J04219,1,2.88,,True
DFL-MAT-J04219,0,11.68,0.3904549673031658,False
DFL-MAT-J04219,0,6.68,0.422206032076818,False
DFL-MAT-J04219,1,38.0,0.48605465263873054,True
DFL-MAT-J04219,0,37.0,0.3716934156385725,False
DFL-MAT-J04219,1,3.16,,True
DFL-MAT-J04219,0,6.6,0.531979075324437,False
DFL-MAT-J04219,1,12.92,0.30508912155554274,True
DFL-MAT-J04219,0,12.36,0.4102137973752884,False
DFL-MAT-J04219,0,2.44,0.3763963971126309,False
DFL-MAT-J04219,0,39.16,0.6209505900974873,False
DFL-MAT-J04219,1,11.88,0.5671037584489718,True
DFL-MAT-J04219,0,13.68,0.3848107759698282,False
DFL-MAT-J04219,1,45.0,0.4642242585573181,True
DFL-MAT-J04219,1,29.88,0.55410368038104,True
DFL-MAT-J04219,0,42.0,0.534543877238921,False
DFL-MAT-J0421J,0,47.44,0.5195433620122484,False
DFL-MAT-J0421J,1,39.6,0.5571284509627508,True
DFL-MAT-J0421J,1,28.08,0.24194409371893294,True
DFL-MAT-J0421J,0,14.56,0.2232121775771043,False
DFL-MAT-J0421J,1,5.16,0.4705910595879361,True
DFL-MAT-J0421J,0,18.52,0.37964163967065606,False
DFL-MAT-J0421J,1,27.08,0.28228258593675937,True
DFL-MAT-J0421J,0,32.96,0.4851678428778779,False
DFL-MAT-J0421J,1,12.16,0.23118595953847734,True
DFL-MAT-J0421J,1,8.12,0.5511646173925968,True
DFL-MAT-J0421J,0,4.6,0.5312303548875349,False
DFL-MAT-J0421J,1,7.36,0.5336481178041561,True
DFL-MAT-J0421J,0,51.72,0.3142724506169756,False
DFL-MAT-J0421J,1,54.92,0.4179057295598966,True
DFL-MAT-J0421J,1,32.68,0.35123016816750796,True
DFL-MAT-J0421J,1,52.0,0.4984204289858993,True
DFL-MAT-J0421J,0,1.6,0.31366937595709304,False
DFL-MAT-J0421J,1,6.84,0.42184989406481216,True
DFL-MAT-J0421J,0,10.68,0.2600821824647925,False
DFL-MAT-J0421J,1,21.72,0.3319093604027195,True
DFL-MAT-J0421J,1,8.32,0.4146506367662443,True
DFL-MAT-J0421J,0,41.88,0.3925907387250718,False
DFL-MAT-J0421J,1,6.0,0.30765574976214816,True
DFL-MAT-J0421J,0,5.0,0.2887968865038834,False
DFL-MAT-J0421J,1,12.88,0.2818168021439897,True
DFL-MAT-J0421J,0,18.16,0.28500764408734064,False
DFL-MAT-J0421J,1,20.6,0.2677646580113268,True
DFL-MAT-J0421J,0,10.16,0.3524359071814434,False
DFL-MAT-J0421J,1,18.36,0.3742267168057545,True
DFL-MAT-J0421J,1,8.24,,True
DFL-MAT-J0421J,0,20.48,0.35753650528082576,False
DFL-MAT-J0421J,0,10.0,0.3743898067010933,False
DFL-MAT-J0421J,1,7.32,0.36331154664681675,True
DFL-MAT-J0421J,0,3.08,0.4356001094373336,False
DFL-MAT-J0421J,1,7.76,0.3849377465398613,True
DFL-MAT-J0421J,0,15.04,0.272426911491612,False
DFL-MAT-J0421J,1,9.0,0.3685928018208398,True
DFL-MAT-J0421J,0,43.28,,False
DFL-MAT-J0421J,1,15.24,0.3237524129554454,True
DFL-MAT-J0421J,0,0.56,0.5706820243612717,False
DFL-MAT-J0421J,1,5.0,0.46543368516060685,True
DFL-MAT-J0421J,0,25.28,0.3351042426347022,False
DFL-MAT-J0421J,1,2.84,0.6381525706104051,True
DFL-MAT-J0421J,0,7.8,0.43525263822900523,False
DFL-MAT-J0421J,1,24.08,,True
DFL-MAT-J0421J,0,4.44,0.43846011569154164,False
DFL-MAT-J0421J,1,13.56,0.5405870446379463,True
DFL-MAT-J0421J,0,4.68,0.4806224430314868,False
DFL-MAT-J0421J,1,4.84,0.4473908946239517,True
DFL-MAT-J0421J,1,3.56,,True
DFL-MAT-J0421J,0,9.96,0.5456851391006592,False
DFL-MAT-J0421J,0,37.32,0.3863204053984572,False
DFL-MAT-J0421J,0,29.64,0.44756608292322286,False
DFL-MAT-J0421J,1,41.16,0.2706474993893092,True
DFL-MAT-J0421J,0,4.8,0.4002550933767581,False
DFL-MAT-J0421J,1,32.44,0.46789854717492757,True
DFL-MAT-J0421J,0,30.64,0.44996691682950907,False
DFL-MAT-J0421J,1,11.88,0.5558130251850105,True
DFL-MAT-J0421J,1,3.08,0.37693984520163937,True
DFL-MAT-J0421J,0,4.12,0.3859256658981371,False
DFL-MAT-J0421J,1,16.28,0.35165225730586264,True
DFL-MAT-J0421J,1,8.24,0.39645110945781165,True
DFL-MAT-J0421J,0,11.84,0.4046518654786887,False
DFL-MAT-J0421J,1,9.12,0.46603252781510607,True
DFL-MAT-J0421J,1,8.64,0.5378751531474312,True
DFL-MAT-J0421J,0,4.92,0.4868629847817797,False
DFL-MAT-J0421J,1,6.08,0.2867282745278931,True
DFL-MAT-J0421J,0,7.2,0.5654749812295843,False
DFL-MAT-J0421J,1,31.36,0.33880038899379966,True
DFL-MAT-J0421J,0,15.24,0.4419520788102762,False
DFL-MAT-J0421J,1,15.72,0.39095643153097087,True
DFL-MAT-J0421J,0,28.28,0.2519685853717298,False
DFL-MAT-J0421J,1,3.28,0.4485427800026231,True
DFL-MAT-J0421J,1,9.64,0.3592295173248369,True
DFL-MAT-J0421J,0,18.08,,False
DFL-MAT-J0421J,1,31.08,0.22261499616064948,True
DFL-MAT-J0421J,1,8.84,0.5033152239396173,True
DFL-MAT-J0421J,0,55.52,0.3223840872009847,False
DFL-MAT-J0421J,0,49.08,0.4004714993720089,False
DFL-MAT-J0421J,1,14.36,0.2745965421196721,True
DFL-MAT-J0421J,0,9.56,0.39310780263481876,False
DFL-MAT-J0421J,1,1.2,0.482021144832354,True
DFL-MAT-J0421J,0,32.6,0.3791170488796233,False
DFL-MAT-J0421J,1,1.32,0.4994577980424187,True
DFL-MAT-J0421W,1,14.6,0.4031200912625336,False
DFL-MAT-J0421W,0,31.08,0.2852146010128855,True
DFL-MAT-J0421W,0,42.28,,True
DFL-MAT-J0421W,1,10.44,0.5536284367838513,False
DFL-MAT-J0421W,0,22.0,0.46771080361845246,True
DFL-MAT-J0421W,1,17.2,0.43205030807636824,False
DFL-MAT-J0421W,0,3.56,0.34927334925629683,True
DFL-MAT-J0421W,1,47.96,0.40893998565656947,False
DFL-MAT-J0421W,0,47.04,0.42398625348002006,True
DFL-MAT-J0421W,0,21.28,0.5025460745742312,True
DFL-MAT-J0421W,1,43.12,0.5072081896979002,False
DFL-MAT-J0421W,0,29.52,0.23533545697777247,True
DFL-MAT-J0421W,0,51.56,0.44671897564263974,True
DFL-MAT-J0421W,1,4.08,0.5566470928304128,False
DFL-MAT-J0421W,0,2.24,,True
DFL-MAT-J0421W,1,21.36,0.49618106000927903,False
DFL-MAT-J0421W,1,7.64,0.4593101708889795,False
DFL-MAT-J0421W,0,43.36,0.43115863297061546,True
DFL-MAT-J0421W,0,43.64,0.2361996515075119,True
DFL-MAT-J0421W,0,33.04,0.2513112214188135,True
DFL-MAT-J0421W,1,9.52,0.3300391131634092,False
DFL-MAT-J0421W,0,4.92,0.44732648611355846,True
DFL-MAT-J0421W,1,6.12,0.39917974056724254,False
DFL-MAT-J0421W,0,40.04,0.38697036111285205,True
DFL-MAT-J0421W,0,40.16,0.5632364704070137,True
DFL-MAT-J0421W,1,10.04,0.4880246253450647,False
DFL-MAT-J0421W,0,2.96,0.494072515954984,True
DFL-MAT-J0421W,1,5.56,0.4536968181107527,False
DFL-MAT-J0421W,1,45.48,0.527291585702391,False
DFL-MAT-J0421W,1,9.72,0.47061264445526896,False
DFL-MAT-J0421W,0,5.12,0.455123195406735,True
DFL-MAT-J0421W,1,35.72,0.478937448437073,False
DFL-MAT-J0421W,0,2.4,0.40220271551666825,True
DFL-MAT-J0421W,1,12.24,0.5379027088429761,False
DFL-MAT-J0421W,1,10.48,0.47059177839706096,False
DFL-MAT-J0421W,0,56.24,0.32992360512969726,True
DFL-MAT-J0421W,0,4.04,0.36087081168628105,True
DFL-MAT-J0421W,0,43.36,0.3735769514869809,True
DFL-MAT-J0421W,1,31.56,0.5554425152127571,False
DFL-MAT-J0421W,0,1.2,0.522311438296603,True
DFL-MAT-J0421W,1,0.24,0.7128834824222203,False
DFL-MAT-J0421W,0,3.8,0.6110912000030765,True
DFL-MAT-J0421W,1,4.96,0.5183927950986896,False
DFL-MAT-J0421W,0,35.0,0.33463544749431856,True
DFL-MAT-J0421W,1,28.12,0.3178180377773137,False
DFL-MAT-J0421W,1,6.92,0.4495193380219183,False
DFL-MAT-J0421W,0,4.36,0.3926712652636627,True
DFL-MAT-J0421W,1,3.84,0.41508663301530674,False
DFL-MAT-J0421W,0,8.44,0.44361835689604445,True
DFL-MAT-J0421W,1,2.92,0.3577726846967214,False
DFL-MAT-J0421W,0,13.76,0.3863078045342883,True
DFL-MAT-J0421W,1,6.04,0.4597712341175022,False
DFL-MAT-J0421W,0,46.96,0.31151713223829186,True
DFL-MAT-J0421W,1,53.12,0.3265592434225185,False
DFL-MAT-J0421W,0,9.48,0.4933589685733568,True
DFL-MAT-J0421W,1,47.72,0.42114560774332527,False
DFL-MAT-J0421W,0,5.72,,True
DFL-MAT-J0421W,1,18.88,0.27353878502407847,False
DFL-MAT-J0421W,0,4.88,0.4740352687143419,True
DFL-MAT-J0421W,0,50.64,0.4045211995847964,True
DFL-MAT-J0421W,0,5.04,0.5399794102196205,True
DFL-MAT-J0421W,1,7.44,0.502334684210272,False
DFL-MAT-J0421W,0,5.48,0.27929698588244806,True
DFL-MAT-J0421W,1,7.32,0.4580457362088616,False
DFL-MAT-J0421W,0,35.68,0.631914170901604,True
DFL-MAT-J0421W,1,6.4,,False
DFL-MAT-J0421W,1,50.28,0.4952117547203044,False
DFL-MAT-J0421W,1,16.88,0.43721312199019935,False
DFL-MAT-J0421W,0,59.28,,True
DFL-MAT-J0421W,0,20.8,0.44032612193921516,True
DFL-MAT-J0421W,0,10.28,0.3927130110898983,True
DFL-MAT-J0421W,1,6.04,0.3991931525538004,False
DFL-MAT-J0421W,0,6.76,0.3332761974473411,True
DFL-MAT-J0421Z,0,21.56,0.5827200304525509,False
DFL-MAT-J0421Z,0,2.68,0.44499930732367643,False
DFL-MAT-J0421Z,1,36.0,0.4722659663544309,True
DFL-MAT-J0421Z,0,27.92,0.38879171006950025,False
DFL-MAT-J0421Z,1,5.2,0.4304327422342848,True
DFL-MAT-J0421Z,0,53.44,0.40249976338746046,False
DFL-MAT-J0421Z,1,21.04,0.44241578287677275,True
DFL-MAT-J0421Z,0,53.68,0.40817095768545325,False
DFL-MAT-J0421Z,0,15.12,0.403906216090435,False
DFL-MAT-J0421Z,1,29.84,0.3242139026704623,True
DFL-MAT-J0421Z,0,19.84,0.2130802159168745,False
DFL-MAT-J0421Z,0,0.88,0.3651067854661403,False
DFL-MAT-J0421Z,1,33.36,0.3980779607377078,True
DFL-MAT-J0421Z,1,2.52,,True
DFL-MAT-J0421Z,0,40.24,0.41557937016457897,False
DFL-MAT-J0421Z,1,18.24,0.34692123784817025,True
DFL-MAT-J0421Z,0,0.56,0.5505398800588465,False
DFL-MAT-J0421Z,1,26.84,0.5346051407221447,True
DFL-MAT-J0421Z,0,26.28,0.5475150933819858,False
DFL-MAT-J0421Z,0,42.8,0.3885812711324893,False
DFL-MAT-J0421Z,1,5.44,0.3437702763614621,True
DFL-MAT-J0421Z,0,20.12,0.3366090410221083,False
DFL-MAT-J0421Z,1,10.44,0.2855496225096766,True
DFL-MAT-J0421Z,0,20.76,0.40218243606212145,False
DFL-MAT-J0421Z,1,7.28,0.2711608848984552,True
DFL-MAT-J0421Z,0,18.64,0.33785606768653337,False
DFL-MAT-J0421Z,1,50.4,0.3253012640577059,True
DFL-MAT-J0421Z,0,9.12,0.4354247765812947,False
DFL-MAT-J0421Z,1,11.44,0.3095946518849658,True
DFL-MAT-J0421Z,0,14.6,0.4090850388751312,False
DFL-MAT-J0421Z,0,27.84,0.34121985663569976,False
DFL-MAT-J0421Z,0,4.12,0.4586990660339698,False
DFL-MAT-J0421Z,1,5.08,0.2995557354599185,True
DFL-MAT-J0421Z,0,10.88,0.45682220318077454,False
DFL-MAT-J0421Z,1,3.88,0.4534139371159881,True
DFL-MAT-J0421Z,0,30.96,0.5022482898806286,False
DFL-MAT-J0421Z,0,19.2,0.46058275049910125,False
DFL-MAT-J0421Z,1,31.08,0.3943204968032592,True
DFL-MAT-J0421Z,1,24.84,0.37056731131814297,True
DFL-MAT-J0421Z,0,2.64,0.5234653261216176,False
DFL-MAT-J0421Z,1,10.0,0.495639461733939,True
DFL-MAT-J0421Z,1,39.28,0.25299017648331085,True
DFL-MAT-J0421Z,0,5.04,0.38233155978128036,False
DFL-MAT-J0421Z,1,13.96,0.5153794826224914,True
DFL-MAT-J0421Z,0,7.16,0.4195106476458589,False
DFL-MAT-J0421Z,1,2.56,0.31968886822844816,True
DFL-MAT-J0421Z,0,50.24,0.3566297965100782,False
DFL-MAT-J0421Z,1,6.48,0.36091971497648623,True
DFL-MAT-J0421Z,0,17.88,0.515612621297374,False
DFL-MAT-J0421Z,0,43.72,0.3242096130729363,False
DFL-MAT-J0421Z,1,0.52,0.5546951559617639,True
DFL-MAT-J0421Z,0,5.12,,False
DFL-MAT-J0421Z,1,18.8,0.2684424785767367,True
DFL-MAT-J0421Z,0,4.88,0.47342602912936826,False
DFL-MAT-J0421Z,1,25.04,,True
DFL-MAT-J0421Z,0,21.08,0.5109877951510766,False
DFL-MAT-J0421Z,1,24.56,0.52646719766152,True
DFL-MAT-J0421Z,0,10.72,0.3409763488564077,False
DFL-MAT-J0421Z,1,11.56,0.3615681967103737,True
DFL-MAT-J0421Z,0,3.76,0.3148602229940317,False
DFL-MAT-J0421Z,1,22.56,0.5592230467359396,True
DFL-MAT-J0421Z,0,13.8,0.314445535380823,False
DFL-MAT-J0421Z,0,17.64,0.3235614532760702,False
DFL-MAT-J0421Z,1,59.4,0.1826612851641411,True
DFL-MAT-J0421Z,1,15.04,0.5262539870187322,True
DFL-MAT-J0421Z,0,4.0,0.30260100480495244,False
DFL-MAT-J0421Z,1,25.68,0.220014427907115,True
DFL-MAT-J0421Z,0,14.32,0.4408945188464943,False
DFL-MAT-J0421Z,0,10.96,0.3871992443633043,False
DFL-MAT-J0421Z,1,6.64,0.3460706996895487,True
DFL-MAT-J0421Z,0,12.56,0.5655080237842984,False
DFL-MAT-J0422E,1,14.64,0.4015030736963741,False
DFL-MAT-J0422E,0,20.68,0.441800674007208,True
DFL-MAT-J0422E,1,32.12,0.3375547319739613,False
DFL-MAT-J0422E,0,51.84,0.37496330652987925,True
DFL-MAT-J0422E,1,46.52,0.45023851068517085,False
DFL-MAT-J0422E,0,8.52,0.2906793106543057,True
DFL-MAT-J0422E,1,34.64,0.4073166072601485,False
DFL-MAT-J0422E,0,10.68,0.2311600841847152,True
DFL-MAT-J0422E,1,50.88,0.23305496377907198,False
DFL-MAT-J0422E,1,20.92,0.2614730308771507,False
DFL-MAT-J0422E,0,51.48,0.4525892234558429,True
DFL-MAT-J0422E,1,9.96,0.22272690993726896,False
DFL-MAT-J0422E,0,29.48,0.20557733157198943,True
DFL-MAT-J0422E,0,59.4,0.48703371402487244,True
DFL-MAT-J0422E,0,36.52,0.521588351633231,True
DFL-MAT-J0422E,1,27.72,0.34958851453238904,False
DFL-MAT-J0422E,0,2.08,0.3983605524768417,True
DFL-MAT-J0422E,1,42.56,0.5608772543857217,False
DFL-MAT-J0422E,1,56.72,0.5909887291249352,False
DFL-MAT-J0422E,1,16.72,0.20889753837136452,False
DFL-MAT-J0422E,0,18.56,0.33666182271993517,True
DFL-MAT-J0422E,0,48.48,0.4390120525487635,True
DFL-MAT-J0422E,1,46.04,0.37953877134952013,False
DFL-MAT-J0422E,1,8.48,0.3979840062374054,False
DFL-MAT-J0422E,0,25.16,0.2912320133729473,True
DFL-MAT-J0422E,1,37.88,0.33060279753208976,False
DFL-MAT-J0422E,0,54.6,0.3393955284356198,True
DFL-MAT-J0422E,1,26.04,0.33173623650528,False
DFL-MAT-J0422E,0,17.68,0.33725237198833274,True
DFL-MAT-J0422E,0,6.24,0.47195056339865776,True
DFL-MAT-J0422E,1,59.28,0.42052356360365106,False
DFL-MAT-J0422E,0,5.32,0.3463153259806705,True
DFL-MAT-J0422E,1,22.92,0.2628097624125457,False
DFL-MAT-J0422E,0,8.12,0.4115074585421849,True
DFL-MAT-J0422E,1,45.64,0.3729622667589814,False
DFL-MAT-J0422E,0,37.92,0.4524456551825219,True
DFL-MAT-J0422E,0,8.32,0.3790122042049507,True
DFL-MAT-J0422E,1,1.64,0.4945917941115608,False
DFL-MAT-J0422E,0,53.0,0.6327241802821112,True
DFL-MAT-J0422E,1,14.16,0.36597290977033853,False
DFL-MAT-J0422E,0,48.08,0.42621389755732225,True
DFL-MAT-J0422E,1,18.8,0.5165762113787312,False
DFL-MAT-J0422E,1,5.2,,False
DFL-MAT-J0422E,0,5.92,0.3745442250230075,True
DFL-MAT-J0422E,1,1.2,0.5329370482899638,False
DFL-MAT-J0422E,0,32.72,0.6135825947369509,True
DFL-MAT-J0422E,1,17.76,0.4212663219458692,False
DFL-MAT-J0422E,0,6.68,0.5435054461514511,True
DFL-MAT-J0422E,1,42.0,0.5678372002035054,False
DFL-MAT-J0422E,1,36.36,0.28604342063520655,False
DFL-MAT-J0422E,0,14.48,0.46596298195955504,True
DFL-MAT-J0422E,1,8.36,0.3700564056209766,False
DFL-MAT-J0422E,1,24.68,0.173054447774051,False
DFL-MAT-J0422E,0,54.8,0.40188572764757474,True
DFL-MAT-J0422E,1,12.68,0.3634277649353031,False
DFL-MAT-J0422E,0,4.32,0.49130365580578034,True
DFL-MAT-J0422E,1,29.64,0.3688467799010724,False
DFL-MAT-J0422E,1,12.76,0.29060205065542055,False
DFL-MAT-J0422E,0,6.24,0.4107586768307785,True
DFL-MAT-J0422E,0,2.68,0.392751251532168,True
DFL-MAT-J0422E,1,6.36,0.4883526455216906,False
DFL-MAT-J0422E,0,35.44,0.37362698268373845,True
DFL-MAT-J0422E,1,6.36,0.3201655522636295,False
DFL-MAT-J0422E,0,43.8,0.6018207647972653,True
DFL-MAT-J0422E,1,28.32,0.44969382798512786,False
DFL-MAT-J0422E,0,8.88,0.28742659676834953,True
DFL-MAT-J0422E,1,51.08,0.37585606295990226,False
DFL-MAT-J0422E,0,44.76,0.2067431541309327,True
DFL-MAT-J0422E,1,5.0,0.4475501205219332,False
DFL-MAT-J0422E,0,4.48,0.4734885037544433,True
DFL-MAT-J0422E,0,22.24,0.6155185367320823,True
DFL-MAT-J0422E,1,5.92,0.5307099836335314,False
DFL-MAT-J0422E,0,15.6,0.5627092745135531,True
DFL-MAT-J0422E,1,6.2,0.2851386314814696,False
DFL-MAT-J0422E,0,44.12,0.395480587309492,True
DFL-MAT-J0422E,1,17.92,0.3765305354815232,False
DFL-MAT-J0422E,0,39.84,0.47400357334099086,True
DFL-MAT-J0422E,1,53.84,,False
DFL-MAT-J0422E,1,4.84,0.5574380062505038,False
DFL-MAT-J0422E,0,25.36,0.3614907896863227,True
DFL-MAT-J0422E,1,9.04,0.42582136163637035,False
DFL-MAT-J0422E,1,5.52,0.35578307115962754,False
DFL-MAT-J0422E,0,15.08,0.3916871623989513,True
DFL-MAT-J0422E,1,40.16,0.407354653579459,False
DFL-MAT-J0422E,1,10.92,0.4574465790532995,False
DFL-MAT-J0422E,0,57.28,0.2790929834309376,True
DFL-MAT-J0422E,0,52.24,0.49071141313945504,True
DFL-MAT-J0422G,1,44.6,0.3328803679330736,True
DFL-MAT-J0422G,1,15.8,0.44864235976254424,True
DFL-MAT-J0422G,1,5.56,0.43906891139251975,True
DFL-MAT-J0422G,1,16.36,0.41687903830148537,True
DFL-MAT-J0422G,1,5.76,0.2994590549845852,True
DFL-MAT-J0422G,1,17.36,0.2955955910032359,True
DFL-MAT-J0422G,1,54.44,0.4849272720859334,True
DFL-MAT-J0422G,1,23.04,0.34245080555341306,True
DFL-MAT-J0422G,1,7.6,0.30664467620813496,True
DFL-MAT-J0422G,1,6.32,0.3350237101918907,True
DFL-MAT-J0422G,1,58.16,0.3816764035794509,True
DFL-MAT-J0422G,1,13.32,0.2895891951364533,True
DFL-MAT-J0422G,1,43.96,0.3845457447788681,True
DFL-MAT-J0422G,1,14.72,0.4337045245633635,True
DFL-MAT-J0422G,1,32.92,0.1908608716971729,True
DFL-MAT-J0422G,1,11.08,0.2576630092010617,True
DFL-MAT-J0422G,1,23.48,0.4159424295852757,True
DFL-MAT-J0422G,1,3.44,0.3597351894398302,True
DFL-MAT-J0422G,1,33.28,0.29772119294665095,True
DFL-MAT-J0422G,1,12.8,0.32176895380733567,True
DFL-MAT-J0422G,1,29.32,0.2542407149827865,True
DFL-MAT-J0422G,1,16.88,0.4439011969392578,True
DFL-MAT-J0422G,1,24.0,0.3705888102139426,True
DFL-MAT-J0422G,1,58.28,0.3714256818766315,True
DFL-MAT-J0422G,1,37.56,0.3520332005822147,True
DFL-MAT-J0422G,1,18.24,0.4530596056097034,True
DFL-MAT-J0422G,1,10.08,0.38603642510944397,True
DFL-MAT-J0422G,1,22.52,0.39683231831586124,True
DFL-MAT-J0422G,1,21.04,0.2618192573521271,True
DFL-MAT-J0422G,1,46.56,0.29984748141478335,True
DFL-MAT-J0422G,1,17.76,0.4083821997365561,True
DFL-MAT-J0422G,1,59.24,0.29413811793676725,True
DFL-MAT-J0422G,1,12.84,0.47752154410475184,True
DFL-MAT-J0422G,1,49.48,0.26791739809521303,True
DFL-MAT-J0422G,1,36.32,0.2425750679080946,True
DFL-MAT-J0422G,1,7.4,0.5593912672573156,True
DFL-MAT-J0422G,1,3.92,0.33734342654455035,True
DFL-MAT-J0422G,1,6.24,,True
DFL-MAT-J0422G,1,1.4,0.5278399432602031,True
DFL-MAT-J0422G,1,2.88,0.38882174477659803,True
DFL-MAT-J0422G,1,0.76,0.7385371045603909,True
DFL-MAT-J0422G,1,32.28,0.27844606403749544,True
DFL-MAT-J0422G,1,8.32,0.4621882387597949,True
DFL-MAT-J0422G,1,25.76,0.3774469119424609,True
