match_id,team,restart_type,TPR
DFL-MAT-J041UB,1,throw_in,0.2665739650112771
DFL-MAT-J041UB,0,corner,0.3826688082136888
DFL-MAT-J041UB,0,corner,0.3715129916752413
DFL-MAT-J041UB,0,corner,0.3717587719510155
DFL-MAT-J041UB,0,corner,0.1877152346200787
DFL-MAT-J041UB,0,corner,0.6345592301833228
DFL-MAT-J041UB,1,throw_in,0.629521915092026
DFL-MAT-J041UB,1,throw_in,0.5661832290836732
DFL-MAT-J041UB,1,throw_in,0.4350086040596214
DFL-MAT-J041UB,1,throw_in,0.3543038640817965
DFL-MAT-J041UB,1,throw_in,0.4156054870925971
DFL-MAT-J041UB,1,throw_in,0.4017069513141469
DFL-MAT-J041UB,1,throw_in,0.3655006554876238
DFL-MAT-J041UB,1,throw_in,0.3597132795564928
DFL-MAT-J041UB,1,throw_in,0.2554522864628653
DFL-MAT-J041UB,1,throw_in,0.2698597987331467
DFL-MAT-J041UB,1,corner,0.1821634009812355
DFL-MAT-J041UB,1,corner,0.3050035574564484
DFL-MAT-J041UB,1,corner,0.3185982036076804
DFL-MAT-J041UB,1,corner,0.3909146665286021
DFL-MAT-J041UB,1,corner,0.5242580221582833
DFL-MAT-J041UB,0,corner,0.691430876046147
DFL-MAT-J041UB,0,corner,0.5458698518228682
DFL-MAT-J041UB,0,corner,0.465233740898718
DFL-MAT-J041UB,0,corner,0.3800744119981407
DFL-MAT-J041UB,0,corner,0.3523235545491414
DFL-MAT-J041UB,0,throw_in,0.4051250115294069
DFL-MAT-J041UB,0,throw_in,0.6381580934398177
DFL-MAT-J041UB,0,throw_in,0.5388534802987005
DFL-MAT-J041UB,0,throw_in,0.6823461091141905
DFL-MAT-J041UB,0,throw_in,0.5648889138281845
DFL-MAT-J041UB,1,throw_in,0.5679649981541074
DFL-MAT-J041UB,1,throw_in,0.2303553340707059
DFL-MAT-J041UB,1,throw_in,0.2983254372535989
DFL-MAT-J041UB,0,throw_in,0.2908967185882345
DFL-MAT-J041UB,0,throw_in,0.3860976038771359
DFL-MAT-J041UB,0,throw_in,0.4062698011843531
DFL-MAT-J041UB,0,throw_in,0.4199923306824802
DFL-MAT-J041UB,0,throw_in,0.588463588491078
DFL-MAT-J041UB,1,corner,0.1952287663770615
DFL-MAT-J041UB,1,corner,0.4464605342890388
DFL-MAT-J041UB,1,corner,0.4432889353274499
DFL-MAT-J041UB,0,goal_kick,0.2859366710592266
DFL-MAT-J041UB,0,goal_kick,0.2808016816676494
DFL-MAT-J041UB,0,goal_kick,0.3070184464182786
DFL-MAT-J041UB,0,goal_kick,0.3154622584206969
DFL-MAT-J041UB,0,goal_kick,0.2885253256925657
DFL-MAT-J041UB,0,throw_in,0.3836060039934553
DFL-MAT-J041UB,0,throw_in,0.3616524168198585
DFL-MAT-J041UB,0,throw_in,0.347785808530277
DFL-MAT-J041UB,0,throw_in,0.2537551941057477
DFL-MAT-J041UB,0,throw_in,0.3136988924554135
DFL-MAT-J041UB,0,throw_in,0.5320265976425036
DFL-MAT-J041UB,0,throw_in,0.5931702831384583
DFL-MAT-J041UB,1,throw_in,0.3516607061243294
DFL-MAT-J041UB,1,throw_in,0.2955211714214915
DFL-MAT-J041UB,1,throw_in,0.270789632742653
DFL-MAT-J041UB,1,throw_in,0.3759616520188272
DFL-MAT-J041UB,1,throw_in,0.3724263805869803
DFL-MAT-J041UB,1,throw_in,0.3273863394478405
DFL-MAT-J041UB,1,throw_in,0.2679095070146621
DFL-MAT-J041UB,1,throw_in,0.2803463627530396
DFL-MAT-J041UB,1,throw_in,0.2757325993255707
DFL-MAT-J041UB,0,goal_kick,0.3811706704283358
DFL-MAT-J041UB,0,goal_kick,0.4550945853707085
DFL-MAT-J041UB,0,goal_kick,0.6994779980189131
DFL-MAT-J041UB,1,throw_in,0.4192159794707863
DFL-MAT-J041UB,1,throw_in,0.6533218824503302
DFL-MAT-J041UB,1,throw_in,0.5074339836143593
DFL-MAT-J041UB,1,throw_in,0.4488697953038261
DFL-MAT-J041UB,1,throw_in,0.5785861179496384
DFL-MAT-J041UB,1,throw_in,0.346864414881456
DFL-MAT-J041UB,1,throw_in,0.5418125488437056
DFL-MAT-J041UB,0,throw_in,0.3189061846827192
DFL-MAT-J041UB,0,throw_in,0.3197737238925372
DFL-MAT-J041UB,0,throw_in,0.2867782553735943
DFL-MAT-J041UB,0,throw_in,0.3353096128505168
DFL-MAT-J041UB,0,throw_in,0.4873769593449876
DFL-MAT-J041UB,0,goal_kick,0.2461359280526504
DFL-MAT-J041UB,0,goal_kick,0.3103218338263477
DFL-MAT-J041UB,0,goal_kick,0.3579101617375305
DFL-MAT-J041UB,0,goal_kick,0.3076335016092179
DFL-MAT-J041UB,0,goal_kick,0.4501185972028385
DFL-MAT-J041UB,1,throw_in,0.2635356666048972
DFL-MAT-J041UB,1,throw_in,0.2729161301011443
DFL-MAT-J041UB,1,throw_in,0.2851613207959415
DFL-MAT-J041UB,1,throw_in,0.2934828405617051
DFL-MAT-J041UB,1,corner,0.3568199256615478
DFL-MAT-J041UB,1,corner,0.2612173973366785
DFL-MAT-J041UB,1,corner,0.3130669446689281
DFL-MAT-J041UB,1,corner,0.3774194015562329
DFL-MAT-J041UB,0,throw_in,0.5902740512332354
DFL-MAT-J041UB,0,throw_in,0.5632457852133728
DFL-MAT-J041UB,0,throw_in,0.4107141388538041
DFL-MAT-J041UB,0,throw_in,0.4512619846138636
DFL-MAT-J041UB,0,throw_in,0.3640415198791484
DFL-MAT-J041UB,1,goal_kick,0.2109832689280421
DFL-MAT-J041UB,1,goal_kick,0.2379700475560537
DFL-MAT-J041UB,1,goal_kick,0.3481601706904293
DFL-MAT-J041UB,1,goal_kick,0.2511542369414187
DFL-MAT-J041UB,1,goal_kick,0.3361437802022868
DFL-MAT-J041UB,1,throw_in,0.3080936998401556
DFL-MAT-J041UB,1,throw_in,0.2861072392651102
DFL-MAT-J041UB,1,throw_in,0.3137178789169587
DFL-MAT-J041UB,1,throw_in,0.3178288948329691
DFL-MAT-J041UB,1,throw_in,0.2902933138654928
DFL-MAT-J041UB,1,corner,0.4703310399075655
DFL-MAT-J041UB,1,corner,0.4023233762069452
DFL-MAT-J041UB,1,corner,0.4670093672330689
DFL-MAT-J041UB,1,corner,0.4543535089859551
DFL-MAT-J041UB,1,corner,0.4483075198341009
DFL-MAT-J041UB,1,corner,0.4552866877732393
DFL-MAT-J041UB,1,corner,0.3911030457129499
DFL-MAT-J041UB,1,corner,0.627151426364641
DFL-MAT-J041UB,0,goal_kick,0.2452977567944799
DFL-MAT-J041UB,0,goal_kick,0.2300952041221104
DFL-MAT-J041UB,0,goal_kick,0.2308653604120635
DFL-MAT-J041UB,0,goal_kick,0.2587429972724014
DFL-MAT-J041UB,1,throw_in,0.4053388719007268
DFL-MAT-J041UB,1,throw_in,0.3096752789375837
DFL-MAT-J041UB,1,throw_in,0.612703465320279
DFL-MAT-J041UB,1,throw_in,0.2357899939128137
DFL-MAT-J041UB,1,throw_in,0.2417874225044648
DFL-MAT-J041UB,1,throw_in,0.2429946450138425
DFL-MAT-J041UB,0,throw_in,0.3286723504415924
DFL-MAT-J041UB,0,throw_in,0.3262644374822534
DFL-MAT-J041UB,0,throw_in,0.382471816245948
DFL-MAT-J041UB,0,throw_in,0.5130427470754867
DFL-MAT-J041UB,0,throw_in,0.5635938448124895
DFL-MAT-J041UB,0,throw_in,0.3805446148250259
DFL-MAT-J041UB,0,throw_in,0.3841518172880708
DFL-MAT-J041UB,0,throw_in,0.3653434662808703
DFL-MAT-J041UB,0,throw_in,0.3895623439927003
DFL-MAT-J041UB,0,throw_in,0.3984142504229642
DFL-MAT-J041UB,0,throw_in,0.4630106108791706
DFL-MAT-J041UB,0,throw_in,0.2537618746512522
DFL-MAT-J041UB,1,throw_in,0.2418838409610813
DFL-MAT-J041UB,1,throw_in,0.2573828626640008
DFL-MAT-J041UB,1,throw_in,0.353557886381607
DFL-MAT-J041UB,1,throw_in,0.3881462042594897
DFL-MAT-J041UB,1,throw_in,0.3423414072191716
DFL-MAT-J041UB,0,throw_in,0.3846095455860957
DFL-MAT-J041UB,0,throw_in,0.3745438871953441
DFL-MAT-J041UB,0,throw_in,0.3699301327960967
DFL-MAT-J041UB,0,throw_in,0.420225314644275
DFL-MAT-J041UB,0,throw_in,0.5446408043036081
DFL-MAT-J041UB,0,throw_in,0.5759370866386807
DFL-MAT-J041UB,0,throw_in,0.4804105028554222
DFL-MAT-J041UB,0,throw_in,0.4230811925808439
DFL-MAT-J041UB,1,goal_kick,0.325875825154049
DFL-MAT-J041UB,1,goal_kick,0.2980377259927097
DFL-MAT-J041UB,1,goal_kick,0.335868561336874
DFL-MAT-J041UB,1,goal_kick,0.2746467926739144
DFL-MAT-J041UB,0,throw_in,0.6396987933362495
DFL-MAT-J041UB,0,throw_in,0.309642932866026
DFL-MAT-J041UB,0,throw_in,0.5682416054357524
DFL-MAT-J041UB,0,throw_in,0.5424918345217931
DFL-MAT-J041UB,1,throw_in,0.250437830313988
DFL-MAT-J041UB,1,throw_in,0.2840511022505338
DFL-MAT-J041UB,1,throw_in,0.2614727396794118
DFL-MAT-J041UB,0,goal_kick,0.2758329973981015
DFL-MAT-J041UB,0,goal_kick,0.3525387549775401
DFL-MAT-J041UB,0,goal_kick,0.3187955623795889
DFL-MAT-J041UB,0,goal_kick,0.4029332716806516
DFL-MAT-J041UB,0,goal_kick,0.3858794210162358
DFL-MAT-J041UB,0,throw_in,0.4668349121056132
DFL-MAT-J041UB,0,throw_in,0.3882617635863599
DFL-MAT-J041UB,0,throw_in,0.3754517127663845
DFL-MAT-J041UB,0,throw_in,0.3510981102261714
DFL-MAT-J041UB,0,throw_in,0.3371870947493105
DFL-MAT-J041UB,0,throw_in,0.3317359143418634
DFL-MAT-J041UB,0,throw_in,0.3589141948416242
DFL-MAT-J041UB,1,throw_in,0.324047485734645
DFL-MAT-J041UB,1,throw_in,0.2964737145737888
DFL-MAT-J041UB,1,throw_in,0.3277219196638609
DFL-MAT-J041UB,1,throw_in,0.2328854029772067
DFL-MAT-J041UB,0,goal_kick,0.2421104797035418
DFL-MAT-J041UB,0,goal_kick,0.3432465346312796
DFL-MAT-J041UB,1,throw_in,0.2484671610553067
DFL-MAT-J041UB,1,throw_in,0.2364530163201841
DFL-MAT-J041UB,1,throw_in,0.2361691217416117
DFL-MAT-J041UB,1,throw_in,0.3019929132699786
DFL-MAT-J041UB,1,throw_in,0.2857262743277173
DFL-MAT-J041UB,0,corner,0.3417314319192417
DFL-MAT-J041UB,0,corner,0.4745743028803351
DFL-MAT-J041UB,0,corner,0.6731197811557318
DFL-MAT-J041UB,0,corner,0.4440682851229552
DFL-MAT-J041UB,0,corner,0.4731590483065651
DFL-MAT-J041UB,1,corner,0.1964757407493563
DFL-MAT-J041UB,1,corner,0.3140422094956721
DFL-MAT-J041UB,1,corner,0.309546117785656
DFL-MAT-J041UB,1,corner,0.3299911751836932
DFL-MAT-J041UB,1,corner,0.3414119807311209
DFL-MAT-J041UB,1,corner,0.2135748656588305
DFL-MAT-J041UB,1,corner,0.3139245145314562
DFL-MAT-J041UB,1,corner,0.3280546467264147
DFL-MAT-J041UB,0,goal_kick,0.4030730599799141
DFL-MAT-J041UB,0,goal_kick,0.4746334222064208
DFL-MAT-J041UB,0,corner,0.3816813931178673
DFL-MAT-J041UB,0,corner,0.4183518569631946
DFL-MAT-J041UB,0,corner,0.3405738090622773
DFL-MAT-J041UB,0,corner,0.6539131214872239
DFL-MAT-J041UB,0,corner,0.6543287734510684
DFL-MAT-J041UB,0,corner,0.5208285136765407
DFL-MAT-J041UB,1,corner,0.6990990004962332
DFL-MAT-J041UB,1,corner,0.4636606448696222
DFL-MAT-J041UB,1,corner,0.6219470222059491
DFL-MAT-J041UB,1,corner,0.4462409906153676
DFL-MAT-J041UB,1,corner,0.388799640169601
DFL-MAT-J041UB,0,throw_in,0.270800499016664
DFL-MAT-J041UB,0,throw_in,0.3107823569936265
DFL-MAT-J041UB,0,throw_in,0.4445817299787252
DFL-MAT-J041UB,0,throw_in,0.3809601485716403
DFL-MAT-J041UB,0,throw_in,0.4524530714704696
DFL-MAT-J041UB,1,throw_in,0.3625856987047497
DFL-MAT-J041UB,1,throw_in,0.2652291429103955
DFL-MAT-J041UB,1,throw_in,0.3552526544423442
DFL-MAT-J041UB,1,throw_in,0.3022859623661059
DFL-MAT-J041UB,1,throw_in,0.3170484251234087
DFL-MAT-J041UB,0,throw_in,0.4787573562442942
DFL-MAT-J041UB,0,throw_in,0.6093828772895967
DFL-MAT-J041UB,0,throw_in,0.525974545301659
DFL-MAT-J041UB,0,throw_in,0.6376009711297513
DFL-MAT-J041UB,1,throw_in,0.2486235370613383
DFL-MAT-J041UB,1,throw_in,0.2925784073042438
DFL-MAT-J041UB,1,throw_in,0.2646378286192672
DFL-MAT-J041UB,1,throw_in,0.3267336751239292
DFL-MAT-J041UB,1,throw_in,0.314256981377131
DFL-MAT-J041UB,1,throw_in,0.3193824517956689
DFL-MAT-J041UB,1,throw_in,0.3350060827234722
DFL-MAT-J041UB,1,throw_in,0.3894080052257137
DFL-MAT-J041UB,1,throw_in,0.3867868130147858
DFL-MAT-J041UB,1,throw_in,0.3641524428580993
DFL-MAT-J041UB,1,throw_in,0.3336899092915564
DFL-MAT-J041UB,0,goal_kick,0.2406723074641468
DFL-MAT-J041UB,0,goal_kick,0.3271534979675709
DFL-MAT-J041UB,0,goal_kick,0.2919880919104761
DFL-MAT-J041UB,0,goal_kick,0.4311603318747017
DFL-MAT-J041UB,1,throw_in,0.3145161979880891
DFL-MAT-J041UB,1,throw_in,0.4034116469305107
DFL-MAT-J041UB,1,throw_in,0.4348363047620746
DFL-MAT-J041UB,0,throw_in,0.3748273937074262
DFL-MAT-J041UB,0,throw_in,0.3161022142035093
DFL-MAT-J041UB,0,throw_in,0.3337672849443786
DFL-MAT-J041UB,0,throw_in,0.4706576439934816
DFL-MAT-J041UB,0,throw_in,0.2567495828900337
DFL-MAT-J041UB,1,goal_kick,0.2480895715770926
DFL-MAT-J041UB,1,goal_kick,0.2766995779964201
DFL-MAT-J041UB,1,goal_kick,0.2845534534135805
DFL-MAT-J041UB,1,goal_kick,0.2452228210750628
DFL-MAT-J041UB,1,goal_kick,0.3068195859298943
DFL-MAT-J041UB,0,throw_in,0.3560479490716214
DFL-MAT-J041UB,0,throw_in,0.3458011326193752
DFL-MAT-J041UB,0,throw_in,0.4019545543949113
DFL-MAT-J041UB,0,throw_in,0.3066453021460313
DFL-MAT-J041UB,0,throw_in,0.3525116165736474
DFL-MAT-J041UB,1,goal_kick,0.2434560250006614
DFL-MAT-J041UB,1,goal_kick,0.2061636242111091
DFL-MAT-J041UB,1,goal_kick,0.2868088968479522
DFL-MAT-J041UB,1,goal_kick,0.2793955238375046
DFL-MAT-J041UB,1,goal_kick,0.3112694230047106
DFL-MAT-J041UB,0,throw_in,0.2865494495563657
DFL-MAT-J041UB,0,throw_in,0.3141270847527093
DFL-MAT-J041UB,0,throw_in,0.279387467902576
DFL-MAT-J041UB,0,throw_in,0.383721091106445
DFL-MAT-J041UB,0,throw_in,0.3093094200557296
DFL-MAT-J041UB,0,throw_in,0.5165086344543618
DFL-MAT-J041UB,0,throw_in,0.498664736730063
DFL-MAT-J041UB,0,throw_in,0.5471137988398213
DFL-MAT-J041UB,1,throw_in,0.402781825180541
DFL-MAT-J041UB,1,throw_in,0.3996753435276239
DFL-MAT-J041UB,1,throw_in,0.4278238316845352
DFL-MAT-J041UB,1,throw_in,0.4093889066062207
DFL-MAT-J041UB,0,goal_kick,0.4063481900916041
DFL-MAT-J041UB,0,goal_kick,0.4725562072294842
DFL-MAT-J041UB,0,goal_kick,0.4505270642985388
DFL-MAT-J041UB,0,goal_kick,0.5661392016168971
DFL-MAT-J041UB,1,goal_kick,0.3803247885217032
DFL-MAT-J041UB,1,goal_kick,0.3438962385088843
DFL-MAT-J041UB,1,throw_in,0.3034606729589169
DFL-MAT-J041UB,1,throw_in,0.3405857948348803
DFL-MAT-J041UB,0,throw_in,0.4509795226721808
DFL-MAT-J041UB,0,throw_in,0.4052878017459398
DFL-MAT-J041UB,0,throw_in,0.4084991509721885
DFL-MAT-J041UB,0,throw_in,0.3105538980373289
DFL-MAT-J041UB,0,throw_in,0.4297792688634106
DFL-MAT-J041UN,1,throw_in,0.1768801898777301
DFL-MAT-J041UN,1,throw_in,0.2486637676575852
DFL-MAT-J041UN,1,throw_in,0.343825894177007
DFL-MAT-J041UN,1,throw_in,0.3718069963227189
DFL-MAT-J041UN,1,throw_in,0.4479083647438587
DFL-MAT-J041UN,0,goal_kick,0.31180372103954
DFL-MAT-J041UN,0,goal_kick,0.284397664882672
DFL-MAT-J041UN,0,goal_kick,0.2105979725801221
DFL-MAT-J041UN,0,goal_kick,0.1768120637741573
DFL-MAT-J041UN,0,goal_kick,0.2713497898496157
DFL-MAT-J041UN,0,throw_in,0.3808984599774015
DFL-MAT-J041UN,0,throw_in,0.3664172259638393
DFL-MAT-J041UN,0,throw_in,0.5198634223304129
DFL-MAT-J041UN,0,throw_in,0.4520400171661931
DFL-MAT-J041UN,1,throw_in,0.3575227330005851
DFL-MAT-J041UN,1,throw_in,0.4822763467899649
DFL-MAT-J041UN,1,goal_kick,0.2424736977899938
DFL-MAT-J041UN,1,goal_kick,0.2723551864404849
DFL-MAT-J041UN,1,goal_kick,0.3273840089268436
DFL-MAT-J041UN,1,corner,0.453703945909313
DFL-MAT-J041UN,1,corner,0.6397181762511683
DFL-MAT-J041UN,1,corner,0.5557376271240307
DFL-MAT-J041UN,0,throw_in,0.384845251607922
DFL-MAT-J041UN,0,throw_in,0.3143741205017158
DFL-MAT-J041UN,0,throw_in,0.3610771831758055
DFL-MAT-J041UN,0,throw_in,0.3635546099537519
DFL-MAT-J041UN,0,throw_in,0.346347903156351
DFL-MAT-J041UN,0,throw_in,0.3706525535842191
DFL-MAT-J041UN,0,throw_in,0.5965219651759976
DFL-MAT-J041UN,1,throw_in,0.469734792576303
DFL-MAT-J041UN,1,throw_in,0.562839501252384
DFL-MAT-J041UN,0,goal_kick,0.2686254491659021
DFL-MAT-J041UN,0,goal_kick,0.2465622807111004
DFL-MAT-J041UN,0,goal_kick,0.3468625138812209
DFL-MAT-J041UN,0,goal_kick,0.3515371471263541
DFL-MAT-J041UN,0,goal_kick,0.3559899783703774
DFL-MAT-J041UN,0,throw_in,0.227232073304008
DFL-MAT-J041UN,0,throw_in,0.2513515979322233
DFL-MAT-J041UN,0,throw_in,0.3584742130252634
DFL-MAT-J041UN,0,throw_in,0.2695406528761137
DFL-MAT-J041UN,0,throw_in,0.2323990713719004
DFL-MAT-J041UN,0,corner,0.6174076838782233
DFL-MAT-J041UN,0,throw_in,0.357469770293744
DFL-MAT-J041UN,0,throw_in,0.3350495838212924
DFL-MAT-J041UN,0,throw_in,0.3690468970777033
DFL-MAT-J041UN,0,throw_in,0.3812247451190294
DFL-MAT-J041UN,0,throw_in,0.4668880182991078
DFL-MAT-J041UN,1,throw_in,0.3309594236882383
DFL-MAT-J041UN,1,throw_in,0.3448716299527198
DFL-MAT-J041UN,1,throw_in,0.3475621294306715
DFL-MAT-J041UN,1,throw_in,0.3618061012276019
DFL-MAT-J041UN,1,throw_in,0.3517695715456182
DFL-MAT-J041UN,0,throw_in,0.3377560481078262
DFL-MAT-J041UN,0,throw_in,0.2748412149559821
DFL-MAT-J041UN,1,throw_in,0.2579298896005814
DFL-MAT-J041UN,1,throw_in,0.2771956545962109
DFL-MAT-J041UN,1,throw_in,0.3238229580688496
DFL-MAT-J041UN,1,goal_kick,0.304362819346347
DFL-MAT-J041UN,1,goal_kick,0.3507199134946756
DFL-MAT-J041UN,1,goal_kick,0.3172067319851847
DFL-MAT-J041UN,1,goal_kick,0.4777787702748167
DFL-MAT-J041UN,1,goal_kick,0.3423047503896956
DFL-MAT-J041UN,0,throw_in,0.3770575753192725
DFL-MAT-J041UN,0,throw_in,0.3408469885902979
DFL-MAT-J041UN,0,throw_in,0.3726165908669245
DFL-MAT-J041UN,0,throw_in,0.574780759860565
DFL-MAT-J041UN,0,throw_in,0.4306400086878272
DFL-MAT-J041UN,1,throw_in,0.3124948065418715
DFL-MAT-J041UN,1,throw_in,0.3441174974354494
DFL-MAT-J041UN,1,throw_in,0.3127710302766867
DFL-MAT-J041UN,1,throw_in,0.285409405337514
DFL-MAT-J041UN,1,throw_in,0.3679643747098067
DFL-MAT-J041UN,0,throw_in,0.3391037766298628
DFL-MAT-J041UN,0,throw_in,0.3100707834131853
DFL-MAT-J041UN,0,throw_in,0.3091130840262525
DFL-MAT-J041UN,0,throw_in,0.4471532926665546
DFL-MAT-J041UN,0,throw_in,0.5416350068328084
DFL-MAT-J041UN,0,throw_in,0.5548749877451348
DFL-MAT-J041UN,1,throw_in,0.4715553131982294
DFL-MAT-J041UN,1,throw_in,0.5428403616877598
DFL-MAT-J041UN,1,throw_in,0.3039520316639502
DFL-MAT-J041UN,1,throw_in,0.2503911463221385
DFL-MAT-J041UN,1,throw_in,0.1789234318490757
DFL-MAT-J041UN,0,goal_kick,0.2835039499760461
DFL-MAT-J041UN,0,throw_in,0.3103479023024816
DFL-MAT-J041UN,0,throw_in,0.3315636059603014
DFL-MAT-J041UN,0,throw_in,0.331151384261273
DFL-MAT-J041UN,0,throw_in,0.3446544455132909
DFL-MAT-J041UN,0,throw_in,0.2754078109765748
DFL-MAT-J041UN,1,throw_in,0.3372576664576486
DFL-MAT-J041UN,1,throw_in,0.3348024267394697
DFL-MAT-J041UN,1,throw_in,0.3290747586082202
DFL-MAT-J041UN,1,throw_in,0.3176065588718615
DFL-MAT-J041UN,0,goal_kick,0.2062890222365797
DFL-MAT-J041UN,0,goal_kick,0.206109726037008
DFL-MAT-J041UN,0,goal_kick,0.3169836569177848
DFL-MAT-J041UN,0,goal_kick,0.2974561281813128
DFL-MAT-J041UN,0,goal_kick,0.2480884197277294
DFL-MAT-J041UN,0,throw_in,0.3555059544841393
DFL-MAT-J041UN,0,throw_in,0.3974048912285429
DFL-MAT-J041UN,0,throw_in,0.3008747670177425
DFL-MAT-J041UN,0,throw_in,0.3343874444110229
DFL-MAT-J041UN,0,throw_in,0.2657512272005956
DFL-MAT-J041UN,0,throw_in,0.2437196955418615
DFL-MAT-J041UN,0,throw_in,0.2598886138317249
DFL-MAT-J041UN,0,throw_in,0.2869144697684301
DFL-MAT-J041UN,0,throw_in,0.3128228110267115
DFL-MAT-J041UN,0,throw_in,0.3398426611983126
DFL-MAT-J041UN,0,throw_in,0.3316144365948901
DFL-MAT-J041UN,0,throw_in,0.3918318224095243
DFL-MAT-J041UN,1,goal_kick,0.25935740322155
DFL-MAT-J041UN,1,goal_kick,0.2866865900584341
DFL-MAT-J041UN,1,goal_kick,0.2728397598444274
DFL-MAT-J041UN,1,goal_kick,0.3205294732618496
DFL-MAT-J041UN,0,throw_in,0.3267341774722048
DFL-MAT-J041UN,0,throw_in,0.3112003910451931
DFL-MAT-J041UN,0,throw_in,0.337677828706374
DFL-MAT-J041UN,0,throw_in,0.3612258863250949
DFL-MAT-J041UN,0,throw_in,0.3370422584957564
DFL-MAT-J041UN,0,throw_in,0.3919590165045318
DFL-MAT-J041UN,0,throw_in,0.3311928160543687
DFL-MAT-J041UN,0,throw_in,0.3884481602561977
DFL-MAT-J041UN,0,throw_in,0.461658045272553
DFL-MAT-J041UN,0,throw_in,0.4416708280020992
DFL-MAT-J041UN,1,throw_in,0.3251281078721837
DFL-MAT-J041UN,1,throw_in,0.3563061597363622
DFL-MAT-J041UN,1,throw_in,0.3650608147893841
DFL-MAT-J041UN,1,throw_in,0.3445401853631979
DFL-MAT-J041UN,1,throw_in,0.2989438240779657
DFL-MAT-J041UN,1,goal_kick,0.3310713157006574
DFL-MAT-J041UN,1,goal_kick,0.3640886316012275
DFL-MAT-J041UN,0,throw_in,0.3790352448682747
DFL-MAT-J041UN,0,throw_in,0.3605555746390135
DFL-MAT-J041UN,0,throw_in,0.386629939377686
DFL-MAT-J041UN,0,throw_in,0.3392786315214448
DFL-MAT-J041UN,0,throw_in,0.2610551551258524
DFL-MAT-J041UN,0,throw_in,0.330317042244551
DFL-MAT-J041UN,0,throw_in,0.3069109082270569
DFL-MAT-J041UN,0,throw_in,0.3154404832070812
DFL-MAT-J041UN,0,throw_in,0.2900354574614565
DFL-MAT-J041UN,0,throw_in,0.3885537619884293
DFL-MAT-J041UN,0,throw_in,0.4396104053299196
DFL-MAT-J041UN,0,throw_in,0.4160165820432125
DFL-MAT-J041UN,0,throw_in,0.4996082141417013
DFL-MAT-J041UN,0,throw_in,0.4615607846485483
DFL-MAT-J041UN,1,goal_kick,0.2520041121706151
DFL-MAT-J041UN,1,goal_kick,0.3062604762234264
DFL-MAT-J041UN,1,corner,0.4232570887515148
DFL-MAT-J041UN,1,corner,0.3770690442471272
DFL-MAT-J041UN,0,corner,0.506935387969373
DFL-MAT-J041UN,0,corner,0.4054708107810561
DFL-MAT-J041UN,0,corner,0.4108541622196003
DFL-MAT-J041UN,0,corner,0.4724984118984254
DFL-MAT-J041UN,0,corner,0.2597001405206953
DFL-MAT-J041UN,0,goal_kick,0.2243275691749771
DFL-MAT-J041UN,0,goal_kick,0.2628631110872518
DFL-MAT-J041UN,0,goal_kick,0.2887463058465677
DFL-MAT-J041UN,0,goal_kick,0.2718988730901562
DFL-MAT-J041UN,0,goal_kick,0.2575454804852927
DFL-MAT-J041UN,1,goal_kick,0.3384753442472221
DFL-MAT-J041UN,1,goal_kick,0.3912657549139353
DFL-MAT-J041UN,0,throw_in,0.4063168004854962
DFL-MAT-J041UN,0,throw_in,0.3910233803532006
DFL-MAT-J041UN,0,throw_in,0.3713107284311659
DFL-MAT-J041UN,0,throw_in,0.3673469282828664
DFL-MAT-J041UN,0,throw_in,0.3159287855026314
DFL-MAT-J041UN,1,throw_in,0.3001811893995568
DFL-MAT-J041UN,1,throw_in,0.3577209834875201
DFL-MAT-J041UN,1,throw_in,0.3500714535160388
DFL-MAT-J041UN,1,throw_in,0.4235009072987318
DFL-MAT-J041UN,0,throw_in,0.3641496899623392
DFL-MAT-J041UN,0,throw_in,0.3510314863720702
DFL-MAT-J041UN,0,throw_in,0.3712971741353286
DFL-MAT-J041UN,0,throw_in,0.347315277663626
DFL-MAT-J041UN,0,throw_in,0.3594724202320231
DFL-MAT-J041UN,1,goal_kick,0.3231857583467156
DFL-MAT-J041UN,1,goal_kick,0.2301807154288072
DFL-MAT-J041UN,1,goal_kick,0.4071033524547321
DFL-MAT-J041UN,1,goal_kick,0.3862069772568219
DFL-MAT-J041UN,1,goal_kick,0.4536108353363236
DFL-MAT-J041UN,1,throw_in,0.3608788584288314
DFL-MAT-J041UN,1,throw_in,0.3368217833156617
DFL-MAT-J041UN,1,throw_in,0.3289640203717029
DFL-MAT-J041UN,1,throw_in,0.3724518969313149
DFL-MAT-J041UN,1,throw_in,0.3983301697795974
DFL-MAT-J041UN,0,throw_in,0.3212791048390417
DFL-MAT-J041UN,0,throw_in,0.2236446586474067
DFL-MAT-J041UN,0,throw_in,0.2349357007107106
DFL-MAT-J041UN,0,throw_in,0.2455384573705258
DFL-MAT-J041UN,1,throw_in,0.3371595373351648
DFL-MAT-J041UN,1,throw_in,0.3871530214030131
DFL-MAT-J041UN,1,throw_in,0.2859509055825999
DFL-MAT-J041UN,1,throw_in,0.2929265188367627
DFL-MAT-J041UN,1,throw_in,0.3126627439356376
DFL-MAT-J041UN,0,throw_in,0.6877168770496102
DFL-MAT-J041UN,0,throw_in,0.5437413758325196
DFL-MAT-J041UN,0,throw_in,0.3824990942951322
DFL-MAT-J041UN,0,throw_in,0.3649079708584831
DFL-MAT-J041UN,0,throw_in,0.5129580774311733
DFL-MAT-J041UN,0,throw_in,0.4545610682741264
DFL-MAT-J041UN,0,throw_in,0.4552505613355433
DFL-MAT-J041UN,0,corner,0.4448478296084173
DFL-MAT-J041UN,0,corner,0.581921201014316
DFL-MAT-J041UN,0,corner,0.5165735065707815
DFL-MAT-J041UN,0,corner,0.4202865056379629
DFL-MAT-J041UN,0,corner,0.6538084645029499
DFL-MAT-J041UN,1,corner,0.3862286306650918
DFL-MAT-J041UN,1,corner,0.3833610436861819
DFL-MAT-J041UN,1,corner,0.3304200504017257
DFL-MAT-J041UN,1,corner,0.3999654102331545
DFL-MAT-J041UN,1,corner,0.3868270743416339
DFL-MAT-J041UN,0,corner,0.422234348722509
DFL-MAT-J041UN,0,corner,0.4500482653930807
DFL-MAT-J041UN,0,corner,0.5213105167656233
DFL-MAT-J041UN,0,corner,0.560377775241694
DFL-MAT-J041UN,1,throw_in,0.3524348665373104
DFL-MAT-J041UN,1,throw_in,0.2510203623505074
DFL-MAT-J041UN,1,throw_in,0.3274220444980948
DFL-MAT-J041UN,1,throw_in,0.2615727426740798
DFL-MAT-J041UN,1,throw_in,0.2824983328979973
DFL-MAT-J041UN,1,throw_in,0.3505932247651394
DFL-MAT-J041UN,1,throw_in,0.3789205302654836
DFL-MAT-J041UN,0,corner,0.2002990052022633
DFL-MAT-J041UN,0,corner,0.2243419800251698
DFL-MAT-J041UN,0,corner,0.2668124469078465
DFL-MAT-J041UN,0,corner,0.3485623672055682
DFL-MAT-J041UN,0,corner,0.2927800551655832
DFL-MAT-J041UN,0,throw_in,0.4187324209738081
DFL-MAT-J041UN,0,throw_in,0.3508566202070334
DFL-MAT-J041UN,0,throw_in,0.541049264995083
DFL-MAT-J041UN,0,throw_in,0.3371250830965933
DFL-MAT-J041UN,0,throw_in,0.4702771654844767
DFL-MAT-J041UN,1,throw_in,0.3641153229987801
DFL-MAT-J041UN,1,throw_in,0.6439223380350786
DFL-MAT-J041UN,1,throw_in,0.3428360070297709
DFL-MAT-J041UN,1,throw_in,0.3420375757194914
DFL-MAT-J041UN,1,throw_in,0.3779015472361373
DFL-MAT-J041UN,1,throw_in,0.3149755818717356
DFL-MAT-J041UN,1,throw_in,0.5360309376611745
DFL-MAT-J041UN,1,throw_in,0.4967872647901643
DFL-MAT-J041UN,1,throw_in,0.4370209957958949
DFL-MAT-J041UN,1,throw_in,0.6384789153524021
DFL-MAT-J041UN,1,throw_in,0.6387166641422486
DFL-MAT-J041UN,1,throw_in,0.544777169527886
DFL-MAT-J041UN,1,throw_in,0.3707493280832319
DFL-MAT-J041UN,1,throw_in,0.3447129028881824
DFL-MAT-J041UN,1,throw_in,0.1779202398331433
DFL-MAT-J041UN,1,throw_in,0.2551568353029791
DFL-MAT-J041UN,1,throw_in,0.4010939587570253
DFL-MAT-J041UN,1,throw_in,0.2684605772235908
DFL-MAT-J041UN,1,goal_kick,0.2619295521909388
DFL-MAT-J041UN,1,goal_kick,0.250391349910317
DFL-MAT-J041UN,1,goal_kick,0.2882320713482982
DFL-MAT-J041UN,0,corner,0.3371832272399493
DFL-MAT-J041UN,0,corner,0.2830250564923924
DFL-MAT-J041UN,0,corner,0.3490932364949917
DFL-MAT-J041UN,0,corner,0.4224213942447418
DFL-MAT-J041UN,0,corner,0.4261930217109519
DFL-MAT-J041UN,0,throw_in,0.2991944381627417
DFL-MAT-J041UN,0,throw_in,0.2617691639788868
DFL-MAT-J041UN,0,throw_in,0.3391449438674324
DFL-MAT-J041UN,0,throw_in,0.3588356105544031
DFL-MAT-J041UN,0,throw_in,0.5994794669190383
DFL-MAT-J041UN,0,throw_in,0.3558215183609164
DFL-MAT-J041UN,0,throw_in,0.3941514396003993
DFL-MAT-J041UN,0,throw_in,0.3861749968848029
DFL-MAT-J041UN,0,throw_in,0.3128658875843727
DFL-MAT-J041UN,0,throw_in,0.331535755347933
DFL-MAT-J041UO,0,throw_in,0.3809300454541761
DFL-MAT-J041UO,0,throw_in,0.7009905155567466
DFL-MAT-J041UO,0,throw_in,0.3442310369416217
DFL-MAT-J041UO,0,throw_in,0.4506612738643052
DFL-MAT-J041UO,0,throw_in,0.5037837487844784
DFL-MAT-J041UO,0,throw_in,0.2437706088116012
DFL-MAT-J041UO,0,throw_in,0.2876239986065245
DFL-MAT-J041UO,0,throw_in,0.2777297562873471
DFL-MAT-J041UO,0,throw_in,0.2090364709222566
DFL-MAT-J041UO,0,throw_in,0.3670507634409973
DFL-MAT-J041UO,0,throw_in,0.3102855902099681
DFL-MAT-J041UO,0,throw_in,0.3365272654923271
DFL-MAT-J041UO,0,throw_in,0.3293380105745539
DFL-MAT-J041UO,0,throw_in,0.3120819685237517
DFL-MAT-J041UO,0,goal_kick,0.1196010078088373
DFL-MAT-J041UO,0,goal_kick,0.2349682701297956
DFL-MAT-J041UO,0,goal_kick,0.1898921692924812
DFL-MAT-J041UO,0,goal_kick,0.1843374915736749
DFL-MAT-J041UO,0,goal_kick,0.2738892474927846
DFL-MAT-J041UO,0,throw_in,0.3159273882503774
DFL-MAT-J041UO,0,throw_in,0.3182836244021025
DFL-MAT-J041UO,0,throw_in,0.3065209763122781
DFL-MAT-J041UO,0,throw_in,0.2870081897510194
DFL-MAT-J041UO,0,throw_in,0.4008765444044255
DFL-MAT-J041UO,0,throw_in,0.406315923702097
DFL-MAT-J041UO,0,throw_in,0.3549713475002851
DFL-MAT-J041UO,0,throw_in,0.3546199037669688
DFL-MAT-J041UO,0,throw_in,0.3754857401918305
DFL-MAT-J041UO,0,throw_in,0.3276039353480309
DFL-MAT-J041UO,0,throw_in,0.4075120109670527
DFL-MAT-J041UO,0,goal_kick,0.1934110361291973
DFL-MAT-J041UO,0,goal_kick,0.1806874186700253
DFL-MAT-J041UO,0,goal_kick,0.1925446579366868
DFL-MAT-J041UO,0,goal_kick,0.1790462163059854
DFL-MAT-J041UO,0,goal_kick,0.256349205778824
DFL-MAT-J041UO,0,goal_kick,0.2009683052934911
DFL-MAT-J041UO,0,goal_kick,0.1767277467877787
DFL-MAT-J041UO,0,goal_kick,0.261443972185075
DFL-MAT-J041UO,0,goal_kick,0.2623001781646878
DFL-MAT-J041UO,0,throw_in,0.3741462678376129
DFL-MAT-J041UO,0,throw_in,0.3478192351757967
DFL-MAT-J041UO,0,throw_in,0.4804312868879061
DFL-MAT-J041UO,0,throw_in,0.2764933575207964
DFL-MAT-J041UO,0,throw_in,0.4048429587221895
DFL-MAT-J041UO,0,throw_in,0.4202955815941113
DFL-MAT-J041UO,0,throw_in,0.4767006515581178
DFL-MAT-J041UO,0,throw_in,0.3870253546860457
DFL-MAT-J041UO,0,throw_in,0.309481493157536
DFL-MAT-J041UO,0,throw_in,0.3782615212176224
DFL-MAT-J041UO,0,throw_in,0.3905802139220697
DFL-MAT-J041UO,0,throw_in,0.3316992604834747
DFL-MAT-J041UO,0,throw_in,0.4432998780898829
DFL-MAT-J041UO,0,throw_in,0.3832258757713917
DFL-MAT-J041UO,0,throw_in,0.4068307040480915
DFL-MAT-J041UO,0,throw_in,0.2898645396854111
DFL-MAT-J041UO,0,throw_in,0.3649908025760374
DFL-MAT-J041UO,0,throw_in,0.6941118724775447
DFL-MAT-J041UO,0,throw_in,0.5225250772938237
DFL-MAT-J041UO,0,throw_in,0.5858651391948034
DFL-MAT-J041UO,0,throw_in,0.2830034385679232
DFL-MAT-J041UO,0,throw_in,0.3059913766333207
DFL-MAT-J041UO,0,throw_in,0.5078646694761477
DFL-MAT-J041UO,0,throw_in,0.2977173186755957
DFL-MAT-J041UO,0,throw_in,0.3585958771867303
DFL-MAT-J041UO,0,goal_kick,0.2584106148650059
DFL-MAT-J041UO,0,goal_kick,0.2682986841196458
DFL-MAT-J041UO,0,goal_kick,0.3014016832173302
DFL-MAT-J041UO,0,goal_kick,0.3304079448788359
DFL-MAT-J041UO,0,goal_kick,0.2992654970445864
DFL-MAT-J041UO,0,corner,0.2969609839578445
DFL-MAT-J041UO,0,corner,0.1691862729524668
DFL-MAT-J041UO,0,corner,0.2823901097651167
DFL-MAT-J041UO,0,corner,0.2230760398157305
DFL-MAT-J041UO,0,corner,0.4435037950720126
DFL-MAT-J041UO,0,corner,0.4559229447646477
DFL-MAT-J041UO,0,corner,0.3029790359895821
DFL-MAT-J041UO,0,corner,0.3149561677499224
DFL-MAT-J041UO,0,goal_kick,0.2670497230109299
DFL-MAT-J041UO,0,goal_kick,0.3083039122264052
DFL-MAT-J041UO,0,goal_kick,0.322370131189574
DFL-MAT-J041UO,0,goal_kick,0.485698033802603
DFL-MAT-J041UO,0,goal_kick,0.4625692284067079
DFL-MAT-J041UO,0,throw_in,0.4522692380490762
DFL-MAT-J041UO,0,throw_in,0.4891821686638982
DFL-MAT-J041UO,0,throw_in,0.3387024122917155
DFL-MAT-J041UO,0,throw_in,0.3351076918467648
DFL-MAT-J041UO,0,throw_in,0.419461668644955
DFL-MAT-J041UO,0,throw_in,0.413109723678202
DFL-MAT-J041UO,0,throw_in,0.4644264772462017
DFL-MAT-J041UO,0,throw_in,0.3779159397469705
DFL-MAT-J041UO,0,throw_in,0.2786286503144465
DFL-MAT-J041UO,0,throw_in,0.3684426774840437
DFL-MAT-J041UO,0,throw_in,0.3372381503948448
DFL-MAT-J041UO,0,throw_in,0.3404549805648796
DFL-MAT-J041UO,0,throw_in,0.3908245808766044
DFL-MAT-J041UO,0,throw_in,0.3246094769066462
DFL-MAT-J041UO,0,throw_in,0.3208348108222004
DFL-MAT-J041UO,0,throw_in,0.3842634570562064
DFL-MAT-J041UO,0,throw_in,0.2710133848851644
DFL-MAT-J041UO,0,throw_in,0.2590053897530101
DFL-MAT-J041UO,0,throw_in,0.410228907675431
DFL-MAT-J041UO,0,throw_in,0.3575398230010818
DFL-MAT-J041UO,0,throw_in,0.3113532060646327
DFL-MAT-J041UO,0,throw_in,0.290198644731668
DFL-MAT-J041UO,0,throw_in,0.4830178384487894
DFL-MAT-J041UO,0,goal_kick,0.2328536118981575
DFL-MAT-J041UO,0,goal_kick,0.2758002805022408
DFL-MAT-J041UO,0,goal_kick,0.4709979930683967
DFL-MAT-J041UO,0,goal_kick,0.2193610785053751
DFL-MAT-J041UO,0,goal_kick,0.3119985193619559
DFL-MAT-J041V5,0,throw_in,0.3468247577850998
DFL-MAT-J041V5,0,throw_in,0.3472481744377947
DFL-MAT-J041V5,0,throw_in,0.4571433409238464
DFL-MAT-J041V5,0,throw_in,0.5299491101160764
DFL-MAT-J041V5,0,throw_in,0.3877803837862258
DFL-MAT-J041V5,0,corner,0.3853639586917982
DFL-MAT-J041V5,0,corner,0.6004705609768404
DFL-MAT-J041V5,1,corner,0.319162261232032
DFL-MAT-J041V5,1,corner,0.2955220472536213
DFL-MAT-J041V5,1,corner,0.3683085053348658
DFL-MAT-J041V5,1,corner,0.2982498489654481
DFL-MAT-J041V5,0,corner,0.2558124712146223
DFL-MAT-J041V5,0,corner,0.2229446231912524
DFL-MAT-J041V5,0,corner,0.1752807567863875
DFL-MAT-J041V5,0,corner,0.1796096608991864
DFL-MAT-J041V5,0,throw_in,0.3159398494221249
DFL-MAT-J041V5,0,throw_in,0.3903699418467518
DFL-MAT-J041V5,0,throw_in,0.4817896665000065
DFL-MAT-J041V5,0,throw_in,0.4567945081959133
DFL-MAT-J041V5,0,throw_in,0.4064024355902379
DFL-MAT-J041V5,0,throw_in,0.3329598447291499
DFL-MAT-J041V5,0,throw_in,0.4948715937467668
DFL-MAT-J041V5,0,throw_in,0.4882612860324833
DFL-MAT-J041V5,0,throw_in,0.4515222270155571
DFL-MAT-J041V5,0,throw_in,0.5261630000723116
DFL-MAT-J041V5,0,corner,0.180598008441239
DFL-MAT-J041V5,0,corner,0.2206448858410276
DFL-MAT-J041V5,0,corner,0.3703387214496547
DFL-MAT-J041V5,0,corner,0.3291482776880702
DFL-MAT-J041V5,0,corner,0.311604692002372
DFL-MAT-J041V5,0,corner,0.2102449530495045
DFL-MAT-J041V5,0,corner,0.3596148218240382
DFL-MAT-J041V5,0,corner,0.4150493727101954
DFL-MAT-J041V5,0,corner,0.3568419355669533
DFL-MAT-J041V5,0,corner,0.3262481444008152
DFL-MAT-J041V5,1,corner,0.333135669800978
DFL-MAT-J041V5,1,corner,0.3371815565748284
DFL-MAT-J041V5,1,corner,0.3988810546687006
DFL-MAT-J041V5,0,corner,0.644742779364614
DFL-MAT-J041V5,0,corner,0.6719501286144163
DFL-MAT-J041V5,1,corner,0.3371815565748284
DFL-MAT-J041V5,1,corner,0.3988810546687006
DFL-MAT-J041V5,1,corner,0.5125551155688053
DFL-MAT-J041V5,1,throw_in,0.4389950434071249
DFL-MAT-J041V5,1,throw_in,0.4239002308591338
DFL-MAT-J041V5,1,throw_in,0.3142786500501558
DFL-MAT-J041V5,1,throw_in,0.4331798637880519
DFL-MAT-J041V5,0,corner,0.4000133901897683
DFL-MAT-J041V5,0,corner,0.2411909818309255
DFL-MAT-J041V5,0,corner,0.3247758228823529
DFL-MAT-J041V5,0,corner,0.5481365499959538
DFL-MAT-J041V5,0,corner,0.3455361080254342
DFL-MAT-J041V5,0,corner,0.3859549305056532
DFL-MAT-J041V5,0,corner,0.3217072826586724
DFL-MAT-J041V5,0,corner,0.1802472202230476
DFL-MAT-J041V5,0,corner,0.1979106929353435
DFL-MAT-J041V5,0,corner,0.346578632457781
DFL-MAT-J041V5,0,corner,0.6407467365016926
DFL-MAT-J041V5,0,corner,0.3653595535992793
DFL-MAT-J041V5,1,corner,0.5931284168984123
DFL-MAT-J041V5,1,corner,0.2402106135137355
DFL-MAT-J041V5,1,corner,0.2434381603792551
DFL-MAT-J041V5,1,corner,0.3986575516437333
DFL-MAT-J041V5,1,corner,0.5401002805451111
DFL-MAT-J041V5,1,throw_in,0.3423674975047062
DFL-MAT-J041V5,1,throw_in,0.6281416127353565
DFL-MAT-J041V5,1,throw_in,0.5820952986122653
DFL-MAT-J041V5,1,throw_in,0.3695688446537989
DFL-MAT-J041V5,1,throw_in,0.2878512779691453
DFL-MAT-J041V5,1,throw_in,0.2968092405402247
DFL-MAT-J041V5,1,throw_in,0.3580455203365701
DFL-MAT-J041V5,1,throw_in,0.3836359572995928
DFL-MAT-J041V5,1,throw_in,0.2855221616798354
DFL-MAT-J041V5,1,throw_in,0.3065928161577964
DFL-MAT-J041V5,1,throw_in,0.2658132840189424
DFL-MAT-J041V5,1,throw_in,0.3343155026053532
DFL-MAT-J041V5,1,throw_in,0.4460727715044946
DFL-MAT-J041V5,1,throw_in,0.6327998193399917
DFL-MAT-J041V5,1,throw_in,0.4907285770889524
DFL-MAT-J041V5,0,throw_in,0.2988980093214991
DFL-MAT-J041V5,0,throw_in,0.4968519531442755
DFL-MAT-J041V5,0,throw_in,0.4318381748056821
DFL-MAT-J041V5,0,throw_in,0.4523009961118773
DFL-MAT-J041V5,1,throw_in,0.2631883009150798
DFL-MAT-J041V5,1,throw_in,0.2270344835720154
DFL-MAT-J041V5,1,throw_in,0.3043892868300072
DFL-MAT-J041V5,1,throw_in,0.2092986474683144
DFL-MAT-J041V5,1,throw_in,0.2431173053851998
DFL-MAT-J041V5,1,throw_in,0.1841817785069987
DFL-MAT-J041V5,1,throw_in,0.2474698646052086
DFL-MAT-J041V5,0,corner,0.5092489308292656
DFL-MAT-J041V5,0,corner,0.6675055243430604
DFL-MAT-J041V5,1,goal_kick,0.2210119353068855
DFL-MAT-J041V5,1,goal_kick,0.2783931142809521
DFL-MAT-J041V5,1,goal_kick,0.2320227205159644
DFL-MAT-J041V5,1,goal_kick,0.3198890320126815
DFL-MAT-J041V5,1,goal_kick,0.384214874328581
DFL-MAT-J041V5,0,throw_in,0.2471551562236968
DFL-MAT-J041V5,0,throw_in,0.2948799314575427
DFL-MAT-J041V5,0,throw_in,0.3149298546818866
DFL-MAT-J041V5,0,throw_in,0.3191275374942482
DFL-MAT-J041V5,0,throw_in,0.322555529936354
DFL-MAT-J041V5,1,goal_kick,0.2628649698327318
DFL-MAT-J041V5,1,goal_kick,0.274757101052325
DFL-MAT-J041V5,1,goal_kick,0.1868521695961206
DFL-MAT-J041V5,1,goal_kick,0.2572143557811527
DFL-MAT-J041V5,0,throw_in,0.5465802336741618
DFL-MAT-J041V5,0,throw_in,0.6739966595398288
DFL-MAT-J041V5,0,throw_in,0.574058616074483
DFL-MAT-J041V5,0,throw_in,0.2777130174182606
DFL-MAT-J041V5,0,throw_in,0.3113090497267969
DFL-MAT-J041V5,0,throw_in,0.3241196908133848
DFL-MAT-J041V5,1,goal_kick,0.3975849482007407
DFL-MAT-J041V5,1,goal_kick,0.4910413828294354
DFL-MAT-J041V5,1,goal_kick,0.4895655005608638
DFL-MAT-J041V5,1,goal_kick,0.5154087767306074
DFL-MAT-J041V5,1,goal_kick,0.4022211140080313
DFL-MAT-J041V5,1,goal_kick,0.4426158043280673
DFL-MAT-J041V5,1,goal_kick,0.4882928494403591
DFL-MAT-J041V5,1,throw_in,0.217776506319022
DFL-MAT-J041V5,1,throw_in,0.2010955092220601
DFL-MAT-J041V5,1,throw_in,0.2852140040130355
DFL-MAT-J041V5,1,throw_in,0.2709755411432077
DFL-MAT-J041V5,0,throw_in,0.2410566333457315
DFL-MAT-J041V5,0,throw_in,0.2613574431629609
DFL-MAT-J041V5,0,throw_in,0.2165279346735888
DFL-MAT-J041V5,0,throw_in,0.387638609596484
DFL-MAT-J041V5,0,throw_in,0.3702873344751029
DFL-MAT-J041V5,0,throw_in,0.3703981873849249
DFL-MAT-J041V5,0,throw_in,0.3102113114781352
DFL-MAT-J041V5,0,throw_in,0.3731338863396892
DFL-MAT-J041V5,0,throw_in,0.3971016995481226
DFL-MAT-J041V5,0,throw_in,0.4195541401391456
DFL-MAT-J041V5,0,throw_in,0.3615961509287311
DFL-MAT-J041V5,0,throw_in,0.3289377823223395
DFL-MAT-J041V5,0,throw_in,0.2844626967387196
DFL-MAT-J041V5,0,throw_in,0.249491509148182
DFL-MAT-J041V5,0,throw_in,0.2325081441486133
DFL-MAT-J041V5,0,throw_in,0.3276779401575116
DFL-MAT-J041V5,1,throw_in,0.199899655992378
DFL-MAT-J041V5,1,throw_in,0.2110078745800877
DFL-MAT-J041V5,1,throw_in,0.2374716027163626
DFL-MAT-J041V5,1,throw_in,0.205932994709841
DFL-MAT-J041V5,0,goal_kick,0.2993748487225676
DFL-MAT-J041V5,0,goal_kick,0.3184760918991936
DFL-MAT-J041V5,0,goal_kick,0.6647571049445509
DFL-MAT-J041V5,0,goal_kick,0.3606587564217793
DFL-MAT-J041V5,1,goal_kick,0.1953582035589378
DFL-MAT-J041V5,1,goal_kick,0.1701730398806545
DFL-MAT-J041V5,1,goal_kick,0.2380211551238935
DFL-MAT-J041V5,1,goal_kick,0.2972931937756762
DFL-MAT-J041V5,0,throw_in,0.4906035735582232
DFL-MAT-J041V5,0,throw_in,0.4927082215838068
DFL-MAT-J041V5,0,throw_in,0.5174759381029227
DFL-MAT-J041V5,0,throw_in,0.4547915671637119
DFL-MAT-J041V5,0,throw_in,0.4452757830910405
DFL-MAT-J041V5,1,throw_in,0.4296782169999771
DFL-MAT-J041V5,1,throw_in,0.492057707135353
DFL-MAT-J041V5,1,throw_in,0.2960914983721651
DFL-MAT-J041V5,1,throw_in,0.4058227685498969
DFL-MAT-J041V5,1,throw_in,0.3764257097504778
DFL-MAT-J041V5,0,throw_in,0.2226739197341229
DFL-MAT-J041V5,0,throw_in,0.2288749781983258
DFL-MAT-J041V5,0,goal_kick,0.3340770111951487
DFL-MAT-J041V5,0,goal_kick,0.3398292880563367
DFL-MAT-J041V5,0,goal_kick,0.3465752443151271
DFL-MAT-J041V5,0,goal_kick,0.2414418894657164
DFL-MAT-J041V5,0,goal_kick,0.254580748233776
DFL-MAT-J041V5,0,goal_kick,0.2456552406761933
DFL-MAT-J041V5,0,goal_kick,0.2843762874692523
DFL-MAT-J041V5,0,goal_kick,0.3610160806938884
DFL-MAT-J041V5,0,goal_kick,0.3207287483525519
DFL-MAT-J041V5,0,corner,0.2377079538947908
DFL-MAT-J041V5,0,corner,0.4558281525950047
DFL-MAT-J041V5,0,corner,0.550418199214923
DFL-MAT-J041V5,0,corner,0.3683016091187058
DFL-MAT-J041V5,0,corner,0.2215347120564928
DFL-MAT-J041V5,0,throw_in,0.2661986939351481
DFL-MAT-J041V5,0,throw_in,0.2692285175367291
DFL-MAT-J041V5,0,throw_in,0.3376172970031464
DFL-MAT-J041V5,0,throw_in,0.3569236602613544
DFL-MAT-J041V5,0,throw_in,0.4437621329337108
DFL-MAT-J041V5,1,goal_kick,0.2701109427210614
DFL-MAT-J041V5,1,goal_kick,0.2242753099853099
DFL-MAT-J041V5,1,goal_kick,0.2238420181654482
DFL-MAT-J041V5,1,goal_kick,0.3091219850112189
DFL-MAT-J041V5,1,goal_kick,0.290547473172466
DFL-MAT-J041V5,0,throw_in,0.3089791202856561
DFL-MAT-J041V5,0,throw_in,0.3489723431100196
DFL-MAT-J041V5,0,throw_in,0.288463395470704
DFL-MAT-J041V5,0,throw_in,0.3169847746629499
DFL-MAT-J041V5,0,throw_in,0.3016889488334071
DFL-MAT-J041V5,1,throw_in,0.3731465965778463
DFL-MAT-J041V5,1,throw_in,0.3501117857288521
DFL-MAT-J041V5,1,throw_in,0.4180975236174234
DFL-MAT-J041V5,1,throw_in,0.4537581271744615
DFL-MAT-J041V5,0,goal_kick,0.2398707251525718
DFL-MAT-J041V5,0,goal_kick,0.2516927690656208
DFL-MAT-J041V5,0,goal_kick,0.2298560288871279
DFL-MAT-J041V5,0,throw_in,0.5601001253390198
DFL-MAT-J041V5,0,throw_in,0.7230696962368922
DFL-MAT-J041V5,0,throw_in,0.6188899743534215
DFL-MAT-J041V5,0,throw_in,0.4743465945025586
DFL-MAT-J041V5,0,throw_in,0.4744853785828032
DFL-MAT-J041V5,0,goal_kick,0.2532628864565033
DFL-MAT-J041V5,0,goal_kick,0.3401926778512873
DFL-MAT-J041V5,0,goal_kick,0.2994903957311527
DFL-MAT-J041V5,0,goal_kick,0.6638581758292961
DFL-MAT-J041V5,0,corner,0.3900528973309738
DFL-MAT-J041V5,0,corner,0.6535783960143389
DFL-MAT-J041V5,0,corner,0.5420901454518633
DFL-MAT-J041V5,0,corner,0.4772103466899017
DFL-MAT-J041V5,0,corner,0.4735230984095451
DFL-MAT-J041V5,1,goal_kick,0.1789385639621497
DFL-MAT-J041V5,1,goal_kick,0.2022682057157979
DFL-MAT-J041V5,1,goal_kick,0.2467836299677666
DFL-MAT-J041V5,1,goal_kick,0.2940080762248205
DFL-MAT-J041V5,1,goal_kick,0.3815857505007127
DFL-MAT-J041V5,1,goal_kick,0.3555253784695921
DFL-MAT-J041V5,1,goal_kick,0.3219333539549777
DFL-MAT-J041V5,1,goal_kick,0.3451324314717267
DFL-MAT-J041V5,1,goal_kick,0.3900053595657087
DFL-MAT-J041V5,1,goal_kick,0.36991008520614
DFL-MAT-J041V5,1,goal_kick,0.3990944002365144
DFL-MAT-J041V5,1,goal_kick,0.324150468272152
DFL-MAT-J041V5,1,goal_kick,0.3920373934301613
DFL-MAT-J041V5,1,goal_kick,0.3435601802706036
DFL-MAT-J041V5,1,throw_in,0.5973423256106278
DFL-MAT-J041V5,0,throw_in,0.4093826113431364
DFL-MAT-J041V5,0,throw_in,0.4963971888694661
DFL-MAT-J041V5,0,throw_in,0.3765422828526442
DFL-MAT-J041V5,0,throw_in,0.5303356807518023
DFL-MAT-J041V5,0,throw_in,0.5636953815500698
DFL-MAT-J041V5,1,throw_in,0.4147377412930013
DFL-MAT-J041V5,0,throw_in,0.4151400609967285
DFL-MAT-J041V5,0,throw_in,0.3635819046780809
DFL-MAT-J041V5,0,corner,0.3694642636660602
DFL-MAT-J041V5,0,corner,0.4741420876516364
DFL-MAT-J041V5,0,corner,0.4355569487133542
DFL-MAT-J041V5,0,corner,0.361921852852739
DFL-MAT-J041V5,0,corner,0.3128718835402644
DFL-MAT-J041V5,0,corner,0.2958033636408773
DFL-MAT-J041V5,0,corner,0.3686302510600993
DFL-MAT-J041V5,0,corner,0.6414901887124698
DFL-MAT-J041V5,0,corner,0.4773627712482341
DFL-MAT-J041V5,1,throw_in,0.4642545299711081
DFL-MAT-J041V5,1,throw_in,0.5777732641043463
DFL-MAT-J041V5,1,throw_in,0.4749940252964411
DFL-MAT-J041V5,1,throw_in,0.5296423535287592
DFL-MAT-J041V5,1,throw_in,0.48638906387939
DFL-MAT-J041V5,0,throw_in,0.2937239167511857
DFL-MAT-J041V5,0,throw_in,0.3776137846209194
DFL-MAT-J041V5,0,throw_in,0.3806323008708909
DFL-MAT-J041V5,0,throw_in,0.3907936920504041
DFL-MAT-J041V5,0,throw_in,0.3605419953075002
DFL-MAT-J041V5,0,throw_in,0.2826259975494386
DFL-MAT-J041V5,0,throw_in,0.372255214532682
DFL-MAT-J041V5,0,throw_in,0.6069429401596165
DFL-MAT-J041V5,0,throw_in,0.4481894425966789
DFL-MAT-J041V5,0,throw_in,0.352982364793324
DFL-MAT-J041V5,1,throw_in,0.4779763146987617
DFL-MAT-J041V5,1,throw_in,0.4391139278603192
DFL-MAT-J041V5,1,throw_in,0.3106677408549472
DFL-MAT-J041V5,1,throw_in,0.527920419659122
DFL-MAT-J041V5,1,throw_in,0.5071000057189856
DFL-MAT-J041VB,0,throw_in,0.2949587809054637
DFL-MAT-J041VB,0,throw_in,0.3045057828378545
DFL-MAT-J041VB,0,throw_in,0.3366597938560047
DFL-MAT-J041VB,0,throw_in,0.3785402457089734
DFL-MAT-J041VB,0,throw_in,0.4247934389456611
DFL-MAT-J041VB,0,corner,0.4614600621562975
DFL-MAT-J041VB,0,corner,0.6338919368586594
DFL-MAT-J041VB,1,corner,0.4446709935362205
DFL-MAT-J041VB,1,corner,0.493899813083802
DFL-MAT-J041VB,1,corner,0.5131206302430679
DFL-MAT-J041VB,1,corner,0.2779465155541174
DFL-MAT-J041VB,0,corner,0.344052405648422
DFL-MAT-J041VB,0,corner,0.2086381538374522
DFL-MAT-J041VB,0,corner,0.2277992316146376
DFL-MAT-J041VB,0,corner,0.282093671121119
DFL-MAT-J041VB,0,corner,0.2739916902732128
DFL-MAT-J041VB,1,goal_kick,0.2926043735244426
DFL-MAT-J041VB,1,goal_kick,0.3098119029922663
DFL-MAT-J041VB,1,goal_kick,0.733550134119522
DFL-MAT-J041VB,1,goal_kick,0.248128883759983
DFL-MAT-J041VB,1,goal_kick,0.2505559196315176
DFL-MAT-J041VB,0,throw_in,0.3577354638788357
DFL-MAT-J041VB,0,throw_in,0.3625757449935313
DFL-MAT-J041VB,0,throw_in,0.3624201212272645
DFL-MAT-J041VB,0,throw_in,0.4517772504977913
DFL-MAT-J041VB,0,throw_in,0.4866762245041412
DFL-MAT-J041VB,1,throw_in,0.3791290376218852
DFL-MAT-J041VB,1,throw_in,0.3455951767481812
DFL-MAT-J041VB,1,throw_in,0.3262280920353049
DFL-MAT-J041VB,1,throw_in,0.336209346516273
DFL-MAT-J041VB,1,throw_in,0.2803434625808432
DFL-MAT-J041VB,1,throw_in,0.3740331465681855
DFL-MAT-J041VB,1,throw_in,0.3151257539067463
DFL-MAT-J041VB,1,throw_in,0.3468104467396189
DFL-MAT-J041VB,1,throw_in,0.4029423754479434
DFL-MAT-J041VB,1,throw_in,0.5061650315870894
DFL-MAT-J041VB,0,goal_kick,0.1733938777609721
DFL-MAT-J041VB,0,goal_kick,0.322931147219916
DFL-MAT-J041VB,0,goal_kick,0.2683887897038568
DFL-MAT-J041VB,0,goal_kick,0.2334527079330214
DFL-MAT-J041VB,0,goal_kick,0.3118233193615736
DFL-MAT-J041VB,1,throw_in,0.3882110674751378
DFL-MAT-J041VB,1,throw_in,0.2907967461131611
DFL-MAT-J041VB,1,throw_in,0.2608081195379524
DFL-MAT-J041VB,1,throw_in,0.3546654386733776
DFL-MAT-J041VB,1,throw_in,0.3372441705036385
DFL-MAT-J041VB,1,throw_in,0.403207265615319
DFL-MAT-J041VB,1,throw_in,0.3820300290177267
DFL-MAT-J041VB,1,throw_in,0.3582977250008059
DFL-MAT-J041VB,1,throw_in,0.3261621075592238
DFL-MAT-J041VB,1,throw_in,0.2974528571914769
DFL-MAT-J041VB,1,throw_in,0.3307562392789968
DFL-MAT-J041VB,1,throw_in,0.2681558378149037
DFL-MAT-J041VB,1,throw_in,0.2860462561057642
DFL-MAT-J041VB,0,throw_in,0.3990867023739536
DFL-MAT-J041VB,0,throw_in,0.3901695303427421
DFL-MAT-J041VB,0,throw_in,0.640686537143713
DFL-MAT-J041VB,0,throw_in,0.4351540486736203
DFL-MAT-J041VB,0,throw_in,0.3816335033134906
DFL-MAT-J041VB,0,throw_in,0.3808189611035956
DFL-MAT-J041VB,0,throw_in,0.3652186945992353
DFL-MAT-J041VB,0,throw_in,0.3483654280942954
DFL-MAT-J041VB,0,throw_in,0.4866587393718999
DFL-MAT-J041VB,1,throw_in,0.4782116474081635
DFL-MAT-J041VB,1,throw_in,0.4537411356728629
DFL-MAT-J041VB,1,throw_in,0.4302056452034943
DFL-MAT-J041VB,1,throw_in,0.4630722253904369
DFL-MAT-J041VB,1,throw_in,0.4051201236614532
DFL-MAT-J041VB,1,throw_in,0.3741562718308795
DFL-MAT-J041VB,1,throw_in,0.4656679771033605
DFL-MAT-J041VB,1,throw_in,0.3015102381341682
DFL-MAT-J041VB,1,throw_in,0.329846543949893
DFL-MAT-J041VB,1,throw_in,0.315862970259267
DFL-MAT-J041VB,1,throw_in,0.3060940363380056
DFL-MAT-J041VB,1,throw_in,0.2613008116266598
DFL-MAT-J041VB,1,throw_in,0.4228993044842211
DFL-MAT-J041VB,1,throw_in,0.3989503933400724
DFL-MAT-J041VB,0,throw_in,0.5710022626681579
DFL-MAT-J041VB,1,throw_in,0.2475309252351608
DFL-MAT-J041VB,1,throw_in,0.4094708983345572
DFL-MAT-J041VB,1,throw_in,0.5006974441130674
DFL-MAT-J041VB,1,throw_in,0.5800369363317175
DFL-MAT-J041VB,0,throw_in,0.2364019021954154
DFL-MAT-J041VB,0,throw_in,0.2699501714541155
DFL-MAT-J041VB,0,throw_in,0.4122278277311682
DFL-MAT-J041VB,0,throw_in,0.3851136277525545
DFL-MAT-J041VB,0,throw_in,0.3705284234138821
DFL-MAT-J041VB,1,throw_in,0.3146168522000392
DFL-MAT-J041VB,1,throw_in,0.2512696598542749
DFL-MAT-J041VB,0,corner,0.224228482568513
DFL-MAT-J041VB,0,corner,0.7308454758688838
DFL-MAT-J041VB,0,corner,0.4795821977317817
DFL-MAT-J041VB,0,corner,0.6327730408474468
DFL-MAT-J041VB,1,corner,0.4237302900976057
DFL-MAT-J041VB,1,corner,0.3425645710825775
DFL-MAT-J041VB,1,corner,0.4618010151593534
DFL-MAT-J041VB,1,corner,0.5979797556129467
DFL-MAT-J041VB,1,corner,0.4514114348537625
DFL-MAT-J041VB,1,corner,0.4533333225487957
DFL-MAT-J041VB,1,corner,0.4788901930017589
DFL-MAT-J041VB,0,goal_kick,0.2599249664930814
DFL-MAT-J041VB,0,goal_kick,0.3982436356790255
DFL-MAT-J041VB,0,goal_kick,0.2841625961264166
DFL-MAT-J041VB,0,throw_in,0.3830908569917804
DFL-MAT-J041VB,0,throw_in,0.3348781391030336
DFL-MAT-J041VB,0,throw_in,0.3290764830396789
DFL-MAT-J041VB,0,throw_in,0.3220519744303741
DFL-MAT-J041VB,0,throw_in,0.3754864111289238
DFL-MAT-J041VB,1,goal_kick,0.4095535947328299
DFL-MAT-J041VB,1,goal_kick,0.6877374064909636
DFL-MAT-J041VB,1,goal_kick,0.5744147959162659
DFL-MAT-J041VB,1,throw_in,0.3813394572941802
DFL-MAT-J041VB,1,throw_in,0.3092018365849904
DFL-MAT-J041VB,1,throw_in,0.3210868070741307
DFL-MAT-J041VB,1,throw_in,0.3446834621232247
DFL-MAT-J041VB,1,throw_in,0.3090007237840886
DFL-MAT-J041VB,1,throw_in,0.3278248840864479
DFL-MAT-J041VB,0,goal_kick,0.2808362546678437
DFL-MAT-J041VB,0,goal_kick,0.3126971299129453
DFL-MAT-J041VB,0,goal_kick,0.2873870695185842
DFL-MAT-J041VB,0,goal_kick,0.4471567453729833
DFL-MAT-J041VB,0,goal_kick,0.2128202041815328
DFL-MAT-J041VB,0,goal_kick,0.2641978129916206
DFL-MAT-J041VB,0,throw_in,0.4163119451241799
DFL-MAT-J041VB,0,throw_in,0.4682077884697606
DFL-MAT-J041VB,0,throw_in,0.5747532100147059
DFL-MAT-J041VB,0,throw_in,0.3937584254811271
DFL-MAT-J041VB,0,throw_in,0.2796560358557851
DFL-MAT-J041VB,0,throw_in,0.3620126357108778
DFL-MAT-J041VB,0,throw_in,0.3755249652233233
DFL-MAT-J041VB,0,throw_in,0.4872865601152738
DFL-MAT-J041VB,0,throw_in,0.5251394562496932
DFL-MAT-J041VB,1,throw_in,0.610701417043863
DFL-MAT-J041VB,1,throw_in,0.5194915405715239
DFL-MAT-J041VB,1,throw_in,0.4814899653478167
DFL-MAT-J041VB,1,throw_in,0.5216297987571002
DFL-MAT-J041VB,1,throw_in,0.6770057441980528
DFL-MAT-J041VB,1,goal_kick,0.2296572077817829
DFL-MAT-J041VB,1,goal_kick,0.3277652572088438
DFL-MAT-J041VB,1,goal_kick,0.3010737915516069
DFL-MAT-J041VB,1,goal_kick,0.224299090737768
DFL-MAT-J041VB,1,goal_kick,0.3119958311670188
DFL-MAT-J041VB,0,throw_in,0.3387181783869808
DFL-MAT-J041VB,0,throw_in,0.1806748379198334
DFL-MAT-J041VB,0,throw_in,0.168890547748373
DFL-MAT-J041VB,0,throw_in,0.1795632183334561
DFL-MAT-J041VB,0,throw_in,0.1960260111551333
DFL-MAT-J041VB,0,corner,0.2251753705855525
DFL-MAT-J041VB,0,corner,0.4698436711098289
DFL-MAT-J041VB,1,corner,0.3575333595251842
DFL-MAT-J041VB,1,corner,0.3248241813150314
DFL-MAT-J041VB,1,corner,0.2774342499132178
DFL-MAT-J041VB,1,corner,0.2782242970265076
DFL-MAT-J041VB,1,corner,0.3174871450039958
DFL-MAT-J041VB,0,throw_in,0.3095130264383743
DFL-MAT-J041VB,0,throw_in,0.6235491915241473
DFL-MAT-J041VB,0,throw_in,0.5133948952863762
DFL-MAT-J041VB,0,throw_in,0.2461602706153666
DFL-MAT-J041VB,0,throw_in,0.2621342919619174
DFL-MAT-J041VB,0,throw_in,0.2703176055891578
DFL-MAT-J041VB,0,throw_in,0.3191868766053071
DFL-MAT-J041VB,0,throw_in,0.3328577616826286
DFL-MAT-J041VB,1,goal_kick,0.3459696407698323
DFL-MAT-J041VB,1,goal_kick,0.3408652444926027
DFL-MAT-J041VB,1,goal_kick,0.4972731868953317
DFL-MAT-J041VB,0,throw_in,0.3828423085009274
DFL-MAT-J041VB,0,throw_in,0.2943718507900027
DFL-MAT-J041VB,0,throw_in,0.2775606698330887
DFL-MAT-J041VB,0,throw_in,0.3033421011334082
DFL-MAT-J041VB,0,throw_in,0.2743518662696858
DFL-MAT-J041VB,1,throw_in,0.2737958503988576
DFL-MAT-J041VB,1,corner,0.6777300493107524
DFL-MAT-J041VB,1,corner,0.522611726425826
DFL-MAT-J041VB,1,throw_in,0.4867567476683801
DFL-MAT-J041VB,1,throw_in,0.4176903906694705
DFL-MAT-J041VB,1,throw_in,0.423420737137312
DFL-MAT-J041VB,1,throw_in,0.3756903637499946
DFL-MAT-J041VB,1,throw_in,0.3406582088998547
DFL-MAT-J041VB,0,goal_kick,0.2813095292065777
DFL-MAT-J041VB,0,goal_kick,0.3269113522426994
DFL-MAT-J041VB,0,goal_kick,0.3279194342590507
DFL-MAT-J041VB,1,goal_kick,0.3642796437291403
DFL-MAT-J041VB,1,goal_kick,0.4958913905905673
DFL-MAT-J041VB,1,goal_kick,0.5650069994722184
DFL-MAT-J041VB,1,goal_kick,0.6737947759258547
DFL-MAT-J041VB,1,throw_in,0.695858017242189
DFL-MAT-J041VB,1,throw_in,0.4489116140088927
DFL-MAT-J041VB,1,throw_in,0.4741542247734993
DFL-MAT-J041VB,1,throw_in,0.4617072551443495
DFL-MAT-J041VB,1,throw_in,0.4425918393045033
DFL-MAT-J041VB,1,corner,0.538793662849355
DFL-MAT-J041VB,1,corner,0.6206647788276676
DFL-MAT-J041VB,0,goal_kick,0.3412349319528686
DFL-MAT-J041VB,0,goal_kick,0.3006219870992269
DFL-MAT-J041VB,0,goal_kick,0.4957120936612901
DFL-MAT-J041VB,0,goal_kick,0.4395945545036933
DFL-MAT-J041VB,0,throw_in,0.4402612003624491
DFL-MAT-J041VB,0,throw_in,0.4182157795906185
DFL-MAT-J041VB,0,throw_in,0.5454222535756431
DFL-MAT-J041VB,1,throw_in,0.4598770824357719
DFL-MAT-J041VB,1,throw_in,0.4196199898703209
DFL-MAT-J041VB,1,throw_in,0.4081056429742549
DFL-MAT-J041VB,1,throw_in,0.6197129555622665
DFL-MAT-J041VB,1,throw_in,0.5067148943916095
DFL-MAT-J041VB,1,throw_in,0.522956542192219
DFL-MAT-J041VB,1,throw_in,0.4954611264959688
DFL-MAT-J041VB,1,throw_in,0.373333099768988
DFL-MAT-J041VB,0,goal_kick,0.3539538470617879
DFL-MAT-J041VB,0,goal_kick,0.2882467906564652
DFL-MAT-J041VB,0,goal_kick,0.3092168695076142
DFL-MAT-J041VB,0,goal_kick,0.2818831928954055
DFL-MAT-J041VB,0,goal_kick,0.2735469989861901
DFL-MAT-J041VB,1,throw_in,0.3063564222289342
DFL-MAT-J041VB,1,throw_in,0.3288407868849727
DFL-MAT-J041VB,1,throw_in,0.5170730051526747
DFL-MAT-J041VB,1,throw_in,0.5146798956266369
DFL-MAT-J041VB,0,goal_kick,0.2427681216019609
DFL-MAT-J041VB,0,throw_in,0.1644871874902138
DFL-MAT-J041VB,0,throw_in,0.1722745482481527
DFL-MAT-J041VB,0,throw_in,0.2684551419194624
DFL-MAT-J041VB,0,throw_in,0.3018866318956
DFL-MAT-J041VB,0,throw_in,0.544512119888212
DFL-MAT-J041VB,1,throw_in,0.3158292263395411
DFL-MAT-J041VB,1,throw_in,0.504653114992655
DFL-MAT-J041VB,1,throw_in,0.6504817581386227
DFL-MAT-J041VB,1,throw_in,0.3114484023041548
DFL-MAT-J041VB,1,throw_in,0.2327606026139335
DFL-MAT-J041VB,0,throw_in,0.2736674745797901
DFL-MAT-J041VB,0,throw_in,0.3019290514743379
DFL-MAT-J041VB,0,throw_in,0.3474386731936368
DFL-MAT-J041VB,0,throw_in,0.3978805985874596
DFL-MAT-J041VB,0,throw_in,0.5010425163529919
DFL-MAT-J041VB,1,goal_kick,0.3669972223077152
DFL-MAT-J041VB,0,goal_kick,0.1758567080007276
DFL-MAT-J041VB,0,goal_kick,0.3433799402052763
DFL-MAT-J041VB,1,throw_in,0.3176729362360506
DFL-MAT-J041VB,1,throw_in,0.3542870514150281
DFL-MAT-J041VB,1,throw_in,0.2932096960133723
DFL-MAT-J041VB,1,throw_in,0.4521699563227417
DFL-MAT-J041VB,1,throw_in,0.5416684718078199
DFL-MAT-J041VB,1,corner,0.3875049523368776
DFL-MAT-J041VB,0,corner,0.3815479449765903
DFL-MAT-J041VB,0,corner,0.3576941184110979
DFL-MAT-J041VB,0,corner,0.3571542153477651
DFL-MAT-J041VB,0,corner,0.4247911300049147
DFL-MAT-J041VB,0,corner,0.4504928700084102
DFL-MAT-J041VB,1,corner,0.2132160811262608
DFL-MAT-J041VB,1,corner,0.298998331418101
DFL-MAT-J041VN,1,goal_kick,0.2222451417916756
DFL-MAT-J041VN,1,goal_kick,0.2238633051956798
DFL-MAT-J041VN,1,goal_kick,0.309735002193558
DFL-MAT-J041VN,1,goal_kick,0.2247310389570431
DFL-MAT-J041VN,1,goal_kick,0.2524097413358191
DFL-MAT-J041VN,1,throw_in,0.4320042857798459
DFL-MAT-J041VN,1,throw_in,0.2990227633194994
DFL-MAT-J041VN,1,throw_in,0.2840201350781107
DFL-MAT-J041VN,1,throw_in,0.2761669058267809
DFL-MAT-J041VN,1,throw_in,0.28281145663484
DFL-MAT-J041VN,0,throw_in,0.3968326818629144
DFL-MAT-J041VN,0,throw_in,0.3307848061240418
DFL-MAT-J041VN,0,throw_in,0.3053831604325364
DFL-MAT-J041VN,0,throw_in,0.2888657762924254
DFL-MAT-J041VN,0,throw_in,0.2692469191638888
DFL-MAT-J041VN,0,throw_in,0.4130429488779633
DFL-MAT-J041VN,0,throw_in,0.4682392372445014
DFL-MAT-J041VN,0,throw_in,0.502581437887142
DFL-MAT-J041VN,0,throw_in,0.2360916532607382
DFL-MAT-J041VN,0,throw_in,0.2752283053381067
DFL-MAT-J041VN,1,throw_in,0.3881805407803581
DFL-MAT-J041VN,1,throw_in,0.3345858247349152
DFL-MAT-J041VN,1,throw_in,0.3761833097230277
DFL-MAT-J041VN,1,throw_in,0.4711704788957894
DFL-MAT-J041VN,1,throw_in,0.5348257521275941
DFL-MAT-J041VN,1,throw_in,0.4165407393246297
DFL-MAT-J041VN,0,throw_in,0.40468642317312
DFL-MAT-J041VN,0,throw_in,0.4271884793900589
DFL-MAT-J041VN,1,throw_in,0.455585016762543
DFL-MAT-J041VN,1,throw_in,0.3932841043382243
DFL-MAT-J041VN,1,throw_in,0.6235214913995049
DFL-MAT-J041VN,1,throw_in,0.7177519995679089
DFL-MAT-J041VN,0,throw_in,0.2410361516237071
DFL-MAT-J041VN,0,throw_in,0.2090051374292675
DFL-MAT-J041VN,0,throw_in,0.4092754243187698
DFL-MAT-J041VN,0,throw_in,0.5359537602587865
DFL-MAT-J041VN,0,throw_in,0.6557693569974561
DFL-MAT-J041VN,1,throw_in,0.4821123937204512
DFL-MAT-J041VN,1,throw_in,0.4954379647150093
DFL-MAT-J041VN,1,throw_in,0.3538246321234474
DFL-MAT-J041VN,1,throw_in,0.4018083277861548
DFL-MAT-J041VN,0,throw_in,0.6023964454325967
DFL-MAT-J041VN,0,throw_in,0.4324199599696746
DFL-MAT-J041VN,0,throw_in,0.2745122141054904
DFL-MAT-J041VN,0,throw_in,0.2983766836014984
DFL-MAT-J041VN,0,throw_in,0.2582298282114038
DFL-MAT-J041VN,0,throw_in,0.3420449410747049
DFL-MAT-J041VN,0,throw_in,0.3675237310148193
DFL-MAT-J041VN,0,throw_in,0.2454267957322453
DFL-MAT-J041VN,0,throw_in,0.2884831023619864
DFL-MAT-J041VN,0,throw_in,0.3598684589518031
DFL-MAT-J041VN,0,throw_in,0.2920804014936171
DFL-MAT-J041VN,0,throw_in,0.2768708407162998
DFL-MAT-J041VN,0,throw_in,0.2984057479437866
DFL-MAT-J041VN,0,throw_in,0.3128960526321868
DFL-MAT-J041VN,0,throw_in,0.3404867233235366
DFL-MAT-J041VN,0,throw_in,0.3132543569560097
DFL-MAT-J041VN,0,throw_in,0.3201375754043641
DFL-MAT-J041VN,0,throw_in,0.4248757790232753
DFL-MAT-J041VN,0,throw_in,0.6442394525096384
DFL-MAT-J041VN,0,throw_in,0.4942163150500291
DFL-MAT-J041VN,0,throw_in,0.3688650109558674
DFL-MAT-J041VN,0,throw_in,0.3985755225747961
DFL-MAT-J041VN,0,throw_in,0.3716459795307816
DFL-MAT-J041VN,0,throw_in,0.3656059585842991
DFL-MAT-J041VN,0,throw_in,0.5420517473590866
DFL-MAT-J041VN,0,throw_in,0.3472197725009122
DFL-MAT-J041VN,0,throw_in,0.3399871221307625
DFL-MAT-J041VN,0,throw_in,0.2046387338972626
DFL-MAT-J041VN,0,throw_in,0.5346843237600346
DFL-MAT-J041VN,0,throw_in,0.6202416914458538
DFL-MAT-J041VN,0,throw_in,0.2849944487194328
DFL-MAT-J041VN,0,throw_in,0.2627290384820871
DFL-MAT-J041VN,0,throw_in,0.2695006679754924
DFL-MAT-J041VN,0,throw_in,0.317387204360626
DFL-MAT-J041VN,0,throw_in,0.3049750146145886
DFL-MAT-J041VN,0,throw_in,0.4021485441003349
DFL-MAT-J041VN,0,throw_in,0.25211941848332
DFL-MAT-J041VN,0,throw_in,0.3362086811888861
DFL-MAT-J041VN,0,throw_in,0.4377190623632294
DFL-MAT-J041VN,0,throw_in,0.3822758294741872
DFL-MAT-J041VN,1,throw_in,0.4232695360826519
DFL-MAT-J041VN,1,throw_in,0.4671731082493066
DFL-MAT-J041VN,1,throw_in,0.441997095613573
DFL-MAT-J041VN,1,throw_in,0.5814232732498376
DFL-MAT-J041VN,1,throw_in,0.5089440042863042
DFL-MAT-J041VN,1,throw_in,0.3499957388706718
DFL-MAT-J041VN,1,throw_in,0.3912316786343861
DFL-MAT-J041VN,1,throw_in,0.390607407045743
DFL-MAT-J041VN,1,throw_in,0.6116003115674695
DFL-MAT-J041VN,1,throw_in,0.4904179461833385
DFL-MAT-J041VN,0,throw_in,0.4821322150397997
DFL-MAT-J041VN,0,throw_in,0.4278630044933426
DFL-MAT-J041VN,0,throw_in,0.4457479573386331
DFL-MAT-J041VN,0,throw_in,0.5240693096344239
DFL-MAT-J041VN,1,goal_kick,0.2999903475816151
DFL-MAT-J041VN,1,goal_kick,0.2216768693753507
DFL-MAT-J041VN,1,goal_kick,0.4926421786421694
DFL-MAT-J041VN,0,corner,0.4514903587770289
DFL-MAT-J041VN,0,corner,0.6626876367105479
DFL-MAT-J041VN,0,corner,0.6680726294371129
DFL-MAT-J041VN,1,corner,0.5686881690777115
DFL-MAT-J041VN,1,corner,0.4765666986232214
DFL-MAT-J041VN,1,corner,0.5330473903734109
DFL-MAT-J041VN,1,corner,0.6777900551725704
DFL-MAT-J041VN,1,corner,0.6419850392578428
DFL-MAT-J041VN,1,corner,0.5390406232392875
DFL-MAT-J041VN,1,throw_in,0.3462586083564291
DFL-MAT-J041VN,1,throw_in,0.3535165639755195
DFL-MAT-J041VN,1,throw_in,0.5503390091104642
DFL-MAT-J041VN,1,throw_in,0.5010058803763864
DFL-MAT-J041VN,1,throw_in,0.6183401633667978
DFL-MAT-J041VN,0,goal_kick,0.2533878266173511
DFL-MAT-J041VN,0,goal_kick,0.2793785645042154
DFL-MAT-J041VN,0,corner,0.2463693090091062
DFL-MAT-J041VN,0,corner,0.2298545237027511
DFL-MAT-J041VN,0,corner,0.2280693406278877
DFL-MAT-J041VN,0,corner,0.2877933578771701
DFL-MAT-J041VN,0,corner,0.3290772425734634
DFL-MAT-J041VN,0,goal_kick,0.2955969418871185
DFL-MAT-J041VN,0,goal_kick,0.2362346674810634
DFL-MAT-J041VN,0,goal_kick,0.2431962820329702
DFL-MAT-J041VN,0,goal_kick,0.2394502914460095
DFL-MAT-J041VN,0,goal_kick,0.286668999701358
DFL-MAT-J041VN,1,goal_kick,0.2901725165270155
DFL-MAT-J041VN,0,throw_in,0.2706578464321196
DFL-MAT-J041VN,0,throw_in,0.2845938848867271
DFL-MAT-J041VN,0,throw_in,0.3791733575982078
DFL-MAT-J041VN,0,throw_in,0.3941586592112594
DFL-MAT-J041VN,0,throw_in,0.4891785314441967
DFL-MAT-J041VN,1,throw_in,0.4146108547081366
DFL-MAT-J041VN,1,throw_in,0.3990797929820537
DFL-MAT-J041VN,0,throw_in,0.3907339350122446
DFL-MAT-J041VN,0,throw_in,0.3090948803750432
DFL-MAT-J041VN,0,throw_in,0.3023283566415836
DFL-MAT-J041VN,0,throw_in,0.2401899300475788
DFL-MAT-J041VN,0,throw_in,0.3613209543385279
DFL-MAT-J041VN,0,throw_in,0.2831214806902617
DFL-MAT-J041VN,0,throw_in,0.330537389428626
DFL-MAT-J041VN,0,throw_in,0.2482776454357204
DFL-MAT-J041VN,0,throw_in,0.3105740348822826
DFL-MAT-J041VN,0,throw_in,0.3642731091961072
DFL-MAT-J041VN,0,throw_in,0.4353090510760846
DFL-MAT-J041VN,0,throw_in,0.5592561695700717
DFL-MAT-J041VN,0,throw_in,0.4179212155207994
DFL-MAT-J041VN,0,throw_in,0.3138529055104652
DFL-MAT-J041VN,0,throw_in,0.2987149581265546
DFL-MAT-J041VN,0,goal_kick,0.3393767985628348
DFL-MAT-J041VN,0,goal_kick,0.3009646424691188
DFL-MAT-J041VN,0,goal_kick,0.3036231522810272
DFL-MAT-J041VN,0,goal_kick,0.2996775928795911
DFL-MAT-J041VN,0,goal_kick,0.3119461407458296
DFL-MAT-J041VN,1,throw_in,0.501404243830299
DFL-MAT-J041VN,1,throw_in,0.436837017563541
DFL-MAT-J041VN,1,throw_in,0.4707644345041059
DFL-MAT-J041VN,1,throw_in,0.4161657548859944
DFL-MAT-J041VN,1,throw_in,0.5089107774216316
DFL-MAT-J041VN,1,throw_in,0.3872754211371903
DFL-MAT-J041VN,1,throw_in,0.4222794729055924
DFL-MAT-J041VN,0,corner,0.3837195162625729
DFL-MAT-J041VN,0,corner,0.3231996068646677
DFL-MAT-J041VN,0,corner,0.4192061888779056
DFL-MAT-J041VN,0,corner,0.6732414355008
DFL-MAT-J041VN,0,corner,0.4726463743512072
DFL-MAT-J041VN,1,corner,0.2374614898865811
DFL-MAT-J041VN,1,corner,0.3584902031140131
DFL-MAT-J041VN,1,corner,0.5558562707819666
DFL-MAT-J041VN,1,corner,0.5472901476510599
DFL-MAT-J041VN,1,corner,0.5507212390775412
DFL-MAT-J041VN,1,throw_in,0.402976794499355
DFL-MAT-J041VN,1,throw_in,0.4970210571805554
DFL-MAT-J041VN,1,throw_in,0.654106040981775
DFL-MAT-J041VN,1,throw_in,0.5202155632528305
DFL-MAT-J041VN,1,throw_in,0.5216437011517201
DFL-MAT-J041VN,1,throw_in,0.5135443597829398
DFL-MAT-J041VN,1,throw_in,0.5895206776885826
DFL-MAT-J041VN,1,throw_in,0.5170074459449341
DFL-MAT-J041VN,1,throw_in,0.4481594072560816
DFL-MAT-J041VN,1,throw_in,0.3819768745719359
DFL-MAT-J041VN,1,throw_in,0.3563189604593432
DFL-MAT-J041VN,1,throw_in,0.3615563005241621
DFL-MAT-J041VN,1,throw_in,0.7180573199282513
DFL-MAT-J041VN,1,throw_in,0.3188077172510613
DFL-MAT-J041VN,1,throw_in,0.4597728888452546
DFL-MAT-J041VN,1,throw_in,0.4791501139990037
DFL-MAT-J041VN,1,throw_in,0.3764780759328124
DFL-MAT-J041VN,1,throw_in,0.2804096006361895
DFL-MAT-J041VN,1,throw_in,0.2738267457587596
DFL-MAT-J041VN,0,throw_in,0.3238389341819334
DFL-MAT-J041VN,0,throw_in,0.2981612848564996
DFL-MAT-J041VN,0,throw_in,0.3679787044926405
DFL-MAT-J041VN,0,throw_in,0.2771514942724136
DFL-MAT-J041VN,0,throw_in,0.5142254847347654
DFL-MAT-J041VN,1,throw_in,0.3190109518765823
DFL-MAT-J041VN,1,throw_in,0.4192958250829802
DFL-MAT-J041VN,1,throw_in,0.3577938025587525
DFL-MAT-J041VN,1,throw_in,0.2848194800777565
DFL-MAT-J041VN,1,throw_in,0.5184471553502158
DFL-MAT-J041VN,1,throw_in,0.5933977946856211
DFL-MAT-J041VN,1,throw_in,0.4714145573569276
DFL-MAT-J041VN,1,throw_in,0.3431642666619686
DFL-MAT-J041VN,0,throw_in,0.3173881997624544
DFL-MAT-J041VN,0,throw_in,0.264962520947872
DFL-MAT-J041VN,0,throw_in,0.2114848834920206
DFL-MAT-J041VN,0,throw_in,0.4136044380585575
DFL-MAT-J041VN,0,throw_in,0.3903243312609809
DFL-MAT-J041VN,0,throw_in,0.4945023154613487
DFL-MAT-J041VN,1,throw_in,0.5017332760141952
DFL-MAT-J041VN,0,throw_in,0.2958581571432442
DFL-MAT-J041VN,0,throw_in,0.2789620663587371
DFL-MAT-J041VN,0,throw_in,0.4385311846515313
DFL-MAT-J041VN,0,throw_in,0.4780102636613817
DFL-MAT-J041VN,0,throw_in,0.3032967102193833
DFL-MAT-J041VN,1,throw_in,0.4698476719180171
DFL-MAT-J041VN,1,throw_in,0.3808987944277771
DFL-MAT-J041VN,1,throw_in,0.3715846827689649
DFL-MAT-J041VN,1,throw_in,0.5061668200348356
DFL-MAT-J041VN,1,throw_in,0.4348718522595899
DFL-MAT-J041VN,0,throw_in,0.2850514679560909
DFL-MAT-J041VN,0,throw_in,0.3131637058456159
DFL-MAT-J041VN,0,throw_in,0.4565157949571777
DFL-MAT-J041VN,0,throw_in,0.4275023562597212
DFL-MAT-J041VN,0,throw_in,0.4291845791075092
DFL-MAT-J041VN,1,goal_kick,0.3870412108849848
DFL-MAT-J041VN,1,goal_kick,0.3329410982751243
DFL-MAT-J041VN,1,throw_in,0.4422095960517897
DFL-MAT-J041VN,1,throw_in,0.4833838590802435
DFL-MAT-J041VN,1,throw_in,0.6537687156492572
DFL-MAT-J041VN,1,throw_in,0.5534248914760924
DFL-MAT-J041VN,0,throw_in,0.2790556550513349
DFL-MAT-J041VN,0,throw_in,0.2616863887130684
DFL-MAT-J041VN,0,throw_in,0.3424943433970541
DFL-MAT-J041VN,0,throw_in,0.3517144429515168
DFL-MAT-J041VN,0,throw_in,0.4970481842862446
DFL-MAT-J041VN,0,throw_in,0.4710536384331918
DFL-MAT-J041VN,0,throw_in,0.5033762682786987
DFL-MAT-J041VN,0,throw_in,0.5178220628332859
DFL-MAT-J041VN,1,throw_in,0.3854384102398916
DFL-MAT-J041VN,1,throw_in,0.4334117516180357
DFL-MAT-J041VN,1,throw_in,0.4551348173888112
DFL-MAT-J041VN,1,throw_in,0.6036602459423159
DFL-MAT-J041VN,1,throw_in,0.4917159922345961
DFL-MAT-J041VN,0,goal_kick,0.5545372187490533
DFL-MAT-J041VN,0,goal_kick,0.4534528862318492
DFL-MAT-J041VN,0,goal_kick,0.4997859755418405
DFL-MAT-J041VN,0,goal_kick,0.3625780765841769
DFL-MAT-J041VN,0,goal_kick,0.5181094680236933
DFL-MAT-J041VN,0,throw_in,0.3169883849284889
DFL-MAT-J041VN,0,throw_in,0.3036508366719015
DFL-MAT-J041VN,0,throw_in,0.2878601039785119
DFL-MAT-J041VN,0,throw_in,0.2588565683367821
DFL-MAT-J041VN,1,throw_in,0.4008601662325282
DFL-MAT-J041VN,1,throw_in,0.5299357539538242
DFL-MAT-J041VN,1,throw_in,0.5351402611624985
DFL-MAT-J041VN,1,throw_in,0.4192026556266196
DFL-MAT-J041VN,0,throw_in,0.3726062106611668
DFL-MAT-J041VN,0,throw_in,0.3697756337680938
DFL-MAT-J041VN,0,throw_in,0.3685666308616483
DFL-MAT-J041VN,0,throw_in,0.3434970502375243
DFL-MAT-J041VN,0,throw_in,0.2983914140175008
DFL-MAT-J041VN,0,corner,0.4770850340982719
DFL-MAT-J041VN,0,corner,0.503770603024845
DFL-MAT-J041VN,0,corner,0.4127548198848134
DFL-MAT-J041VN,0,corner,0.5037954786985775
DFL-MAT-J041VN,0,goal_kick,0.3688266388327234
DFL-MAT-J041VN,0,goal_kick,0.3274454284270666
DFL-MAT-J041VN,0,goal_kick,0.2579349000324937
DFL-MAT-J041VN,0,goal_kick,0.2876613851965952
DFL-MAT-J041VN,0,goal_kick,0.2236696084116919
DFL-MAT-J041VN,0,goal_kick,0.2988257683557324
DFL-MAT-J041VN,0,goal_kick,0.2872771685634679
DFL-MAT-J041VN,0,goal_kick,0.2572298091488776
DFL-MAT-J041VN,0,throw_in,0.3157797329868163
DFL-MAT-J041VN,0,throw_in,0.3279613465786829
DFL-MAT-J041VN,0,throw_in,0.3838171401806114
DFL-MAT-J041VN,0,throw_in,0.5164927458112498
DFL-MAT-J041VN,0,throw_in,0.3190385491282802
DFL-MAT-J041VN,1,goal_kick,0.4170582781017045
DFL-MAT-J041VN,1,goal_kick,0.5000519779171028
DFL-MAT-J041VN,1,goal_kick,0.578832086510504
DFL-MAT-J041VN,1,goal_kick,0.3892634135021789
DFL-MAT-J041VN,1,throw_in,0.3195565814308088
DFL-MAT-J041VN,1,throw_in,0.3481967742861948
DFL-MAT-J041VN,1,throw_in,0.3742938252513813
DFL-MAT-J041VN,1,throw_in,0.3653605306239297
DFL-MAT-J041VN,0,throw_in,0.4539255179368764
DFL-MAT-J041VN,0,throw_in,0.592903264624241
DFL-MAT-J041VN,0,throw_in,0.6241244638818494
DFL-MAT-J041VN,0,throw_in,0.5800930348900422
DFL-MAT-J041VN,1,throw_in,0.429525516575228
DFL-MAT-J041VN,1,throw_in,0.4932132911265238
DFL-MAT-J041VN,0,throw_in,0.4043039761083519
DFL-MAT-J041VN,0,throw_in,0.4462581433751119
DFL-MAT-J041VN,0,throw_in,0.4256170018319112
DFL-MAT-J041VN,1,throw_in,0.4416909848487115
DFL-MAT-J041VN,0,throw_in,0.4349856297582495
DFL-MAT-J041VN,0,throw_in,0.311712199240078
DFL-MAT-J041VN,0,throw_in,0.297135883015945
DFL-MAT-J041VN,1,throw_in,0.3423397069365429
DFL-MAT-J041VN,1,throw_in,0.2890882811061852
DFL-MAT-J041VN,1,throw_in,0.2963418553326647
DFL-MAT-J041VN,1,throw_in,0.3711615202323718
DFL-MAT-J041VN,1,throw_in,0.3360965876350406
DFL-MAT-J041VR,1,throw_in,0.3193758578221855
DFL-MAT-J041VR,1,throw_in,0.4059986959801475
DFL-MAT-J041VR,1,throw_in,0.3354599168597852
DFL-MAT-J041VR,1,throw_in,0.340229978023077
DFL-MAT-J041VR,1,throw_in,0.3388250809820746
DFL-MAT-J041VR,1,throw_in,0.3963544143561325
DFL-MAT-J041VR,1,throw_in,0.4345484846001365
DFL-MAT-J041VR,1,throw_in,0.5088857131090216
DFL-MAT-J041VR,1,throw_in,0.6094642563131591
DFL-MAT-J041VR,0,throw_in,0.3936002208178353
DFL-MAT-J041VR,0,throw_in,0.6451809494570966
DFL-MAT-J041VR,1,throw_in,0.2587445465283994
DFL-MAT-J041VR,1,throw_in,0.3499637522565981
DFL-MAT-J041VR,1,throw_in,0.3607011223628203
DFL-MAT-J041VR,1,throw_in,0.3475498274196301
DFL-MAT-J041VR,1,throw_in,0.3587509560708217
DFL-MAT-J041VR,0,goal_kick,0.3182592439018182
DFL-MAT-J041VR,0,goal_kick,0.3757964225518221
DFL-MAT-J041VR,0,goal_kick,0.4037389927116445
DFL-MAT-J041VR,0,goal_kick,0.3962903072070297
DFL-MAT-J041VR,0,goal_kick,0.4566187947111086
DFL-MAT-J041VR,1,throw_in,0.3535223101923284
DFL-MAT-J041VR,1,throw_in,0.2770553451415507
DFL-MAT-J041VR,1,throw_in,0.4436628419297589
DFL-MAT-J041VR,1,throw_in,0.3059750405581319
DFL-MAT-J041VR,1,throw_in,0.3804947208432732
DFL-MAT-J041VR,1,throw_in,0.379585519360168
DFL-MAT-J041VR,1,throw_in,0.2848068372368238
DFL-MAT-J041VR,0,throw_in,0.411674362652127
DFL-MAT-J041VR,0,throw_in,0.5058435971891576
DFL-MAT-J041VR,0,goal_kick,0.2701810217438647
DFL-MAT-J041VR,0,goal_kick,0.3431540518348159
DFL-MAT-J041VR,0,goal_kick,0.3570422660000273
DFL-MAT-J041VR,0,goal_kick,0.4535408055013197
DFL-MAT-J041VR,0,goal_kick,0.3362394181424297
DFL-MAT-J041VR,0,throw_in,0.442614986607334
DFL-MAT-J041VR,0,throw_in,0.6348008790258229
DFL-MAT-J041VR,0,throw_in,0.3832679192858495
DFL-MAT-J041VR,0,throw_in,0.4084362043277896
DFL-MAT-J041VR,0,throw_in,0.308126712267078
DFL-MAT-J041VR,0,corner,0.5258548762757813
DFL-MAT-J041VR,0,corner,0.6117476991566096
DFL-MAT-J041VR,1,goal_kick,0.1725421345397849
DFL-MAT-J041VR,1,goal_kick,0.3412732241666534
DFL-MAT-J041VR,1,goal_kick,0.3084103083410347
DFL-MAT-J041VR,1,goal_kick,0.322938779358459
DFL-MAT-J041VR,1,goal_kick,0.295738640813761
DFL-MAT-J041VR,1,goal_kick,0.3032616774222316
DFL-MAT-J041VR,1,goal_kick,0.273310363984012
DFL-MAT-J041VR,1,goal_kick,0.3412283629775705
DFL-MAT-J041VR,1,goal_kick,0.2526059090165998
DFL-MAT-J041VR,1,goal_kick,0.3218959152474295
DFL-MAT-J041VR,1,corner,0.468802190845868
DFL-MAT-J041VR,1,corner,0.2228681143346976
DFL-MAT-J041VR,1,corner,0.4644939500661725
DFL-MAT-J041VR,1,corner,0.3233135063191472
DFL-MAT-J041VR,1,throw_in,0.28727398630536
DFL-MAT-J041VR,1,throw_in,0.3778545723625129
DFL-MAT-J041VR,1,throw_in,0.318436661745451
DFL-MAT-J041VR,1,throw_in,0.2971343909169304
DFL-MAT-J041VR,1,throw_in,0.3537447150078339
DFL-MAT-J041VR,1,throw_in,0.2962750177778636
DFL-MAT-J041VR,1,throw_in,0.3495608361492215
DFL-MAT-J041VR,1,throw_in,0.3515874194536332
DFL-MAT-J041VR,1,throw_in,0.362213902746248
DFL-MAT-J041VR,1,corner,0.4049494466753396
DFL-MAT-J041VR,1,corner,0.4263010485928875
DFL-MAT-J041VR,1,corner,0.5153397007415462
DFL-MAT-J041VR,1,corner,0.368731547044578
DFL-MAT-J041VR,1,corner,0.3548084646418733
DFL-MAT-J041VR,0,goal_kick,0.2302025371254258
DFL-MAT-J041VR,0,goal_kick,0.3270906299742756
DFL-MAT-J041VR,0,goal_kick,0.3442233434044944
DFL-MAT-J041VR,0,goal_kick,0.2349830709480135
DFL-MAT-J041VR,0,throw_in,0.2774095099588623
DFL-MAT-J041VR,0,throw_in,0.2498647401747303
DFL-MAT-J041VR,0,throw_in,0.3356902827038928
DFL-MAT-J041VR,1,goal_kick,0.3081159296810278
DFL-MAT-J041VR,1,goal_kick,0.3343990254274566
DFL-MAT-J041VR,1,goal_kick,0.3898035604788305
DFL-MAT-J041VR,0,throw_in,0.2693698400511045
DFL-MAT-J041VR,0,throw_in,0.3471655071083236
DFL-MAT-J041VR,0,throw_in,0.3500476187791185
DFL-MAT-J041VR,0,throw_in,0.3660448516465415
DFL-MAT-J041VR,0,throw_in,0.4760037097959469
DFL-MAT-J041VR,1,throw_in,0.2339770096827944
DFL-MAT-J041VR,1,throw_in,0.2373553319632586
DFL-MAT-J041VR,1,throw_in,0.199633425696562
DFL-MAT-J041VR,1,throw_in,0.2213275178210034
DFL-MAT-J041VR,1,throw_in,0.3059800459126464
DFL-MAT-J041VR,1,throw_in,0.345660973875227
DFL-MAT-J041VR,1,throw_in,0.3141932553645938
DFL-MAT-J041VR,1,throw_in,0.266449140492114
DFL-MAT-J041VR,0,goal_kick,0.301324279598946
DFL-MAT-J041VR,0,goal_kick,0.3453536869079679
DFL-MAT-J041VR,0,goal_kick,0.3255072579869101
DFL-MAT-J041VR,0,goal_kick,0.3840362585870136
DFL-MAT-J041VR,0,throw_in,0.6690844517574176
DFL-MAT-J041VR,0,throw_in,0.4095274918279447
DFL-MAT-J041VR,0,throw_in,0.579175154924375
DFL-MAT-J041VR,1,throw_in,0.3686414901109784
DFL-MAT-J041VR,1,throw_in,0.3468633851595188
DFL-MAT-J041VR,1,throw_in,0.3547297449423801
DFL-MAT-J041VR,1,throw_in,0.2368137492664784
DFL-MAT-J041VR,1,throw_in,0.2375787073644371
DFL-MAT-J041VR,1,throw_in,0.4255292789044448
DFL-MAT-J041VR,1,throw_in,0.3086667692361975
DFL-MAT-J041VR,1,throw_in,0.3580544099816178
DFL-MAT-J041VR,1,throw_in,0.4339496518200662
DFL-MAT-J041VR,1,throw_in,0.3237462729856314
DFL-MAT-J041VR,1,throw_in,0.5599061992503657
DFL-MAT-J041VR,1,throw_in,0.3474902130884487
DFL-MAT-J041VR,1,throw_in,0.3008569064461984
DFL-MAT-J041VR,1,throw_in,0.3086718517022911
DFL-MAT-J041VR,1,throw_in,0.3010444664155882
DFL-MAT-J041VR,1,throw_in,0.5066310887936543
DFL-MAT-J041VR,1,throw_in,0.5707392608371246
DFL-MAT-J041VR,0,throw_in,0.3303431333401066
DFL-MAT-J041VR,0,throw_in,0.4282045146493197
DFL-MAT-J041VR,0,throw_in,0.4600553621239365
DFL-MAT-J041VR,0,throw_in,0.3228180931295709
DFL-MAT-J041VR,0,throw_in,0.308017550783183
DFL-MAT-J041VR,1,throw_in,0.2878126321116659
DFL-MAT-J041VR,1,throw_in,0.2802281685151471
DFL-MAT-J041VR,1,throw_in,0.3233680892031503
DFL-MAT-J041VR,1,throw_in,0.3611314077380285
DFL-MAT-J041VR,1,throw_in,0.3921260844003598
DFL-MAT-J041VR,1,throw_in,0.3592687872659639
DFL-MAT-J041VR,1,throw_in,0.3742619571354529
DFL-MAT-J041VR,1,throw_in,0.3785301518310437
DFL-MAT-J041VR,1,throw_in,0.2876285201379059
DFL-MAT-J041VR,0,throw_in,0.4295654086655239
DFL-MAT-J041VR,0,throw_in,0.4298585552719529
DFL-MAT-J041VR,0,throw_in,0.3885391891791425
DFL-MAT-J041VR,0,throw_in,0.4729013853623662
DFL-MAT-J041VR,0,throw_in,0.3463016628596738
DFL-MAT-J041VR,1,goal_kick,0.2612966988125328
DFL-MAT-J041VR,1,goal_kick,0.2532483464313236
DFL-MAT-J041VR,1,goal_kick,0.2755252739698357
DFL-MAT-J041VR,1,goal_kick,0.2312126481163882
DFL-MAT-J041VR,1,goal_kick,0.2766892967662727
DFL-MAT-J041VR,1,goal_kick,0.3533640793772252
DFL-MAT-J041VR,1,goal_kick,0.3664890801988604
DFL-MAT-J041VR,1,goal_kick,0.187151387152353
DFL-MAT-J041VR,1,goal_kick,0.2890632150670838
DFL-MAT-J041VR,1,goal_kick,0.2140679884841555
DFL-MAT-J041VR,1,goal_kick,0.2431324041180584
DFL-MAT-J041VR,1,goal_kick,0.3247884583176947
DFL-MAT-J041VR,1,throw_in,0.4126417316484293
DFL-MAT-J041VR,1,throw_in,0.4279653370663214
DFL-MAT-J041VR,1,throw_in,0.333836660299599
DFL-MAT-J041VR,1,throw_in,0.3849786375092861
DFL-MAT-J041VR,1,throw_in,0.6123885968296352
DFL-MAT-J041VR,0,throw_in,0.2843647783904064
DFL-MAT-J041VR,0,throw_in,0.5971716775667462
DFL-MAT-J041VR,0,throw_in,0.3984888553084333
DFL-MAT-J041VR,0,throw_in,0.3669765795686099
DFL-MAT-J041VR,0,throw_in,0.2383887381172088
DFL-MAT-J041VR,0,throw_in,0.3384572153238879
DFL-MAT-J041VR,0,throw_in,0.3177420797894542
DFL-MAT-J041VR,0,throw_in,0.3990863493602665
DFL-MAT-J041VR,0,throw_in,0.5197544794799027
DFL-MAT-J041VR,0,throw_in,0.3037783380761242
DFL-MAT-J041VR,0,throw_in,0.2680021191972181
DFL-MAT-J041VR,0,throw_in,0.2787257984330955
DFL-MAT-J041VR,0,throw_in,0.3285256661001495
DFL-MAT-J041VR,0,throw_in,0.3288277570420886
DFL-MAT-J041VR,0,corner,0.2232499822135366
DFL-MAT-J041VR,0,corner,0.2400537265410403
DFL-MAT-J041VR,0,corner,0.3568556323075196
DFL-MAT-J041VR,0,corner,0.5184107007593748
DFL-MAT-J041VR,0,corner,0.3471783381130899
DFL-MAT-J041VR,0,throw_in,0.3212515217570442
DFL-MAT-J041VR,0,throw_in,0.2422747132600602
DFL-MAT-J041VR,0,throw_in,0.2968221110369956
DFL-MAT-J041VR,0,throw_in,0.2519469921084205
DFL-MAT-J041VR,0,throw_in,0.2869456865737345
DFL-MAT-J041VR,0,corner,0.4537317890018638
DFL-MAT-J041VR,0,corner,0.3666342147432147
DFL-MAT-J041VR,0,corner,0.3420022164391116
DFL-MAT-J041VR,1,corner,0.4741685481734319
DFL-MAT-J041VR,1,corner,0.4070109068067993
DFL-MAT-J041VR,1,corner,0.4809956292426229
DFL-MAT-J041VR,1,corner,0.5269840226454799
DFL-MAT-J041VR,1,corner,0.4951586944787191
DFL-MAT-J041VR,1,throw_in,0.3384581148241969
DFL-MAT-J041VR,1,throw_in,0.5994085495132099
DFL-MAT-J041VR,1,throw_in,0.4344530920854692
DFL-MAT-J041VR,1,throw_in,0.6066251421045672
DFL-MAT-J041VR,1,throw_in,0.434373296602974
DFL-MAT-J041VR,1,throw_in,0.2869878092165629
DFL-MAT-J041VR,0,goal_kick,0.2415685589533707
DFL-MAT-J041VR,0,goal_kick,0.2650661866848891
DFL-MAT-J041VR,0,goal_kick,0.2770297290002287
DFL-MAT-J041VR,0,goal_kick,0.3564513228924356
DFL-MAT-J041VR,0,goal_kick,0.3932848541325139
DFL-MAT-J041VR,1,goal_kick,0.2423487172094148
DFL-MAT-J041VR,1,goal_kick,0.3258134326457233
DFL-MAT-J041VR,1,goal_kick,0.325480552377094
DFL-MAT-J041VR,1,goal_kick,0.2333544400906305
DFL-MAT-J041VR,1,goal_kick,0.2663032662676636
DFL-MAT-J041VR,1,throw_in,0.3138052417510664
DFL-MAT-J041VR,1,throw_in,0.3299539105234331
DFL-MAT-J041VR,1,throw_in,0.2680285850561427
DFL-MAT-J041VR,1,throw_in,0.4147152531079012
DFL-MAT-J041VR,1,throw_in,0.3706513657384273
DFL-MAT-J041VR,1,throw_in,0.4558246866590421
DFL-MAT-J041VR,1,throw_in,0.5869439541470715
DFL-MAT-J041VR,1,throw_in,0.5017392699292211
DFL-MAT-J041VR,1,goal_kick,0.2285655495642363
DFL-MAT-J041VR,1,goal_kick,0.313095774009518
DFL-MAT-J041VR,1,goal_kick,0.3599053747670361
DFL-MAT-J041VR,0,throw_in,0.278590834899399
DFL-MAT-J041VR,0,throw_in,0.2463927814234404
DFL-MAT-J041VR,0,throw_in,0.2792047798160244
DFL-MAT-J041VR,0,throw_in,0.3424012511141642
DFL-MAT-J041VR,0,throw_in,0.3947751503181744
DFL-MAT-J041VR,0,throw_in,0.3685438627107469
DFL-MAT-J041VR,0,throw_in,0.3501995280890599
DFL-MAT-J041VR,0,throw_in,0.3283719737068961
DFL-MAT-J041VR,0,corner,0.4563417953316342
DFL-MAT-J041VR,0,corner,0.4197467490429757
DFL-MAT-J041VR,0,corner,0.5350983968050504
DFL-MAT-J041VR,0,corner,0.3613992418041872
DFL-MAT-J041VR,0,corner,0.2786322215195981
DFL-MAT-J041VR,1,goal_kick,0.5086386104125632
DFL-MAT-J041VR,1,goal_kick,0.5735291386935838
DFL-MAT-J041VR,0,throw_in,0.2693019032501137
DFL-MAT-J041VR,0,throw_in,0.2437737035346098
DFL-MAT-J041VR,0,throw_in,0.2569347172031522
DFL-MAT-J041VR,0,throw_in,0.2473310149973624
DFL-MAT-J041VR,1,goal_kick,0.3185113300518049
DFL-MAT-J041VR,1,throw_in,0.2928210223888641
DFL-MAT-J041VR,1,throw_in,0.3153401554041241
DFL-MAT-J041VR,1,throw_in,0.3031909129784316
DFL-MAT-J041VR,1,throw_in,0.2617246657003506
DFL-MAT-J041VR,1,throw_in,0.432406641102187
DFL-MAT-J041VR,1,throw_in,0.3324016884602375
DFL-MAT-J041VR,1,throw_in,0.3841660758456648
DFL-MAT-J041VR,0,throw_in,0.5319677301840787
DFL-MAT-J041VR,0,throw_in,0.4622551447423413
DFL-MAT-J041VR,0,throw_in,0.3393791699566074
DFL-MAT-J041VR,0,throw_in,0.3405238851814694
DFL-MAT-J041VR,0,throw_in,0.3358439384331069
DFL-MAT-J041VR,0,throw_in,0.2214371033147616
DFL-MAT-J041VR,0,throw_in,0.2772660140533565
DFL-MAT-J041VR,0,throw_in,0.3029303299664073
DFL-MAT-J041VR,0,throw_in,0.2788321550110081
DFL-MAT-J041VR,0,throw_in,0.3363971859455587
DFL-MAT-J041VR,0,throw_in,0.3970608276222384
DFL-MAT-J041VR,0,throw_in,0.3877548700335125
DFL-MAT-J041VR,0,throw_in,0.2786361506691817
DFL-MAT-J041VR,0,goal_kick,0.2324678451806035
DFL-MAT-J041VR,0,goal_kick,0.2279817399896328
DFL-MAT-J041VR,0,goal_kick,0.2190601920701484
DFL-MAT-J041VR,0,goal_kick,0.229168747254625
DFL-MAT-J041VR,0,goal_kick,0.2643583076483342
DFL-MAT-J041VR,1,corner,0.3428958406397407
DFL-MAT-J041VR,1,corner,0.5135468803092715
DFL-MAT-J041VR,1,corner,0.5493778157936992
DFL-MAT-J041VR,1,corner,0.6122030397688634
DFL-MAT-J041VR,1,corner,0.5702205166315085
DFL-MAT-J041VR,0,goal_kick,0.252173424525375
DFL-MAT-J041VR,0,goal_kick,0.3021861468750312
DFL-MAT-J041VR,0,goal_kick,0.2720793820495167
DFL-MAT-J041VR,0,goal_kick,0.3367173364377822
DFL-MAT-J041VR,0,goal_kick,0.3157153450720933
DFL-MAT-J041W5,1,throw_in,0.4113374808375804
DFL-MAT-J041W5,1,throw_in,0.3680878729569911
DFL-MAT-J041W5,1,throw_in,0.598644328975795
DFL-MAT-J041W5,1,throw_in,0.5042993768066912
DFL-MAT-J041W5,1,throw_in,0.3434548290952589
DFL-MAT-J041W5,1,corner,0.4345494599559239
DFL-MAT-J041W5,1,corner,0.4874363088967172
DFL-MAT-J041W5,1,corner,0.3408957160535998
DFL-MAT-J041W5,1,corner,0.3115761415380412
DFL-MAT-J041W5,1,corner,0.4305720889214441
DFL-MAT-J041W5,1,corner,0.3212380319063366
DFL-MAT-J041W5,0,corner,0.4454675349649445
DFL-MAT-J041W5,0,corner,0.5955295247970751
DFL-MAT-J041W5,0,corner,0.7088437324081257
DFL-MAT-J041W5,0,corner,0.5747604245405523
DFL-MAT-J041W5,1,corner,0.5166820476200734
DFL-MAT-J041W5,1,goal_kick,0.2183993087632776
DFL-MAT-J041W5,1,goal_kick,0.3192375802559268
DFL-MAT-J041W5,0,goal_kick,0.2728173118942195
DFL-MAT-J041W5,0,goal_kick,0.2673848997491824
DFL-MAT-J041W5,0,goal_kick,0.2593764795934657
DFL-MAT-J041W5,0,goal_kick,0.241272965328493
DFL-MAT-J041W5,0,throw_in,0.266272883590339
DFL-MAT-J041W5,0,throw_in,0.271312163201274
DFL-MAT-J041W5,0,throw_in,0.2933437141839394
DFL-MAT-J041W5,1,goal_kick,0.3856855511455115
DFL-MAT-J041W5,1,goal_kick,0.421097986712549
DFL-MAT-J041W5,1,goal_kick,0.3344100754872401
DFL-MAT-J041W5,1,goal_kick,0.2577835646660344
DFL-MAT-J041W5,1,goal_kick,0.3451153467489398
DFL-MAT-J041W5,0,throw_in,0.289023146476365
DFL-MAT-J041W5,0,throw_in,0.2608194359622837
DFL-MAT-J041W5,0,throw_in,0.3447089093221971
DFL-MAT-J041W5,0,throw_in,0.3714488506990527
DFL-MAT-J041W5,0,throw_in,0.3679958968642315
DFL-MAT-J041W5,0,throw_in,0.3387922337248434
DFL-MAT-J041W5,0,throw_in,0.4294173238893891
DFL-MAT-J041W5,0,throw_in,0.5092520497957072
DFL-MAT-J041W5,0,throw_in,0.4083922914085605
DFL-MAT-J041W5,1,throw_in,0.3851415477483518
DFL-MAT-J041W5,1,throw_in,0.3439238894116742
DFL-MAT-J041W5,1,throw_in,0.3134033703584029
DFL-MAT-J041W5,1,throw_in,0.3706400230435329
DFL-MAT-J041W5,1,throw_in,0.4185690461914391
DFL-MAT-J041W5,1,throw_in,0.5928360375397833
DFL-MAT-J041W5,1,throw_in,0.540406635655212
DFL-MAT-J041W5,1,throw_in,0.3557759978267434
DFL-MAT-J041W5,1,throw_in,0.3765976187144492
DFL-MAT-J041W5,1,throw_in,0.2411226604789214
DFL-MAT-J041W5,1,throw_in,0.5369341051557137
DFL-MAT-J041W5,1,throw_in,0.3162345365393154
DFL-MAT-J041W5,1,throw_in,0.3108013249866489
DFL-MAT-J041W5,1,throw_in,0.3691966985357807
DFL-MAT-J041W5,1,throw_in,0.2337174395588489
DFL-MAT-J041W5,1,throw_in,0.2588488696900518
DFL-MAT-J041W5,1,throw_in,0.287231306505707
DFL-MAT-J041W5,0,goal_kick,0.482246764579441
DFL-MAT-J041W5,1,throw_in,0.492272398864876
DFL-MAT-J041W5,1,throw_in,0.3372625882274206
DFL-MAT-J041W5,1,throw_in,0.5536891339459113
DFL-MAT-J041W5,1,throw_in,0.4729136773060671
DFL-MAT-J041W5,1,throw_in,0.3183895916376387
DFL-MAT-J041W5,1,throw_in,0.3713835968905645
DFL-MAT-J041W5,1,throw_in,0.3332792758570241
DFL-MAT-J041W5,0,throw_in,0.2869694630293853
DFL-MAT-J041W5,0,throw_in,0.2941010850029559
DFL-MAT-J041W5,0,throw_in,0.27513106676408
DFL-MAT-J041W5,0,throw_in,0.3001624404098709
DFL-MAT-J041W5,0,throw_in,0.4228260993834669
DFL-MAT-J041W5,0,throw_in,0.5972874045019781
DFL-MAT-J041W5,0,throw_in,0.5621741459832206
DFL-MAT-J041W5,0,throw_in,0.505209114608068
DFL-MAT-J041W5,0,throw_in,0.4988064810831928
DFL-MAT-J041W5,0,throw_in,0.4124453511009622
DFL-MAT-J041W5,0,throw_in,0.5257025408227188
DFL-MAT-J041W5,0,corner,0.4077751290008535
DFL-MAT-J041W5,0,corner,0.4103283113730572
DFL-MAT-J041W5,1,corner,0.3240111608961373
DFL-MAT-J041W5,1,corner,0.2861956002675032
DFL-MAT-J041W5,1,corner,0.2776567804251613
DFL-MAT-J041W5,1,corner,0.2700088150433127
DFL-MAT-J041W5,1,corner,0.4894129027375471
DFL-MAT-J041W5,0,goal_kick,0.3459125134591269
DFL-MAT-J041W5,0,goal_kick,0.4258537598087621
DFL-MAT-J041W5,0,goal_kick,0.3960946030743737
DFL-MAT-J041W5,1,throw_in,0.3888557974657647
DFL-MAT-J041W5,1,throw_in,0.2781792192647416
DFL-MAT-J041W5,1,throw_in,0.3595910815020791
DFL-MAT-J041W5,1,throw_in,0.4684284556694053
DFL-MAT-J041W5,1,throw_in,0.2773780341648103
DFL-MAT-J041W5,0,throw_in,0.2400787274943571
DFL-MAT-J041W5,0,throw_in,0.2714173756083992
DFL-MAT-J041W5,0,throw_in,0.3446727854947686
DFL-MAT-J041W5,0,throw_in,0.4044679929050375
DFL-MAT-J041W5,0,throw_in,0.286419206695958
DFL-MAT-J041W5,1,throw_in,0.3483064186541312
DFL-MAT-J041W5,1,throw_in,0.6208150288455896
DFL-MAT-J041W5,1,throw_in,0.3877918846611649
DFL-MAT-J041W5,1,throw_in,0.5213033582018459
DFL-MAT-J041W5,1,throw_in,0.678313178045419
DFL-MAT-J041W5,1,throw_in,0.4381894180933262
DFL-MAT-J041W5,1,throw_in,0.3774729733464144
DFL-MAT-J041W5,1,throw_in,0.4642590890450378
DFL-MAT-J041W5,0,throw_in,0.4013804510699117
DFL-MAT-J041W5,0,throw_in,0.5459322821516681
DFL-MAT-J041W5,0,throw_in,0.6056504233876152
DFL-MAT-J041W5,0,throw_in,0.4587435077136619
DFL-MAT-J041W5,0,throw_in,0.4200813890283711
DFL-MAT-J041W5,0,goal_kick,0.3079114311960518
DFL-MAT-J041W5,0,goal_kick,0.3540961264236234
DFL-MAT-J041W5,0,goal_kick,0.3353995571254808
DFL-MAT-J041W5,0,goal_kick,0.735284551078559
DFL-MAT-J041W5,0,goal_kick,0.3123221691530837
DFL-MAT-J041W5,0,goal_kick,0.3889458127775012
DFL-MAT-J041W5,0,goal_kick,0.3877680895499294
DFL-MAT-J041W5,0,goal_kick,0.4051948991733137
DFL-MAT-J041W5,1,corner,0.4054451322309333
DFL-MAT-J041W5,1,corner,0.5488862692526633
DFL-MAT-J041W5,1,corner,0.3707474587179741
DFL-MAT-J041W5,1,corner,0.3471353921485141
DFL-MAT-J041W5,1,corner,0.3131318391603984
DFL-MAT-J041W5,1,corner,0.2523304153872169
DFL-MAT-J041W5,1,corner,0.2566717678193315
DFL-MAT-J041W5,1,corner,0.3653941062591536
DFL-MAT-J041W5,1,corner,0.3253560759064319
DFL-MAT-J041W5,1,corner,0.4078982354337047
DFL-MAT-J041W5,0,goal_kick,0.3589932948586912
DFL-MAT-J041W5,0,goal_kick,0.4451099277426258
DFL-MAT-J041W5,0,goal_kick,0.5341512123612625
DFL-MAT-J041W5,0,goal_kick,0.3652399018429837
DFL-MAT-J041W5,0,throw_in,0.3521459374675326
DFL-MAT-J041W5,0,throw_in,0.597401182959671
DFL-MAT-J041W5,0,throw_in,0.3684164340406023
DFL-MAT-J041W5,0,throw_in,0.4430144324119094
DFL-MAT-J041W5,1,throw_in,0.3537399667903781
DFL-MAT-J041W5,1,throw_in,0.5484354310792193
DFL-MAT-J041W5,1,throw_in,0.5468799020904749
DFL-MAT-J041W5,1,throw_in,0.3597936449335672
DFL-MAT-J041W5,1,throw_in,0.4652864192932276
DFL-MAT-J041W5,0,throw_in,0.4346065192999037
DFL-MAT-J041W5,0,throw_in,0.3368626150525621
DFL-MAT-J041W5,0,throw_in,0.430472489130981
DFL-MAT-J041W5,0,throw_in,0.4319474401141803
DFL-MAT-J041W5,0,throw_in,0.3490034605573901
DFL-MAT-J041W5,1,goal_kick,0.1410525260360644
DFL-MAT-J041W5,1,goal_kick,0.1786447608246691
DFL-MAT-J041W5,1,goal_kick,0.1794835712756486
DFL-MAT-J041W5,1,goal_kick,0.1622672113261889
DFL-MAT-J041W5,1,goal_kick,0.2439003799572388
DFL-MAT-J041W5,1,goal_kick,0.5581285151762487
DFL-MAT-J041W5,1,goal_kick,0.3525500596633361
DFL-MAT-J041W5,1,goal_kick,0.3906862942816995
DFL-MAT-J041W5,1,goal_kick,0.6029374058198771
DFL-MAT-J041W5,1,goal_kick,0.4442847158592602
DFL-MAT-J041W5,0,goal_kick,0.3597679494839821
DFL-MAT-J041W5,0,goal_kick,0.4134385180993535
DFL-MAT-J041W5,1,goal_kick,0.2321190386782716
DFL-MAT-J041W5,1,goal_kick,0.2651723033227265
DFL-MAT-J041W5,1,goal_kick,0.3479111431202921
DFL-MAT-J041W5,1,goal_kick,0.2748914107892728
DFL-MAT-J041W5,1,goal_kick,0.282880351561726
DFL-MAT-J041W5,0,throw_in,0.4148978217518361
DFL-MAT-J041W5,0,throw_in,0.3838608301270381
DFL-MAT-J041W5,0,throw_in,0.4708866715997216
DFL-MAT-J041W5,0,goal_kick,0.2917334031148266
DFL-MAT-J041W5,0,goal_kick,0.3044875222137659
DFL-MAT-J041W5,0,goal_kick,0.3563948604183974
DFL-MAT-J041W5,0,corner,0.5378789264613286
DFL-MAT-J041W5,0,corner,0.5308516562001716
DFL-MAT-J041W5,0,corner,0.334804638773091
DFL-MAT-J041W5,0,corner,0.322556727966809
DFL-MAT-J041W5,0,corner,0.458798115143775
DFL-MAT-J041W5,0,throw_in,0.3417097066689898
DFL-MAT-J041W5,0,throw_in,0.3107687130109785
DFL-MAT-J041W5,0,throw_in,0.2895353657395645
DFL-MAT-J041W5,1,corner,0.2355585305192347
DFL-MAT-J041W5,1,corner,0.7106820381733928
DFL-MAT-J041W5,1,corner,0.3253042912200679
DFL-MAT-J041W5,1,corner,0.3832934354102537
DFL-MAT-J041W5,1,corner,0.5531609412552212
DFL-MAT-J041W5,0,goal_kick,0.43192605173084
DFL-MAT-J041W5,0,goal_kick,0.5414848881602479
DFL-MAT-J041W5,0,goal_kick,0.4387354335715315
DFL-MAT-J041W5,0,goal_kick,0.4433921367483072
DFL-MAT-J041W5,0,goal_kick,0.4822103416316298
DFL-MAT-J041W5,1,throw_in,0.3217378396490453
DFL-MAT-J041W5,1,throw_in,0.3551770579871825
DFL-MAT-J041W5,1,throw_in,0.3931952367425327
DFL-MAT-J041W5,1,throw_in,0.2666481035032249
DFL-MAT-J041W5,1,throw_in,0.2715187199667697
DFL-MAT-J041W5,0,goal_kick,0.3797534515340358
DFL-MAT-J041W5,0,goal_kick,0.4886540904292549
DFL-MAT-J041W5,0,goal_kick,0.4155421871415869
DFL-MAT-J041W5,0,goal_kick,0.4170694850334594
DFL-MAT-J041W5,0,goal_kick,0.4653401125590343
DFL-MAT-J041W5,0,throw_in,0.2887991960881124
DFL-MAT-J041W5,0,throw_in,0.4249701967634133
DFL-MAT-J041W5,0,throw_in,0.5057198787368139
DFL-MAT-J041W5,0,throw_in,0.542436665238523
DFL-MAT-J041W5,1,throw_in,0.2844381578986612
DFL-MAT-J041W5,1,throw_in,0.2691380032930437
DFL-MAT-J041W5,1,throw_in,0.2868614408317012
DFL-MAT-J041W5,1,throw_in,0.2664945880723673
DFL-MAT-J041W5,1,throw_in,0.665511930151784
DFL-MAT-J041W5,1,throw_in,0.3729432331423057
DFL-MAT-J041W5,1,throw_in,0.4303169980601006
DFL-MAT-J041W5,1,throw_in,0.4622475792587696
DFL-MAT-J041W5,1,throw_in,0.2666871128409904
DFL-MAT-J041W5,1,throw_in,0.2798866142262226
DFL-MAT-J041W5,1,throw_in,0.3089837259121917
DFL-MAT-J041W5,1,throw_in,0.4081572967937832
DFL-MAT-J041W5,1,throw_in,0.4915802878325515
DFL-MAT-J041W5,1,throw_in,0.3290404908907697
DFL-MAT-J041W5,1,throw_in,0.3817374481672954
DFL-MAT-J041W5,1,throw_in,0.3095457053254004
DFL-MAT-J041W5,1,throw_in,0.2712674096979228
DFL-MAT-J041W5,1,throw_in,0.4793081746337334
DFL-MAT-J041W5,1,throw_in,0.511195831633151
DFL-MAT-J041W5,1,throw_in,0.4440641047649875
DFL-MAT-J041W5,1,throw_in,0.4279786591487641
DFL-MAT-J041W5,1,throw_in,0.4074974345305399
DFL-MAT-J041W5,1,throw_in,0.4063045753813431
DFL-MAT-J041W5,0,goal_kick,0.3993369698647971
DFL-MAT-J041W5,0,goal_kick,0.3910016003627425
DFL-MAT-J041W5,0,goal_kick,0.3974965517861561
DFL-MAT-J041W5,1,goal_kick,0.2243924163366664
DFL-MAT-J041W5,1,goal_kick,0.2411644413344917
DFL-MAT-J041W5,1,goal_kick,0.2413902989722798
DFL-MAT-J041W5,1,goal_kick,0.3090124697037025
DFL-MAT-J041W5,1,goal_kick,0.3614109193372471
DFL-MAT-J041W5,0,goal_kick,0.3941567388738893
DFL-MAT-J041W5,0,goal_kick,0.4410595176237981
DFL-MAT-J041W5,0,goal_kick,0.4443540863707433
DFL-MAT-J041W5,0,goal_kick,0.5954022530369144
DFL-MAT-J041W5,0,throw_in,0.3938710568057106
DFL-MAT-J041W5,0,throw_in,0.4302970885979283
DFL-MAT-J041W5,0,throw_in,0.5488382807591033
DFL-MAT-J041W5,1,corner,0.4161563786241494
DFL-MAT-J041W5,1,corner,0.7543387275556226
DFL-MAT-J041W5,1,corner,0.4586678788547962
DFL-MAT-J041W5,1,corner,0.3967704364820272
DFL-MAT-J041W5,1,corner,0.5219241715380849
DFL-MAT-J041W5,0,goal_kick,0.4201172320725377
DFL-MAT-J041W5,0,goal_kick,0.4308768936339902
DFL-MAT-J041W5,1,throw_in,0.3062698895127022
DFL-MAT-J041W5,1,throw_in,0.3503740015134785
DFL-MAT-J041W5,1,throw_in,0.4450891389284746
DFL-MAT-J041W5,1,throw_in,0.3464129589888888
DFL-MAT-J041W5,1,throw_in,0.3259281429307123
DFL-MAT-J041W5,1,throw_in,0.35473541894207
DFL-MAT-J041W5,1,throw_in,0.3994164773277301
DFL-MAT-J041W5,1,throw_in,0.5399926031698001
DFL-MAT-J041W5,1,throw_in,0.5423714197027029
DFL-MAT-J041W5,1,throw_in,0.4844355614713752
DFL-MAT-J041W5,1,corner,0.4428951834585947
DFL-MAT-J041W5,1,corner,0.4364563583925573
DFL-MAT-J041W5,1,corner,0.2778514917322621
DFL-MAT-J041W5,1,corner,0.3011927995986105
DFL-MAT-J041W5,1,corner,0.2955471109132781
DFL-MAT-J041W5,1,corner,0.464047509975713
DFL-MAT-J041W5,1,corner,0.5935277120141176
DFL-MAT-J041W5,0,corner,0.7398134987068891
DFL-MAT-J041W5,0,corner,0.7798654301149036
DFL-MAT-J041W5,0,corner,0.6484065210239001
DFL-MAT-J041W5,0,corner,0.5248391085988791
DFL-MAT-J041W5,0,corner,0.3078388914222092
DFL-MAT-J041W5,1,throw_in,0.4798543135234995
DFL-MAT-J041W5,1,throw_in,0.6114371697858603
DFL-MAT-J041W5,1,throw_in,0.5580820759203321
DFL-MAT-J041W5,1,throw_in,0.4674529417939566
DFL-MAT-J041WE,1,throw_in,0.4152368752113838
DFL-MAT-J041WE,1,throw_in,0.4568310463758084
DFL-MAT-J041WE,1,throw_in,0.5670913851597446
DFL-MAT-J041WE,1,throw_in,0.5541566756068569
DFL-MAT-J041WE,0,throw_in,0.2969888326609214
DFL-MAT-J041WE,0,throw_in,0.3509174009251121
DFL-MAT-J041WE,0,throw_in,0.4932373230680286
DFL-MAT-J041WE,0,throw_in,0.4746494165026436
DFL-MAT-J041WE,0,throw_in,0.6110254617637496
DFL-MAT-J041WE,0,throw_in,0.4479894391606785
DFL-MAT-J041WE,0,throw_in,0.447071069042143
DFL-MAT-J041WE,0,throw_in,0.6329669221757407
DFL-MAT-J041WE,0,throw_in,0.6719707934382918
DFL-MAT-J041WE,0,throw_in,0.6398477522094661
DFL-MAT-J041WE,0,goal_kick,0.2422409834968438
DFL-MAT-J041WE,0,goal_kick,0.2564119648259274
DFL-MAT-J041WE,0,goal_kick,0.29564082782074
DFL-MAT-J041WE,0,goal_kick,0.5769906881641734
DFL-MAT-J041WE,0,goal_kick,0.3617064926232946
DFL-MAT-J041WE,0,throw_in,0.4982184960110011
DFL-MAT-J041WE,0,throw_in,0.4877131516352991
DFL-MAT-J041WE,0,throw_in,0.41062587447082
DFL-MAT-J041WE,0,throw_in,0.4545400479348936
DFL-MAT-J041WE,0,throw_in,0.4338272720227453
DFL-MAT-J041WE,0,throw_in,0.5036155382601244
DFL-MAT-J041WE,0,throw_in,0.3813828699213765
DFL-MAT-J041WE,1,throw_in,0.45017332977859
DFL-MAT-J041WE,1,throw_in,0.2836812263615058
DFL-MAT-J041WE,1,throw_in,0.3362662123648892
DFL-MAT-J041WE,1,throw_in,0.4848718063465972
DFL-MAT-J041WE,1,throw_in,0.4204291766069997
DFL-MAT-J041WE,1,throw_in,0.4754968100303467
DFL-MAT-J041WE,1,throw_in,0.3004167452459003
DFL-MAT-J041WE,1,throw_in,0.3058710026880072
DFL-MAT-J041WE,1,throw_in,0.2721904850977173
DFL-MAT-J041WE,1,throw_in,0.2488521199598612
DFL-MAT-J041WE,0,throw_in,0.2680690605904793
DFL-MAT-J041WE,0,throw_in,0.2864912191711292
DFL-MAT-J041WE,0,throw_in,0.3429862774751329
DFL-MAT-J041WE,0,throw_in,0.442554982080797
DFL-MAT-J041WE,0,throw_in,0.4831552553858727
DFL-MAT-J041WE,0,goal_kick,0.2576698723386328
DFL-MAT-J041WE,0,goal_kick,0.2500328569573247
DFL-MAT-J041WE,0,goal_kick,0.2246948990968373
DFL-MAT-J041WE,0,goal_kick,0.3038822899672483
DFL-MAT-J041WE,0,goal_kick,0.3023241284158824
DFL-MAT-J041WE,1,throw_in,0.4009412296520673
DFL-MAT-J041WE,1,throw_in,0.2272400278100134
DFL-MAT-J041WE,1,throw_in,0.3337384535483162
DFL-MAT-J041WE,1,throw_in,0.4367895495713431
DFL-MAT-J041WE,1,throw_in,0.5171589116349502
DFL-MAT-J041WE,0,throw_in,0.3556121104552119
DFL-MAT-J041WE,0,throw_in,0.2981574686315716
DFL-MAT-J041WE,0,throw_in,0.2612045970925828
DFL-MAT-J041WE,0,throw_in,0.3392634105087828
DFL-MAT-J041WE,0,throw_in,0.3471795355679057
DFL-MAT-J041WE,1,throw_in,0.4661455567103211
DFL-MAT-J041WE,1,throw_in,0.3763483098090442
DFL-MAT-J041WE,1,throw_in,0.4560035815654932
DFL-MAT-J041WE,0,throw_in,0.4047103894119094
DFL-MAT-J041WE,0,throw_in,0.4525958186011491
DFL-MAT-J041WE,0,throw_in,0.4572858882829269
DFL-MAT-J041WE,0,throw_in,0.6525220526615765
DFL-MAT-J041WE,0,throw_in,0.5354437094030795
DFL-MAT-J041WE,0,throw_in,0.5354370102372435
DFL-MAT-J041WE,1,goal_kick,0.4211594511643955
DFL-MAT-J041WE,1,goal_kick,0.4032308181344916
DFL-MAT-J041WE,1,goal_kick,0.5189783608752963
DFL-MAT-J041WE,1,throw_in,0.3515369632186546
DFL-MAT-J041WE,1,throw_in,0.3887948552532224
DFL-MAT-J041WE,0,goal_kick,0.2277502755472777
DFL-MAT-J041WE,0,goal_kick,0.2858492642864113
DFL-MAT-J041WE,0,throw_in,0.4449905598375142
DFL-MAT-J041WE,0,throw_in,0.2601748148784301
DFL-MAT-J041WE,0,throw_in,0.2552736064342756
DFL-MAT-J041WE,0,throw_in,0.2532735355371983
DFL-MAT-J041WE,0,throw_in,0.2411026363264747
DFL-MAT-J041WE,1,throw_in,0.5422131863174239
DFL-MAT-J041WE,1,throw_in,0.5449330321018048
DFL-MAT-J041WE,1,throw_in,0.3147735190537375
DFL-MAT-J041WE,1,throw_in,0.3840082922186202
DFL-MAT-J041WE,1,throw_in,0.3408466151225001
DFL-MAT-J041WE,1,throw_in,0.3690730257107033
DFL-MAT-J041WE,1,corner,0.4451314827636529
DFL-MAT-J041WE,1,corner,0.4529379015376906
DFL-MAT-J041WE,1,goal_kick,0.5248664356270873
DFL-MAT-J041WE,0,corner,0.4050186728860426
DFL-MAT-J041WE,1,corner,0.4468622199115142
DFL-MAT-J041WE,1,corner,0.6250753640287181
DFL-MAT-J041WE,1,corner,0.4903418260173906
DFL-MAT-J041WE,1,corner,0.3310154455349583
DFL-MAT-J041WE,1,corner,0.3216490809047086
DFL-MAT-J041WE,0,corner,0.4656665243441054
DFL-MAT-J041WE,0,corner,0.3844284569034594
DFL-MAT-J041WE,0,corner,0.3078791122797369
DFL-MAT-J041WE,0,corner,0.2615609303675756
DFL-MAT-J041WE,1,corner,0.4772021880411821
DFL-MAT-J041WE,1,corner,0.4031566843380287
DFL-MAT-J041WE,1,corner,0.4854431687735304
DFL-MAT-J041WE,0,goal_kick,0.3336284420604328
DFL-MAT-J041WE,0,goal_kick,0.3260470120165535
DFL-MAT-J041WE,0,goal_kick,0.3342270197882631
DFL-MAT-J041WE,0,throw_in,0.3123394357422311
DFL-MAT-J041WE,0,throw_in,0.3118679755185886
DFL-MAT-J041WE,0,throw_in,0.2872691479097264
DFL-MAT-J041WE,0,throw_in,0.4730600236717565
DFL-MAT-J041WE,0,throw_in,0.4224798711601674
DFL-MAT-J041WE,1,throw_in,0.3193406906993273
DFL-MAT-J041WE,1,throw_in,0.4413777310644874
DFL-MAT-J041WE,1,throw_in,0.3645504770870396
DFL-MAT-J041WE,1,throw_in,0.3191692039987845
DFL-MAT-J041WE,0,corner,0.4110400244806095
DFL-MAT-J041WE,0,corner,0.4862272853334434
DFL-MAT-J041WE,0,corner,0.4630502693320035
DFL-MAT-J041WE,0,corner,0.4316108214988263
DFL-MAT-J041WE,1,corner,0.2835407785894197
DFL-MAT-J041WE,1,corner,0.3659106622975341
DFL-MAT-J041WE,1,corner,0.4080128321173031
DFL-MAT-J041WE,1,corner,0.5221267262669395
DFL-MAT-J041WE,1,goal_kick,0.5040454517266705
DFL-MAT-J041WE,1,goal_kick,0.3689726393486026
DFL-MAT-J041WE,1,goal_kick,0.6109921051834991
DFL-MAT-J041WE,0,goal_kick,0.2386090745605067
DFL-MAT-J041WE,0,goal_kick,0.2913892281562687
DFL-MAT-J041WE,0,goal_kick,0.2719456887200067
DFL-MAT-J041WE,0,goal_kick,0.2645519647604311
DFL-MAT-J041WE,0,goal_kick,0.2818983412288037
DFL-MAT-J041WE,0,goal_kick,0.2409678344598545
DFL-MAT-J041WE,0,throw_in,0.4061112325016952
DFL-MAT-J041WE,0,throw_in,0.31006454539543
DFL-MAT-J041WE,0,throw_in,0.3121033036990779
DFL-MAT-J041WE,0,throw_in,0.3031888304410137
DFL-MAT-J041WE,0,throw_in,0.383532673568719
DFL-MAT-J041WE,1,throw_in,0.3692302825839976
DFL-MAT-J041WE,1,throw_in,0.457949764191461
DFL-MAT-J041WE,1,throw_in,0.562414860103425
DFL-MAT-J041WE,1,throw_in,0.4471435832440661
DFL-MAT-J041WE,1,goal_kick,0.4898516190816195
DFL-MAT-J041WE,0,goal_kick,0.4203764519023125
DFL-MAT-J041WE,0,goal_kick,0.3986741139511536
DFL-MAT-J041WE,0,goal_kick,0.2197340861360875
DFL-MAT-J041WE,0,goal_kick,0.2887803811554252
DFL-MAT-J041WE,0,goal_kick,0.2877223900397833
DFL-MAT-J041WE,0,throw_in,0.2719255601539693
DFL-MAT-J041WE,0,throw_in,0.3041120758701828
DFL-MAT-J041WE,0,throw_in,0.3446211466041314
DFL-MAT-J041WE,0,throw_in,0.2536084935687546
DFL-MAT-J041WE,0,throw_in,0.4689913149472319
DFL-MAT-J041WE,1,goal_kick,0.3017781839757774
DFL-MAT-J041WE,1,goal_kick,0.3549667556375905
DFL-MAT-J041WE,1,goal_kick,0.4116612389196222
DFL-MAT-J041WE,1,goal_kick,0.3429442212045112
DFL-MAT-J041WE,1,goal_kick,0.3251210049540246
DFL-MAT-J041WE,1,throw_in,0.4233515063507775
DFL-MAT-J041WE,0,throw_in,0.5356417850340385
DFL-MAT-J041WE,0,throw_in,0.6800726572033631
DFL-MAT-J041WE,0,throw_in,0.4893021689390129
DFL-MAT-J041WE,0,throw_in,0.27189251896884
DFL-MAT-J041WE,0,throw_in,0.2581055254087201
DFL-MAT-J041WE,1,goal_kick,0.3271647908362077
DFL-MAT-J041WE,1,goal_kick,0.3710892341242928
DFL-MAT-J041WE,0,throw_in,0.4072920210781079
DFL-MAT-J041WE,0,throw_in,0.4675438820133958
DFL-MAT-J041WE,0,throw_in,0.4121842933836853
DFL-MAT-J041WE,0,throw_in,0.5209031512621927
DFL-MAT-J041WE,0,throw_in,0.3521613055704238
DFL-MAT-J041WE,1,throw_in,0.4247363254515021
DFL-MAT-J041WE,1,throw_in,0.2979328708625791
DFL-MAT-J041WE,1,throw_in,0.4364678149214858
DFL-MAT-J041WE,0,throw_in,0.3676406418089856
DFL-MAT-J041WE,0,throw_in,0.3656559674006368
DFL-MAT-J041WE,0,throw_in,0.2879002049337666
DFL-MAT-J041WE,0,throw_in,0.2997768948823324
DFL-MAT-J041WE,0,throw_in,0.2995535778555258
DFL-MAT-J041WE,1,goal_kick,0.3867170679270159
DFL-MAT-J041WE,1,goal_kick,0.4567028214467815
DFL-MAT-J041WE,0,throw_in,0.4073617166590106
DFL-MAT-J041WE,0,throw_in,0.4326355757519395
DFL-MAT-J041WE,0,throw_in,0.4662139418142685
DFL-MAT-J041WE,0,throw_in,0.5897820826517205
DFL-MAT-J041WE,1,throw_in,0.5209671361158842
DFL-MAT-J041WE,1,throw_in,0.4863641195095038
DFL-MAT-J041WE,1,throw_in,0.5299934406517666
DFL-MAT-J041WE,1,throw_in,0.4246533316260144
DFL-MAT-J041WE,1,throw_in,0.398947943209878
DFL-MAT-J041WE,0,throw_in,0.4273762366121238
DFL-MAT-J041WE,0,throw_in,0.4002160834767104
DFL-MAT-J041WE,0,goal_kick,0.422102675318151
DFL-MAT-J041WE,0,goal_kick,0.6088773500287511
DFL-MAT-J041WE,0,goal_kick,0.4643866840710246
DFL-MAT-J041WN,0,throw_in,0.4238360956858306
DFL-MAT-J041WN,1,throw_in,0.4705260581223534
DFL-MAT-J041WN,1,throw_in,0.3328955126539974
DFL-MAT-J041WN,1,throw_in,0.5028967702669918
DFL-MAT-J041WN,1,throw_in,0.4667988639483506
DFL-MAT-J041WN,1,throw_in,0.3559602701733169
DFL-MAT-J041WN,1,throw_in,0.4458060445288362
DFL-MAT-J041WN,1,throw_in,0.5104699948244903
DFL-MAT-J041WN,1,goal_kick,0.3808318006958487
DFL-MAT-J041WN,1,goal_kick,0.253989652697746
DFL-MAT-J041WN,1,goal_kick,0.2392292668696703
DFL-MAT-J041WN,1,goal_kick,0.3450045666208273
DFL-MAT-J041WN,1,goal_kick,0.3876568766202415
DFL-MAT-J041WN,0,throw_in,0.2900578682163806
DFL-MAT-J041WN,0,throw_in,0.2760070517292385
DFL-MAT-J041WN,0,throw_in,0.3061782577568069
DFL-MAT-J041WN,0,throw_in,0.37750399192829
DFL-MAT-J041WN,1,throw_in,0.4723531793785797
DFL-MAT-J041WN,1,throw_in,0.451074051668789
DFL-MAT-J041WN,1,throw_in,0.4375079086486443
DFL-MAT-J041WN,1,throw_in,0.3690725050357136
DFL-MAT-J041WN,1,throw_in,0.3906876502612914
DFL-MAT-J041WN,0,throw_in,0.3173873452945397
DFL-MAT-J041WN,0,throw_in,0.2816889906269552
DFL-MAT-J041WN,1,throw_in,0.4732603792941642
DFL-MAT-J041WN,1,throw_in,0.4264021801366512
DFL-MAT-J041WN,1,throw_in,0.4399401457646621
DFL-MAT-J041WN,1,throw_in,0.5821920355825722
DFL-MAT-J041WN,1,throw_in,0.5327604883584421
DFL-MAT-J041WN,0,throw_in,0.2814339734578845
DFL-MAT-J041WN,0,throw_in,0.38281740522519
DFL-MAT-J041WN,0,throw_in,0.3383494448133965
DFL-MAT-J041WN,0,throw_in,0.3659016734199132
DFL-MAT-J041WN,0,throw_in,0.3472278688775788
DFL-MAT-J041WN,1,throw_in,0.5733065532235818
DFL-MAT-J041WN,0,throw_in,0.2832784378578316
DFL-MAT-J041WN,0,throw_in,0.3958500202226734
DFL-MAT-J041WN,0,throw_in,0.4966696977654249
DFL-MAT-J041WN,1,goal_kick,0.2864534565893336
DFL-MAT-J041WN,1,goal_kick,0.3226708612078366
DFL-MAT-J041WN,1,goal_kick,0.3464887062082058
DFL-MAT-J041WN,1,goal_kick,0.3512053795608628
DFL-MAT-J041WN,1,goal_kick,0.4146296481131799
DFL-MAT-J041WN,0,throw_in,0.3481442302910926
DFL-MAT-J041WN,0,throw_in,0.395711661765374
DFL-MAT-J041WN,0,throw_in,0.3471137163304635
DFL-MAT-J041WN,0,throw_in,0.271470978938918
DFL-MAT-J041WN,0,throw_in,0.2993314362446461
DFL-MAT-J041WN,1,goal_kick,0.347909794957138
DFL-MAT-J041WN,1,goal_kick,0.3138400365574058
DFL-MAT-J041WN,1,goal_kick,0.2766087459198796
DFL-MAT-J041WN,1,goal_kick,0.3776616975361387
DFL-MAT-J041WN,1,goal_kick,0.3799142567423703
DFL-MAT-J041WN,1,goal_kick,0.2587664805187941
DFL-MAT-J041WN,1,goal_kick,0.2267972299671209
DFL-MAT-J041WN,1,goal_kick,0.3637984250403557
DFL-MAT-J041WN,1,goal_kick,0.3472543305366305
DFL-MAT-J041WN,1,goal_kick,0.2674966942437474
DFL-MAT-J041WN,1,goal_kick,0.2646035450385313
DFL-MAT-J041WN,1,goal_kick,0.2853898550334619
DFL-MAT-J041WN,0,throw_in,0.2553947615812618
DFL-MAT-J041WN,0,throw_in,0.2826319131525132
DFL-MAT-J041WN,0,throw_in,0.3044631519779263
DFL-MAT-J041WN,0,throw_in,0.3416637506319028
DFL-MAT-J041WN,0,throw_in,0.3290761662564289
DFL-MAT-J041WN,1,goal_kick,0.3460644207787707
DFL-MAT-J041WN,1,goal_kick,0.3438916182146966
DFL-MAT-J041WN,1,goal_kick,0.3207364947311884
DFL-MAT-J041WN,1,goal_kick,0.4112811114038396
DFL-MAT-J041WN,1,goal_kick,0.2546056183919348
DFL-MAT-J041WN,1,throw_in,0.4138846733609549
DFL-MAT-J041WN,1,throw_in,0.5557243130297951
DFL-MAT-J041WN,0,throw_in,0.3416995590019692
DFL-MAT-J041WN,0,throw_in,0.3043240130829202
DFL-MAT-J041WN,0,throw_in,0.296563817499601
DFL-MAT-J041WN,0,throw_in,0.297857249544947
DFL-MAT-J041WN,0,throw_in,0.4295222566022669
DFL-MAT-J041WN,0,corner,0.4335797125581341
DFL-MAT-J041WN,0,corner,0.6957009312713825
DFL-MAT-J041WN,1,goal_kick,0.2750709158599589
DFL-MAT-J041WN,1,goal_kick,0.240534989408633
DFL-MAT-J041WN,1,goal_kick,0.2401142591543104
DFL-MAT-J041WN,1,goal_kick,0.2886819712674501
DFL-MAT-J041WN,1,goal_kick,0.3724526479691073
DFL-MAT-J041WN,0,corner,0.3398608956708078
DFL-MAT-J041WN,0,corner,0.4255168368749748
DFL-MAT-J041WN,0,corner,0.6824175917238178
DFL-MAT-J041WN,1,corner,0.5977944148341137
DFL-MAT-J041WN,1,corner,0.5410475062372693
DFL-MAT-J041WN,1,corner,0.4583207382751372
DFL-MAT-J041WN,1,corner,0.3712635228857673
DFL-MAT-J041WN,1,corner,0.3638751130726237
DFL-MAT-J041WN,0,corner,0.3648356261727038
DFL-MAT-J041WN,0,corner,0.4270294947982266
DFL-MAT-J041WN,0,corner,0.3130577223140354
DFL-MAT-J041WN,0,corner,0.2773091934098671
DFL-MAT-J041WN,1,goal_kick,0.2316164477909703
DFL-MAT-J041WN,1,goal_kick,0.2215152196767268
DFL-MAT-J041WN,1,goal_kick,0.2921009281560273
DFL-MAT-J041WN,1,goal_kick,0.2647693375148041
DFL-MAT-J041WN,1,goal_kick,0.3566037238621484
DFL-MAT-J041WN,0,throw_in,0.303995375708381
DFL-MAT-J041WN,0,throw_in,0.5346839686570537
DFL-MAT-J041WN,0,goal_kick,0.2507345276757624
DFL-MAT-J041WN,0,goal_kick,0.2456342550919253
DFL-MAT-J041WN,0,goal_kick,0.2884235648015287
DFL-MAT-J041WN,0,goal_kick,0.2538854209708455
DFL-MAT-J041WN,0,goal_kick,0.251018852152883
DFL-MAT-J041WN,0,corner,0.3185789597566034
DFL-MAT-J041WN,0,corner,0.3303260634353824
DFL-MAT-J041WN,0,corner,0.3673392971020137
DFL-MAT-J041WN,0,corner,0.3674660428476707
DFL-MAT-J041WN,0,corner,0.3400062203918688
DFL-MAT-J041WN,1,goal_kick,0.2876599675276522
DFL-MAT-J041WN,1,goal_kick,0.2856049969916704
DFL-MAT-J041WN,1,goal_kick,0.2674905508115219
DFL-MAT-J041WN,1,goal_kick,0.2199398488751413
DFL-MAT-J041WN,1,goal_kick,0.3549482924197337
DFL-MAT-J041WN,1,throw_in,0.3149897371160907
DFL-MAT-J041WN,1,throw_in,0.5326713940236072
DFL-MAT-J041WN,1,throw_in,0.4850928358747767
DFL-MAT-J041WN,1,throw_in,0.4176355827838372
DFL-MAT-J041WN,1,throw_in,0.4941007819005885
DFL-MAT-J041WN,1,throw_in,0.572214626200388
DFL-MAT-J041WN,0,corner,0.5312013785066022
DFL-MAT-J041WN,0,corner,0.4057352189855313
DFL-MAT-J041WN,0,corner,0.6060514893455102
DFL-MAT-J041WN,0,corner,0.4322122547241568
DFL-MAT-J041WN,0,corner,0.3035394964777835
DFL-MAT-J041WN,1,goal_kick,0.3370626052251354
DFL-MAT-J041WN,1,goal_kick,0.3109656132358568
DFL-MAT-J041WN,1,goal_kick,0.4194856991770403
DFL-MAT-J041WN,1,goal_kick,0.3463426709316574
DFL-MAT-J041WN,1,throw_in,0.4017135799939842
DFL-MAT-J041WN,1,throw_in,0.3891131366315361
DFL-MAT-J041WN,1,throw_in,0.3248081803220846
DFL-MAT-J041WN,1,throw_in,0.3702930295051096
DFL-MAT-J041WN,0,throw_in,0.4159499220638647
DFL-MAT-J041WN,0,throw_in,0.4855495704942179
DFL-MAT-J041WN,0,throw_in,0.3902416940185651
DFL-MAT-J041WN,0,throw_in,0.5969288878150018
DFL-MAT-J041WN,0,throw_in,0.3373991612460845
DFL-MAT-J041WN,0,throw_in,0.3226998730029584
DFL-MAT-J041WN,0,throw_in,0.4981649669506431
DFL-MAT-J041WN,0,throw_in,0.5705241434999476
DFL-MAT-J041WN,0,throw_in,0.5788932838299974
DFL-MAT-J041WN,1,throw_in,0.436907313112537
DFL-MAT-J041WN,1,throw_in,0.7483751861175229
DFL-MAT-J041WN,1,throw_in,0.7374313652598683
DFL-MAT-J041WN,1,goal_kick,0.2552756027395284
DFL-MAT-J041WN,1,goal_kick,0.2389015335555694
DFL-MAT-J041WN,1,goal_kick,0.3427148190048632
DFL-MAT-J041WN,1,goal_kick,0.3390663695536908
DFL-MAT-J041WN,1,goal_kick,0.3225628688251702
DFL-MAT-J041WN,1,goal_kick,0.340446732776169
DFL-MAT-J041WN,1,goal_kick,0.4190953227790925
DFL-MAT-J041WN,1,goal_kick,0.4433359076517027
DFL-MAT-J041WN,1,goal_kick,0.3822580155660425
DFL-MAT-J041WN,1,goal_kick,0.4278513744727852
DFL-MAT-J041WN,0,throw_in,0.2020115987580185
DFL-MAT-J041WN,0,throw_in,0.2141583045573765
DFL-MAT-J041WN,0,throw_in,0.2141441244422186
DFL-MAT-J041WN,0,throw_in,0.2114633210519903
DFL-MAT-J041WN,0,throw_in,0.2072301389479769
DFL-MAT-J041WN,1,goal_kick,0.356576278079003
DFL-MAT-J041WN,1,goal_kick,0.309667753112844
DFL-MAT-J041WN,1,goal_kick,0.2809338191646041
DFL-MAT-J041WN,1,goal_kick,0.4538763468440883
DFL-MAT-J041WN,1,goal_kick,0.3499103136710695
DFL-MAT-J041WN,1,throw_in,0.2455265619670984
DFL-MAT-J041WN,1,throw_in,0.3390604251915939
DFL-MAT-J041WN,1,throw_in,0.4487472425744814
DFL-MAT-J041WN,1,throw_in,0.3422770400743247
DFL-MAT-J041WN,1,throw_in,0.3722375803376535
DFL-MAT-J041WN,0,goal_kick,0.2853478033631145
DFL-MAT-J041WN,0,goal_kick,0.2681206613440344
DFL-MAT-J041WN,0,goal_kick,0.2683322158638572
DFL-MAT-J041WN,0,throw_in,0.3923665202805526
DFL-MAT-J041WN,0,throw_in,0.4792151874880693
DFL-MAT-J041WN,1,throw_in,0.4302386010704455
DFL-MAT-J041WN,1,throw_in,0.4133547896672123
DFL-MAT-J041WN,1,throw_in,0.3991714534577676
DFL-MAT-J041WN,1,throw_in,0.4166982664355022
DFL-MAT-J041WN,1,throw_in,0.3934760146812815
DFL-MAT-J041WN,0,throw_in,0.3923665202805526
DFL-MAT-J041WN,0,throw_in,0.4792151874880693
DFL-MAT-J041WN,0,throw_in,0.4648405586834964
DFL-MAT-J041WN,0,throw_in,0.5112171330300107
DFL-MAT-J041WN,0,throw_in,0.2818395208641051
DFL-MAT-J041WN,0,throw_in,0.3502010487949435
DFL-MAT-J041WN,0,throw_in,0.3030143622802725
DFL-MAT-J041WN,0,throw_in,0.2686555904001244
DFL-MAT-J041WN,0,throw_in,0.3265042542040305
DFL-MAT-J041WN,0,corner,0.2175334744124614
DFL-MAT-J041WN,0,corner,0.5433888937229143
DFL-MAT-J041WN,1,throw_in,0.3100035329783369
DFL-MAT-J041WN,1,throw_in,0.4379786896719202
DFL-MAT-J041WN,1,throw_in,0.3512551136746217
DFL-MAT-J041WN,1,throw_in,0.3742089359232755
DFL-MAT-J041WN,1,throw_in,0.3601730953151443
DFL-MAT-J041WN,0,corner,0.3501309410321628
DFL-MAT-J041WN,0,corner,0.2376395273089757
DFL-MAT-J041WN,0,corner,0.3441138471020298
DFL-MAT-J041WN,0,corner,0.6187035948562559
DFL-MAT-J041WN,1,goal_kick,0.2958787877062506
DFL-MAT-J041WN,1,goal_kick,0.5809167505661467
DFL-MAT-J041WN,1,goal_kick,0.7153499795879488
DFL-MAT-J041WN,1,goal_kick,0.6689326026965491
DFL-MAT-J041WN,1,goal_kick,0.4811428531512947
DFL-MAT-J041WN,1,throw_in,0.3387628130730224
DFL-MAT-J041WN,1,throw_in,0.3332679184105992
DFL-MAT-J041WN,1,throw_in,0.5806867594272995
DFL-MAT-J041WN,0,goal_kick,0.3378782751758652
DFL-MAT-J041WN,0,goal_kick,0.2849861647924415
DFL-MAT-J041WN,0,goal_kick,0.3175384711071758
DFL-MAT-J041WN,0,goal_kick,0.3025857286593933
DFL-MAT-J041WN,0,goal_kick,0.399218316037292
DFL-MAT-J041WN,0,goal_kick,0.2697509774289466
DFL-MAT-J041WN,0,goal_kick,0.3373230928918509
DFL-MAT-J041WN,0,goal_kick,0.4437333984084148
DFL-MAT-J041WN,0,throw_in,0.3630402058967494
DFL-MAT-J041WN,0,throw_in,0.4393201680285882
DFL-MAT-J041WN,0,throw_in,0.4303601707193881
DFL-MAT-J041WN,0,throw_in,0.4561294710904863
DFL-MAT-J041WN,0,throw_in,0.4058273961240908
DFL-MAT-J041WN,0,throw_in,0.3804440703666719
DFL-MAT-J041WN,0,throw_in,0.459233717236741
DFL-MAT-J041WN,0,throw_in,0.689514298479388
DFL-MAT-J041WN,0,throw_in,0.3540066034678064
DFL-MAT-J041WN,0,throw_in,0.3293902629028886
DFL-MAT-J041WN,1,corner,0.4625268655333335
DFL-MAT-J041WN,1,corner,0.4475415676302607
DFL-MAT-J041WN,1,corner,0.2362939581999235
DFL-MAT-J041WN,1,corner,0.4878510595130941
DFL-MAT-J041WN,0,corner,0.5577861606249781
DFL-MAT-J041WN,0,corner,0.3883668073456195
DFL-MAT-J041WN,0,corner,0.4590995721424458
DFL-MAT-J041WN,0,corner,0.3927548361084956
DFL-MAT-J041WN,0,corner,0.6623984728805894
DFL-MAT-J041WN,1,throw_in,0.3079957125516834
DFL-MAT-J041WN,1,throw_in,0.527199978732137
DFL-MAT-J041WN,1,throw_in,0.5068010731009691
DFL-MAT-J041WN,1,throw_in,0.5230643917730419
DFL-MAT-J041WN,1,throw_in,0.6782769594050376
DFL-MAT-J041WN,1,throw_in,0.3670464125467029
DFL-MAT-J041WN,1,throw_in,0.3600216119422799
DFL-MAT-J041WN,1,throw_in,0.3796258000825488
DFL-MAT-J041WN,1,throw_in,0.3441112354250459
DFL-MAT-J041WN,1,throw_in,0.3482925636693622
DFL-MAT-J041WN,1,throw_in,0.2235469331332216
DFL-MAT-J041WN,1,throw_in,0.2523754898013972
DFL-MAT-J041WN,1,throw_in,0.2530633600947345
DFL-MAT-J041WN,1,throw_in,0.3593950902940582
DFL-MAT-J041WN,1,throw_in,0.4106969562548975
DFL-MAT-J041WN,1,throw_in,0.3996761154097012
DFL-MAT-J041WN,1,throw_in,0.5232730412581961
DFL-MAT-J041WN,1,throw_in,0.4446874095532556
DFL-MAT-J041WN,1,throw_in,0.6806393904033862
DFL-MAT-J041WN,1,throw_in,0.5001230975096265
DFL-MAT-J041WN,1,throw_in,0.3901480257415923
DFL-MAT-J041WN,1,throw_in,0.4315635352436709
DFL-MAT-J041WN,1,throw_in,0.6129457982213026
DFL-MAT-J041WN,1,throw_in,0.5248396662972856
DFL-MAT-J041WN,1,throw_in,0.3811131952112814
DFL-MAT-J041WN,1,throw_in,0.4872331531505693
DFL-MAT-J041WN,1,throw_in,0.4804083197590269
DFL-MAT-J041WN,1,throw_in,0.5663764293013844
DFL-MAT-J041WN,1,throw_in,0.5469539696975924
DFL-MAT-J041WN,1,throw_in,0.6720826821609066
DFL-MAT-J041WN,1,throw_in,0.3514731898207041
DFL-MAT-J041WN,1,throw_in,0.5129350058770227
DFL-MAT-J041WN,1,throw_in,0.515912668637016
DFL-MAT-J041WN,1,throw_in,0.6815535736084274
DFL-MAT-J041WN,1,throw_in,0.5601942143925692
DFL-MAT-J041WN,0,throw_in,0.3930377254191985
DFL-MAT-J041WN,0,throw_in,0.4898567405955178
DFL-MAT-J041WN,0,throw_in,0.2806254515207652
DFL-MAT-J041WN,0,throw_in,0.3765138210806166
DFL-MAT-J041WN,0,throw_in,0.4001203096468192
DFL-MAT-J041WN,1,throw_in,0.4052628158235394
DFL-MAT-J041WN,1,throw_in,0.3696804668779373
DFL-MAT-J041WN,1,throw_in,0.3658769434278026
DFL-MAT-J041WN,1,throw_in,0.3731959525861805
DFL-MAT-J041WN,1,throw_in,0.2871399362922395
DFL-MAT-J041WN,1,throw_in,0.4491529433107766
DFL-MAT-J041WN,1,throw_in,0.3214625999104223
DFL-MAT-J041WN,1,throw_in,0.5028100397951921
DFL-MAT-J041WN,1,throw_in,0.2628995683041792
DFL-MAT-J041WN,1,throw_in,0.3510473174878829
DFL-MAT-J041WN,1,throw_in,0.3233115513488611
DFL-MAT-J041WN,1,throw_in,0.2945157163167879
DFL-MAT-J041WN,1,throw_in,0.2635176325424995
DFL-MAT-J041WN,1,throw_in,0.2364910497467145
DFL-MAT-J041WN,1,throw_in,0.3824643480946145
DFL-MAT-J041WN,1,throw_in,0.3666713948389094
DFL-MAT-J041WN,1,throw_in,0.3924177840669363
DFL-MAT-J041WN,1,throw_in,0.4896693953445281
DFL-MAT-J041WN,1,throw_in,0.5391686544723373
DFL-MAT-J041WT,1,throw_in,0.29009001280676
DFL-MAT-J041WT,1,throw_in,0.395221162991009
DFL-MAT-J041WT,1,throw_in,0.3874048102423025
DFL-MAT-J041WT,1,throw_in,0.4327173079985834
DFL-MAT-J041WT,1,throw_in,0.3173415383308312
DFL-MAT-J041WT,1,corner,0.2896489818543753
DFL-MAT-J041WT,1,corner,0.5020978569837804
DFL-MAT-J041WT,1,corner,0.4570758474358752
DFL-MAT-J041WT,1,corner,0.4210521561753909
DFL-MAT-J041WT,0,goal_kick,0.2700891958672984
DFL-MAT-J041WT,0,goal_kick,0.4262161024037086
DFL-MAT-J041WT,0,goal_kick,0.3694745985096456
DFL-MAT-J041WT,0,goal_kick,0.6186775147185873
DFL-MAT-J041WT,1,throw_in,0.2801938328307904
DFL-MAT-J041WT,1,throw_in,0.2919828524578333
DFL-MAT-J041WT,1,throw_in,0.3451345444058478
DFL-MAT-J041WT,1,throw_in,0.5810979434315954
DFL-MAT-J041WT,1,throw_in,0.344448619246612
DFL-MAT-J041WT,1,throw_in,0.3572738537122777
DFL-MAT-J041WT,1,throw_in,0.4531320212089569
DFL-MAT-J041WT,1,throw_in,0.3748129000848365
DFL-MAT-J041WT,1,throw_in,0.2955858913739487
DFL-MAT-J041WT,0,throw_in,0.4202586856703495
DFL-MAT-J041WT,0,throw_in,0.4108911784867709
DFL-MAT-J041WT,0,throw_in,0.4644101379974462
DFL-MAT-J041WT,1,corner,0.4218735777626923
DFL-MAT-J041WT,1,corner,0.3242049846186873
DFL-MAT-J041WT,1,corner,0.6811378343063366
DFL-MAT-J041WT,1,corner,0.5352423787819843
DFL-MAT-J041WT,1,corner,0.4289461817593611
DFL-MAT-J041WT,0,corner,0.4713723613644429
DFL-MAT-J041WT,0,corner,0.3790841513459743
DFL-MAT-J041WT,0,corner,0.4798006227998703
DFL-MAT-J041WT,1,corner,0.2487314218670191
DFL-MAT-J041WT,1,corner,0.3721552686428321
DFL-MAT-J041WT,1,corner,0.4379061810562691
DFL-MAT-J041WT,1,corner,0.4107828867125615
DFL-MAT-J041WT,1,corner,0.3443332444789134
DFL-MAT-J041WT,1,corner,0.2952075462565912
DFL-MAT-J041WT,0,goal_kick,0.2472544582523173
DFL-MAT-J041WT,0,goal_kick,0.2408813524447658
DFL-MAT-J041WT,0,goal_kick,0.3127890715360872
DFL-MAT-J041WT,0,goal_kick,0.2613643684242784
DFL-MAT-J041WT,0,goal_kick,0.2274457254799474
DFL-MAT-J041WT,0,goal_kick,0.2508099427005932
DFL-MAT-J041WT,0,goal_kick,0.2318209557251958
DFL-MAT-J041WT,0,goal_kick,0.2095706650141109
DFL-MAT-J041WT,0,goal_kick,0.5245327001805123
DFL-MAT-J041WT,0,throw_in,0.4253284690837468
DFL-MAT-J041WT,0,throw_in,0.3658844401006264
DFL-MAT-J041WT,0,throw_in,0.3697961071063955
DFL-MAT-J041WT,0,throw_in,0.3890391084650293
DFL-MAT-J041WT,0,throw_in,0.5285071572964886
DFL-MAT-J041WT,1,goal_kick,0.2464061451404966
DFL-MAT-J041WT,1,goal_kick,0.2800362295450709
DFL-MAT-J041WT,1,goal_kick,0.2801224555289654
DFL-MAT-J041WT,0,throw_in,0.2506085806130614
DFL-MAT-J041WT,0,throw_in,0.2887675542929532
DFL-MAT-J041WT,0,throw_in,0.4847062133508919
DFL-MAT-J041WT,0,throw_in,0.3301478493375661
DFL-MAT-J041WT,0,throw_in,0.2713929788893895
DFL-MAT-J041WT,0,throw_in,0.3233785865058544
DFL-MAT-J041WT,0,throw_in,0.3542562865275054
DFL-MAT-J041WT,0,throw_in,0.3234179140029112
DFL-MAT-J041WT,0,throw_in,0.2661050381976214
DFL-MAT-J041WT,0,goal_kick,0.2854515668085399
DFL-MAT-J041WT,0,goal_kick,0.1853025095590318
DFL-MAT-J041WT,0,goal_kick,0.3717670934834329
DFL-MAT-J041WT,0,goal_kick,0.3157007440801447
DFL-MAT-J041WT,1,throw_in,0.3359296060372479
DFL-MAT-J041WT,1,throw_in,0.3131745688693049
DFL-MAT-J041WT,1,throw_in,0.289501118447536
DFL-MAT-J041WT,1,throw_in,0.3247418308147354
DFL-MAT-J041WT,1,throw_in,0.344948502714673
DFL-MAT-J041WT,1,corner,0.2876314320262625
DFL-MAT-J041WT,1,corner,0.6467771905670536
DFL-MAT-J041WT,1,corner,0.55005914477679
DFL-MAT-J041WT,1,corner,0.4681103305844717
DFL-MAT-J041WT,0,corner,0.3477476852340733
DFL-MAT-J041WT,0,corner,0.5835784386457445
DFL-MAT-J041WT,0,corner,0.4922007987873075
DFL-MAT-J041WT,0,corner,0.6039891189304659
DFL-MAT-J041WT,0,corner,0.4564058003711713
DFL-MAT-J041WT,0,goal_kick,0.2013188602285487
DFL-MAT-J041WT,0,goal_kick,0.209902163707774
DFL-MAT-J041WT,0,goal_kick,0.2922426095744403
DFL-MAT-J041WT,0,goal_kick,0.3345228212846313
DFL-MAT-J041WT,0,goal_kick,0.3685257433018485
DFL-MAT-J041WT,0,throw_in,0.2837348460418499
DFL-MAT-J041WT,0,throw_in,0.2877200967221525
DFL-MAT-J041WT,0,throw_in,0.3361191252232745
DFL-MAT-J041WT,0,throw_in,0.269422530673536
DFL-MAT-J041WT,0,throw_in,0.2738868634597977
DFL-MAT-J041WT,0,throw_in,0.3609800829859275
DFL-MAT-J041WT,0,throw_in,0.2478284423457707
DFL-MAT-J041WT,0,throw_in,0.2611766358869974
DFL-MAT-J041WT,0,throw_in,0.2885150579500057
DFL-MAT-J041WT,0,throw_in,0.4163840966157204
DFL-MAT-J041WT,0,throw_in,0.3978316620847627
DFL-MAT-J041WT,0,throw_in,0.3242637435525685
DFL-MAT-J041WT,0,throw_in,0.3358569413505402
DFL-MAT-J041WT,1,throw_in,0.2295544178961
DFL-MAT-J041WT,1,throw_in,0.2388375886442703
DFL-MAT-J041WT,1,throw_in,0.2445794812877619
DFL-MAT-J041WT,1,throw_in,0.2016199218835172
DFL-MAT-J041WT,1,throw_in,0.2309516065684156
DFL-MAT-J041WT,0,throw_in,0.3751316145733369
DFL-MAT-J041WT,0,throw_in,0.6142259227914771
DFL-MAT-J041WT,0,throw_in,0.5724332748593268
DFL-MAT-J041WT,0,throw_in,0.4006944530956225
DFL-MAT-J041WT,0,throw_in,0.3742648625925835
DFL-MAT-J041WT,0,throw_in,0.3609197986027114
DFL-MAT-J041WT,0,throw_in,0.3597769875804132
DFL-MAT-J041WT,0,throw_in,0.4706013583047436
DFL-MAT-J041WT,0,throw_in,0.3168299950146939
DFL-MAT-J041WT,0,throw_in,0.2587321486765825
DFL-MAT-J041WT,0,goal_kick,0.2274036262855051
DFL-MAT-J041WT,0,goal_kick,0.3169896733410703
DFL-MAT-J041WT,0,throw_in,0.3865449752537936
DFL-MAT-J041WT,0,throw_in,0.3292545917617132
DFL-MAT-J041WT,0,throw_in,0.3260828205540275
DFL-MAT-J041WT,0,throw_in,0.2769153602605589
DFL-MAT-J041WT,0,throw_in,0.2872395037795907
DFL-MAT-J041WT,0,corner,0.4002667955856183
DFL-MAT-J041WT,0,corner,0.711380208203177
DFL-MAT-J041WT,1,corner,0.4352245733898972
DFL-MAT-J041WT,1,corner,0.4485014075865578
DFL-MAT-J041WT,1,corner,0.5099419165712799
DFL-MAT-J041WT,1,corner,0.4454106400992716
DFL-MAT-J041WT,1,corner,0.4146279675454032
DFL-MAT-J041WT,0,corner,0.2075285882944107
DFL-MAT-J041WT,0,corner,0.2206829419631581
DFL-MAT-J041WT,0,corner,0.3895384344960034
DFL-MAT-J041WT,0,corner,0.6144893492458307
DFL-MAT-J041WT,0,corner,0.6324084728688217
DFL-MAT-J041WT,0,throw_in,0.3888617310201697
DFL-MAT-J041WT,0,throw_in,0.3585812407778175
DFL-MAT-J041WT,0,throw_in,0.3337690583004263
DFL-MAT-J041WT,0,throw_in,0.4467183252266958
DFL-MAT-J041WT,0,throw_in,0.3876260869770526
DFL-MAT-J041WT,1,throw_in,0.5369124930412552
DFL-MAT-J041WT,1,throw_in,0.5332046070758409
DFL-MAT-J041WT,1,throw_in,0.5400619463723368
DFL-MAT-J041WT,0,throw_in,0.4597293769679839
DFL-MAT-J041WT,0,throw_in,0.6435340446648974
DFL-MAT-J041WT,0,throw_in,0.4486170157797836
DFL-MAT-J041WT,1,throw_in,0.2425350691350992
DFL-MAT-J041WT,1,throw_in,0.2319703592565679
DFL-MAT-J041WT,1,throw_in,0.2633379522210505
DFL-MAT-J041WT,1,goal_kick,0.2136610955894091
DFL-MAT-J041WT,1,goal_kick,0.2021652702258763
DFL-MAT-J041WT,1,goal_kick,0.2144082413151486
DFL-MAT-J041WT,1,goal_kick,0.2239338252790436
DFL-MAT-J041WT,0,throw_in,0.3736513943846221
DFL-MAT-J041WT,0,throw_in,0.4713622473622296
DFL-MAT-J041WT,0,throw_in,0.4431048439187335
DFL-MAT-J041WT,0,throw_in,0.4296177472143485
DFL-MAT-J041WT,0,throw_in,0.3968589267805045
DFL-MAT-J041WT,0,throw_in,0.615685922426187
DFL-MAT-J041WT,0,throw_in,0.334318718899298
DFL-MAT-J041WT,0,throw_in,0.3438025037552644
DFL-MAT-J041WT,0,throw_in,0.2426621732549263
DFL-MAT-J041WT,0,throw_in,0.2679429148068
DFL-MAT-J041WT,0,throw_in,0.3008307188348972
DFL-MAT-J041WT,1,throw_in,0.2614597732810382
DFL-MAT-J041WT,1,throw_in,0.2706759897806997
DFL-MAT-J041WT,1,throw_in,0.2619901169407316
DFL-MAT-J041WT,1,throw_in,0.4583140350145988
DFL-MAT-J041WT,1,throw_in,0.6190510195145487
DFL-MAT-J041WT,1,throw_in,0.6304739931055455
DFL-MAT-J041WT,1,throw_in,0.619655466211512
DFL-MAT-J041WT,0,goal_kick,0.2488043417005151
DFL-MAT-J041WT,1,throw_in,0.3648177487377527
DFL-MAT-J041WT,1,throw_in,0.5258770729109006
DFL-MAT-J041WT,1,throw_in,0.5943421791654937
DFL-MAT-J041WT,0,goal_kick,0.3255491636295108
DFL-MAT-J041WT,0,goal_kick,0.3855373368363499
DFL-MAT-J041WT,0,goal_kick,0.5648780386610474
DFL-MAT-J041WT,0,goal_kick,0.4699598214654817
DFL-MAT-J041WT,0,goal_kick,0.5640849373781792
DFL-MAT-J041WT,1,throw_in,0.3084271732402173
DFL-MAT-J041WT,1,throw_in,0.3057292752753875
DFL-MAT-J041WT,1,throw_in,0.3235701317798131
DFL-MAT-J041WT,1,throw_in,0.3502654399922933
DFL-MAT-J041WT,1,throw_in,0.3151015979595276
DFL-MAT-J041WT,1,throw_in,0.4050327400147989
DFL-MAT-J041WT,1,throw_in,0.3114746625485369
DFL-MAT-J041WT,1,throw_in,0.4469650128326534
DFL-MAT-J041WT,1,throw_in,0.5179858384931789
DFL-MAT-J041WT,1,throw_in,0.6994393792968114
DFL-MAT-J041WT,0,throw_in,0.2271176629384874
DFL-MAT-J041WT,0,throw_in,0.3493901844200456
DFL-MAT-J041WT,0,throw_in,0.4293886697771539
DFL-MAT-J041WT,0,throw_in,0.4294057276957952
DFL-MAT-J041WT,0,throw_in,0.3623501470740963
DFL-MAT-J041WT,0,throw_in,0.2758131610573661
DFL-MAT-J041WT,0,throw_in,0.3194336256303245
DFL-MAT-J041WT,0,throw_in,0.3042838303310258
DFL-MAT-J041WT,0,throw_in,0.3274357672926671
DFL-MAT-J041WT,0,throw_in,0.5745448396414908
DFL-MAT-J041WT,0,throw_in,0.4728860252522376
DFL-MAT-J041WT,0,throw_in,0.4495570429915997
DFL-MAT-J041WT,0,throw_in,0.4864992869995937
DFL-MAT-J041WT,0,throw_in,0.4022423720490123
DFL-MAT-J041WT,0,throw_in,0.5249794675431284
DFL-MAT-J041WT,0,throw_in,0.5443980795141331
DFL-MAT-J041WT,0,throw_in,0.5721964233309393
DFL-MAT-J041WT,0,throw_in,0.5339357343000122
DFL-MAT-J041WT,1,throw_in,0.4363614487843542
DFL-MAT-J041WT,1,throw_in,0.4290810056816774
DFL-MAT-J041WT,1,throw_in,0.3908608798066136
DFL-MAT-J041WT,1,goal_kick,0.3045490016842202
DFL-MAT-J041WT,1,goal_kick,0.3526500912332839
DFL-MAT-J041WT,1,goal_kick,0.4067901630059014
DFL-MAT-J041WT,1,goal_kick,0.365180068026215
DFL-MAT-J041WT,0,throw_in,0.35146202358035
DFL-MAT-J041WT,0,throw_in,0.2464065586665468
DFL-MAT-J041WT,0,throw_in,0.2196702085280991
DFL-MAT-J041WT,0,throw_in,0.2170847112564935
DFL-MAT-J041WT,0,throw_in,0.2725590994990358
DFL-MAT-J041WT,0,throw_in,0.2490023338183307
DFL-MAT-J041WT,0,throw_in,0.3069344372474957
DFL-MAT-J041WT,0,throw_in,0.2978854651807838
DFL-MAT-J041WT,0,throw_in,0.304874680729769
DFL-MAT-J041WT,0,throw_in,0.51667940674768
DFL-MAT-J041WT,1,goal_kick,0.3945433378107659
DFL-MAT-J041WT,1,goal_kick,0.5003171864044461
DFL-MAT-J041WT,1,goal_kick,0.5268719034094316
DFL-MAT-J041WT,0,goal_kick,0.2517393173341408
DFL-MAT-J041WT,0,goal_kick,0.2626416264162519
DFL-MAT-J041WT,0,throw_in,0.3001705484964953
DFL-MAT-J041WT,0,throw_in,0.3403902924606906
DFL-MAT-J041WT,0,throw_in,0.3386604725453482
DFL-MAT-J041WT,0,throw_in,0.3243044856978735
DFL-MAT-J041WT,0,throw_in,0.2853999176393738
DFL-MAT-J041WT,0,throw_in,0.3187644352120586
DFL-MAT-J041WT,0,throw_in,0.3152914471364014
DFL-MAT-J041WT,0,throw_in,0.2846642457949977
DFL-MAT-J041WT,0,throw_in,0.2722097792895711
DFL-MAT-J041WT,0,throw_in,0.2109039672764157
DFL-MAT-J041WT,1,goal_kick,0.4164140282886731
DFL-MAT-J041WT,1,goal_kick,0.4595215173865786
DFL-MAT-J041WT,1,goal_kick,0.56866045996235
DFL-MAT-J041WT,1,goal_kick,0.4966181007664306
DFL-MAT-J041WT,1,goal_kick,0.4516928219848524
DFL-MAT-J041WT,1,goal_kick,0.6080216680905977
DFL-MAT-J041WT,1,goal_kick,0.4837172252748747
DFL-MAT-J041WT,1,goal_kick,0.5513342698125829
DFL-MAT-J041WT,1,goal_kick,0.4804513737136746
DFL-MAT-J041WT,1,goal_kick,0.6075964678178583
DFL-MAT-J041WT,1,throw_in,0.4718939012225603
DFL-MAT-J041WT,0,throw_in,0.2323960708510724
DFL-MAT-J041WT,0,throw_in,0.2280678201207342
DFL-MAT-J041WT,0,corner,0.6047346543901952
DFL-MAT-J041WT,0,corner,0.3946291649529131
DFL-MAT-J041WT,0,corner,0.3846057412864524
DFL-MAT-J041WT,0,corner,0.3850405614784299
DFL-MAT-J041WT,0,corner,0.399311046824377
DFL-MAT-J041X5,0,throw_in,0.2694195920408456
DFL-MAT-J041X5,0,throw_in,0.3112982319167471
DFL-MAT-J041X5,0,throw_in,0.2988810200915786
DFL-MAT-J041X5,0,throw_in,0.2630613812504094
DFL-MAT-J041X5,0,throw_in,0.3474317095361407
DFL-MAT-J041X5,1,throw_in,0.2819442651179614
DFL-MAT-J041X5,1,throw_in,0.2969308263932932
DFL-MAT-J041X5,1,throw_in,0.324046881801027
DFL-MAT-J041X5,1,throw_in,0.3675483135779082
DFL-MAT-J041X5,1,throw_in,0.3833621177892089
DFL-MAT-J041X5,0,corner,0.3176431697412586
DFL-MAT-J041X5,0,corner,0.3346706884909221
DFL-MAT-J041X5,0,corner,0.3899031916542158
DFL-MAT-J041X5,0,corner,0.3886797627700187
DFL-MAT-J041X5,0,corner,0.404640368319114
DFL-MAT-J041X5,0,throw_in,0.3074985751977777
DFL-MAT-J041X5,0,throw_in,0.2841968309724351
DFL-MAT-J041X5,0,throw_in,0.3643262086646019
DFL-MAT-J041X5,0,throw_in,0.4423022392244006
DFL-MAT-J041X5,1,goal_kick,0.2166613962123863
DFL-MAT-J041X5,1,goal_kick,0.2354082760473056
DFL-MAT-J041X5,1,throw_in,0.2860564650416162
DFL-MAT-J041X5,1,throw_in,0.3205495672414135
DFL-MAT-J041X5,1,throw_in,0.4601267236389701
DFL-MAT-J041X5,1,throw_in,0.3399246214161678
DFL-MAT-J041X5,1,throw_in,0.3469536359805381
DFL-MAT-J041X5,1,goal_kick,0.2480004233267431
DFL-MAT-J041X5,1,goal_kick,0.208045074766395
DFL-MAT-J041X5,1,goal_kick,0.261392126612089
DFL-MAT-J041X5,1,goal_kick,0.2825881495843524
DFL-MAT-J041X5,1,goal_kick,0.266119875736128
DFL-MAT-J041X5,1,corner,0.3761029501687123
DFL-MAT-J041X5,1,corner,0.3725526162961602
DFL-MAT-J041X5,1,corner,0.3325862477862494
DFL-MAT-J041X5,1,corner,0.4178173480982237
DFL-MAT-J041X5,1,corner,0.4823203888562904
DFL-MAT-J041X5,0,corner,0.2875644907565453
DFL-MAT-J041X5,0,corner,0.299572510704432
DFL-MAT-J041X5,0,corner,0.3220539811628559
DFL-MAT-J041X5,0,throw_in,0.4326988496756311
DFL-MAT-J041X5,0,throw_in,0.3404743196442595
DFL-MAT-J041X5,0,throw_in,0.4045972398682365
DFL-MAT-J041X5,0,throw_in,0.3996212270455112
DFL-MAT-J041X5,0,throw_in,0.3919631100452126
DFL-MAT-J041X5,1,goal_kick,0.2616094829523877
DFL-MAT-J041X5,1,goal_kick,0.2615237078307726
DFL-MAT-J041X5,1,goal_kick,0.2495268801929762
DFL-MAT-J041X5,1,goal_kick,0.2591166311679656
DFL-MAT-J041X5,1,goal_kick,0.3947115163204067
DFL-MAT-J041X5,1,throw_in,0.4366814207438089
DFL-MAT-J041X5,1,throw_in,0.4422655262797795
DFL-MAT-J041X5,1,throw_in,0.3061783789263155
DFL-MAT-J041X5,1,throw_in,0.2786149640607758
DFL-MAT-J041X5,1,throw_in,0.2864968317532912
DFL-MAT-J041X5,1,throw_in,0.2704630620160004
DFL-MAT-J041X5,1,throw_in,0.2808637284452774
DFL-MAT-J041X5,1,throw_in,0.3271618006668097
DFL-MAT-J041X5,0,throw_in,0.3118030305454929
DFL-MAT-J041X5,0,throw_in,0.3764187823504591
DFL-MAT-J041X5,0,throw_in,0.4100684650634837
DFL-MAT-J041X5,0,throw_in,0.3935057359286368
DFL-MAT-J041X5,0,throw_in,0.3814595442182363
DFL-MAT-J041X5,1,goal_kick,0.2353765733329035
DFL-MAT-J041X5,1,goal_kick,0.2380521933553844
DFL-MAT-J041X5,1,goal_kick,0.2260486544503377
DFL-MAT-J041X5,1,goal_kick,0.21973084179101
DFL-MAT-J041X5,1,goal_kick,0.2919758585174046
DFL-MAT-J041X5,1,goal_kick,0.1865111459625069
DFL-MAT-J041X5,1,goal_kick,0.2521512912901117
DFL-MAT-J041X5,1,goal_kick,0.2486156798371885
DFL-MAT-J041X5,1,goal_kick,0.4219912020187994
DFL-MAT-J041X5,1,goal_kick,0.3550187766219277
DFL-MAT-J041X5,1,throw_in,0.3444274099737432
DFL-MAT-J041X5,1,throw_in,0.3215454090128552
DFL-MAT-J041X5,1,throw_in,0.367146075556688
DFL-MAT-J041X5,1,throw_in,0.2994547610585792
DFL-MAT-J041X5,1,throw_in,0.3274244326794796
DFL-MAT-J041X5,1,throw_in,0.4268671980737134
DFL-MAT-J041X5,1,throw_in,0.3780485915726662
DFL-MAT-J041X5,1,throw_in,0.5368808367720317
DFL-MAT-J041X5,1,throw_in,0.5461794850552294
DFL-MAT-J041X5,0,goal_kick,0.2417117065635265
DFL-MAT-J041X5,0,goal_kick,0.1877437331665523
DFL-MAT-J041X5,0,goal_kick,0.2534210397923973
DFL-MAT-J041X5,0,goal_kick,0.2500328823452599
DFL-MAT-J041X5,0,throw_in,0.357079812042971
DFL-MAT-J041X5,0,throw_in,0.300606420687345
DFL-MAT-J041X5,0,throw_in,0.3077186612904303
DFL-MAT-J041X5,0,throw_in,0.3858661949999741
DFL-MAT-J041X5,0,throw_in,0.375847547609394
DFL-MAT-J041X5,0,throw_in,0.4067847592780431
DFL-MAT-J041X5,0,throw_in,0.3355431849292677
DFL-MAT-J041X5,0,throw_in,0.4774003464057066
DFL-MAT-J041X5,0,throw_in,0.4100460805571451
DFL-MAT-J041X5,0,throw_in,0.4055112110945651
DFL-MAT-J041X5,0,throw_in,0.3807393968983059
DFL-MAT-J041X5,0,throw_in,0.3597450180201922
DFL-MAT-J041X5,0,throw_in,0.3507210730795551
DFL-MAT-J041X5,1,throw_in,0.2502607553146435
DFL-MAT-J041X5,1,throw_in,0.2330233222621322
DFL-MAT-J041X5,1,throw_in,0.3074115409963292
DFL-MAT-J041X5,1,throw_in,0.3009535808415772
DFL-MAT-J041X5,1,throw_in,0.3352615264172807
DFL-MAT-J041X5,0,goal_kick,0.2589288590703627
DFL-MAT-J041X5,0,goal_kick,0.2720273184548195
DFL-MAT-J041X5,0,goal_kick,0.2419533714994243
DFL-MAT-J041X5,0,goal_kick,0.2882394604366218
DFL-MAT-J041X5,0,goal_kick,0.2890962401824235
DFL-MAT-J041X5,1,throw_in,0.409211732457942
DFL-MAT-J041X5,1,throw_in,0.4618823684107853
DFL-MAT-J041X5,1,throw_in,0.4792049960494816
DFL-MAT-J041X5,0,throw_in,0.4211432458307716
DFL-MAT-J041X5,0,throw_in,0.609571579949195
DFL-MAT-J041X5,0,throw_in,0.4537689421030639
DFL-MAT-J041X5,0,throw_in,0.4714892484000289
DFL-MAT-J041X5,0,throw_in,0.3915977538810939
DFL-MAT-J041X5,0,throw_in,0.3845979731126673
DFL-MAT-J041X5,1,throw_in,0.6056529553785018
DFL-MAT-J041X5,1,throw_in,0.594815226814758
DFL-MAT-J041X5,1,throw_in,0.3485330609946069
DFL-MAT-J041X5,0,throw_in,0.4325574410680863
DFL-MAT-J041X5,0,throw_in,0.2909859096583256
DFL-MAT-J041X5,0,throw_in,0.2869568583667288
DFL-MAT-J041X5,0,throw_in,0.2925387451783787
DFL-MAT-J041X5,0,throw_in,0.3280891315803631
DFL-MAT-J041X5,0,corner,0.3676483122225538
DFL-MAT-J041X5,0,corner,0.4144300717088163
DFL-MAT-J041X5,0,corner,0.5933444346856241
DFL-MAT-J041X5,1,goal_kick,0.424350593406241
DFL-MAT-J041X5,1,goal_kick,0.352453542549654
DFL-MAT-J041X5,1,goal_kick,0.4317287433732548
DFL-MAT-J041X5,1,goal_kick,0.5165162698715635
DFL-MAT-J041X5,0,throw_in,0.4191413098646295
DFL-MAT-J041X5,0,throw_in,0.4276457984584487
DFL-MAT-J041X5,0,throw_in,0.4968375945121109
DFL-MAT-J041X5,0,throw_in,0.280758698536915
DFL-MAT-J041X5,0,throw_in,0.508538536381679
DFL-MAT-J041X5,0,throw_in,0.508477888641231
DFL-MAT-J041X5,0,throw_in,0.5292011776648449
DFL-MAT-J041X5,1,throw_in,0.6908938804153345
DFL-MAT-J041X5,1,throw_in,0.3157459132870335
DFL-MAT-J041X5,1,throw_in,0.3962042386079715
DFL-MAT-J041X5,1,throw_in,0.2536901747001069
DFL-MAT-J041X5,1,throw_in,0.2614424993287464
DFL-MAT-J041X5,0,throw_in,0.2993836671257148
DFL-MAT-J041X5,0,throw_in,0.4168609427534855
DFL-MAT-J041X5,0,throw_in,0.4864610244210443
DFL-MAT-J041X5,0,throw_in,0.3544730155274067
DFL-MAT-J041X5,0,throw_in,0.3541416124715086
DFL-MAT-J041X5,0,corner,0.3006607534232572
DFL-MAT-J041X5,0,corner,0.6251853725173419
DFL-MAT-J041X5,1,goal_kick,0.3204986067901621
DFL-MAT-J041X5,1,goal_kick,0.210420728883319
DFL-MAT-J041X5,1,goal_kick,0.2789101676671839
DFL-MAT-J041X5,1,goal_kick,0.6278964754280533
DFL-MAT-J041X5,1,goal_kick,0.4570376041635809
DFL-MAT-J041X5,1,throw_in,0.3447904624924509
DFL-MAT-J041X5,1,throw_in,0.2946606461160579
DFL-MAT-J041X5,1,throw_in,0.3545557962355918
DFL-MAT-J041X5,1,throw_in,0.3561156212783447
DFL-MAT-J041X5,1,throw_in,0.3074501856153497
DFL-MAT-J041X5,0,throw_in,0.3824586048991895
DFL-MAT-J041X5,0,throw_in,0.2993790580189569
DFL-MAT-J041X5,0,throw_in,0.4844086562984416
DFL-MAT-J041X5,1,throw_in,0.4700017298449026
DFL-MAT-J041X5,1,throw_in,0.5043168680708946
DFL-MAT-J041X5,1,throw_in,0.4437944570251741
DFL-MAT-J041X5,1,throw_in,0.3654410827560976
DFL-MAT-J041X5,1,throw_in,0.4406346319020371
DFL-MAT-J041X5,1,throw_in,0.6709113760540819
DFL-MAT-J041X5,1,throw_in,0.4569243685000778
DFL-MAT-J041X5,1,throw_in,0.4964725111138797
DFL-MAT-J041X5,0,throw_in,0.2585769709147325
DFL-MAT-J041X5,0,throw_in,0.3125445425892098
DFL-MAT-J041X5,0,throw_in,0.4301704314768911
DFL-MAT-J041X5,0,throw_in,0.5915043367377032
DFL-MAT-J041X5,0,throw_in,0.3948568629995527
DFL-MAT-J041X5,1,throw_in,0.3394346053242564
DFL-MAT-J041X5,1,throw_in,0.3688232995587727
DFL-MAT-J041X5,1,throw_in,0.4937408608835982
DFL-MAT-J041X5,1,throw_in,0.6066589999024005
DFL-MAT-J041X5,1,throw_in,0.514969737919826
DFL-MAT-J041X5,0,throw_in,0.3589550835846049
DFL-MAT-J041X5,0,throw_in,0.300579102661227
DFL-MAT-J041X5,0,throw_in,0.3079128466528003
DFL-MAT-J041X5,0,throw_in,0.4407039758357067
DFL-MAT-J041X5,0,throw_in,0.3298306052306818
DFL-MAT-J041X5,0,throw_in,0.3633676594515831
DFL-MAT-J041X5,0,throw_in,0.3135009151165511
DFL-MAT-J041X5,0,corner,0.3775573039174997
DFL-MAT-J041X5,0,corner,0.5890980571375063
DFL-MAT-J041X5,0,corner,0.4291848995436326
DFL-MAT-J041X5,0,corner,0.5241766578688899
DFL-MAT-J041X5,0,throw_in,0.4387438682855302
DFL-MAT-J041X5,0,throw_in,0.5824674964784091
DFL-MAT-J041X5,0,throw_in,0.4916915597021273
DFL-MAT-J041X5,0,throw_in,0.453812122669458
DFL-MAT-J041X5,0,throw_in,0.5141675573451341
DFL-MAT-J041X5,1,goal_kick,0.2475761200300204
DFL-MAT-J041X5,1,goal_kick,0.1800192778427651
DFL-MAT-J041X5,0,throw_in,0.4040747689460395
DFL-MAT-J041X5,0,throw_in,0.4276794312797868
DFL-MAT-J041X5,0,throw_in,0.4527676532758083
DFL-MAT-J041X5,0,throw_in,0.4322984117307369
DFL-MAT-J041X5,0,throw_in,0.415788076787632
DFL-MAT-J041X5,0,throw_in,0.3304739654087361
DFL-MAT-J041X5,0,throw_in,0.3543245134890474
DFL-MAT-J041X5,0,throw_in,0.3427108244601944
DFL-MAT-J041X5,0,throw_in,0.3124933045878415
DFL-MAT-J041X5,0,throw_in,0.3336536763271141
DFL-MAT-J041X5,1,throw_in,0.3844961670175534
DFL-MAT-J041X5,1,throw_in,0.3779263671443895
DFL-MAT-J041X5,1,throw_in,0.4089010161849938
DFL-MAT-J041X5,1,throw_in,0.4379984236529485
DFL-MAT-J041X5,1,throw_in,0.3565598702559202
DFL-MAT-J041X5,0,goal_kick,0.2200965624654791
DFL-MAT-J041X5,0,goal_kick,0.3765267760817359
DFL-MAT-J041X5,0,goal_kick,0.2723425615160083
DFL-MAT-J041X5,0,goal_kick,0.3250447740203048
DFL-MAT-J041X5,1,throw_in,0.3958058783914489
DFL-MAT-J041X5,1,throw_in,0.4363100621432533
DFL-MAT-J041X5,1,throw_in,0.4454258072220864
DFL-MAT-J041X5,1,throw_in,0.4074043719608327
DFL-MAT-J041X5,1,throw_in,0.4528126851618474
DFL-MAT-J041X5,1,corner,0.2244021048061135
DFL-MAT-J041X5,1,corner,0.2553660097169553
DFL-MAT-J041X5,1,corner,0.2498311373627719
DFL-MAT-J041X5,1,corner,0.3478972675262411
DFL-MAT-J041X5,1,corner,0.4288373349672835
DFL-MAT-J041X5,1,corner,0.4779584672363809
DFL-MAT-J041X5,1,corner,0.3881748620262673
DFL-MAT-J041X5,1,corner,0.3695948383666538
DFL-MAT-J041X5,1,corner,0.5269841856964285
DFL-MAT-J041X5,0,corner,0.3950232214196186
DFL-MAT-J041X5,1,corner,0.5054564659869727
DFL-MAT-J041X5,1,corner,0.552150073951227
DFL-MAT-J041X5,1,corner,0.6243805845556571
DFL-MAT-J041X5,1,corner,0.4804983292943849
DFL-MAT-J041X5,1,corner,0.4346987723026515
DFL-MAT-J041X5,1,corner,0.3920988746139169
DFL-MAT-J041X5,0,goal_kick,0.329337734821936
DFL-MAT-J041X5,0,goal_kick,0.3062464332249596
DFL-MAT-J041X5,0,goal_kick,0.4008724423210816
DFL-MAT-J041X5,0,goal_kick,0.3721711666896471
DFL-MAT-J041X5,0,goal_kick,0.3824728795653489
DFL-MAT-J041X5,1,throw_in,0.3030911215659605
DFL-MAT-J041X5,1,throw_in,0.3106520757465752
DFL-MAT-J041X5,1,throw_in,0.5859864332481171
DFL-MAT-J041X5,1,throw_in,0.5265322763048559
DFL-MAT-J041X5,1,throw_in,0.4017080709365527
DFL-MAT-J041X5,1,corner,0.3463028088220984
DFL-MAT-J041X5,1,corner,0.4798589460748882
DFL-MAT-J041X5,1,corner,0.5489996261234356
DFL-MAT-J041X5,1,goal_kick,0.2574248251853287
DFL-MAT-J041X5,1,goal_kick,0.3771562335737812
DFL-MAT-J041X5,1,goal_kick,0.2628069816577843
DFL-MAT-J041X5,1,goal_kick,0.2610537807086504
DFL-MAT-J041X5,1,goal_kick,0.4687340561797655
DFL-MAT-J041X5,0,throw_in,0.3208248386536626
DFL-MAT-J041X5,0,throw_in,0.3345495433030744
DFL-MAT-J041X5,0,throw_in,0.3180332900505028
DFL-MAT-J041X5,0,throw_in,0.2184017907848148
DFL-MAT-J041X5,0,throw_in,0.26302594349725
DFL-MAT-J041X5,1,throw_in,0.3381097878509478
DFL-MAT-J041X5,1,throw_in,0.3082713724465121
DFL-MAT-J041X5,1,throw_in,0.3722672176118591
DFL-MAT-J041X5,1,throw_in,0.5557495253979587
DFL-MAT-J041X5,1,throw_in,0.4203100028928201
DFL-MAT-J041X5,0,corner,0.2113247931197846
DFL-MAT-J041X5,0,corner,0.2511449021547746
DFL-MAT-J041X5,0,corner,0.2528204965002811
DFL-MAT-J041X5,0,corner,0.4042397196667659
DFL-MAT-J041X5,0,corner,0.3655970405418516
DFL-MAT-J041X5,1,corner,0.4228106321109617
DFL-MAT-J041X5,1,corner,0.3696733639444862
DFL-MAT-J041X5,1,corner,0.3231759870915204
DFL-MAT-J041X5,1,corner,0.4377794633831164
DFL-MAT-J041X5,1,corner,0.5004945986215713
DFL-MAT-J041X5,1,throw_in,0.3275462082340791
DFL-MAT-J041X5,1,throw_in,0.2784756830386674
DFL-MAT-J041X5,1,throw_in,0.5216611176035191
DFL-MAT-J041X5,1,throw_in,0.4312420941107179
DFL-MAT-J041X5,1,throw_in,0.4729023921698014
DFL-MAT-J041X5,0,throw_in,0.3018036189123168
DFL-MAT-J041X5,0,throw_in,0.28298514387465
DFL-MAT-J041X5,0,throw_in,0.2651186183788191
DFL-MAT-J041X5,1,throw_in,0.3861036446990886
DFL-MAT-J041X5,0,throw_in,0.2667334751165501
DFL-MAT-J041X5,0,throw_in,0.2462756652611423
DFL-MAT-J041X5,0,throw_in,0.4406559670215813
DFL-MAT-J041X5,0,throw_in,0.4858927514622352
DFL-MAT-J041XE,1,throw_in,0.413655663317407
DFL-MAT-J041XE,1,throw_in,0.4049305855931779
DFL-MAT-J041XE,1,throw_in,0.3364041887075019
DFL-MAT-J041XE,1,throw_in,0.3111259686888892
DFL-MAT-J041XE,1,throw_in,0.5866693630004193
DFL-MAT-J041XE,1,throw_in,0.5513749076692407
DFL-MAT-J041XE,1,throw_in,0.5617474714637579
DFL-MAT-J041XE,1,throw_in,0.5382512733526006
DFL-MAT-J041XE,1,throw_in,0.4639843005275629
DFL-MAT-J041XE,1,throw_in,0.4248620337787103
DFL-MAT-J041XE,1,throw_in,0.4013248621940593
DFL-MAT-J041XE,1,throw_in,0.4547498102891034
DFL-MAT-J041XE,0,goal_kick,0.2547206725814187
DFL-MAT-J041XE,0,goal_kick,0.2944148072417372
DFL-MAT-J041XE,0,goal_kick,0.2270580679364065
DFL-MAT-J041XE,0,goal_kick,0.2083322201560591
DFL-MAT-J041XE,0,goal_kick,0.2269958177998389
DFL-MAT-J041XE,1,goal_kick,0.2973520859677023
DFL-MAT-J041XE,1,goal_kick,0.3006551064099604
DFL-MAT-J041XE,1,goal_kick,0.2189491155260239
DFL-MAT-J041XE,0,corner,0.408389525543372
DFL-MAT-J041XE,0,corner,0.6485323810263836
DFL-MAT-J041XE,0,corner,0.4661779088746108
DFL-MAT-J041XE,0,corner,0.2782782637756468
DFL-MAT-J041XE,1,corner,0.2245693030094665
DFL-MAT-J041XE,1,corner,0.3467689294834092
DFL-MAT-J041XE,1,corner,0.3654345009625668
DFL-MAT-J041XE,1,corner,0.5051780733489484
DFL-MAT-J041XE,1,corner,0.4347280446286683
DFL-MAT-J041XE,1,corner,0.462052533931102
DFL-MAT-J041XE,1,corner,0.385776054245482
DFL-MAT-J041XE,1,corner,0.4082362395888754
DFL-MAT-J041XE,1,corner,0.3517307640905249
DFL-MAT-J041XE,1,corner,0.7587454264506671
DFL-MAT-J041XE,0,corner,0.5368926320505341
DFL-MAT-J041XE,0,corner,0.541633775474528
DFL-MAT-J041XE,0,corner,0.3497921906016107
DFL-MAT-J041XE,0,corner,0.4003241677911128
DFL-MAT-J041XE,1,corner,0.3308883003318072
DFL-MAT-J041XE,1,corner,0.3672858804923967
DFL-MAT-J041XE,1,corner,0.3765506567976218
DFL-MAT-J041XE,1,corner,0.5437204484278078
DFL-MAT-J041XE,1,corner,0.3642347701003362
DFL-MAT-J041XE,0,corner,0.5439673552187454
DFL-MAT-J041XE,0,corner,0.6052950632075366
DFL-MAT-J041XE,1,corner,0.4420289176020989
DFL-MAT-J041XE,1,corner,0.468570444497519
DFL-MAT-J041XE,1,corner,0.4746996086745395
DFL-MAT-J041XE,1,corner,0.3982231847801589
DFL-MAT-J041XE,1,corner,0.3437809162229966
DFL-MAT-J041XE,1,goal_kick,0.1749013066106585
DFL-MAT-J041XE,1,goal_kick,0.1892293220395089
DFL-MAT-J041XE,1,goal_kick,0.2131881413152301
DFL-MAT-J041XE,1,goal_kick,0.3123060048088739
DFL-MAT-J041XE,1,goal_kick,0.402387202374509
DFL-MAT-J041XE,1,goal_kick,0.6651614013958322
DFL-MAT-J041XE,0,goal_kick,0.3027966370477189
DFL-MAT-J041XE,0,goal_kick,0.2892518840894462
DFL-MAT-J041XE,0,goal_kick,0.245345946181465
DFL-MAT-J041XE,0,goal_kick,0.2355161209885127
DFL-MAT-J041XE,0,goal_kick,0.226051114506629
DFL-MAT-J041XE,1,goal_kick,0.3197781787196816
DFL-MAT-J041XE,1,goal_kick,0.2956579848064387
DFL-MAT-J041XE,1,goal_kick,0.3688537668328396
DFL-MAT-J041XE,1,goal_kick,0.2961796881769289
DFL-MAT-J041XE,1,goal_kick,0.4161043751579578
DFL-MAT-J041XE,0,throw_in,0.2839732068501094
DFL-MAT-J041XE,0,throw_in,0.2560277109102929
DFL-MAT-J041XE,0,throw_in,0.2959639500556754
DFL-MAT-J041XE,0,throw_in,0.4116756137623923
DFL-MAT-J041XE,0,throw_in,0.289385646736878
DFL-MAT-J041XE,0,throw_in,0.3764839181366605
DFL-MAT-J041XE,0,throw_in,0.5112250904847668
DFL-MAT-J041XE,0,throw_in,0.5288485667755168
DFL-MAT-J041XE,0,throw_in,0.4511999675320186
DFL-MAT-J041XE,0,throw_in,0.4735677559049429
DFL-MAT-J041XE,0,throw_in,0.2930701775413959
DFL-MAT-J041XE,0,throw_in,0.2815080818224678
DFL-MAT-J041XE,0,throw_in,0.3103534254748257
DFL-MAT-J041XE,1,throw_in,0.37906330934116
DFL-MAT-J041XE,1,throw_in,0.6636710321436151
DFL-MAT-J041XE,1,throw_in,0.4874230230101021
DFL-MAT-J041XE,1,throw_in,0.5649606948640002
DFL-MAT-J041XE,1,throw_in,0.6636389352038843
DFL-MAT-J041XE,0,throw_in,0.3248933849138814
DFL-MAT-J041XE,0,throw_in,0.3467853896161125
DFL-MAT-J041XE,0,throw_in,0.421114420524152
DFL-MAT-J041XE,0,throw_in,0.3604324664988271
DFL-MAT-J041XE,1,corner,0.3593495646878664
DFL-MAT-J041XE,1,corner,0.3831601119272292
DFL-MAT-J041XE,1,corner,0.5475137311934681
DFL-MAT-J041XE,1,corner,0.3338737609768079
DFL-MAT-J041XE,0,goal_kick,0.3186048435750063
DFL-MAT-J041XE,0,goal_kick,0.3725443167956047
DFL-MAT-J041XE,0,goal_kick,0.4310800235225904
DFL-MAT-J041XE,0,throw_in,0.3476020790614053
DFL-MAT-J041XE,0,throw_in,0.3892911972275042
DFL-MAT-J041XE,0,throw_in,0.3833556137821255
DFL-MAT-J041XE,0,throw_in,0.4024829237986732
DFL-MAT-J041XE,0,throw_in,0.351478789573635
DFL-MAT-J041XE,0,goal_kick,0.2107834159669259
DFL-MAT-J041XE,0,goal_kick,0.2978133721185834
DFL-MAT-J041XE,0,goal_kick,0.258208207194649
DFL-MAT-J041XE,0,goal_kick,0.3485099947529043
DFL-MAT-J041XE,0,goal_kick,0.2796917634567671
DFL-MAT-J041XE,1,throw_in,0.4067040790218431
DFL-MAT-J041XE,1,throw_in,0.3122540204036477
DFL-MAT-J041XE,1,throw_in,0.3329054598871359
DFL-MAT-J041XE,1,throw_in,0.3361706223204154
DFL-MAT-J041XE,1,throw_in,0.3363727733094162
DFL-MAT-J041XE,1,throw_in,0.3254540375316452
DFL-MAT-J041XE,1,goal_kick,0.2232072451038156
DFL-MAT-J041XE,1,goal_kick,0.2483445064126852
DFL-MAT-J041XE,1,goal_kick,0.3018029603534941
DFL-MAT-J041XE,1,goal_kick,0.3333430230189942
DFL-MAT-J041XE,1,goal_kick,0.3608830342968241
DFL-MAT-J041XE,0,throw_in,0.3696378122051446
DFL-MAT-J041XE,0,throw_in,0.3788200803231756
DFL-MAT-J041XE,0,throw_in,0.3932277884977428
DFL-MAT-J041XE,0,throw_in,0.4815232956077424
DFL-MAT-J041XE,1,throw_in,0.3669285249837272
DFL-MAT-J041XE,1,throw_in,0.4382767553650395
DFL-MAT-J041XE,1,throw_in,0.5328017612428791
DFL-MAT-J041XE,1,throw_in,0.5702419782611341
DFL-MAT-J041XE,0,throw_in,0.2895049472665101
DFL-MAT-J041XE,0,throw_in,0.2794793672762261
DFL-MAT-J041XE,0,throw_in,0.268816223130374
DFL-MAT-J041XE,0,throw_in,0.2780792070562849
DFL-MAT-J041XE,0,goal_kick,0.2650510429800087
DFL-MAT-J041XE,0,goal_kick,0.3953025859772999
DFL-MAT-J041XE,0,goal_kick,0.2398310021234006
DFL-MAT-J041XE,0,goal_kick,0.2552368510439207
DFL-MAT-J041XE,0,throw_in,0.2959051254857236
DFL-MAT-J041XE,0,throw_in,0.382159648792138
DFL-MAT-J041XE,0,throw_in,0.5541080819020685
DFL-MAT-J041XE,0,throw_in,0.3585266728754163
DFL-MAT-J041XE,0,throw_in,0.3532663309765299
DFL-MAT-J041XE,1,corner,0.5833057533063694
DFL-MAT-J041XE,1,corner,0.4487540883171421
DFL-MAT-J041XE,1,corner,0.4887851441752227
DFL-MAT-J041XE,1,corner,0.4304862228382378
DFL-MAT-J041XE,1,corner,0.2139099590404686
DFL-MAT-J041XE,1,corner,0.523427956657796
DFL-MAT-J041XE,1,corner,0.3788890538133915
DFL-MAT-J041XE,1,corner,0.4005877244138649
DFL-MAT-J041XE,1,corner,0.3228132963961048
DFL-MAT-J041XE,0,corner,0.4110898182561707
DFL-MAT-J041XE,0,corner,0.5062908311667316
DFL-MAT-J041XE,1,corner,0.9225234338848172
DFL-MAT-J041XE,1,corner,0.7643988160937187
DFL-MAT-J041XE,0,throw_in,0.3162901392594986
DFL-MAT-J041XE,0,throw_in,0.3734374873209421
DFL-MAT-J041XE,0,throw_in,0.3723776029393438
DFL-MAT-J041XE,0,throw_in,0.33325943243668
DFL-MAT-J041XE,0,throw_in,0.3082618323039011
DFL-MAT-J041XE,0,corner,0.4090958636183153
DFL-MAT-J041XE,0,corner,0.2285836838961658
DFL-MAT-J041XE,0,corner,0.2241721836025133
DFL-MAT-J041XE,0,corner,0.2256484407955959
DFL-MAT-J041XE,0,corner,0.5724101893817943
DFL-MAT-J041XE,1,goal_kick,0.3169868084731901
DFL-MAT-J041XE,1,goal_kick,0.3216879887807739
DFL-MAT-J041XE,1,goal_kick,0.3169431412341493
DFL-MAT-J041XE,1,goal_kick,0.352363367607597
DFL-MAT-J041XE,1,goal_kick,0.5513964378632803
DFL-MAT-J041XE,0,throw_in,0.3904071391138465
DFL-MAT-J041XE,0,throw_in,0.4651141032127974
DFL-MAT-J041XE,0,throw_in,0.5630513364743247
DFL-MAT-J041XE,0,throw_in,0.4637517193055918
DFL-MAT-J041XE,0,throw_in,0.6792330069576199
DFL-MAT-J041XE,0,throw_in,0.6458790803182218
DFL-MAT-J041XE,0,throw_in,0.6747880190528643
DFL-MAT-J041XE,1,throw_in,0.4012953908641465
DFL-MAT-J041XE,1,throw_in,0.6261293644558279
DFL-MAT-J041XE,1,throw_in,0.323587339415439
DFL-MAT-J041XE,1,throw_in,0.5959216850116327
DFL-MAT-J041XE,1,throw_in,0.5156330315853395
DFL-MAT-J041XE,0,goal_kick,0.2540755055408827
DFL-MAT-J041XE,0,goal_kick,0.2555300128603497
DFL-MAT-J041XE,0,goal_kick,0.2612707324023726
DFL-MAT-J041XE,0,goal_kick,0.3340896454576173
DFL-MAT-J041XE,0,goal_kick,0.268769481374751
DFL-MAT-J041XE,0,throw_in,0.2940630998647302
DFL-MAT-J041XE,0,throw_in,0.2982820233318837
DFL-MAT-J041XE,0,throw_in,0.2965485193078225
DFL-MAT-J041XE,0,throw_in,0.3749402402780269
DFL-MAT-J041XE,0,throw_in,0.3819384824209063
DFL-MAT-J041XE,0,throw_in,0.3812193062030414
DFL-MAT-J041XE,0,throw_in,0.3165653972694689
DFL-MAT-J041XE,0,throw_in,0.2405116741581953
DFL-MAT-J041XE,0,goal_kick,0.2753206491532968
DFL-MAT-J041XE,0,goal_kick,0.279936374434642
DFL-MAT-J041XE,0,goal_kick,0.34423688513563
DFL-MAT-J041XE,0,goal_kick,0.3259215881743184
DFL-MAT-J041XE,1,throw_in,0.4083397548175503
DFL-MAT-J041XE,1,throw_in,0.3948079555427859
DFL-MAT-J041XE,1,throw_in,0.4049936720098717
DFL-MAT-J041XE,1,throw_in,0.3921330194765339
DFL-MAT-J041XE,1,throw_in,0.4441854498489093
DFL-MAT-J041XE,1,throw_in,0.3083666716162684
DFL-MAT-J041XE,1,throw_in,0.4745677865555709
DFL-MAT-J041XE,1,throw_in,0.31858232812833
DFL-MAT-J041XE,1,throw_in,0.5552031572017304
DFL-MAT-J041XE,1,throw_in,0.5188047225796452
DFL-MAT-J041XE,1,throw_in,0.2595701624337497
DFL-MAT-J041XE,1,throw_in,0.3365007726192807
DFL-MAT-J041XE,1,throw_in,0.2576723974032815
DFL-MAT-J041XE,1,throw_in,0.3608620830184453
DFL-MAT-J041XE,1,throw_in,0.3791987022012887
DFL-MAT-J041XE,0,throw_in,0.270856839048468
DFL-MAT-J041XE,0,throw_in,0.3182919024988471
DFL-MAT-J041XE,0,throw_in,0.3180881710202308
DFL-MAT-J041XE,0,throw_in,0.3095800592661971
DFL-MAT-J041XE,0,throw_in,0.301318742878422
DFL-MAT-J041XE,0,throw_in,0.2691576650811532
DFL-MAT-J041XE,0,throw_in,0.4853662705649192
DFL-MAT-J041XE,0,throw_in,0.6678495160211418
DFL-MAT-J041XE,0,throw_in,0.3866723137527602
DFL-MAT-J041XE,0,throw_in,0.3330419137609783
DFL-MAT-J041XE,0,throw_in,0.3939753419492222
DFL-MAT-J041XE,0,throw_in,0.4790110190701884
DFL-MAT-J041XE,0,throw_in,0.4590692446949233
DFL-MAT-J041XE,0,throw_in,0.5441559555369739
DFL-MAT-J041XE,1,throw_in,0.6374234907847035
DFL-MAT-J041XE,1,throw_in,0.539805531061536
DFL-MAT-J041XE,1,throw_in,0.5755873869514415
DFL-MAT-J041XE,1,throw_in,0.4002186997065124
DFL-MAT-J041XE,1,throw_in,0.5458990107814263
DFL-MAT-J041XE,1,throw_in,0.4727640800125334
DFL-MAT-J041XE,1,throw_in,0.453047010018151
DFL-MAT-J041XE,0,throw_in,0.2395170434143238
DFL-MAT-J041XE,0,throw_in,0.2731272942948873
DFL-MAT-J041XE,0,throw_in,0.2923356220713658
DFL-MAT-J041XE,0,throw_in,0.2850590249778373
DFL-MAT-J041XE,0,throw_in,0.2817964053659556
DFL-MAT-J041XE,1,throw_in,0.4292490235165221
DFL-MAT-J041XE,1,throw_in,0.5282632042853307
DFL-MAT-J041XE,1,throw_in,0.5317195229391208
DFL-MAT-J041XE,1,throw_in,0.5171477389442078
DFL-MAT-J041XE,1,throw_in,0.5835743541540399
DFL-MAT-J041XN,0,throw_in,0.7505927098925671
DFL-MAT-J041XN,0,throw_in,0.570855455790529
DFL-MAT-J041XN,0,throw_in,0.4695752111072898
DFL-MAT-J041XN,0,throw_in,0.4525548508982643
DFL-MAT-J041XN,1,throw_in,0.3171539557139357
DFL-MAT-J041XN,1,throw_in,0.3004311743665367
DFL-MAT-J041XN,1,throw_in,0.2712857393647955
DFL-MAT-J041XN,0,throw_in,0.4698955024533371
DFL-MAT-J041XN,0,throw_in,0.3115555556333874
DFL-MAT-J041XN,0,throw_in,0.3867002464943239
DFL-MAT-J041XN,0,throw_in,0.4916844814207034
DFL-MAT-J041XN,0,throw_in,0.3825851075398371
DFL-MAT-J041XN,0,throw_in,0.4235013904074005
DFL-MAT-J041XN,0,throw_in,0.3152076449904933
DFL-MAT-J041XN,0,throw_in,0.3285034869279922
DFL-MAT-J041XN,0,throw_in,0.3657684177084279
DFL-MAT-J041XN,0,throw_in,0.5600695701822201
DFL-MAT-J041XN,1,throw_in,0.3273466286188229
DFL-MAT-J041XN,1,throw_in,0.3854221935831275
DFL-MAT-J041XN,1,throw_in,0.3666599168619217
DFL-MAT-J041XN,1,throw_in,0.3710265504083695
DFL-MAT-J041XN,1,throw_in,0.2997437594968325
DFL-MAT-J041XN,1,corner,0.2882803088250364
DFL-MAT-J041XN,1,corner,0.2634682568816186
DFL-MAT-J041XN,1,corner,0.2034876845703015
DFL-MAT-J041XN,1,corner,0.4187815807423304
DFL-MAT-J041XN,0,corner,0.5682331291100978
DFL-MAT-J041XN,1,goal_kick,0.365274721421314
DFL-MAT-J041XN,1,goal_kick,0.3107713110483205
DFL-MAT-J041XN,1,goal_kick,0.3817562433442027
DFL-MAT-J041XN,1,throw_in,0.3795146471645707
DFL-MAT-J041XN,1,throw_in,0.2956211507210421
DFL-MAT-J041XN,1,throw_in,0.3851455870219499
DFL-MAT-J041XN,1,throw_in,0.543988787179406
DFL-MAT-J041XN,1,throw_in,0.2616193666050884
DFL-MAT-J041XN,1,throw_in,0.2879347794227387
DFL-MAT-J041XN,1,throw_in,0.2685544080226678
DFL-MAT-J041XN,1,throw_in,0.2796103279105262
DFL-MAT-J041XN,1,throw_in,0.3323925753927923
DFL-MAT-J041XN,1,throw_in,0.3399209580056393
DFL-MAT-J041XN,1,throw_in,0.3344238121381892
DFL-MAT-J041XN,0,throw_in,0.3992621651140489
DFL-MAT-J041XN,0,throw_in,0.3456748981810821
DFL-MAT-J041XN,0,throw_in,0.3620648473388834
DFL-MAT-J041XN,0,throw_in,0.3585878907757444
DFL-MAT-J041XN,0,throw_in,0.3444307731929378
DFL-MAT-J041XN,0,throw_in,0.45484784551388
DFL-MAT-J041XN,0,throw_in,0.6354036308533554
DFL-MAT-J041XN,0,throw_in,0.4029668736043902
DFL-MAT-J041XN,0,throw_in,0.451997205611648
DFL-MAT-J041XN,1,throw_in,0.4031646839116568
DFL-MAT-J041XN,1,throw_in,0.488032811982484
DFL-MAT-J041XN,1,throw_in,0.4534807997384418
DFL-MAT-J041XN,1,throw_in,0.413205500747747
DFL-MAT-J041XN,1,throw_in,0.4454387228399367
DFL-MAT-J041XN,1,throw_in,0.7062929731722376
DFL-MAT-J041XN,0,throw_in,0.4268747148654552
DFL-MAT-J041XN,0,throw_in,0.3377440929942017
DFL-MAT-J041XN,0,throw_in,0.3266123899337933
DFL-MAT-J041XN,0,throw_in,0.3156748164645036
DFL-MAT-J041XN,0,throw_in,0.2716266628193579
DFL-MAT-J041XN,0,throw_in,0.3242188892604281
DFL-MAT-J041XN,0,throw_in,0.3258324461905165
DFL-MAT-J041XN,0,throw_in,0.3057036989103809
DFL-MAT-J041XN,0,throw_in,0.31962698830944
DFL-MAT-J041XN,0,throw_in,0.3513579716630889
DFL-MAT-J041XN,1,throw_in,0.2752510611479348
DFL-MAT-J041XN,1,throw_in,0.2728936041509605
DFL-MAT-J041XN,1,throw_in,0.3821623200774903
DFL-MAT-J041XN,1,throw_in,0.3720251183372565
DFL-MAT-J041XN,0,throw_in,0.32211586472431
DFL-MAT-J041XN,0,throw_in,0.6189284385170806
DFL-MAT-J041XN,0,throw_in,0.3500812840647355
DFL-MAT-J041XN,0,goal_kick,0.2314189835495867
DFL-MAT-J041XN,0,goal_kick,0.2837169302274203
DFL-MAT-J041XN,0,goal_kick,0.2670328954990055
DFL-MAT-J041XN,0,goal_kick,0.4145021669496007
DFL-MAT-J041XN,0,goal_kick,0.4514211725836357
DFL-MAT-J041XN,1,throw_in,0.3638698209666435
DFL-MAT-J041XN,1,throw_in,0.4956396322700693
DFL-MAT-J041XN,1,throw_in,0.4748814217406772
DFL-MAT-J041XN,1,throw_in,0.4885699379123427
DFL-MAT-J041XN,1,goal_kick,0.253268470820726
DFL-MAT-J041XN,1,goal_kick,0.2531760219188352
DFL-MAT-J041XN,1,goal_kick,0.3162911411245349
DFL-MAT-J041XN,1,goal_kick,0.369075259567403
DFL-MAT-J041XN,1,throw_in,0.3356749621712846
DFL-MAT-J041XN,1,throw_in,0.3078936255869705
DFL-MAT-J041XN,1,throw_in,0.3595468775771738
DFL-MAT-J041XN,1,throw_in,0.3609012702647007
DFL-MAT-J041XN,1,throw_in,0.2390461652624484
DFL-MAT-J041XN,1,throw_in,0.5420995951595171
DFL-MAT-J041XN,1,throw_in,0.3938675803812494
DFL-MAT-J041XN,1,throw_in,0.2521799386109224
DFL-MAT-J041XN,1,throw_in,0.2584349129263284
DFL-MAT-J041XN,1,throw_in,0.4125839963626762
DFL-MAT-J041XN,1,throw_in,0.3791009866619584
DFL-MAT-J041XN,1,throw_in,0.3412306313385452
DFL-MAT-J041XN,1,throw_in,0.2924406534410761
DFL-MAT-J041XN,1,throw_in,0.2373064921151623
DFL-MAT-J041XN,1,throw_in,0.3376245184565871
DFL-MAT-J041XN,1,throw_in,0.442663667470426
DFL-MAT-J041XN,1,throw_in,0.4715394947866985
DFL-MAT-J041XN,1,throw_in,0.3392218130962448
DFL-MAT-J041XN,0,throw_in,0.3711568494370513
DFL-MAT-J041XN,0,throw_in,0.4402851911835864
DFL-MAT-J041XN,0,throw_in,0.5893672397650298
DFL-MAT-J041XN,0,throw_in,0.5828929445739273
DFL-MAT-J041XN,0,throw_in,0.5143730105844048
DFL-MAT-J041XN,0,throw_in,0.5673244446305392
DFL-MAT-J041XN,0,corner,0.4790542245384223
DFL-MAT-J041XN,0,corner,0.2635735636023051
DFL-MAT-J041XN,0,corner,0.3166019696684444
DFL-MAT-J041XN,0,corner,0.4688297985852125
DFL-MAT-J041XN,0,corner,0.579187470903018
DFL-MAT-J041XN,1,corner,0.6129336161412013
DFL-MAT-J041XN,1,corner,0.4039506864997778
DFL-MAT-J041XN,1,corner,0.4095839640923869
DFL-MAT-J041XN,0,goal_kick,0.3459575054984661
DFL-MAT-J041XN,0,goal_kick,0.3028796167570665
DFL-MAT-J041XN,0,goal_kick,0.5126559551602754
DFL-MAT-J041XN,0,goal_kick,0.3448502840266927
DFL-MAT-J041XN,0,goal_kick,0.38543470613946
DFL-MAT-J041XN,1,corner,0.4720706099004091
DFL-MAT-J041XN,1,corner,0.4551807949231293
DFL-MAT-J041XN,1,corner,0.2557435388105583
DFL-MAT-J041XN,1,corner,0.4773940322787355
DFL-MAT-J041XN,1,corner,0.4164880358777061
DFL-MAT-J041XN,1,throw_in,0.3401350720371013
DFL-MAT-J041XN,1,throw_in,0.3017022719116066
DFL-MAT-J041XN,1,throw_in,0.2956450078823892
DFL-MAT-J041XN,1,throw_in,0.3219381888473238
DFL-MAT-J041XN,1,throw_in,0.3241987860037029
DFL-MAT-J041XN,1,throw_in,0.3155431448032531
DFL-MAT-J041XN,1,throw_in,0.4790052370248986
DFL-MAT-J041XN,1,throw_in,0.2670890452339504
DFL-MAT-J041XN,1,throw_in,0.2985206331153499
DFL-MAT-J041XN,1,throw_in,0.3056348161343046
DFL-MAT-J041XN,1,throw_in,0.4598972353411013
DFL-MAT-J041XN,1,throw_in,0.390333983462539
DFL-MAT-J041XN,0,corner,0.2363587944444856
DFL-MAT-J041XN,0,corner,0.3070103622793155
DFL-MAT-J041XN,0,corner,0.3725690204825684
DFL-MAT-J041XN,1,corner,0.3310850920065945
DFL-MAT-J041XN,1,corner,0.4201316070800365
DFL-MAT-J041XN,1,corner,0.4830980546365262
DFL-MAT-J041XN,1,corner,0.4656687920115794
DFL-MAT-J041XN,0,throw_in,0.4462536019023874
DFL-MAT-J041XN,0,throw_in,0.4082681159030453
DFL-MAT-J041XN,0,throw_in,0.3480737384159432
DFL-MAT-J041XN,0,throw_in,0.326997137176149
DFL-MAT-J041XN,0,throw_in,0.3368473968031791
DFL-MAT-J041XN,1,goal_kick,0.1849701709201391
DFL-MAT-J041XN,1,goal_kick,0.2416003892590652
DFL-MAT-J041XN,1,goal_kick,0.3269438701097985
DFL-MAT-J041XN,1,goal_kick,0.4606899305973427
DFL-MAT-J041XN,0,throw_in,0.5010054670646219
DFL-MAT-J041XN,0,throw_in,0.4336587744745746
DFL-MAT-J041XN,0,throw_in,0.4742213162108992
DFL-MAT-J041XN,0,throw_in,0.4421943810111064
DFL-MAT-J041XN,1,throw_in,0.3323387017200875
DFL-MAT-J041XN,1,throw_in,0.5729794821882697
DFL-MAT-J041XN,1,throw_in,0.4656737530224887
DFL-MAT-J041XN,1,throw_in,0.4063243659014662
DFL-MAT-J041XN,1,throw_in,0.3460434481597909
DFL-MAT-J041XN,1,throw_in,0.349113422588932
DFL-MAT-J041XN,0,throw_in,0.4997959580170708
DFL-MAT-J041XN,0,throw_in,0.3854748207604274
DFL-MAT-J041XN,0,throw_in,0.4771831139867347
DFL-MAT-J041XN,1,throw_in,0.3812774689053154
DFL-MAT-J041XN,1,throw_in,0.3349720418658109
DFL-MAT-J041XN,1,throw_in,0.3691122206936028
DFL-MAT-J041XN,1,throw_in,0.4210897083759352
DFL-MAT-J041XN,1,throw_in,0.4026887874348286
DFL-MAT-J041XN,0,throw_in,0.1772095867074127
DFL-MAT-J041XN,0,throw_in,0.2363741326293619
DFL-MAT-J041XN,0,throw_in,0.1991489202739427
DFL-MAT-J041XN,0,throw_in,0.2742310135411789
DFL-MAT-J041XN,1,throw_in,0.2825656653335244
DFL-MAT-J041XN,1,throw_in,0.4035003913426405
DFL-MAT-J041XN,1,throw_in,0.4675581360234742
DFL-MAT-J041XN,1,throw_in,0.3584233279535255
DFL-MAT-J041XN,1,throw_in,0.3430441445082584
DFL-MAT-J041XN,1,corner,0.5968958697666795
DFL-MAT-J041XN,1,corner,0.4404477691298237
DFL-MAT-J041XN,0,corner,0.6217416796271232
DFL-MAT-J041XN,0,corner,0.3625073345755402
DFL-MAT-J041XN,0,corner,0.4335840147012595
DFL-MAT-J041XN,1,corner,0.5089655712671591
DFL-MAT-J041XN,1,corner,0.2694842032953277
DFL-MAT-J041XN,1,corner,0.3510727712569053
DFL-MAT-J041XN,1,corner,0.3487486397329792
DFL-MAT-J041XN,1,corner,0.3387185113875263
DFL-MAT-J041XN,1,throw_in,0.3142825750933087
DFL-MAT-J041XN,1,throw_in,0.4863870350954295
DFL-MAT-J041XN,1,throw_in,0.4273056082030191
DFL-MAT-J041XN,1,throw_in,0.3483726316995147
DFL-MAT-J041XN,1,throw_in,0.5563205009542129
DFL-MAT-J041XN,1,goal_kick,0.2615397310885552
DFL-MAT-J041XN,1,goal_kick,0.3494362069277231
DFL-MAT-J041XN,1,goal_kick,0.2917871544216418
DFL-MAT-J041XN,0,throw_in,0.3974480651650757
DFL-MAT-J041XN,0,throw_in,0.4954175726907551
DFL-MAT-J041XN,0,throw_in,0.3514927853152558
DFL-MAT-J041XN,0,throw_in,0.3636055404245524
DFL-MAT-J041XN,0,throw_in,0.3662203023014219
DFL-MAT-J041XN,0,goal_kick,0.2939128654800455
DFL-MAT-J041XN,0,goal_kick,0.273818958755273
DFL-MAT-J041XN,0,goal_kick,0.3304373681437464
DFL-MAT-J041XN,0,goal_kick,0.212867935078061
DFL-MAT-J041XN,0,goal_kick,0.3273756565246029
DFL-MAT-J041XN,1,throw_in,0.3552773118876172
DFL-MAT-J041XN,1,throw_in,0.2843808584706685
DFL-MAT-J041XN,1,throw_in,0.398421433521579
DFL-MAT-J041XN,1,throw_in,0.3270030489932308
DFL-MAT-J041XN,1,throw_in,0.2185559054454782
DFL-MAT-J041XN,1,throw_in,0.3927472328428887
DFL-MAT-J041XN,1,throw_in,0.5246436262599713
DFL-MAT-J041XN,1,throw_in,0.4104390620784161
DFL-MAT-J041XN,0,throw_in,0.5531507029231151
DFL-MAT-J041XN,0,throw_in,0.5759105976052808
DFL-MAT-J041XN,0,throw_in,0.3124666266508141
DFL-MAT-J041XN,0,throw_in,0.2697276881099181
DFL-MAT-J041XN,0,throw_in,0.3236311205492817
DFL-MAT-J041XN,0,throw_in,0.2975808280100476
DFL-MAT-J041XN,0,throw_in,0.3319057438465604
DFL-MAT-J041XN,1,throw_in,0.1783367999710098
DFL-MAT-J041XN,1,throw_in,0.3404310092297222
DFL-MAT-J041XN,1,throw_in,0.3269183817564169
DFL-MAT-J041XN,1,throw_in,0.365040078512193
DFL-MAT-J041XN,1,throw_in,0.2719131004951843
DFL-MAT-J041XN,1,throw_in,0.2361857767329113
DFL-MAT-J041XN,1,throw_in,0.4331436425475805
DFL-MAT-J041XN,1,throw_in,0.6049648291748431
DFL-MAT-J041XN,1,throw_in,0.403899289997944
DFL-MAT-J041XN,1,throw_in,0.3289430132730456
DFL-MAT-J041XN,1,throw_in,0.4588132079943296
DFL-MAT-J041XN,1,throw_in,0.5761009528524431
DFL-MAT-J041XN,1,throw_in,0.4151934662199565
DFL-MAT-J041XN,1,throw_in,0.4429845213523388
DFL-MAT-J041XN,1,throw_in,0.3914818656944891
DFL-MAT-J041XN,1,throw_in,0.357834810893442
DFL-MAT-J041XN,1,throw_in,0.371662436325146
DFL-MAT-J041XN,0,goal_kick,0.3079951968469847
DFL-MAT-J041XN,0,goal_kick,0.3331275311898005
DFL-MAT-J041XN,0,goal_kick,0.3044462733461312
DFL-MAT-J041XN,0,goal_kick,0.3455295370983548
DFL-MAT-J041XN,0,goal_kick,0.3789329714206326
DFL-MAT-J041XN,1,goal_kick,0.2782750718047022
DFL-MAT-J041XN,1,goal_kick,0.2340131330621347
DFL-MAT-J041XN,1,goal_kick,0.2296588637996618
DFL-MAT-J041XN,1,goal_kick,0.2575178192100706
DFL-MAT-J041XN,1,goal_kick,0.2730887232572494
DFL-MAT-J041XN,1,throw_in,0.3619951239666524
DFL-MAT-J041XN,1,throw_in,0.4468561797649723
DFL-MAT-J041XN,1,throw_in,0.500401280503793
DFL-MAT-J041XN,1,throw_in,0.4855807061240994
DFL-MAT-J041XN,1,throw_in,0.3291016602154752
DFL-MAT-J041XN,1,throw_in,0.2416127049472097
DFL-MAT-J041XN,1,throw_in,0.2113199286224393
DFL-MAT-J041XN,1,throw_in,0.4023815851899601
DFL-MAT-J041XN,1,throw_in,0.2623091956703844
DFL-MAT-J041XN,0,goal_kick,0.302151561025794
DFL-MAT-J041XN,0,goal_kick,0.3424777326974219
DFL-MAT-J041XN,0,goal_kick,0.4587748392075831
DFL-MAT-J041XN,0,goal_kick,0.3695996299685562
DFL-MAT-J041XN,0,goal_kick,0.3673750217324585
DFL-MAT-J041XN,0,throw_in,0.2888284140789741
DFL-MAT-J041XN,0,throw_in,0.258353150687945
DFL-MAT-J041XN,0,throw_in,0.3473200106262408
DFL-MAT-J041XN,0,throw_in,0.3234255358072986
DFL-MAT-J041XN,0,throw_in,0.3988108760736142
DFL-MAT-J041XN,0,throw_in,0.4485792301635569
DFL-MAT-J041XN,0,throw_in,0.2880231190065856
DFL-MAT-J041XN,0,throw_in,0.386176814421574
DFL-MAT-J041XN,1,throw_in,0.3885458444831883
DFL-MAT-J041XN,1,throw_in,0.4356743043277901
DFL-MAT-J041XN,1,throw_in,0.4054400148009427
DFL-MAT-J041XN,1,throw_in,0.4614134435881621
DFL-MAT-J041XN,1,throw_in,0.3236625182550134
DFL-MAT-J041XN,1,goal_kick,0.6147491608749432
DFL-MAT-J041XN,1,goal_kick,0.6000506913724295
DFL-MAT-J041XN,1,goal_kick,0.4862618537233397
DFL-MAT-J041XW,1,throw_in,0.2226738810341413
DFL-MAT-J041XW,1,throw_in,0.2935938513964017
DFL-MAT-J041XW,1,throw_in,0.2722011566365997
DFL-MAT-J041XW,1,throw_in,0.3049119852652366
DFL-MAT-J041XW,0,goal_kick,0.2730752915392559
DFL-MAT-J041XW,0,goal_kick,0.2826894343517273
DFL-MAT-J041XW,0,goal_kick,0.268769308076678
DFL-MAT-J041XW,0,goal_kick,0.3571565667296074
DFL-MAT-J041XW,0,goal_kick,0.4763083412201167
DFL-MAT-J041XW,0,corner,0.5822193542860228
DFL-MAT-J041XW,0,corner,0.4326316392324861
DFL-MAT-J041XW,0,corner,0.3614250502817556
DFL-MAT-J041XW,0,corner,0.4140687357009732
DFL-MAT-J041XW,0,throw_in,0.3399236352365551
DFL-MAT-J041XW,0,throw_in,0.3410940124113314
DFL-MAT-J041XW,0,throw_in,0.410132585417103
DFL-MAT-J041XW,0,throw_in,0.5849007533517694
DFL-MAT-J041XW,0,throw_in,0.4663259326169452
DFL-MAT-J041XW,0,throw_in,0.25215196597898
DFL-MAT-J041XW,0,throw_in,0.4945201778785409
DFL-MAT-J041XW,0,throw_in,0.475525837312155
DFL-MAT-J041XW,1,goal_kick,0.3641835607482268
DFL-MAT-J041XW,0,throw_in,0.2679203943163879
DFL-MAT-J041XW,0,throw_in,0.2959869205758992
DFL-MAT-J041XW,0,throw_in,0.340993278621816
DFL-MAT-J041XW,0,throw_in,0.2825794347891999
DFL-MAT-J041XW,0,throw_in,0.2823730638392758
DFL-MAT-J041XW,1,corner,0.4170306339611728
DFL-MAT-J041XW,1,corner,0.5367318266904127
DFL-MAT-J041XW,0,corner,0.577113332996168
DFL-MAT-J041XW,0,corner,0.5358094563206744
DFL-MAT-J041XW,0,corner,0.5162543717374937
DFL-MAT-J041XW,1,corner,0.5205542426212924
DFL-MAT-J041XW,1,corner,0.3213734620270287
DFL-MAT-J041XW,1,corner,0.3137667384380429
DFL-MAT-J041XW,0,throw_in,0.3921135509320386
DFL-MAT-J041XW,0,throw_in,0.3008134415593896
DFL-MAT-J041XW,0,throw_in,0.303189351853997
DFL-MAT-J041XW,0,throw_in,0.3524112421486135
DFL-MAT-J041XW,1,throw_in,0.3307606411720762
DFL-MAT-J041XW,1,throw_in,0.2854489653756469
DFL-MAT-J041XW,1,throw_in,0.2880149213642101
DFL-MAT-J041XW,1,throw_in,0.3036004739385286
DFL-MAT-J041XW,1,throw_in,0.2573972482390511
DFL-MAT-J041XW,1,throw_in,0.3107072352045749
DFL-MAT-J041XW,1,throw_in,0.3870669257055361
DFL-MAT-J041XW,1,throw_in,0.3464370382260242
DFL-MAT-J041XW,1,throw_in,0.2474352275100164
DFL-MAT-J041XW,1,throw_in,0.4270139073934977
DFL-MAT-J041XW,1,throw_in,0.3883741920971545
DFL-MAT-J041XW,1,throw_in,0.3132727875511079
DFL-MAT-J041XW,1,throw_in,0.3692108488393573
DFL-MAT-J041XW,1,throw_in,0.3492454724046823
DFL-MAT-J041XW,1,throw_in,0.280180211394109
DFL-MAT-J041XW,1,goal_kick,0.273307615628122
DFL-MAT-J041XW,1,goal_kick,0.1984049276384406
DFL-MAT-J041XW,1,goal_kick,0.2299847649280685
DFL-MAT-J041XW,1,goal_kick,0.3225046096254579
DFL-MAT-J041XW,0,throw_in,0.2601805212839321
DFL-MAT-J041XW,0,throw_in,0.2534500673657135
DFL-MAT-J041XW,0,throw_in,0.2921448428721503
DFL-MAT-J041XW,1,throw_in,0.3018216199694291
DFL-MAT-J041XW,1,throw_in,0.3192801450239355
DFL-MAT-J041XW,1,throw_in,0.3370624931689358
DFL-MAT-J041XW,1,throw_in,0.388580506377709
DFL-MAT-J041XW,1,throw_in,0.2858888088887005
DFL-MAT-J041XW,0,throw_in,0.2896532737397937
DFL-MAT-J041XW,0,throw_in,0.305363059830759
DFL-MAT-J041XW,0,throw_in,0.3302716215879475
DFL-MAT-J041XW,0,throw_in,0.3423590814419704
DFL-MAT-J041XW,0,throw_in,0.3365546325003009
DFL-MAT-J041XW,1,goal_kick,0.2346643650416067
DFL-MAT-J041XW,1,goal_kick,0.2240472980523344
DFL-MAT-J041XW,1,goal_kick,0.2019489631904024
DFL-MAT-J041XW,1,goal_kick,0.3457725387404684
DFL-MAT-J041XW,1,goal_kick,0.3760003698080144
DFL-MAT-J041XW,0,throw_in,0.301607737608597
DFL-MAT-J041XW,0,throw_in,0.302386343827714
DFL-MAT-J041XW,0,throw_in,0.334095637839945
DFL-MAT-J041XW,0,throw_in,0.3019403623252104
DFL-MAT-J041XW,0,throw_in,0.277432910829023
DFL-MAT-J041XW,1,throw_in,0.2382794904895805
DFL-MAT-J041XW,1,throw_in,0.2950035226218763
DFL-MAT-J041XW,1,throw_in,0.2543657963258269
DFL-MAT-J041XW,1,throw_in,0.25765480369235
DFL-MAT-J041XW,1,throw_in,0.4820532225853614
DFL-MAT-J041XW,0,throw_in,0.2429891779893652
DFL-MAT-J041XW,0,throw_in,0.2565909589108024
DFL-MAT-J041XW,0,throw_in,0.2533904298013643
DFL-MAT-J041XW,0,throw_in,0.3285503280572339
DFL-MAT-J041XW,0,throw_in,0.3316078540151598
DFL-MAT-J041XW,0,throw_in,0.5588688410560123
DFL-MAT-J041XW,0,throw_in,0.5167589086768304
DFL-MAT-J041XW,0,throw_in,0.5148222956885269
DFL-MAT-J041XW,1,goal_kick,0.2279710269360484
DFL-MAT-J041XW,1,goal_kick,0.2647931327834198
DFL-MAT-J041XW,1,goal_kick,0.2252280904991397
DFL-MAT-J041XW,1,goal_kick,0.4495775709743818
DFL-MAT-J041XW,1,goal_kick,0.2891823202581399
DFL-MAT-J041XW,1,corner,0.1729791103766214
DFL-MAT-J041XW,1,corner,0.6517839322392409
DFL-MAT-J041XW,1,corner,0.3985993139822132
DFL-MAT-J041XW,0,corner,0.3518849169038432
DFL-MAT-J041XW,0,corner,0.3924230953282366
DFL-MAT-J041XW,0,corner,0.3293766421701984
DFL-MAT-J041XW,0,corner,0.4044662942512505
DFL-MAT-J041XW,0,corner,0.432677715612471
DFL-MAT-J041XW,1,goal_kick,0.4643032434269438
DFL-MAT-J041XW,1,goal_kick,0.5443783971469283
DFL-MAT-J041XW,1,goal_kick,0.6923292016730037
DFL-MAT-J041XW,1,goal_kick,0.538875939017545
DFL-MAT-J041XW,1,goal_kick,0.4625357550867277
DFL-MAT-J041XW,1,throw_in,0.4274017666368055
DFL-MAT-J041XW,1,throw_in,0.2477412977843157
DFL-MAT-J041XW,0,goal_kick,0.2601634802663765
DFL-MAT-J041XW,0,goal_kick,0.2971479716724912
DFL-MAT-J041XW,0,goal_kick,0.3438947234781829
DFL-MAT-J041XW,0,goal_kick,0.1982289976106018
DFL-MAT-J041XW,0,goal_kick,0.2927820041206279
DFL-MAT-J041XW,1,throw_in,0.249433956866746
DFL-MAT-J041XW,1,throw_in,0.3319641957558239
DFL-MAT-J041XW,1,throw_in,0.2900425217128336
DFL-MAT-J041XW,1,throw_in,0.2977022332803259
DFL-MAT-J041XW,1,throw_in,0.2492309737551457
DFL-MAT-J041XW,0,throw_in,0.379748653564501
DFL-MAT-J041XW,0,throw_in,0.5933692850014468
DFL-MAT-J041XW,1,throw_in,0.3791375381388307
DFL-MAT-J041XW,1,throw_in,0.3489678024178853
DFL-MAT-J041XW,1,throw_in,0.3401500014355736
DFL-MAT-J041XW,1,throw_in,0.364568335026698
DFL-MAT-J041XW,1,throw_in,0.3281340558047356
DFL-MAT-J041XW,0,throw_in,0.303356324798515
DFL-MAT-J041XW,0,throw_in,0.2747287515052001
DFL-MAT-J041XW,0,throw_in,0.4830934636061075
DFL-MAT-J041XW,0,throw_in,0.4942757100322036
DFL-MAT-J041XW,0,throw_in,0.3760120587468958
DFL-MAT-J041XW,1,throw_in,0.2668252572168109
DFL-MAT-J041XW,1,throw_in,0.2840114744244664
DFL-MAT-J041XW,1,throw_in,0.2899946937181685
DFL-MAT-J041XW,1,throw_in,0.4265733439001396
DFL-MAT-J041XW,1,throw_in,0.3976479634811143
DFL-MAT-J041XW,0,goal_kick,0.4371935761828929
DFL-MAT-J041XW,0,goal_kick,0.4324749924445577
DFL-MAT-J041XW,0,goal_kick,0.1915317832980614
DFL-MAT-J041XW,0,goal_kick,0.2134627898428914
DFL-MAT-J041XW,0,goal_kick,0.2738667594140732
DFL-MAT-J041XW,1,throw_in,0.2690208518621777
DFL-MAT-J041XW,1,throw_in,0.3421815302223038
DFL-MAT-J041XW,1,throw_in,0.724289104522417
DFL-MAT-J041XW,1,throw_in,0.4296528910525814
DFL-MAT-J041XW,1,throw_in,0.3197330329712274
DFL-MAT-J041XW,1,throw_in,0.4730479417988249
DFL-MAT-J041XW,1,throw_in,0.6743208226737515
DFL-MAT-J041XW,1,throw_in,0.4622774338854862
DFL-MAT-J041XW,1,throw_in,0.5036403709477373
DFL-MAT-J041XW,0,throw_in,0.3776346716496438
DFL-MAT-J041XW,0,throw_in,0.3697427046236624
DFL-MAT-J041XW,0,throw_in,0.4237019147882746
DFL-MAT-J041XW,1,corner,0.4014082672047431
DFL-MAT-J041XW,0,corner,0.466090116480936
DFL-MAT-J041XW,0,corner,0.4560327825981441
DFL-MAT-J041XW,0,corner,0.479144989788451
DFL-MAT-J041XW,0,corner,0.5285812186106936
DFL-MAT-J041XW,0,corner,0.4007476365403343
DFL-MAT-J041XW,1,throw_in,0.3892102039039385
DFL-MAT-J041XW,1,throw_in,0.4174204661363767
DFL-MAT-J041XW,0,throw_in,0.2308224325085195
DFL-MAT-J041XW,0,throw_in,0.2972406615832498
DFL-MAT-J041XW,0,throw_in,0.2862647563315071
DFL-MAT-J041XW,0,throw_in,0.2824011536624294
DFL-MAT-J041XW,0,throw_in,0.2440497337148016
DFL-MAT-J041XW,0,throw_in,0.4386769007041791
DFL-MAT-J041XW,0,throw_in,0.4549709067796075
DFL-MAT-J041XW,0,throw_in,0.4336758806819252
DFL-MAT-J041XW,0,throw_in,0.282436853434195
DFL-MAT-J041XW,0,throw_in,0.3407458545737213
DFL-MAT-J041XW,0,throw_in,0.3225334187468341
DFL-MAT-J041XW,0,throw_in,0.3324098278682048
DFL-MAT-J041XW,0,corner,0.3403511074856855
DFL-MAT-J041XW,0,corner,0.5205333997410431
DFL-MAT-J041XW,1,goal_kick,0.3748929054851614
DFL-MAT-J041XW,1,goal_kick,0.4158362380828408
DFL-MAT-J041XW,1,goal_kick,0.5008638023843426
DFL-MAT-J041XW,1,throw_in,0.2482850272567311
DFL-MAT-J041XW,1,throw_in,0.240617466793476
DFL-MAT-J041XW,1,throw_in,0.2664488151908051
DFL-MAT-J041XW,1,throw_in,0.2805146396288809
DFL-MAT-J041XW,1,throw_in,0.2898636728476959
DFL-MAT-J041XW,0,throw_in,0.4269552192215531
DFL-MAT-J041XW,0,throw_in,0.5266463292028921
DFL-MAT-J041XW,0,throw_in,0.616553459807644
DFL-MAT-J041XW,0,throw_in,0.5236280996557843
DFL-MAT-J041XW,1,throw_in,0.2907298836463783
DFL-MAT-J041XW,1,throw_in,0.3237580989097886
DFL-MAT-J041XW,1,throw_in,0.3547589586012026
DFL-MAT-J041XW,1,throw_in,0.4274992120255414
DFL-MAT-J041XW,1,throw_in,0.3721968379841726
DFL-MAT-J041XW,1,corner,0.2793940246679021
DFL-MAT-J041XW,1,corner,0.2186950259618014
DFL-MAT-J041XW,1,corner,0.2624261827377787
DFL-MAT-J041XW,1,corner,0.5094129836871191
DFL-MAT-J041XW,1,corner,0.7167161440572182
DFL-MAT-J041XW,0,goal_kick,0.2197351200005811
DFL-MAT-J041XW,0,goal_kick,0.2751908984364863
DFL-MAT-J041XW,0,goal_kick,0.369809908277821
DFL-MAT-J041XW,0,goal_kick,0.5102844419354474
DFL-MAT-J041XW,0,goal_kick,0.4816219282610084
DFL-MAT-J041XW,0,throw_in,0.2946538614570838
DFL-MAT-J041XW,0,throw_in,0.3608712667633867
DFL-MAT-J041XW,0,throw_in,0.3198122876316346
DFL-MAT-J041XW,0,throw_in,0.3554554787625505
DFL-MAT-J041XW,0,throw_in,0.4326505108620845
DFL-MAT-J041XW,1,goal_kick,0.2850703184213676
DFL-MAT-J041XW,1,goal_kick,0.3441390280133868
DFL-MAT-J041XW,1,goal_kick,0.3805924675857289
DFL-MAT-J041XW,1,goal_kick,0.4152626317922335
DFL-MAT-J041XW,0,throw_in,0.2878755311544055
DFL-MAT-J041XW,0,throw_in,0.2723290598830731
DFL-MAT-J041XW,0,throw_in,0.3006770055492637
DFL-MAT-J041XW,0,throw_in,0.274658724308648
DFL-MAT-J041XW,0,throw_in,0.3138928882782741
DFL-MAT-J041XW,1,throw_in,0.3655497419419375
DFL-MAT-J041XW,1,throw_in,0.3951665240970229
DFL-MAT-J041XW,1,throw_in,0.4042765013548043
DFL-MAT-J041XW,1,throw_in,0.3864542399465793
DFL-MAT-J041XW,1,throw_in,0.2497360838324999
DFL-MAT-J041XW,0,throw_in,0.2476111657393968
DFL-MAT-J041XW,0,throw_in,0.2743724538975402
DFL-MAT-J041XW,0,throw_in,0.2613653520580849
DFL-MAT-J041XW,0,corner,0.2763778398933219
DFL-MAT-J041XW,0,corner,0.3740139974916853
DFL-MAT-J041XW,0,corner,0.4806317394073451
DFL-MAT-J041XW,1,goal_kick,0.3052475633498374
DFL-MAT-J041XW,1,goal_kick,0.3134310880028444
DFL-MAT-J041XW,1,goal_kick,0.3655800730590431
DFL-MAT-J041XW,1,goal_kick,0.3153289961795406
DFL-MAT-J041XW,0,throw_in,0.3710900554177029
DFL-MAT-J041XW,0,throw_in,0.4623194942836843
DFL-MAT-J041XW,0,throw_in,0.318662217259139
DFL-MAT-J041XW,0,throw_in,0.3227177203076085
DFL-MAT-J041XW,0,throw_in,0.2547201890252152
DFL-MAT-J041XW,0,throw_in,0.3236183486972508
DFL-MAT-J041XW,0,throw_in,0.2486111482698396
DFL-MAT-J041XW,0,throw_in,0.3398719984240918
DFL-MAT-J041XW,0,throw_in,0.2972826378312674
DFL-MAT-J041XW,0,throw_in,0.3711040057383912
DFL-MAT-J041XW,0,throw_in,0.4546962283487169
DFL-MAT-J041XW,0,throw_in,0.3001324339542884
DFL-MAT-J041XW,1,goal_kick,0.3860154481319048
DFL-MAT-J041XW,1,goal_kick,0.3974933602618634
DFL-MAT-J041XW,1,goal_kick,0.5223211228537858
DFL-MAT-J041XW,1,throw_in,0.5117283177263348
DFL-MAT-J041XW,1,throw_in,0.5132474389241001
DFL-MAT-J041XW,1,throw_in,0.4841321264480908
DFL-MAT-J041XW,1,throw_in,0.3206242457736932
DFL-MAT-J041XW,1,throw_in,0.289591239551446
DFL-MAT-J041XW,1,throw_in,0.4856969373303709
DFL-MAT-J041XW,1,throw_in,0.4100921606799297
DFL-MAT-J041Y0,1,throw_in,0.3031678319965766
DFL-MAT-J041Y0,1,throw_in,0.5133554147213524
DFL-MAT-J041Y0,1,throw_in,0.2910526706835621
DFL-MAT-J041Y0,1,throw_in,0.2750037623327485
DFL-MAT-J041Y0,1,throw_in,0.4543243322167515
DFL-MAT-J041Y0,1,throw_in,0.3822243078234471
DFL-MAT-J041Y0,1,throw_in,0.3767318021868178
DFL-MAT-J041Y0,0,goal_kick,0.3813604775091536
DFL-MAT-J041Y0,0,goal_kick,0.421167149031737
DFL-MAT-J041Y0,0,goal_kick,0.4641354374451138
DFL-MAT-J041Y0,0,goal_kick,0.2235548099475067
DFL-MAT-J041Y0,0,goal_kick,0.2312478801643968
DFL-MAT-J041Y0,0,goal_kick,0.2614480809920052
DFL-MAT-J041Y0,0,goal_kick,0.2635915109090214
DFL-MAT-J041Y0,0,goal_kick,0.3699976800924315
DFL-MAT-J041Y0,0,throw_in,0.3282323964608167
DFL-MAT-J041Y0,0,throw_in,0.5054901144123307
DFL-MAT-J041Y0,0,throw_in,0.5427304132175578
DFL-MAT-J041Y0,0,throw_in,0.5646661494078956
DFL-MAT-J041Y0,0,throw_in,0.4994734112256133
DFL-MAT-J041Y0,0,goal_kick,0.2242375350627762
DFL-MAT-J041Y0,0,goal_kick,0.2287967851160648
DFL-MAT-J041Y0,0,goal_kick,0.2232932159250263
DFL-MAT-J041Y0,0,goal_kick,0.2489460873294202
DFL-MAT-J041Y0,1,throw_in,0.2553582520110544
DFL-MAT-J041Y0,1,throw_in,0.2421485775852978
DFL-MAT-J041Y0,1,throw_in,0.3184065430373886
DFL-MAT-J041Y0,0,goal_kick,0.2722599558461274
DFL-MAT-J041Y0,0,goal_kick,0.2916039556183012
DFL-MAT-J041Y0,0,goal_kick,0.418553863436329
DFL-MAT-J041Y0,0,goal_kick,0.4669099141889322
DFL-MAT-J041Y0,0,goal_kick,0.6094387986909439
DFL-MAT-J041Y0,0,throw_in,0.3836637714988561
DFL-MAT-J041Y0,0,throw_in,0.518270015975314
DFL-MAT-J041Y0,0,throw_in,0.620840719029707
DFL-MAT-J041Y0,0,throw_in,0.6292793435274499
DFL-MAT-J041Y0,1,throw_in,0.3948326827105886
DFL-MAT-J041Y0,1,throw_in,0.3657434491509069
DFL-MAT-J041Y0,1,throw_in,0.3231807958291865
DFL-MAT-J041Y0,1,throw_in,0.295889746376356
DFL-MAT-J041Y0,1,throw_in,0.3391152398778181
DFL-MAT-J041Y0,1,throw_in,0.4850092122747961
DFL-MAT-J041Y0,1,throw_in,0.6335547032670457
DFL-MAT-J041Y0,0,throw_in,0.5682478017354078
DFL-MAT-J041Y0,0,throw_in,0.5845045530122269
DFL-MAT-J041Y0,0,throw_in,0.4275863036806756
DFL-MAT-J041Y0,0,throw_in,0.4743848784641306
DFL-MAT-J041Y0,1,throw_in,0.365453201756634
DFL-MAT-J041Y0,1,throw_in,0.3223241185777953
DFL-MAT-J041Y0,1,throw_in,0.3128462063739018
DFL-MAT-J041Y0,1,throw_in,0.3076057150978644
DFL-MAT-J041Y0,1,throw_in,0.276079711741362
DFL-MAT-J041Y0,0,throw_in,0.346217660873262
DFL-MAT-J041Y0,0,throw_in,0.3247337554724428
DFL-MAT-J041Y0,0,throw_in,0.353632227436715
DFL-MAT-J041Y0,0,throw_in,0.4489544588440833
DFL-MAT-J041Y0,1,throw_in,0.2895548989107766
DFL-MAT-J041Y0,1,throw_in,0.3509489690198131
DFL-MAT-J041Y0,1,throw_in,0.3433716977522711
DFL-MAT-J041Y0,0,goal_kick,0.3645831970647887
DFL-MAT-J041Y0,1,throw_in,0.3746023873383571
DFL-MAT-J041Y0,1,throw_in,0.3043558239707347
DFL-MAT-J041Y0,1,throw_in,0.3421960629933556
DFL-MAT-J041Y0,1,throw_in,0.3436004049067365
DFL-MAT-J041Y0,1,throw_in,0.3493094201262594
DFL-MAT-J041Y0,0,goal_kick,0.2211488613000933
DFL-MAT-J041Y0,0,goal_kick,0.3581505613715571
DFL-MAT-J041Y0,0,goal_kick,0.1649772858129918
DFL-MAT-J041Y0,0,goal_kick,0.3177151327319386
DFL-MAT-J041Y0,1,throw_in,0.3096311673206757
DFL-MAT-J041Y0,0,goal_kick,0.2158503223891695
DFL-MAT-J041Y0,0,goal_kick,0.1966461952556592
DFL-MAT-J041Y0,0,goal_kick,0.2206817788346259
DFL-MAT-J041Y0,0,goal_kick,0.255647794402902
DFL-MAT-J041Y0,0,goal_kick,0.2185798268671755
DFL-MAT-J041Y0,0,goal_kick,0.2959837535086175
DFL-MAT-J041Y0,0,goal_kick,0.2264043808130296
DFL-MAT-J041Y0,0,goal_kick,0.340157822083212
DFL-MAT-J041Y0,0,goal_kick,0.3320358481505854
DFL-MAT-J041Y0,0,goal_kick,0.2804629758197103
DFL-MAT-J041Y0,1,goal_kick,0.2758231417060351
DFL-MAT-J041Y0,1,goal_kick,0.3779454973108209
DFL-MAT-J041Y0,1,goal_kick,0.3780686025469543
DFL-MAT-J041Y0,1,goal_kick,0.4836564890288152
DFL-MAT-J041Y0,1,goal_kick,0.4046074208449285
DFL-MAT-J041Y0,0,corner,0.3768587543663687
DFL-MAT-J041Y0,0,corner,0.3597022019391844
DFL-MAT-J041Y0,0,corner,0.4065541258960573
DFL-MAT-J041Y0,0,corner,0.2834377737872225
DFL-MAT-J041Y0,0,corner,0.2486888310464378
DFL-MAT-J041Y0,1,goal_kick,0.3866468505672722
DFL-MAT-J041Y0,1,goal_kick,0.3755056454308316
DFL-MAT-J041Y0,0,throw_in,0.4397612226297938
DFL-MAT-J041Y0,0,throw_in,0.5263749789124088
DFL-MAT-J041Y0,0,throw_in,0.4727469130044363
DFL-MAT-J041Y0,0,throw_in,0.4890016873107798
DFL-MAT-J041Y0,1,throw_in,0.2887869914289592
DFL-MAT-J041Y0,1,throw_in,0.279556182767504
DFL-MAT-J041Y0,1,throw_in,0.3420058815633037
DFL-MAT-J041Y0,1,throw_in,0.3508585965010453
DFL-MAT-J041Y0,1,throw_in,0.4149408964690072
DFL-MAT-J041Y0,0,throw_in,0.2945671283208573
DFL-MAT-J041Y0,0,throw_in,0.2755200074229971
DFL-MAT-J041Y0,0,throw_in,0.3520621327940583
DFL-MAT-J041Y0,0,throw_in,0.3582587015581172
DFL-MAT-J041Y0,0,throw_in,0.4224849363000821
DFL-MAT-J041Y0,1,goal_kick,0.300837454777605
DFL-MAT-J041Y0,1,goal_kick,0.299281077367751
DFL-MAT-J041Y0,1,goal_kick,0.3055153601704832
DFL-MAT-J041Y0,1,goal_kick,0.269056102089582
DFL-MAT-J041Y0,1,goal_kick,0.2777700669044836
DFL-MAT-J041Y0,0,throw_in,0.4009327007721749
DFL-MAT-J041Y0,0,throw_in,0.3841365130937486
DFL-MAT-J041Y0,0,throw_in,0.3503211709555829
DFL-MAT-J041Y0,0,throw_in,0.5697000329237115
DFL-MAT-J041Y0,0,throw_in,0.5285940335957162
DFL-MAT-J041Y0,0,throw_in,0.3695118973974331
DFL-MAT-J041Y0,0,throw_in,0.546704653167737
DFL-MAT-J041Y0,1,throw_in,0.3546659158112156
DFL-MAT-J041Y0,1,throw_in,0.5639627266877677
DFL-MAT-J041Y0,1,throw_in,0.5027331460503701
DFL-MAT-J041Y0,1,throw_in,0.3246240338846913
DFL-MAT-J041Y0,1,throw_in,0.3251327721536857
DFL-MAT-J041Y0,1,throw_in,0.314045573023315
DFL-MAT-J041Y0,1,throw_in,0.3752432808164914
DFL-MAT-J041Y0,1,throw_in,0.4632493900332996
DFL-MAT-J041Y0,0,goal_kick,0.412087388923116
DFL-MAT-J041Y0,0,goal_kick,0.5013771524600651
DFL-MAT-J041Y0,0,goal_kick,0.5670072569160108
DFL-MAT-J041Y0,0,goal_kick,0.3956580081409994
DFL-MAT-J041Y0,0,goal_kick,0.4837800750432043
DFL-MAT-J041Y0,0,goal_kick,0.579324321967079
DFL-MAT-J041Y0,0,throw_in,0.5209951858416718
DFL-MAT-J041Y0,1,throw_in,0.474967402297887
DFL-MAT-J041Y0,1,throw_in,0.5339564156130616
DFL-MAT-J041Y0,1,throw_in,0.4316563291078825
DFL-MAT-J041Y0,1,throw_in,0.5906567799024945
DFL-MAT-J041Y0,1,throw_in,0.6295087357077427
DFL-MAT-J041Y0,0,goal_kick,0.3472262919384757
DFL-MAT-J041Y0,0,goal_kick,0.5386236866310646
DFL-MAT-J041Y0,0,goal_kick,0.640558903836901
DFL-MAT-J041Y0,0,throw_in,0.4976331854342561
DFL-MAT-J041Y0,0,throw_in,0.4521614789603377
DFL-MAT-J041Y0,0,throw_in,0.5235295759601897
DFL-MAT-J041Y0,0,throw_in,0.683387701865092
DFL-MAT-J041Y0,0,throw_in,0.6166414469327409
DFL-MAT-J041Y0,0,throw_in,0.5449781933527009
DFL-MAT-J041Y0,0,throw_in,0.6050337243132891
DFL-MAT-J041Y0,0,throw_in,0.586593256903587
DFL-MAT-J041Y0,0,throw_in,0.3943710460274254
DFL-MAT-J041Y0,0,throw_in,0.2519285307445332
DFL-MAT-J041Y0,0,throw_in,0.2346889521048158
DFL-MAT-J041Y0,0,throw_in,0.2879111389319556
DFL-MAT-J041Y0,0,throw_in,0.4662177880240892
DFL-MAT-J041Y0,0,throw_in,0.5950871594505792
DFL-MAT-J041Y0,0,throw_in,0.4227944878531972
DFL-MAT-J041Y0,0,throw_in,0.3604493224376034
DFL-MAT-J041Y0,0,throw_in,0.2739722930448587
DFL-MAT-J041Y0,1,goal_kick,0.3552800168466463
DFL-MAT-J041Y0,1,goal_kick,0.424956971988769
DFL-MAT-J041Y0,1,goal_kick,0.3056636881782236
DFL-MAT-J041Y0,1,goal_kick,0.3718094850168642
DFL-MAT-J041Y0,0,throw_in,0.329941941878362
DFL-MAT-J041Y0,0,throw_in,0.5907878982058972
DFL-MAT-J041Y0,1,goal_kick,0.4797429451698118
DFL-MAT-J041Y0,1,throw_in,0.3372930852266906
DFL-MAT-J041Y0,1,throw_in,0.2589386675490669
DFL-MAT-J041Y0,1,throw_in,0.3507769759503205
DFL-MAT-J041Y0,1,throw_in,0.2728144563653696
DFL-MAT-J041Y0,1,throw_in,0.2756791550908191
DFL-MAT-J041Y0,1,throw_in,0.3131296008835869
DFL-MAT-J041Y0,1,throw_in,0.3363016055489654
DFL-MAT-J041Y0,1,throw_in,0.3131701016062557
DFL-MAT-J041Y0,1,throw_in,0.4528229488523642
DFL-MAT-J041Y0,1,throw_in,0.5605444093749048
DFL-MAT-J041Y0,1,throw_in,0.4385750378436053
DFL-MAT-J041Y0,1,throw_in,0.4539228258911682
DFL-MAT-J041Y0,1,throw_in,0.4489772493698519
DFL-MAT-J041Y0,1,throw_in,0.5272660144489888
DFL-MAT-J041Y0,1,throw_in,0.4234647079602083
DFL-MAT-J041Y0,1,throw_in,0.3403819393048727
DFL-MAT-J041Y0,1,throw_in,0.4905973876561907
DFL-MAT-J041Y0,1,throw_in,0.4956829453390768
DFL-MAT-J041Y0,1,throw_in,0.4898596772725877
DFL-MAT-J041Y0,1,goal_kick,0.4611674684764937
DFL-MAT-J041Y0,1,goal_kick,0.4913489295950543
DFL-MAT-J041Y0,1,goal_kick,0.3522954500657451
DFL-MAT-J041Y0,1,goal_kick,0.5909390371345343
DFL-MAT-J041YE,1,goal_kick,0.2285897711217081
DFL-MAT-J041YE,1,goal_kick,0.2035507508528969
DFL-MAT-J041YE,1,goal_kick,0.268309492336653
DFL-MAT-J041YE,1,goal_kick,0.4022984017201763
DFL-MAT-J041YE,1,goal_kick,0.3224423680096597
DFL-MAT-J041YE,1,throw_in,0.2789564659398958
DFL-MAT-J041YE,1,throw_in,0.295365736894288
DFL-MAT-J041YE,1,throw_in,0.2789658628637504
DFL-MAT-J041YE,1,throw_in,0.5436992138930694
DFL-MAT-J041YE,1,throw_in,0.4280150125014146
DFL-MAT-J041YE,1,goal_kick,0.2616626813189354
DFL-MAT-J041YE,1,goal_kick,0.226868343113797
DFL-MAT-J041YE,1,goal_kick,0.2258244885723366
DFL-MAT-J041YE,1,goal_kick,0.2723891883707315
DFL-MAT-J041YE,1,goal_kick,0.3497707742532795
DFL-MAT-J041YE,1,throw_in,0.317644634575357
DFL-MAT-J041YE,1,goal_kick,0.4238351622549606
DFL-MAT-J041YE,1,throw_in,0.2948721386694562
DFL-MAT-J041YE,1,throw_in,0.2827388856721561
DFL-MAT-J041YE,1,throw_in,0.2656286186850046
DFL-MAT-J041YE,1,throw_in,0.4422334261674642
DFL-MAT-J041YE,1,throw_in,0.4170212081846892
DFL-MAT-J041YE,1,throw_in,0.2411018107390177
DFL-MAT-J041YE,1,corner,0.3248266044592229
DFL-MAT-J041YE,1,corner,0.5339904369661246
DFL-MAT-J041YE,1,corner,0.3774262354321908
DFL-MAT-J041YE,1,corner,0.3885008764997537
DFL-MAT-J041YE,1,throw_in,0.3513785994641822
DFL-MAT-J041YE,1,throw_in,0.378874953747211
DFL-MAT-J041YE,1,throw_in,0.4550284906013074
DFL-MAT-J041YE,1,throw_in,0.3947427187018413
DFL-MAT-J041YE,1,goal_kick,0.3253161875667511
DFL-MAT-J041YE,1,goal_kick,0.3148772270707566
DFL-MAT-J041YE,1,goal_kick,0.3160738399004683
DFL-MAT-J041YE,1,goal_kick,0.3923909604439973
DFL-MAT-J041YE,1,throw_in,0.4461013923080917
DFL-MAT-J041YE,1,throw_in,0.3621462351825068
DFL-MAT-J041YE,1,throw_in,0.3747952923843728
DFL-MAT-J041YE,1,throw_in,0.3691530033266126
DFL-MAT-J041YE,1,throw_in,0.343126360640736
DFL-MAT-J041YE,1,throw_in,0.3070714030547034
DFL-MAT-J041YE,1,throw_in,0.2980827911817617
DFL-MAT-J041YE,1,throw_in,0.3034753001703297
DFL-MAT-J041YE,1,throw_in,0.3181325648282092
DFL-MAT-J041YE,1,throw_in,0.3247900515632495
DFL-MAT-J041YE,1,goal_kick,0.4048453340117511
DFL-MAT-J041YE,1,goal_kick,0.4499913761933541
DFL-MAT-J041YE,1,goal_kick,0.483781893176629
DFL-MAT-J041YE,1,throw_in,0.390074478979898
DFL-MAT-J041YE,1,throw_in,0.3286207449617718
DFL-MAT-J041YE,1,throw_in,0.566434655982591
DFL-MAT-J041YE,1,throw_in,0.4845753196096836
DFL-MAT-J041YE,1,throw_in,0.6062168514364712
DFL-MAT-J041YE,1,goal_kick,0.2204680843390359
DFL-MAT-J041YE,1,goal_kick,0.2292183657361551
DFL-MAT-J041YE,1,goal_kick,0.313022009138272
DFL-MAT-J041YE,1,goal_kick,0.3370394382109868
DFL-MAT-J041YE,1,goal_kick,0.4773063917310139
DFL-MAT-J041YE,1,throw_in,0.3071603841848974
DFL-MAT-J041YE,1,throw_in,0.3938568888387576
DFL-MAT-J041YE,1,throw_in,0.4104158001206555
DFL-MAT-J041YE,1,throw_in,0.4573337377822107
DFL-MAT-J041YE,1,goal_kick,0.3018531180511403
DFL-MAT-J041YE,1,goal_kick,0.3197909254734914
DFL-MAT-J041YE,1,goal_kick,0.2751507962401331
DFL-MAT-J041YE,1,goal_kick,0.3648786142275766
DFL-MAT-J041YE,1,goal_kick,0.3695090701641688
DFL-MAT-J041YE,1,throw_in,0.5412844483361553
DFL-MAT-J041YE,1,goal_kick,0.2486016246518411
DFL-MAT-J041YE,1,goal_kick,0.2615820128535427
DFL-MAT-J041YE,1,goal_kick,0.1912369757002673
DFL-MAT-J041YE,1,goal_kick,0.3317973022797257
DFL-MAT-J041YE,1,throw_in,0.4116419987929237
DFL-MAT-J041YE,1,throw_in,0.4060916085323284
DFL-MAT-J041YE,1,throw_in,0.3750981678087873
DFL-MAT-J041YE,1,throw_in,0.4640029661848266
DFL-MAT-J041YE,1,goal_kick,0.2724820922689234
DFL-MAT-J041YE,1,goal_kick,0.2451647054523579
DFL-MAT-J041YE,1,goal_kick,0.178839517848278
DFL-MAT-J041YE,1,goal_kick,0.1602976732770916
DFL-MAT-J041YE,1,corner,0.4195775206731115
DFL-MAT-J041YE,1,corner,0.5068603736066634
DFL-MAT-J041YE,1,corner,0.519582452457382
DFL-MAT-J041YE,1,corner,0.5819159578472064
DFL-MAT-J041YE,1,corner,0.3890103739917198
DFL-MAT-J041YE,1,throw_in,0.577358668517662
DFL-MAT-J041YE,1,throw_in,0.601905933168775
DFL-MAT-J041YE,1,throw_in,0.6419655177888457
DFL-MAT-J041YE,1,throw_in,0.4863964344311879
DFL-MAT-J041YE,1,throw_in,0.4634761369888238
DFL-MAT-J041YE,1,throw_in,0.568836761821893
DFL-MAT-J041YE,1,throw_in,0.5396055426121675
DFL-MAT-J041YE,1,goal_kick,0.1939079610753893
DFL-MAT-J041YE,1,goal_kick,0.2586014067837823
DFL-MAT-J041YE,1,goal_kick,0.2383534497882079
DFL-MAT-J041YE,1,goal_kick,0.3524885150710552
DFL-MAT-J041YE,1,goal_kick,0.6015972700904407
DFL-MAT-J041YE,1,goal_kick,0.1939925359571258
DFL-MAT-J041YE,1,goal_kick,0.3518258677399395
DFL-MAT-J041YE,1,goal_kick,0.3074313889392404
DFL-MAT-J041YE,1,goal_kick,0.3829511229250545
DFL-MAT-J041YE,1,corner,0.4081953334520357
DFL-MAT-J041YE,1,corner,0.4535476200190572
DFL-MAT-J041YE,1,corner,0.4550668851771354
DFL-MAT-J041YE,1,corner,0.4921324486888093
DFL-MAT-J041YE,1,corner,0.379913018496203
DFL-MAT-J041YE,1,throw_in,0.2520227035789817
DFL-MAT-J041YE,1,throw_in,0.2907067860410966
DFL-MAT-J041YE,1,throw_in,0.452636927185069
DFL-MAT-J041YE,1,goal_kick,0.187245671351524
DFL-MAT-J041YE,1,goal_kick,0.180942293668315
DFL-MAT-J041YE,1,goal_kick,0.1875215285837161
DFL-MAT-J041YE,1,goal_kick,0.1996112736159015
DFL-MAT-J041YE,1,goal_kick,0.1312462551920312
DFL-MAT-J041YE,1,corner,0.4734934793424801
DFL-MAT-J041YE,1,corner,0.4732522012258957
DFL-MAT-J041YE,1,corner,0.4241205300934466
DFL-MAT-J041YE,1,corner,0.2990123508170522
DFL-MAT-J041YE,1,throw_in,0.42259310566038
DFL-MAT-J041YE,1,throw_in,0.4993781639923761
DFL-MAT-J041YE,1,throw_in,0.374296810777103
DFL-MAT-J041YE,1,goal_kick,0.279240226058678
DFL-MAT-J041YE,1,goal_kick,0.2829187877575456
DFL-MAT-J041YE,1,goal_kick,0.2265203611283764
DFL-MAT-J041YE,1,goal_kick,0.2596017064842081
DFL-MAT-J041YE,1,throw_in,0.533705862520306
DFL-MAT-J041YE,1,throw_in,0.3222384972228453
DFL-MAT-J041YE,1,throw_in,0.4156370967966142
DFL-MAT-J041YE,1,throw_in,0.5448876724767387
DFL-MAT-J041YE,1,throw_in,0.3066502470787752
DFL-MAT-J041YE,1,throw_in,0.2882029812678882
DFL-MAT-J041YE,1,throw_in,0.3061175242216695
DFL-MAT-J041YE,1,goal_kick,0.2626063600051719
DFL-MAT-J041YE,1,goal_kick,0.4338937223689874
DFL-MAT-J041YE,1,goal_kick,0.3750831969196271
DFL-MAT-J041YE,1,goal_kick,0.3004504500289641
DFL-MAT-J041YE,1,goal_kick,0.3310656113098451
DFL-MAT-J041YE,1,throw_in,0.3136978719733358
DFL-MAT-J041YE,1,throw_in,0.3341566706956915
DFL-MAT-J041YE,1,throw_in,0.4586794228007858
DFL-MAT-J041YE,1,throw_in,0.4974968129648751
DFL-MAT-J041YE,1,throw_in,0.4260723452498746
DFL-MAT-J041YE,1,goal_kick,0.2441080221489095
DFL-MAT-J041YE,1,goal_kick,0.2206716671245093
DFL-MAT-J041YE,1,goal_kick,0.1739209776885885
DFL-MAT-J041YE,1,goal_kick,0.260499420205503
DFL-MAT-J041YE,1,goal_kick,0.2704588038897893
DFL-MAT-J041YN,1,throw_in,0.3082363133890921
DFL-MAT-J041YN,1,throw_in,0.514247373300406
DFL-MAT-J041YN,1,throw_in,0.3469696150471326
DFL-MAT-J041YN,1,throw_in,0.3605437713163204
DFL-MAT-J041YN,1,throw_in,0.3338177838490637
DFL-MAT-J041YN,0,throw_in,0.4767469086357921
DFL-MAT-J041YN,0,throw_in,0.5206779486443257
DFL-MAT-J041YN,0,throw_in,0.4917104121841371
DFL-MAT-J041YN,0,throw_in,0.3102297001960308
DFL-MAT-J041YN,0,throw_in,0.3047299829887945
DFL-MAT-J041YN,0,throw_in,0.306717635216352
DFL-MAT-J041YN,0,throw_in,0.265487875792186
DFL-MAT-J041YN,1,goal_kick,0.2765992088145635
DFL-MAT-J041YN,1,goal_kick,0.3931832952163949
DFL-MAT-J041YN,1,goal_kick,0.4298588076610148
DFL-MAT-J041YN,1,goal_kick,0.3151569677210443
DFL-MAT-J041YN,1,goal_kick,0.3061831466953099
DFL-MAT-J041YN,1,throw_in,0.3985835848219007
DFL-MAT-J041YN,1,throw_in,0.381070901292635
DFL-MAT-J041YN,1,throw_in,0.4471912150698685
DFL-MAT-J041YN,1,throw_in,0.4400139004522285
DFL-MAT-J041YN,1,throw_in,0.3417685640170619
DFL-MAT-J041YN,0,goal_kick,0.2473622824245459
DFL-MAT-J041YN,0,goal_kick,0.2016421414952363
DFL-MAT-J041YN,0,goal_kick,0.3005779773187466
DFL-MAT-J041YN,0,goal_kick,0.283236692100217
DFL-MAT-J041YN,0,goal_kick,0.2707362255428313
DFL-MAT-J041YN,0,goal_kick,0.3270256252520139
DFL-MAT-J041YN,0,goal_kick,0.2634271250893103
DFL-MAT-J041YN,0,goal_kick,0.3007224703739869
DFL-MAT-J041YN,0,goal_kick,0.4929032279781828
DFL-MAT-J041YN,0,goal_kick,0.4737630426623558
DFL-MAT-J041YN,0,throw_in,0.3533901303218921
DFL-MAT-J041YN,0,throw_in,0.2822958670080305
DFL-MAT-J041YN,0,throw_in,0.3736870411148841
DFL-MAT-J041YN,0,throw_in,0.4719830824545793
DFL-MAT-J041YN,0,throw_in,0.2864554735880721
DFL-MAT-J041YN,0,throw_in,0.4025596778830211
DFL-MAT-J041YN,0,throw_in,0.4122795465979853
DFL-MAT-J041YN,0,throw_in,0.367914072457663
DFL-MAT-J041YN,0,throw_in,0.472799692699701
DFL-MAT-J041YN,0,throw_in,0.3285067280613105
DFL-MAT-J041YN,0,goal_kick,0.2523648629851293
DFL-MAT-J041YN,0,goal_kick,0.2205202888533065
DFL-MAT-J041YN,0,goal_kick,0.1953647339919178
DFL-MAT-J041YN,0,goal_kick,0.2709624748710853
DFL-MAT-J041YN,0,throw_in,0.2232716002273446
DFL-MAT-J041YN,0,throw_in,0.5506720709078077
DFL-MAT-J041YN,0,throw_in,0.5080915268553211
DFL-MAT-J041YN,0,throw_in,0.3921539067796508
DFL-MAT-J041YN,0,throw_in,0.3912229477710413
DFL-MAT-J041YN,1,throw_in,0.3645700000150186
DFL-MAT-J041YN,1,throw_in,0.5462944080260783
DFL-MAT-J041YN,1,throw_in,0.5444025683074913
DFL-MAT-J041YN,0,throw_in,0.2844372023827948
DFL-MAT-J041YN,0,throw_in,0.3221875239751905
DFL-MAT-J041YN,0,throw_in,0.3831879417132466
DFL-MAT-J041YN,0,throw_in,0.4988255528586079
DFL-MAT-J041YN,0,throw_in,0.3694839351161353
DFL-MAT-J041YN,0,goal_kick,0.2615978004633349
DFL-MAT-J041YN,0,goal_kick,0.246154088537929
DFL-MAT-J041YN,0,goal_kick,0.2397394898021323
DFL-MAT-J041YN,0,goal_kick,0.2965591459456331
DFL-MAT-J041YN,0,goal_kick,0.2579997751589519
DFL-MAT-J041YN,0,throw_in,0.345183921711066
DFL-MAT-J041YN,0,throw_in,0.4662794515677453
DFL-MAT-J041YN,0,throw_in,0.4507263674002619
DFL-MAT-J041YN,0,throw_in,0.4006668022568121
DFL-MAT-J041YN,0,throw_in,0.3932954244281658
DFL-MAT-J041YN,0,throw_in,0.2795671510449107
DFL-MAT-J041YN,0,throw_in,0.4380335680857518
DFL-MAT-J041YN,0,throw_in,0.5143631486852505
DFL-MAT-J041YN,0,goal_kick,0.287367318468037
DFL-MAT-J041YN,0,goal_kick,0.3756030480626759
DFL-MAT-J041YN,0,goal_kick,0.4126166202440937
DFL-MAT-J041YN,0,goal_kick,0.4284375281009758
DFL-MAT-J041YN,0,goal_kick,0.4751750064777504
DFL-MAT-J041YN,1,throw_in,0.356439674791018
DFL-MAT-J041YN,1,throw_in,0.3470193676831012
DFL-MAT-J041YN,1,throw_in,0.2521756227159542
DFL-MAT-J041YN,1,throw_in,0.3003974362187027
DFL-MAT-J041YN,1,throw_in,0.325010530339118
DFL-MAT-J041YN,1,goal_kick,0.3693982177310556
DFL-MAT-J041YN,1,goal_kick,0.3712147685590707
DFL-MAT-J041YN,1,goal_kick,0.3062194189463672
DFL-MAT-J041YN,0,goal_kick,0.2497893792960564
DFL-MAT-J041YN,0,goal_kick,0.247159697764467
DFL-MAT-J041YN,0,goal_kick,0.2388605544782325
DFL-MAT-J041YN,1,throw_in,0.2974606837376278
DFL-MAT-J041YN,1,throw_in,0.2589701621803902
DFL-MAT-J041YN,1,throw_in,0.3461828238701392
DFL-MAT-J041YN,1,throw_in,0.3598822472332472
DFL-MAT-J041YN,1,throw_in,0.3968483012405261
DFL-MAT-J041YN,1,throw_in,0.2339373417924609
DFL-MAT-J041YN,1,throw_in,0.2142127012250824
DFL-MAT-J041YN,1,throw_in,0.287401818966925
DFL-MAT-J041YN,1,throw_in,0.3396863901405056
DFL-MAT-J041YN,1,throw_in,0.3932988697382014
DFL-MAT-J041YN,1,goal_kick,0.3061605212862239
DFL-MAT-J041YN,1,goal_kick,0.3349208953351167
DFL-MAT-J041YN,1,goal_kick,0.4104847327013672
DFL-MAT-J041YN,1,goal_kick,0.318835022386342
DFL-MAT-J041YN,1,goal_kick,0.2080044026789035
DFL-MAT-J041YN,1,goal_kick,0.1966347298255826
DFL-MAT-J041YN,1,goal_kick,0.2472888905549499
DFL-MAT-J041YN,1,throw_in,0.4126784863689079
DFL-MAT-J041YN,1,throw_in,0.498984585611029
DFL-MAT-J041YN,1,corner,0.5548699400648159
DFL-MAT-J041YN,0,goal_kick,0.3731502716597499
DFL-MAT-J041YN,0,goal_kick,0.4561787680149925
DFL-MAT-J041YN,0,goal_kick,0.5567714364021277
DFL-MAT-J041YN,0,throw_in,0.3438931393713085
DFL-MAT-J041YN,0,throw_in,0.2953732802590512
DFL-MAT-J041YN,0,throw_in,0.4209629881810767
DFL-MAT-J041YN,0,throw_in,0.4085059370560976
DFL-MAT-J041YN,0,throw_in,0.4044921087759737
DFL-MAT-J041YN,1,goal_kick,0.3274424928528689
DFL-MAT-J041YN,1,goal_kick,0.3869486141520288
DFL-MAT-J041YN,1,goal_kick,0.3410908935145473
DFL-MAT-J041YN,1,goal_kick,0.3212948446943567
DFL-MAT-J041YN,1,throw_in,0.3189210585781721
DFL-MAT-J041YN,1,throw_in,0.2517880737776444
DFL-MAT-J041YN,1,throw_in,0.2499436909377574
DFL-MAT-J041YN,1,throw_in,0.3987740051930042
DFL-MAT-J041YN,1,throw_in,0.4786977590656517
DFL-MAT-J041YN,0,goal_kick,0.2966066175656712
DFL-MAT-J041YN,0,goal_kick,0.2084581986553435
DFL-MAT-J041YN,0,goal_kick,0.2042782523471358
DFL-MAT-J041YN,0,goal_kick,0.2234734622853727
DFL-MAT-J041YN,0,goal_kick,0.3454677364566114
DFL-MAT-J041YN,0,goal_kick,0.3122208765042982
DFL-MAT-J041YN,0,goal_kick,0.3785711137199077
DFL-MAT-J041YN,0,goal_kick,0.2879515982990351
DFL-MAT-J041YN,0,goal_kick,0.331346006088117
DFL-MAT-J041YN,0,goal_kick,0.3111115572790068
DFL-MAT-J041YN,0,goal_kick,0.3111049877116211
DFL-MAT-J041YN,0,goal_kick,0.3794894940943609
DFL-MAT-J041YN,0,goal_kick,0.299042622934318
DFL-MAT-J041YN,0,goal_kick,0.2814736782366871
DFL-MAT-J041YN,0,goal_kick,0.3246201792589998
DFL-MAT-J041YN,0,goal_kick,0.3955416644220306
DFL-MAT-J041YN,0,goal_kick,0.2993047363925118
DFL-MAT-J041YN,0,goal_kick,0.3444369402368279
DFL-MAT-J041YN,0,goal_kick,0.3834230630749901
DFL-MAT-J041YN,0,goal_kick,0.2596788293155795
DFL-MAT-J041YN,0,goal_kick,0.2589849182512758
DFL-MAT-J041YN,0,goal_kick,0.2344687533234486
DFL-MAT-J041YN,0,goal_kick,0.2562923039010863
DFL-MAT-J041YN,0,goal_kick,0.2744090137611847
DFL-MAT-J041YN,1,throw_in,0.3038407585969486
DFL-MAT-J041YN,1,throw_in,0.2661347385151474
DFL-MAT-J041YN,1,throw_in,0.2693541549367022
DFL-MAT-J041YN,1,throw_in,0.2986252622920275
DFL-MAT-J041YN,1,throw_in,0.2835790169545706
DFL-MAT-J041YN,1,throw_in,0.4262454402808728
DFL-MAT-J041YN,1,throw_in,0.3962918425450798
DFL-MAT-J041YN,0,throw_in,0.5232211680255753
DFL-MAT-J041YN,1,goal_kick,0.2434709824024877
DFL-MAT-J041YN,1,goal_kick,0.2354145607648228
DFL-MAT-J041YN,1,goal_kick,0.2357577265241546
DFL-MAT-J041YN,1,goal_kick,0.2866887439997612
DFL-MAT-J041YN,0,corner,0.3434523414052035
DFL-MAT-J041YN,0,corner,0.6336588037347589
DFL-MAT-J041YN,0,corner,0.5212224950716972
DFL-MAT-J041YN,0,corner,0.4291959734876614
DFL-MAT-J041YN,0,corner,0.3844443456976023
DFL-MAT-J041YN,0,corner,0.197852395070406
DFL-MAT-J041YN,0,corner,0.2169241586066482
DFL-MAT-J041YN,0,corner,0.1928189461828692
DFL-MAT-J041YN,0,corner,0.5314023247186854
DFL-MAT-J041YN,0,corner,0.4760689924816038
DFL-MAT-J041YN,1,goal_kick,0.2411937417823939
DFL-MAT-J041YN,1,goal_kick,0.1749554248183432
DFL-MAT-J041YN,1,goal_kick,0.2612910434734205
DFL-MAT-J041YN,1,goal_kick,0.3581164381516873
DFL-MAT-J041YN,1,goal_kick,0.4266406658364698
DFL-MAT-J041YN,1,throw_in,0.2811003968019477
DFL-MAT-J041YN,1,throw_in,0.2689310391564621
DFL-MAT-J041YN,1,throw_in,0.2757039656516721
DFL-MAT-J041YN,1,throw_in,0.2606838104637218
DFL-MAT-J041YN,1,throw_in,0.3066802069166496
DFL-MAT-J041YN,1,throw_in,0.3125874662660514
DFL-MAT-J041YN,1,throw_in,0.2649461252220817
DFL-MAT-J041YN,1,throw_in,0.2580161074583745
DFL-MAT-J041YN,1,throw_in,0.2673553776260839
DFL-MAT-J041YN,1,throw_in,0.271934807807027
DFL-MAT-J041YN,1,corner,0.5056235793508969
DFL-MAT-J041YN,0,corner,0.3387147343381236
DFL-MAT-J041YN,0,corner,0.352523744859179
DFL-MAT-J041YN,0,corner,0.2886302811264454
DFL-MAT-J041YN,0,corner,0.2641723184000604
DFL-MAT-J041YN,0,corner,0.2503336902313292
DFL-MAT-J041YN,1,corner,0.5458590747701588
DFL-MAT-J041YN,1,corner,0.6151476941654235
DFL-MAT-J041YN,1,corner,0.6383602835304089
DFL-MAT-J041YN,1,corner,0.6306906238419008
DFL-MAT-J041YN,0,corner,0.5167638961301996
DFL-MAT-J041YN,0,corner,0.6067745928921132
DFL-MAT-J041YN,0,corner,0.3794392697754817
DFL-MAT-J041YN,0,corner,0.3692829227063454
DFL-MAT-J041YN,0,corner,0.4522539339348213
DFL-MAT-J041YN,0,corner,0.1817168477010869
DFL-MAT-J041YN,0,corner,0.4265191951022678
DFL-MAT-J041YN,0,throw_in,0.2567227455816667
DFL-MAT-J041YN,0,throw_in,0.2244287396135745
DFL-MAT-J041YN,0,throw_in,0.2348125287167541
DFL-MAT-J041YN,0,throw_in,0.2802821410351351
DFL-MAT-J041YN,0,throw_in,0.3898557889027885
DFL-MAT-J041YN,1,throw_in,0.5464591262235099
DFL-MAT-J041YN,1,throw_in,0.4309574027566065
DFL-MAT-J041YN,1,throw_in,0.3192965086681388
DFL-MAT-J041YN,1,throw_in,0.2558677863820592
DFL-MAT-J041YN,1,throw_in,0.2749736113815375
DFL-MAT-J041YN,1,goal_kick,0.3348197706901471
DFL-MAT-J041YN,0,throw_in,0.5131790663863842
DFL-MAT-J041YN,0,throw_in,0.3479281021027175
DFL-MAT-J041YN,0,throw_in,0.3851808672500463
DFL-MAT-J041YN,0,throw_in,0.5118308417401666
DFL-MAT-J041YN,0,throw_in,0.5748141072424472
DFL-MAT-J041YN,1,throw_in,0.4416717975413906
DFL-MAT-J041YN,1,throw_in,0.4844784824071323
DFL-MAT-J041YN,1,throw_in,0.3901112993571022
DFL-MAT-J041YN,1,throw_in,0.2630515155189142
DFL-MAT-J041YN,1,throw_in,0.219001352299741
DFL-MAT-J041YV,0,throw_in,0.2914094803836078
DFL-MAT-J041YV,0,throw_in,0.3624002693296332
DFL-MAT-J041YV,0,throw_in,0.3391566072738444
DFL-MAT-J041YV,0,throw_in,0.2781819584080799
DFL-MAT-J041YV,0,throw_in,0.2863236256630238
DFL-MAT-J041YV,1,throw_in,0.423773613898932
DFL-MAT-J041YV,1,throw_in,0.4656439375107287
DFL-MAT-J041YV,1,throw_in,0.3602782588364968
DFL-MAT-J041YV,1,throw_in,0.3060627260695296
DFL-MAT-J041YV,1,throw_in,0.3815418605798178
DFL-MAT-J041YV,1,corner,0.3919697855555176
DFL-MAT-J041YV,1,corner,0.4747896974253115
DFL-MAT-J041YV,1,corner,0.4787680072907103
DFL-MAT-J041YV,1,corner,0.3867465683413877
DFL-MAT-J041YV,1,corner,0.2593886120026921
DFL-MAT-J041YV,1,throw_in,0.4591350548105065
DFL-MAT-J041YV,1,throw_in,0.3398854152396351
DFL-MAT-J041YV,1,throw_in,0.360466322847093
DFL-MAT-J041YV,1,throw_in,0.5521722012536109
DFL-MAT-J041YV,1,throw_in,0.300407304767012
DFL-MAT-J041YV,1,throw_in,0.3329790889866637
DFL-MAT-J041YV,1,throw_in,0.3416929850160322
DFL-MAT-J041YV,1,throw_in,0.4092920317116355
DFL-MAT-J041YV,1,throw_in,0.4171123071393005
DFL-MAT-J041YV,1,throw_in,0.5151907859361711
DFL-MAT-J041YV,1,throw_in,0.3356160630571009
DFL-MAT-J041YV,0,goal_kick,0.323169795357523
DFL-MAT-J041YV,0,goal_kick,0.2713840241197192
DFL-MAT-J041YV,0,goal_kick,0.297756117981441
DFL-MAT-J041YV,0,goal_kick,0.3491720029607003
DFL-MAT-J041YV,0,goal_kick,0.5375940702511359
DFL-MAT-J041YV,1,goal_kick,0.2606472393471942
DFL-MAT-J041YV,1,goal_kick,0.2623401377502811
DFL-MAT-J041YV,1,goal_kick,0.3440080164118122
DFL-MAT-J041YV,1,goal_kick,0.3158008963993973
DFL-MAT-J041YV,1,goal_kick,0.3283427542063526
DFL-MAT-J041YV,0,throw_in,0.4089158851060227
DFL-MAT-J041YV,0,throw_in,0.38549645242589
DFL-MAT-J041YV,0,throw_in,0.3859291328327587
DFL-MAT-J041YV,0,throw_in,0.3840650748153975
DFL-MAT-J041YV,0,throw_in,0.3482451307351385
DFL-MAT-J041YV,0,goal_kick,0.2291487534408934
DFL-MAT-J041YV,0,goal_kick,0.1874008651124367
DFL-MAT-J041YV,0,goal_kick,0.1801106464661965
DFL-MAT-J041YV,0,goal_kick,0.2571834557310705
DFL-MAT-J041YV,0,goal_kick,0.2272815081732189
DFL-MAT-J041YV,1,throw_in,0.376522794255488
DFL-MAT-J041YV,1,throw_in,0.2661889655456706
DFL-MAT-J041YV,1,throw_in,0.3527320010791438
DFL-MAT-J041YV,1,throw_in,0.3326411618022464
DFL-MAT-J041YV,1,throw_in,0.4548673835753864
DFL-MAT-J041YV,1,throw_in,0.5607862428910831
DFL-MAT-J041YV,1,throw_in,0.3527851735483661
DFL-MAT-J041YV,0,throw_in,0.3371297840561145
DFL-MAT-J041YV,0,throw_in,0.3679500591190001
DFL-MAT-J041YV,0,throw_in,0.2695183277013322
DFL-MAT-J041YV,0,throw_in,0.3281521880519236
DFL-MAT-J041YV,0,throw_in,0.3231229243937933
DFL-MAT-J041YV,0,goal_kick,0.2548125298145643
DFL-MAT-J041YV,0,goal_kick,0.2479578416222565
DFL-MAT-J041YV,0,goal_kick,0.3403836210644551
DFL-MAT-J041YV,0,goal_kick,0.262480632314805
DFL-MAT-J041YV,1,throw_in,0.3447514286721204
DFL-MAT-J041YV,1,throw_in,0.266178099938839
DFL-MAT-J041YV,1,throw_in,0.3167470999282589
DFL-MAT-J041YV,1,throw_in,0.2700886438475222
DFL-MAT-J041YV,1,throw_in,0.3707705291394771
DFL-MAT-J041YV,0,throw_in,0.3209268266455518
DFL-MAT-J041YV,0,throw_in,0.2927925209534089
DFL-MAT-J041YV,0,throw_in,0.2610127341425022
DFL-MAT-J041YV,0,corner,0.5417603953066603
DFL-MAT-J041YV,0,corner,0.4295861656252828
DFL-MAT-J041YV,0,corner,0.3120567655080993
DFL-MAT-J041YV,0,corner,0.3100535384712581
DFL-MAT-J041YV,0,corner,0.3295692455168534
DFL-MAT-J041YV,1,throw_in,0.3291356902160893
DFL-MAT-J041YV,1,throw_in,0.3931893713424398
DFL-MAT-J041YV,1,throw_in,0.3627390594126846
DFL-MAT-J041YV,1,throw_in,0.3854135587497605
DFL-MAT-J041YV,1,throw_in,0.4440841578339246
DFL-MAT-J041YV,0,throw_in,0.4976990416197859
DFL-MAT-J041YV,1,throw_in,0.2757933143441061
DFL-MAT-J041YV,1,throw_in,0.3222797681878017
DFL-MAT-J041YV,1,throw_in,0.2608662884728209
DFL-MAT-J041YV,1,throw_in,0.2193241792009463
DFL-MAT-J041YV,1,throw_in,0.3573151998164136
DFL-MAT-J041YV,1,goal_kick,0.3591667657265344
DFL-MAT-J041YV,1,goal_kick,0.2942543804170396
DFL-MAT-J041YV,1,goal_kick,0.2462022731898946
DFL-MAT-J041YV,1,goal_kick,0.3195046853473901
DFL-MAT-J041YV,1,goal_kick,0.4296634738894722
DFL-MAT-J041YV,0,throw_in,0.2556366820370746
DFL-MAT-J041YV,0,throw_in,0.2417637078923325
DFL-MAT-J041YV,0,throw_in,0.2484496815366723
DFL-MAT-J041YV,1,throw_in,0.3677304451324045
DFL-MAT-J041YV,1,throw_in,0.3311205695722201
DFL-MAT-J041YV,1,throw_in,0.3440807404410204
DFL-MAT-J041YV,1,throw_in,0.3142540436734864
DFL-MAT-J041YV,1,throw_in,0.2844283797661296
DFL-MAT-J041YV,1,throw_in,0.3494935636319877
DFL-MAT-J041YV,1,throw_in,0.3423638059714174
DFL-MAT-J041YV,1,throw_in,0.290059221929628
DFL-MAT-J041YV,1,throw_in,0.2364329417000985
DFL-MAT-J041YV,1,goal_kick,0.267501804846976
DFL-MAT-J041YV,1,goal_kick,0.2592898705217992
DFL-MAT-J041YV,1,goal_kick,0.2907470568114753
DFL-MAT-J041YV,1,goal_kick,0.3310309582498121
DFL-MAT-J041YV,1,goal_kick,0.2888407586689088
DFL-MAT-J041YV,1,throw_in,0.3848925575111111
DFL-MAT-J041YV,1,throw_in,0.4157081086917619
DFL-MAT-J041YV,1,throw_in,0.4673888583554649
DFL-MAT-J041YV,1,throw_in,0.4594163986803562
DFL-MAT-J041YV,1,throw_in,0.6110937305540253
DFL-MAT-J041YV,1,throw_in,0.2686471155807781
DFL-MAT-J041YV,1,throw_in,0.317830332604995
DFL-MAT-J041YV,1,throw_in,0.3571836294900977
DFL-MAT-J041YV,1,throw_in,0.3505817865298062
DFL-MAT-J041YV,1,throw_in,0.2961111363720826
DFL-MAT-J041YV,1,throw_in,0.4627323515506901
DFL-MAT-J041YV,0,throw_in,0.2941550150362295
DFL-MAT-J041YV,0,throw_in,0.5169921407773224
DFL-MAT-J041YV,0,corner,0.4804276080298603
DFL-MAT-J041YV,0,corner,0.4918273274852028
DFL-MAT-J041YV,0,corner,0.4000031923067519
DFL-MAT-J041YV,0,corner,0.5088294984598996
DFL-MAT-J041YV,0,corner,0.5694541638482207
DFL-MAT-J041YV,1,goal_kick,0.2945046169196512
DFL-MAT-J041YV,1,goal_kick,0.4249978844387679
DFL-MAT-J041YV,1,goal_kick,0.3745261544576954
DFL-MAT-J041YV,1,goal_kick,0.5450401512555535
DFL-MAT-J041YV,0,corner,0.2293393997179194
DFL-MAT-J041YV,0,corner,0.272040131983189
DFL-MAT-J041YV,0,corner,0.2266827367957383
DFL-MAT-J041YV,0,corner,0.4211343794949045
DFL-MAT-J041YV,0,corner,0.5925132765012823
DFL-MAT-J041YV,0,corner,0.397939275486567
DFL-MAT-J041YV,0,corner,0.508983480432137
DFL-MAT-J041YV,0,corner,0.4660238115683711
DFL-MAT-J041YV,0,corner,0.2821915512049739
DFL-MAT-J041YV,0,corner,0.6675607650371952
DFL-MAT-J041YV,0,corner,0.4413946628300544
DFL-MAT-J041YV,0,corner,0.4325825120832954
DFL-MAT-J041YV,0,corner,0.3085333653905519
DFL-MAT-J041YV,0,corner,0.5941661034831308
DFL-MAT-J041YV,1,corner,0.5605222664027703
DFL-MAT-J041YV,1,corner,0.6717286115874286
DFL-MAT-J041YV,1,corner,0.6528529044794088
DFL-MAT-J041YV,1,corner,0.7184406131510208
DFL-MAT-J041YV,1,corner,0.5681377698097976
DFL-MAT-J041YV,1,throw_in,0.301271469015684
DFL-MAT-J041YV,1,throw_in,0.4476695158850048
DFL-MAT-J041YV,1,throw_in,0.3565322743726741
DFL-MAT-J041YV,1,throw_in,0.4283557114224133
DFL-MAT-J041YV,1,throw_in,0.258148188092428
DFL-MAT-J041YV,1,corner,0.4756746783386072
DFL-MAT-J041YV,1,corner,0.5658950787885103
DFL-MAT-J041YV,0,goal_kick,0.6594102412424105
DFL-MAT-J041YV,0,goal_kick,0.3748257510845998
DFL-MAT-J041YV,0,goal_kick,0.3201463165062818
DFL-MAT-J041YV,0,goal_kick,0.2489517340549366
DFL-MAT-J041YV,1,throw_in,0.3923880205775433
DFL-MAT-J041YV,1,throw_in,0.5206772745293146
DFL-MAT-J041YV,0,throw_in,0.3635978688013703
DFL-MAT-J041YV,0,throw_in,0.515683915891743
DFL-MAT-J041YV,0,throw_in,0.7124859182033745
DFL-MAT-J041YV,0,throw_in,0.5887813932637818
DFL-MAT-J041YV,0,throw_in,0.5480366297602491
DFL-MAT-J041YV,1,throw_in,0.2539079107854497
DFL-MAT-J041YV,1,throw_in,0.267420620776979
DFL-MAT-J041YV,1,throw_in,0.2778927688788616
DFL-MAT-J041YV,1,throw_in,0.2706020038684761
DFL-MAT-J041YV,0,goal_kick,0.1484389875932947
DFL-MAT-J041YV,0,goal_kick,0.2384688172165757
DFL-MAT-J041YV,0,goal_kick,0.2499210055633193
DFL-MAT-J041YV,0,goal_kick,0.244802691889425
DFL-MAT-J041YV,0,goal_kick,0.2357482205582448
DFL-MAT-J041YV,0,throw_in,0.3728294839202312
DFL-MAT-J041YV,0,throw_in,0.4510319935263827
DFL-MAT-J041YV,0,throw_in,0.30032413910735
DFL-MAT-J041YV,0,throw_in,0.3151255244626428
DFL-MAT-J041YV,0,throw_in,0.2667643385539041
DFL-MAT-J041YV,1,throw_in,0.392464321940382
DFL-MAT-J041YV,1,throw_in,0.6952950138181682
DFL-MAT-J041YV,1,throw_in,0.6727350152731895
DFL-MAT-J041YV,0,throw_in,0.4183653887234616
DFL-MAT-J041YV,0,throw_in,0.3530896904432858
DFL-MAT-J041YV,0,throw_in,0.2707717862602277
DFL-MAT-J041YV,1,throw_in,0.3618649480493632
DFL-MAT-J041YV,1,throw_in,0.5050248379199641
DFL-MAT-J041YV,1,throw_in,0.3480961588915472
DFL-MAT-J041YV,1,throw_in,0.3525343887122993
DFL-MAT-J041YV,1,throw_in,0.3752887027094455
DFL-MAT-J041YV,1,throw_in,0.6153982576825167
DFL-MAT-J041YV,1,throw_in,0.3003856192933234
DFL-MAT-J041YV,0,throw_in,0.4371366996972236
DFL-MAT-J041YV,0,throw_in,0.3515593529073723
DFL-MAT-J041YV,1,throw_in,0.3003856192933234
DFL-MAT-J041YV,1,throw_in,0.2626146027312391
DFL-MAT-J041YV,1,throw_in,0.3000875892108292
DFL-MAT-J041YV,1,throw_in,0.2559911644384485
DFL-MAT-J041YV,1,throw_in,0.2692155601039014
DFL-MAT-J041YV,1,corner,0.3624954759005309
DFL-MAT-J041YV,0,corner,0.4772515137391334
DFL-MAT-J041YV,0,corner,0.524914243532184
DFL-MAT-J041YV,0,corner,0.463176652913695
DFL-MAT-J041YV,0,corner,0.3404445270350983
DFL-MAT-J041YV,0,corner,0.4172632474989909
DFL-MAT-J041YV,1,throw_in,0.4020520242325233
DFL-MAT-J041YV,1,throw_in,0.4103155308450266
DFL-MAT-J041YV,1,throw_in,0.4101051908581274
DFL-MAT-J041YV,1,throw_in,0.3582596320030708
DFL-MAT-J041YV,1,throw_in,0.376672627501682
DFL-MAT-J041YV,1,corner,0.3337336461391688
DFL-MAT-J041YV,1,corner,0.3326467622462775
DFL-MAT-J041YV,0,goal_kick,0.4384411230418117
DFL-MAT-J041YV,0,goal_kick,0.4135875187394019
DFL-MAT-J041YV,1,throw_in,0.3925148044631907
DFL-MAT-J041YV,1,throw_in,0.5660980444339577
DFL-MAT-J041YV,1,throw_in,0.6736601862012908
DFL-MAT-J041YV,1,throw_in,0.7894172771632806
DFL-MAT-J041YV,0,throw_in,0.293358238481284
DFL-MAT-J041YV,0,throw_in,0.2461802931499996
DFL-MAT-J041YV,0,throw_in,0.2508216885778296
DFL-MAT-J041YV,1,throw_in,0.3858718354534827
DFL-MAT-J041YV,1,throw_in,0.3257960579016897
DFL-MAT-J041YV,1,throw_in,0.3163803883008734
DFL-MAT-J041YV,1,throw_in,0.2570980344581552
DFL-MAT-J041YV,0,throw_in,0.3954290344412469
DFL-MAT-J041YV,0,throw_in,0.4134012438527347
DFL-MAT-J041YV,0,throw_in,0.3696543259638849
DFL-MAT-J041YV,0,throw_in,0.3270135252767903
DFL-MAT-J041YV,0,throw_in,0.4514702157603955
DFL-MAT-J041YV,0,throw_in,0.5314730033405439
DFL-MAT-J041YV,0,throw_in,0.3269074039121268
DFL-MAT-J041Z5,1,throw_in,0.4236825769323251
DFL-MAT-J041Z5,1,throw_in,0.4295770907450316
DFL-MAT-J041Z5,1,throw_in,0.3859966724476596
DFL-MAT-J041Z5,1,throw_in,0.39427240333279
DFL-MAT-J041Z5,1,throw_in,0.687409848846801
DFL-MAT-J041Z5,1,corner,0.6525399720978338
DFL-MAT-J041Z5,1,corner,0.7035680105301159
DFL-MAT-J041Z5,1,throw_in,0.2169261504441958
DFL-MAT-J041Z5,1,throw_in,0.2040148899324707
DFL-MAT-J041Z5,1,throw_in,0.2167656071832906
DFL-MAT-J041Z5,1,goal_kick,0.2734295728167539
DFL-MAT-J041Z5,1,goal_kick,0.2673608209241253
DFL-MAT-J041Z5,1,goal_kick,0.3207600645824863
DFL-MAT-J041Z5,1,goal_kick,0.301053065473922
DFL-MAT-J041Z5,1,throw_in,0.413507867991133
DFL-MAT-J041Z5,1,throw_in,0.3051127224144112
DFL-MAT-J041Z5,1,throw_in,0.3094549287484124
DFL-MAT-J041Z5,1,throw_in,0.4416861169565431
DFL-MAT-J041Z5,1,throw_in,0.3082483652134651
DFL-MAT-J041Z5,1,goal_kick,0.2269709806397144
DFL-MAT-J041Z5,1,goal_kick,0.2071470419850521
DFL-MAT-J041Z5,1,goal_kick,0.199738193851228
DFL-MAT-J041Z5,1,goal_kick,0.3676953509524265
DFL-MAT-J041Z5,1,goal_kick,0.3431155649876097
DFL-MAT-J041Z5,1,goal_kick,0.2722045498850974
DFL-MAT-J041Z5,1,goal_kick,0.2346476401405775
DFL-MAT-J041Z5,1,goal_kick,0.2694095887591251
DFL-MAT-J041Z5,1,goal_kick,0.3122593473779885
DFL-MAT-J041Z5,1,throw_in,0.3431288535812338
DFL-MAT-J041Z5,1,throw_in,0.3196899379922254
DFL-MAT-J041Z5,1,throw_in,0.3445602807201408
DFL-MAT-J041Z5,1,throw_in,0.3709016884506311
DFL-MAT-J041Z5,1,throw_in,0.3706468253926424
DFL-MAT-J041Z5,1,goal_kick,0.3164278015852032
DFL-MAT-J041Z5,1,goal_kick,0.4010781496522707
DFL-MAT-J041Z5,1,goal_kick,0.3127697721194354
DFL-MAT-J041Z5,1,goal_kick,0.3156417350997323
DFL-MAT-J041Z5,1,corner,0.5664292336757958
DFL-MAT-J041Z5,1,corner,0.5781894719218988
DFL-MAT-J041Z5,1,throw_in,0.3260272505649516
DFL-MAT-J041Z5,1,throw_in,0.3572377196002066
DFL-MAT-J041Z5,1,throw_in,0.3457744090760571
DFL-MAT-J041Z5,1,throw_in,0.3726252243592294
DFL-MAT-J041Z5,1,throw_in,0.2662708158833701
DFL-MAT-J041Z5,1,throw_in,0.3813962943437751
DFL-MAT-J041Z5,1,throw_in,0.3151392762564605
DFL-MAT-J041Z5,1,throw_in,0.3164999884022055
DFL-MAT-J041Z5,1,throw_in,0.4173213502744184
DFL-MAT-J041Z5,1,throw_in,0.4292866672701771
DFL-MAT-J041Z5,1,goal_kick,0.2258617937567877
DFL-MAT-J041Z5,1,goal_kick,0.2434658125356994
DFL-MAT-J041Z5,1,goal_kick,0.3467148553544023
DFL-MAT-J041Z5,1,goal_kick,0.3007391729489307
DFL-MAT-J041Z5,1,goal_kick,0.3523094748854151
DFL-MAT-J041Z5,1,goal_kick,0.3162677788978176
DFL-MAT-J041Z5,1,goal_kick,0.2633098032327375
DFL-MAT-J041Z5,1,goal_kick,0.1929180056907583
DFL-MAT-J041Z5,1,goal_kick,0.2387174408606353
DFL-MAT-J041Z5,1,goal_kick,0.333633557304892
DFL-MAT-J041Z5,1,goal_kick,0.3720110624890031
DFL-MAT-J041Z5,1,throw_in,0.3211005392824551
DFL-MAT-J041Z5,1,throw_in,0.3552350076558623
DFL-MAT-J041Z5,1,throw_in,0.3012506147622675
DFL-MAT-J041Z5,1,throw_in,0.4393561096166527
DFL-MAT-J041Z5,1,throw_in,0.3114310020366414
DFL-MAT-J041Z5,1,corner,0.5000571923412956
DFL-MAT-J041Z5,1,corner,0.3157826122808971
DFL-MAT-J041Z5,1,corner,0.3262378055882098
DFL-MAT-J041ZD,0,throw_in,0.4139946226175956
DFL-MAT-J041ZD,0,throw_in,0.488939307210265
DFL-MAT-J041ZD,0,throw_in,0.5686345528496075
DFL-MAT-J041ZD,1,throw_in,0.3001721456043869
DFL-MAT-J041ZD,1,throw_in,0.2866497044037452
DFL-MAT-J041ZD,0,throw_in,0.3705892209402025
DFL-MAT-J041ZD,0,throw_in,0.5019854197168064
DFL-MAT-J041ZD,0,throw_in,0.6367987813719748
DFL-MAT-J041ZD,0,goal_kick,0.2452073735958418
DFL-MAT-J041ZD,0,goal_kick,0.2338461329706637
DFL-MAT-J041ZD,0,goal_kick,0.3313900685524621
DFL-MAT-J041ZD,0,goal_kick,0.3303594667612372
DFL-MAT-J041ZD,0,goal_kick,0.2393011345785403
DFL-MAT-J041ZD,0,throw_in,0.3187583043517858
DFL-MAT-J041ZD,0,throw_in,0.290673333280298
DFL-MAT-J041ZD,0,throw_in,0.2391146530309069
DFL-MAT-J041ZD,0,throw_in,0.2329786130344615
DFL-MAT-J041ZD,0,throw_in,0.2289074003927674
DFL-MAT-J041ZD,1,corner,0.4460406852492993
DFL-MAT-J041ZD,1,corner,0.4471675147383213
DFL-MAT-J041ZD,1,corner,0.4300875229893755
DFL-MAT-J041ZD,1,corner,0.4407326368685954
DFL-MAT-J041ZD,0,throw_in,0.3148491320859413
DFL-MAT-J041ZD,0,throw_in,0.3485217772943723
DFL-MAT-J041ZD,0,throw_in,0.3506898609629035
DFL-MAT-J041ZD,0,throw_in,0.2772621353674876
DFL-MAT-J041ZD,0,throw_in,0.3043894066007944
DFL-MAT-J041ZD,1,throw_in,0.3250218238408862
DFL-MAT-J041ZD,1,throw_in,0.3208921641161875
DFL-MAT-J041ZD,1,throw_in,0.2598923781946197
DFL-MAT-J041ZD,1,throw_in,0.28964423988064
DFL-MAT-J041ZD,1,throw_in,0.331767069889317
DFL-MAT-J041ZD,0,throw_in,0.2233715202661942
DFL-MAT-J041ZD,0,throw_in,0.2366190228292972
DFL-MAT-J041ZD,0,throw_in,0.3168932290553852
DFL-MAT-J041ZD,0,throw_in,0.3220919009166088
DFL-MAT-J041ZD,0,throw_in,0.36836714583692
DFL-MAT-J041ZD,0,throw_in,0.2920240842313338
DFL-MAT-J041ZD,0,throw_in,0.4599072157364492
DFL-MAT-J041ZD,0,throw_in,0.2369009592776521
DFL-MAT-J041ZD,0,throw_in,0.2757728365564506
DFL-MAT-J041ZD,1,throw_in,0.3548316420524003
DFL-MAT-J041ZD,1,throw_in,0.3815610479240072
DFL-MAT-J041ZD,1,throw_in,0.3841537505595779
DFL-MAT-J041ZD,1,throw_in,0.2651566018299178
DFL-MAT-J041ZD,1,throw_in,0.5416069599082645
DFL-MAT-J041ZD,0,throw_in,0.24395205998727
DFL-MAT-J041ZD,0,throw_in,0.2330780553976024
DFL-MAT-J041ZD,0,throw_in,0.2215988903752687
DFL-MAT-J041ZD,0,throw_in,0.3758763662991551
DFL-MAT-J041ZD,0,throw_in,0.4085364630384256
DFL-MAT-J041ZD,0,throw_in,0.577283620416351
DFL-MAT-J041ZD,0,throw_in,0.4319824451182461
DFL-MAT-J041ZD,0,throw_in,0.5076533453874201
DFL-MAT-J041ZD,0,corner,0.2432575529812615
DFL-MAT-J041ZD,0,corner,0.5542130166749489
DFL-MAT-J041ZD,1,corner,0.5864248045279129
DFL-MAT-J041ZD,1,corner,0.4313044073441188
DFL-MAT-J041ZD,1,corner,0.3597010992206693
DFL-MAT-J041ZD,1,corner,0.3296793922598373
DFL-MAT-J041ZD,1,corner,0.3113197637104852
DFL-MAT-J041ZD,0,corner,0.2268106740450862
DFL-MAT-J041ZD,0,corner,0.2269515014252935
DFL-MAT-J041ZD,0,corner,0.23554605523137
DFL-MAT-J041ZD,0,corner,0.2264580516764412
DFL-MAT-J041ZD,0,corner,0.2358806288004074
DFL-MAT-J041ZD,1,throw_in,0.3170078802531164
DFL-MAT-J041ZD,1,throw_in,0.3369114427366254
DFL-MAT-J041ZD,1,throw_in,0.3650194866561043
DFL-MAT-J041ZD,1,throw_in,0.3255455663392636
DFL-MAT-J041ZD,1,throw_in,0.249813936531576
DFL-MAT-J041ZD,0,goal_kick,0.2591534303104304
DFL-MAT-J041ZD,0,goal_kick,0.2858971884730703
DFL-MAT-J041ZD,0,goal_kick,0.3306574761352014
DFL-MAT-J041ZD,0,goal_kick,0.3445858257524417
DFL-MAT-J041ZD,0,goal_kick,0.4181313263117834
DFL-MAT-J041ZD,1,goal_kick,0.3269408039673574
DFL-MAT-J041ZD,1,goal_kick,0.4243856503822769
DFL-MAT-J041ZD,1,goal_kick,0.4668941184103548
DFL-MAT-J041ZD,0,corner,0.4074502239694027
DFL-MAT-J041ZD,0,corner,0.4933848821221421
DFL-MAT-J041ZD,0,corner,0.3971155887257249
DFL-MAT-J041ZD,0,corner,0.3691881779396703
DFL-MAT-J041ZD,0,corner,0.5023779724818213
DFL-MAT-J041ZD,0,throw_in,0.3934528189907594
DFL-MAT-J041ZD,0,throw_in,0.4144146101850325
DFL-MAT-J041ZD,0,throw_in,0.5873729794505437
DFL-MAT-J041ZD,0,throw_in,0.3527830786727218
DFL-MAT-J041ZD,0,throw_in,0.3656796598233977
DFL-MAT-J041ZD,1,throw_in,0.2823633031549947
DFL-MAT-J041ZD,1,throw_in,0.329689647097689
DFL-MAT-J041ZD,1,throw_in,0.349338767042963
DFL-MAT-J041ZD,1,throw_in,0.2848008705701042
DFL-MAT-J041ZD,1,throw_in,0.2468267401183095
DFL-MAT-J041ZD,0,goal_kick,0.2266449959807369
DFL-MAT-J041ZD,0,goal_kick,0.237927944527187
DFL-MAT-J041ZD,0,goal_kick,0.3113154286684069
DFL-MAT-J041ZD,0,goal_kick,0.3692911967142277
DFL-MAT-J041ZD,1,throw_in,0.2562591256722527
DFL-MAT-J041ZD,1,throw_in,0.2622850296012119
DFL-MAT-J041ZD,1,throw_in,0.2588564228672628
DFL-MAT-J041ZD,1,throw_in,0.2482486781793106
DFL-MAT-J041ZD,1,throw_in,0.2617154384469178
DFL-MAT-J041ZD,0,throw_in,0.2902879057406411
DFL-MAT-J041ZD,0,throw_in,0.2728334425367705
DFL-MAT-J041ZD,0,throw_in,0.2984570082677576
DFL-MAT-J041ZD,0,throw_in,0.2836005626224082
DFL-MAT-J041ZD,0,throw_in,0.245357499011914
DFL-MAT-J041ZD,0,throw_in,0.3577604512725528
DFL-MAT-J041ZD,0,throw_in,0.2819147975829937
DFL-MAT-J041ZD,0,throw_in,0.412426267695042
DFL-MAT-J041ZD,0,throw_in,0.3167492605980193
DFL-MAT-J041ZD,0,throw_in,0.3973207283098062
DFL-MAT-J041ZD,0,corner,0.373362261033769
DFL-MAT-J041ZD,0,corner,0.367448571990096
DFL-MAT-J041ZD,0,corner,0.462671919783539
DFL-MAT-J041ZD,0,corner,0.4162941999201464
DFL-MAT-J041ZD,1,goal_kick,0.5693496116371732
DFL-MAT-J041ZD,0,throw_in,0.5044655420082252
DFL-MAT-J041ZD,0,throw_in,0.3226020378178457
DFL-MAT-J041ZD,0,throw_in,0.3679378734880718
DFL-MAT-J041ZD,0,throw_in,0.3494052360880736
DFL-MAT-J041ZD,0,throw_in,0.4341220698804089
DFL-MAT-J041ZD,0,throw_in,0.3602576643340305
DFL-MAT-J041ZD,0,throw_in,0.3183492717453547
DFL-MAT-J041ZD,0,throw_in,0.5220386194572639
DFL-MAT-J041ZD,0,throw_in,0.4153164017705949
DFL-MAT-J041ZD,0,throw_in,0.405156979302067
DFL-MAT-J041ZD,0,throw_in,0.2309797934246228
DFL-MAT-J041ZD,0,throw_in,0.4946358550646257
DFL-MAT-J041ZD,0,throw_in,0.5159730241129068
DFL-MAT-J041ZD,0,throw_in,0.5800620525712813
DFL-MAT-J041ZD,0,throw_in,0.3927486717918133
DFL-MAT-J041ZD,0,throw_in,0.4046111058315525
DFL-MAT-J041ZD,0,throw_in,0.3315837780295796
DFL-MAT-J041ZD,0,throw_in,0.3181159983076179
DFL-MAT-J041ZD,0,throw_in,0.2662762437560756
DFL-MAT-J041ZD,1,throw_in,0.3984068061366691
DFL-MAT-J041ZD,1,throw_in,0.4034305450350132
DFL-MAT-J041ZD,1,throw_in,0.3666220173606825
DFL-MAT-J041ZD,1,throw_in,0.3522775160135851
DFL-MAT-J041ZD,0,throw_in,0.3632146988234216
DFL-MAT-J041ZD,0,throw_in,0.4154858790662818
DFL-MAT-J041ZD,0,throw_in,0.7089890848049544
DFL-MAT-J041ZD,0,throw_in,0.5683776109323303
DFL-MAT-J041ZD,1,throw_in,0.4900762354887683
DFL-MAT-J041ZD,0,goal_kick,0.1872468233184032
DFL-MAT-J041ZD,0,goal_kick,0.2402849039036773
DFL-MAT-J041ZD,0,goal_kick,0.3754884653445162
DFL-MAT-J041ZD,0,corner,0.401555114476434
DFL-MAT-J041ZD,0,corner,0.318788600451484
DFL-MAT-J041ZD,0,corner,0.5755467572545709
DFL-MAT-J041ZD,0,corner,0.3371380181190515
DFL-MAT-J041ZD,1,goal_kick,0.2178579277637796
DFL-MAT-J041ZD,1,goal_kick,0.2672293013643926
DFL-MAT-J041ZD,1,goal_kick,0.4742383019854871
DFL-MAT-J041ZD,1,goal_kick,0.5623396340347593
DFL-MAT-J041ZD,1,goal_kick,0.3760395682800315
DFL-MAT-J041ZD,1,throw_in,0.2567020730430441
DFL-MAT-J041ZD,1,throw_in,0.2858066643474385
DFL-MAT-J041ZD,1,throw_in,0.4063073817405127
DFL-MAT-J041ZD,1,throw_in,0.4609124874146511
DFL-MAT-J041ZD,0,goal_kick,0.2469590615632354
DFL-MAT-J041ZD,0,goal_kick,0.2719041115842423
DFL-MAT-J041ZD,0,goal_kick,0.1909044136368647
DFL-MAT-J041ZD,0,goal_kick,0.2238551875235235
DFL-MAT-J041ZD,0,goal_kick,0.2173141867214984
DFL-MAT-J041ZD,0,goal_kick,0.2129148418989435
DFL-MAT-J041ZD,0,goal_kick,0.2800274382240126
DFL-MAT-J041ZD,0,goal_kick,0.3834676555314923
DFL-MAT-J041ZD,0,goal_kick,0.4409513939880644
DFL-MAT-J041ZD,1,goal_kick,0.2814926465559798
DFL-MAT-J041ZD,1,goal_kick,0.2362423793106757
DFL-MAT-J041ZD,1,goal_kick,0.2918568494988803
DFL-MAT-J041ZD,1,goal_kick,0.2690472292993408
DFL-MAT-J041ZD,1,goal_kick,0.2688221597454999
DFL-MAT-J041ZD,0,goal_kick,0.2644362257406674
DFL-MAT-J041ZD,0,goal_kick,0.2727662336812952
DFL-MAT-J041ZD,0,goal_kick,0.2250930149001532
DFL-MAT-J041ZD,0,goal_kick,0.2983114090822427
DFL-MAT-J041ZD,0,goal_kick,0.2726905320942565
DFL-MAT-J041ZD,1,throw_in,0.2448366431400938
DFL-MAT-J041ZD,1,throw_in,0.2381222855627716
DFL-MAT-J041ZD,1,throw_in,0.2671745107042276
DFL-MAT-J041ZD,1,throw_in,0.2916140709850167
DFL-MAT-J041ZD,1,throw_in,0.4128920757943871
DFL-MAT-J041ZD,0,goal_kick,0.2610080903236798
DFL-MAT-J041ZD,0,goal_kick,0.2133303014103869
DFL-MAT-J041ZD,0,goal_kick,0.3585122329672969
DFL-MAT-J041ZD,0,goal_kick,0.2277028600043535
DFL-MAT-J041ZD,0,goal_kick,0.2408152434183249
DFL-MAT-J041ZD,0,goal_kick,0.249895933528664
DFL-MAT-J041ZD,0,goal_kick,0.2163026691431943
DFL-MAT-J041ZD,0,goal_kick,0.3708937330311055
DFL-MAT-J041ZD,0,throw_in,0.4672387528131969
DFL-MAT-J041ZD,0,throw_in,0.6322934735633478
DFL-MAT-J041ZD,0,throw_in,0.6654410284612157
DFL-MAT-J041ZD,0,throw_in,0.5875435315657582
DFL-MAT-J041ZD,0,throw_in,0.3809042685653528
DFL-MAT-J041ZD,0,throw_in,0.4138748019813538
DFL-MAT-J041ZD,0,throw_in,0.4623860440212676
DFL-MAT-J041ZD,0,goal_kick,0.3358349146722719
DFL-MAT-J041ZD,0,goal_kick,0.3312578027059749
DFL-MAT-J041ZD,0,goal_kick,0.3839557179340088
DFL-MAT-J041ZD,0,goal_kick,0.3645471230472291
DFL-MAT-J041ZD,0,throw_in,0.5141515116124675
DFL-MAT-J041ZD,0,throw_in,0.6485828937017742
DFL-MAT-J041ZD,0,throw_in,0.5191756331560742
DFL-MAT-J041ZD,0,throw_in,0.55950402116925
DFL-MAT-J041ZD,1,goal_kick,0.1965150239928995
DFL-MAT-J041ZD,1,goal_kick,0.2258903015246782
DFL-MAT-J041ZD,1,goal_kick,0.2342340489547084
DFL-MAT-J041ZD,1,goal_kick,0.2570280879683948
DFL-MAT-J041ZD,1,goal_kick,0.2523903971961747
DFL-MAT-J041ZD,0,goal_kick,0.2212307596530667
DFL-MAT-J041ZD,0,goal_kick,0.2290818174047746
DFL-MAT-J041ZD,0,goal_kick,0.1930432294335444
DFL-MAT-J041ZD,0,goal_kick,0.3673217012692838
DFL-MAT-J041ZD,0,goal_kick,0.3406874398352676
DFL-MAT-J041ZD,0,throw_in,0.2655144093749013
DFL-MAT-J041ZD,0,throw_in,0.3277941572801505
DFL-MAT-J041ZD,0,throw_in,0.3635071874818006
DFL-MAT-J041ZD,0,throw_in,0.3250109081875158
DFL-MAT-J041ZD,0,throw_in,0.4415339777457426
DFL-MAT-J041ZD,1,goal_kick,0.4690424169504891
DFL-MAT-J041ZD,1,goal_kick,0.457947400469096
DFL-MAT-J041ZD,1,goal_kick,0.5933334595721375
DFL-MAT-J041ZD,1,goal_kick,0.5252258171906541
DFL-MAT-J041ZD,1,throw_in,0.3692405050892715
DFL-MAT-J041ZD,1,throw_in,0.6871656977389431
DFL-MAT-J041ZD,1,throw_in,0.3300402354917733
DFL-MAT-J041ZD,1,throw_in,0.495228629608913
DFL-MAT-J041ZD,1,throw_in,0.4512834068815467
DFL-MAT-J041ZD,1,throw_in,0.4093958754471969
DFL-MAT-J041ZD,1,throw_in,0.4056049151792212
DFL-MAT-J041ZD,1,corner,0.3312030816322492
DFL-MAT-J041ZD,1,corner,0.3468743217862765
DFL-MAT-J041ZD,1,corner,0.4289534946844093
DFL-MAT-J041ZD,1,corner,0.636019284044162
DFL-MAT-J041ZD,1,corner,0.5761880555821052
DFL-MAT-J041ZD,1,corner,0.1890688970507335
DFL-MAT-J041ZD,1,corner,0.2996001965891003
DFL-MAT-J041ZD,1,corner,0.4142187575148133
DFL-MAT-J041ZD,1,corner,0.5217488115951253
DFL-MAT-J041ZD,1,corner,0.5771317806777883
DFL-MAT-J041ZD,0,corner,0.4393496866904606
DFL-MAT-J041ZD,0,corner,0.3259110857171869
DFL-MAT-J041ZD,0,corner,0.3549254985359789
DFL-MAT-J041ZD,0,corner,0.2880624848021794
DFL-MAT-J041ZD,0,corner,0.2673585352235181
DFL-MAT-J041ZD,1,throw_in,0.5025264411924509
DFL-MAT-J041ZD,1,throw_in,0.3613190185326772
DFL-MAT-J041ZD,1,throw_in,0.3641575917014128
DFL-MAT-J041ZD,0,goal_kick,0.3345048909156212
DFL-MAT-J041ZD,0,goal_kick,0.3101588128685856
DFL-MAT-J041ZD,0,goal_kick,0.4025681614592882
DFL-MAT-J041ZD,0,goal_kick,0.3504997343400321
DFL-MAT-J041ZD,0,goal_kick,0.3635924360915193
DFL-MAT-J041ZD,0,corner,0.3978003800898438
DFL-MAT-J041ZD,0,corner,0.6063046858333196
DFL-MAT-J041ZD,0,corner,0.3940842577012627
DFL-MAT-J041ZD,0,corner,0.3823273854082122
DFL-MAT-J041ZD,0,corner,0.3796216588781278
DFL-MAT-J041ZD,0,throw_in,0.455065559048139
DFL-MAT-J041ZD,0,corner,0.333803936392099
DFL-MAT-J041ZD,0,corner,0.3479130519545039
DFL-MAT-J041ZD,0,corner,0.3453776152826738
DFL-MAT-J041ZD,0,corner,0.3273873767089497
DFL-MAT-J041ZD,0,corner,0.5814305784372608
DFL-MAT-J041ZD,1,corner,0.4371500343012395
DFL-MAT-J041ZD,1,corner,0.5541288474419904
DFL-MAT-J041ZD,1,corner,0.471139938199091
DFL-MAT-J041ZD,1,corner,0.38540499224199
DFL-MAT-J041ZD,1,throw_in,0.2633098557784807
DFL-MAT-J041ZD,1,throw_in,0.2532440823339315
DFL-MAT-J041ZD,1,throw_in,0.3772399795850876
DFL-MAT-J041ZD,1,throw_in,0.6169073353770264
DFL-MAT-J041ZD,1,throw_in,0.4065310778327894
DFL-MAT-J041ZD,1,throw_in,0.2280117662953239
DFL-MAT-J041ZD,1,throw_in,0.4845755368154614
DFL-MAT-J041ZD,1,corner,0.2790766873925717
DFL-MAT-J041ZD,1,corner,0.7245287853879876
DFL-MAT-J041ZD,0,goal_kick,0.2616532757959135
DFL-MAT-J041ZD,0,goal_kick,0.2465643278815021
DFL-MAT-J041ZD,0,goal_kick,0.3200770886181217
DFL-MAT-J041ZD,0,goal_kick,0.3319814160392231
DFL-MAT-J041ZD,0,goal_kick,0.3261218114729131
DFL-MAT-J041ZD,1,goal_kick,0.2911191326712482
DFL-MAT-J041ZD,1,goal_kick,0.2891930695555699
DFL-MAT-J041ZD,1,goal_kick,0.2648459168635494
DFL-MAT-J041ZD,1,goal_kick,0.3746298570694503
DFL-MAT-J041ZD,1,goal_kick,0.3575881316291014
DFL-MAT-J041ZD,0,throw_in,0.4260289188107369
DFL-MAT-J041ZD,1,corner,0.3818250843858456
DFL-MAT-J041ZD,1,corner,0.552344446926859
DFL-MAT-J041ZD,1,corner,0.5028651932748437
DFL-MAT-J041ZD,0,goal_kick,0.3362798172698775
DFL-MAT-J041ZD,0,goal_kick,0.3146331218993475
DFL-MAT-J041ZD,0,goal_kick,0.2374836461681147
DFL-MAT-J041ZD,0,goal_kick,0.2842148859817241
DFL-MAT-J041ZD,0,goal_kick,0.3015938496716063
DFL-MAT-J041ZD,0,throw_in,0.6150857220381307
DFL-MAT-J041ZD,0,throw_in,0.7147281710748675
DFL-MAT-J041ZD,0,throw_in,0.4736194815141503
DFL-MAT-J041ZD,0,throw_in,0.5036394110497404
DFL-MAT-J041ZD,1,throw_in,0.3065660744101836
DFL-MAT-J041ZD,1,throw_in,0.3306908010825073
DFL-MAT-J041ZD,1,throw_in,0.3954457640175394
DFL-MAT-J041ZD,1,throw_in,0.6951854832430246
DFL-MAT-J041ZD,1,throw_in,0.4477095117929836
DFL-MAT-J041ZD,0,throw_in,0.3561390015229199
DFL-MAT-J041ZD,0,throw_in,0.4174497965644505
DFL-MAT-J041ZD,0,throw_in,0.5207322250224325
DFL-MAT-J041ZD,0,throw_in,0.513922755278056
DFL-MAT-J041ZD,0,corner,0.6405378727285421
DFL-MAT-J041ZD,0,corner,0.4588042902222038
DFL-MAT-J041ZD,0,corner,0.4245920221814978
DFL-MAT-J041ZD,0,corner,0.4859915516120476
DFL-MAT-J041ZD,0,corner,0.342929995946653
DFL-MAT-J041ZD,1,corner,0.7229777338030969
DFL-MAT-J041ZD,1,corner,0.4620897216674894
DFL-MAT-J041ZD,1,corner,0.3775129290279676
DFL-MAT-J041ZD,1,corner,0.3579839471400864
DFL-MAT-J041ZD,1,corner,0.3954899398597671
DFL-MAT-J041ZD,1,throw_in,0.3447013100715787
DFL-MAT-J041ZD,1,throw_in,0.3357027038876391
DFL-MAT-J041ZD,1,throw_in,0.3361573824250427
DFL-MAT-J041ZD,1,throw_in,0.4293503719244852
DFL-MAT-J041ZD,1,throw_in,0.6045394987434448
DFL-MAT-J041ZD,0,goal_kick,0.4663738412218562
DFL-MAT-J041ZD,0,goal_kick,0.3506843334395583
DFL-MAT-J041ZD,0,goal_kick,0.577916697633249
DFL-MAT-J041ZD,0,goal_kick,0.409935080639746
DFL-MAT-J041ZD,0,goal_kick,0.5720245599145967
DFL-MAT-J041ZD,0,goal_kick,0.3961595558067931
DFL-MAT-J041ZD,0,goal_kick,0.480916093436421
DFL-MAT-J041ZD,0,goal_kick,0.4090601948044293
DFL-MAT-J041ZD,0,goal_kick,0.4702435118072359
DFL-MAT-J041ZD,1,throw_in,0.2563025660551494
DFL-MAT-J041ZD,1,throw_in,0.2974305117506373
DFL-MAT-J041ZD,1,throw_in,0.3715839177602278
DFL-MAT-J041ZD,1,throw_in,0.4397778751820717
DFL-MAT-J041ZD,1,throw_in,0.7061619182306045
DFL-MAT-J041ZD,1,throw_in,0.4244942094721344
DFL-MAT-J041ZD,1,throw_in,0.4436730880966872
DFL-MAT-J041ZD,1,throw_in,0.2625917953987191
DFL-MAT-J041ZD,1,throw_in,0.4428113777803682
DFL-MAT-J041ZD,1,throw_in,0.557995330834013
DFL-MAT-J041ZD,0,goal_kick,0.3783489745383827
DFL-MAT-J041ZD,0,goal_kick,0.3859558396083388
DFL-MAT-J041ZD,0,goal_kick,0.4476239623463702
DFL-MAT-J041ZD,1,throw_in,0.3094022164310083
DFL-MAT-J041ZD,1,throw_in,0.6293672718718049
DFL-MAT-J041ZD,1,throw_in,0.4732402930974176
DFL-MAT-J041ZD,1,throw_in,0.5559151419338721
DFL-MAT-J041ZD,0,goal_kick,0.3375120278597766
DFL-MAT-J041ZD,0,goal_kick,0.3243679787577286
DFL-MAT-J041ZD,0,goal_kick,0.5330526486053666
DFL-MAT-J041ZN,1,corner,0.4113847957667619
DFL-MAT-J041ZN,1,corner,0.4046785639986914
DFL-MAT-J041ZN,1,corner,0.3030957471178991
DFL-MAT-J041ZN,1,corner,0.3208288021851597
DFL-MAT-J041ZN,1,corner,0.3312466887059475
DFL-MAT-J041ZN,1,corner,0.2761090810643226
DFL-MAT-J041ZN,1,corner,0.2627960614744207
DFL-MAT-J041ZN,1,corner,0.3442966987492389
DFL-MAT-J041ZN,1,corner,0.5956898843416987
DFL-MAT-J041ZN,1,corner,0.3872176210079873
DFL-MAT-J041ZN,1,corner,0.3904498639833647
DFL-MAT-J041ZN,1,corner,0.3512559216015486
DFL-MAT-J041ZN,1,corner,0.4913040495925549
DFL-MAT-J041ZN,1,corner,0.517255857850814
DFL-MAT-J041ZN,0,goal_kick,0.4127478444383363
DFL-MAT-J041ZN,0,goal_kick,0.408864457924013
DFL-MAT-J041ZN,0,goal_kick,0.5676825468891752
DFL-MAT-J041ZN,1,throw_in,0.2708391425038466
DFL-MAT-J041ZN,1,throw_in,0.2453666371316271
DFL-MAT-J041ZN,1,throw_in,0.327284433227609
DFL-MAT-J041ZN,1,throw_in,0.3175135980614831
DFL-MAT-J041ZN,1,throw_in,0.3034777127921745
DFL-MAT-J041ZN,0,throw_in,0.5746968170580162
DFL-MAT-J041ZN,1,throw_in,0.4063392112687476
DFL-MAT-J041ZN,1,throw_in,0.2598757001226145
DFL-MAT-J041ZN,1,throw_in,0.2730384791721994
DFL-MAT-J041ZN,0,goal_kick,0.377178104317303
DFL-MAT-J041ZN,0,goal_kick,0.3595483698984502
DFL-MAT-J041ZN,0,goal_kick,0.4498378193600222
DFL-MAT-J041ZN,0,goal_kick,0.411384866859718
DFL-MAT-J041ZN,0,goal_kick,0.3746627361348772
DFL-MAT-J041ZN,0,goal_kick,0.4660404941558643
DFL-MAT-J041ZN,0,goal_kick,0.4553665214593834
DFL-MAT-J041ZN,0,goal_kick,0.4274885324370089
DFL-MAT-J041ZN,0,goal_kick,0.5889355072694592
DFL-MAT-J041ZN,0,goal_kick,0.5239192097427698
DFL-MAT-J041ZN,0,goal_kick,0.2906994301232183
DFL-MAT-J041ZN,0,goal_kick,0.2676782160927032
DFL-MAT-J041ZN,0,goal_kick,0.3103825010026237
DFL-MAT-J041ZN,0,goal_kick,0.2419371264355901
DFL-MAT-J041ZN,1,throw_in,0.3074813276659466
DFL-MAT-J041ZN,1,throw_in,0.4219152406133302
DFL-MAT-J041ZN,1,throw_in,0.5908176386551142
DFL-MAT-J041ZN,1,throw_in,0.4896221833727204
DFL-MAT-J041ZN,1,throw_in,0.4512258434767766
DFL-MAT-J041ZN,1,corner,0.3624280987156037
DFL-MAT-J041ZN,1,corner,0.6103795955317446
DFL-MAT-J041ZN,1,corner,0.5196312846191521
DFL-MAT-J041ZN,1,corner,0.5652751926503267
DFL-MAT-J041ZN,1,corner,0.5257660322069404
DFL-MAT-J041ZN,0,goal_kick,0.4282200354758443
DFL-MAT-J041ZN,0,goal_kick,0.4993540137932354
DFL-MAT-J041ZN,0,goal_kick,0.4928215816682458
DFL-MAT-J041ZN,1,throw_in,0.3922277089657228
DFL-MAT-J041ZN,1,throw_in,0.3953743135494349
DFL-MAT-J041ZN,1,throw_in,0.3517123877842578
DFL-MAT-J041ZN,1,throw_in,0.3516629225350234
DFL-MAT-J041ZN,1,throw_in,0.4153004705646726
DFL-MAT-J041ZN,0,throw_in,0.4842268036803832
DFL-MAT-J041ZN,0,throw_in,0.4257425606657505
DFL-MAT-J041ZN,0,throw_in,0.3949089985981955
DFL-MAT-J041ZN,0,throw_in,0.3123583680057809
DFL-MAT-J041ZN,0,throw_in,0.3150803039079796
DFL-MAT-J041ZN,0,throw_in,0.3645277325998978
DFL-MAT-J041ZN,0,throw_in,0.5127274604032972
DFL-MAT-J041ZN,1,throw_in,0.3292708846835669
DFL-MAT-J041ZN,1,throw_in,0.4209113113098722
DFL-MAT-J041ZN,1,throw_in,0.394155748513336
DFL-MAT-J041ZN,1,throw_in,0.2849058588587883
DFL-MAT-J041ZN,1,throw_in,0.30390860452057
DFL-MAT-J041ZN,0,throw_in,0.2612669483001628
DFL-MAT-J041ZN,0,throw_in,0.44954203056391
DFL-MAT-J041ZN,0,throw_in,0.423756282810636
DFL-MAT-J041ZN,1,throw_in,0.4058722656933251
DFL-MAT-J041ZN,1,throw_in,0.2502110571950842
DFL-MAT-J041ZN,1,throw_in,0.3035665628949264
DFL-MAT-J041ZN,1,throw_in,0.3351441158592488
DFL-MAT-J041ZN,1,throw_in,0.3070736958056793
DFL-MAT-J041ZN,1,throw_in,0.3156261940674992
DFL-MAT-J041ZN,0,throw_in,0.4832640612503731
DFL-MAT-J041ZN,0,throw_in,0.4356795097760108
DFL-MAT-J041ZN,0,throw_in,0.4376200069876638
DFL-MAT-J041ZN,0,throw_in,0.3382706656768401
DFL-MAT-J041ZN,0,throw_in,0.2452853935896881
DFL-MAT-J041ZN,0,throw_in,0.3239171054248737
DFL-MAT-J041ZN,0,throw_in,0.2959735559105035
DFL-MAT-J041ZN,1,throw_in,0.4246227781541121
DFL-MAT-J041ZN,1,throw_in,0.3676734364439109
DFL-MAT-J041ZN,1,throw_in,0.3615447603279064
DFL-MAT-J041ZN,1,throw_in,0.3613990977522737
DFL-MAT-J041ZN,1,throw_in,0.4926682453721616
DFL-MAT-J041ZN,1,throw_in,0.31274257525574
DFL-MAT-J041ZN,1,throw_in,0.3018909320793456
DFL-MAT-J041ZN,1,throw_in,0.2784396720767541
DFL-MAT-J041ZN,1,throw_in,0.3329358645887488
DFL-MAT-J041ZN,1,throw_in,0.287832409548092
DFL-MAT-J041ZN,0,throw_in,0.2592252134461822
DFL-MAT-J041ZN,0,throw_in,0.4069222236939566
DFL-MAT-J041ZN,0,throw_in,0.3779296079122951
DFL-MAT-J041ZN,0,throw_in,0.2810615512213931
DFL-MAT-J041ZN,0,throw_in,0.3224269241663773
DFL-MAT-J041ZN,0,throw_in,0.4338960907691786
DFL-MAT-J041ZN,0,throw_in,0.3548745777708589
DFL-MAT-J041ZN,0,throw_in,0.4109842675996528
DFL-MAT-J041ZN,0,throw_in,0.4394761241571914
DFL-MAT-J041ZN,1,goal_kick,0.2209560381378836
DFL-MAT-J041ZN,1,goal_kick,0.2924656668172478
DFL-MAT-J041ZN,1,goal_kick,0.3106223864756634
DFL-MAT-J041ZN,1,goal_kick,0.3036594608739102
DFL-MAT-J041ZN,1,goal_kick,0.3352132349814761
DFL-MAT-J041ZN,1,throw_in,0.3664778139600284
DFL-MAT-J041ZN,1,throw_in,0.2970226581817544
DFL-MAT-J041ZN,1,throw_in,0.2829818238639702
DFL-MAT-J041ZN,1,throw_in,0.4190439820678291
DFL-MAT-J041ZN,1,throw_in,0.3685906514550272
DFL-MAT-J041ZN,1,throw_in,0.317451277553142
DFL-MAT-J041ZN,1,throw_in,0.2997941501274306
DFL-MAT-J041ZN,1,throw_in,0.5054188923474241
DFL-MAT-J041ZN,1,throw_in,0.5826079521459874
DFL-MAT-J041ZN,1,throw_in,0.5336522166297333
DFL-MAT-J041ZN,1,throw_in,0.4702488231350262
DFL-MAT-J041ZN,1,throw_in,0.386773414469388
DFL-MAT-J041ZN,1,throw_in,0.3731558710820779
DFL-MAT-J041ZN,1,throw_in,0.4994796817286132
DFL-MAT-J041ZN,1,throw_in,0.5627151309661828
DFL-MAT-J041ZN,0,throw_in,0.323646847193859
DFL-MAT-J041ZN,0,throw_in,0.2954139349612014
DFL-MAT-J041ZN,0,throw_in,0.262578680538907
DFL-MAT-J041ZN,1,throw_in,0.26077439494333
DFL-MAT-J041ZN,1,throw_in,0.2906509897566778
DFL-MAT-J041ZN,1,throw_in,0.2818625330176032
DFL-MAT-J041ZN,1,throw_in,0.2853488636822332
DFL-MAT-J041ZN,1,throw_in,0.291907697387105
DFL-MAT-J041ZN,1,goal_kick,0.2219940110911778
DFL-MAT-J041ZN,1,throw_in,0.3585981052432039
DFL-MAT-J041ZN,1,throw_in,0.3498969990170424
DFL-MAT-J041ZN,1,throw_in,0.3880192491977738
DFL-MAT-J041ZN,1,throw_in,0.3684397668250044
DFL-MAT-J041ZN,1,throw_in,0.5193997825923842
DFL-MAT-J041ZN,1,throw_in,0.3790497225011365
DFL-MAT-J041ZN,1,throw_in,0.4215891300367358
DFL-MAT-J041ZN,1,throw_in,0.4650313655729044
DFL-MAT-J041ZN,1,throw_in,0.428461367381081
DFL-MAT-J041ZN,1,throw_in,0.4727036161283215
DFL-MAT-J041ZN,1,throw_in,0.5106701582364719
DFL-MAT-J041ZN,1,throw_in,0.3423442286965255
DFL-MAT-J041ZN,1,throw_in,0.311059399757179
DFL-MAT-J041ZN,0,corner,0.3746600833757974
DFL-MAT-J041ZN,0,corner,0.5655293996766111
DFL-MAT-J041ZN,0,corner,0.5191731085635345
DFL-MAT-J041ZN,0,throw_in,0.3093092702714551
DFL-MAT-J041ZN,0,throw_in,0.3191202459072882
DFL-MAT-J041ZN,0,throw_in,0.2640718125268668
DFL-MAT-J041ZN,0,throw_in,0.3564136004519661
DFL-MAT-J041ZN,0,throw_in,0.3979365073945133
DFL-MAT-J041ZN,0,throw_in,0.58028740278301
DFL-MAT-J041ZN,0,throw_in,0.5883093545667731
DFL-MAT-J041ZN,1,throw_in,0.3906701279292415
DFL-MAT-J041ZN,1,throw_in,0.3600279567830067
DFL-MAT-J041ZN,1,throw_in,0.4720045301372236
DFL-MAT-J041ZN,1,throw_in,0.3609474628589578
DFL-MAT-J041ZN,1,throw_in,0.3464968122906538
DFL-MAT-J041ZN,1,throw_in,0.2559717921141731
DFL-MAT-J041ZN,1,corner,0.2165840008718471
DFL-MAT-J041ZN,1,corner,0.294750351083866
DFL-MAT-J041ZN,1,corner,0.3344307742549603
DFL-MAT-J041ZN,1,corner,0.3644975364775818
DFL-MAT-J041ZN,1,corner,0.3087639248037308
DFL-MAT-J041ZN,0,corner,0.4947242337568733
DFL-MAT-J041ZN,1,corner,0.5069956143379948
DFL-MAT-J041ZN,1,corner,0.523602228065006
DFL-MAT-J041ZN,1,corner,0.5665781447595754
DFL-MAT-J041ZN,1,corner,0.563282278784307
DFL-MAT-J041ZN,0,corner,0.5105422766892205
DFL-MAT-J041ZN,0,corner,0.4789404755992222
DFL-MAT-J041ZN,0,goal_kick,0.3404347127941528
DFL-MAT-J041ZN,0,goal_kick,0.3822153411749441
DFL-MAT-J041ZN,0,goal_kick,0.4920668612953951
DFL-MAT-J041ZN,0,goal_kick,0.4749281384270463
DFL-MAT-J041ZN,1,throw_in,0.5562640060084467
DFL-MAT-J041ZN,1,throw_in,0.3764750532663917
DFL-MAT-J041ZN,1,throw_in,0.4041259928105376
DFL-MAT-J041ZN,1,throw_in,0.5458481011146049
DFL-MAT-J041ZN,0,throw_in,0.2878014809095204
DFL-MAT-J041ZN,0,throw_in,0.3256646257452512
DFL-MAT-J041ZN,0,throw_in,0.2952365825388968
DFL-MAT-J041ZN,0,throw_in,0.2931721679694296
DFL-MAT-J041ZN,1,throw_in,0.2017296897351064
DFL-MAT-J041ZN,1,throw_in,0.3287895582834887
DFL-MAT-J041ZN,1,throw_in,0.539610204639102
DFL-MAT-J041ZN,1,throw_in,0.558778427809283
DFL-MAT-J041ZN,1,throw_in,0.5274210283632654
DFL-MAT-J041ZN,1,goal_kick,0.3870637634204737
DFL-MAT-J041ZN,1,goal_kick,0.3619667826448879
DFL-MAT-J041ZN,1,goal_kick,0.3056960673511752
DFL-MAT-J041ZN,1,goal_kick,0.2914204959422001
DFL-MAT-J041ZN,1,goal_kick,0.5144712319811751
DFL-MAT-J041ZN,1,throw_in,0.4293295630532652
DFL-MAT-J041ZN,1,throw_in,0.4008159284380086
DFL-MAT-J041ZN,1,throw_in,0.3740133868073392
DFL-MAT-J041ZN,1,throw_in,0.3850210619798389
DFL-MAT-J041ZN,1,throw_in,0.4189800174879062
DFL-MAT-J041ZN,0,throw_in,0.3017682934858185
DFL-MAT-J041ZN,0,throw_in,0.3078947609022555
DFL-MAT-J041ZN,0,throw_in,0.4306940493386901
DFL-MAT-J041ZN,1,throw_in,0.2910600594281205
DFL-MAT-J041ZN,1,throw_in,0.3410087069277012
DFL-MAT-J041ZN,1,throw_in,0.4237742298437293
DFL-MAT-J041ZN,1,throw_in,0.5366870850836508
DFL-MAT-J041ZN,1,throw_in,0.3370197661198018
DFL-MAT-J041ZN,1,throw_in,0.3709198762498161
DFL-MAT-J041ZN,1,throw_in,0.4965615047059428
DFL-MAT-J041ZN,1,throw_in,0.4900538115018769
DFL-MAT-J041ZN,1,goal_kick,0.2662921705674383
DFL-MAT-J041ZN,1,goal_kick,0.249778359472949
DFL-MAT-J041ZN,1,goal_kick,0.2544388761279216
DFL-MAT-J041ZN,1,goal_kick,0.2520947850044174
DFL-MAT-J041ZN,0,throw_in,0.2877563302424437
DFL-MAT-J041ZN,0,throw_in,0.2817710020002121
DFL-MAT-J041ZN,0,throw_in,0.4093750845341011
DFL-MAT-J041ZN,0,throw_in,0.5231971685937413
DFL-MAT-J041ZN,0,throw_in,0.4727722080339028
DFL-MAT-J041ZN,0,goal_kick,0.1758921125468983
DFL-MAT-J041ZN,0,goal_kick,0.2967812203886638
DFL-MAT-J041ZN,0,goal_kick,0.304103064180432
DFL-MAT-J041ZN,0,goal_kick,0.299845469114973
DFL-MAT-J041ZN,0,goal_kick,0.471705750248431
DFL-MAT-J041ZN,1,throw_in,0.3604049940926512
DFL-MAT-J041ZN,1,throw_in,0.3880517662773238
DFL-MAT-J041ZN,1,throw_in,0.3845006202560305
DFL-MAT-J041ZN,1,throw_in,0.3396582038898642
DFL-MAT-J041ZN,1,throw_in,0.3381212779242388
DFL-MAT-J041ZN,0,throw_in,0.4591623498460566
DFL-MAT-J041ZN,0,throw_in,0.4514074790591433
DFL-MAT-J041ZN,0,throw_in,0.4464434161533038
DFL-MAT-J041ZN,0,throw_in,0.5424665281989949
DFL-MAT-J041ZN,0,throw_in,0.44850295998485
DFL-MAT-J041ZN,1,throw_in,0.4033033037348275
DFL-MAT-J041ZN,1,throw_in,0.4114511521236258
DFL-MAT-J041ZN,1,throw_in,0.2575887489630648
DFL-MAT-J041ZN,1,throw_in,0.5488114159615044
DFL-MAT-J041ZN,1,throw_in,0.588231796961803
DFL-MAT-J041ZN,1,throw_in,0.4074618455976916
DFL-MAT-J041ZN,1,corner,0.3782667828334654
DFL-MAT-J041ZN,1,corner,0.6336763017156132
DFL-MAT-J041ZN,1,corner,0.4030149790270013
DFL-MAT-J041ZN,1,corner,0.3476607175743516
DFL-MAT-J041ZN,1,corner,0.4019686404472492
DFL-MAT-J041ZN,0,corner,0.2140071126503789
DFL-MAT-J041ZN,0,corner,0.1974927856046961
DFL-MAT-J041ZN,0,corner,0.2172407610260277
DFL-MAT-J041ZN,0,corner,0.2146075533299795
DFL-MAT-J041ZN,0,corner,0.2646976815522595
DFL-MAT-J041ZN,0,throw_in,0.4274092457292732
DFL-MAT-J041ZN,0,throw_in,0.5609012621857475
DFL-MAT-J041ZN,0,throw_in,0.5400005786826412
DFL-MAT-J041ZN,1,goal_kick,0.335301502555179
DFL-MAT-J041ZN,1,goal_kick,0.3576309115280734
DFL-MAT-J041ZN,1,goal_kick,0.2830865008491323
DFL-MAT-J041ZN,1,goal_kick,0.2979783983795924
DFL-MAT-J041ZN,1,goal_kick,0.2495623099971372
DFL-MAT-J041ZN,0,throw_in,0.228976135747298
DFL-MAT-J041ZN,0,throw_in,0.2548794386875827
DFL-MAT-J041ZN,0,throw_in,0.4839120479705821
DFL-MAT-J041ZN,0,throw_in,0.4377681007786754
DFL-MAT-J041ZN,0,throw_in,0.3561078671304259
DFL-MAT-J041ZN,0,throw_in,0.3623170660164198
DFL-MAT-J041ZN,0,throw_in,0.301044056769647
DFL-MAT-J041ZN,0,throw_in,0.2805965655661469
DFL-MAT-J041ZN,0,throw_in,0.3693167860657585
DFL-MAT-J041ZN,0,throw_in,0.4033923750165052
DFL-MAT-J041ZN,0,throw_in,0.3502691046171422
DFL-MAT-J041ZN,0,throw_in,0.3380450167327967
DFL-MAT-J041ZN,0,throw_in,0.4408001459002539
DFL-MAT-J041ZN,1,throw_in,0.4108201003027085
DFL-MAT-J041ZN,1,throw_in,0.439462732802157
DFL-MAT-J041ZN,1,throw_in,0.5078238019846409
DFL-MAT-J041ZN,1,throw_in,0.5157786521079153
DFL-MAT-J041ZQ,1,throw_in,0.3658339792986708
DFL-MAT-J041ZQ,1,throw_in,0.5140113677600154
DFL-MAT-J041ZQ,0,throw_in,0.5716689962386055
DFL-MAT-J041ZQ,0,throw_in,0.4859724952954009
DFL-MAT-J041ZQ,1,throw_in,0.2350208238082597
DFL-MAT-J041ZQ,1,throw_in,0.2743174237697948
DFL-MAT-J041ZQ,1,throw_in,0.3037533540835919
DFL-MAT-J041ZQ,1,corner,0.3574901637018115
DFL-MAT-J041ZQ,1,corner,0.4505503057405533
DFL-MAT-J041ZQ,1,goal_kick,0.2535108200906137
DFL-MAT-J041ZQ,1,goal_kick,0.2309444149797099
DFL-MAT-J041ZQ,1,goal_kick,0.2218993079683595
DFL-MAT-J041ZQ,1,goal_kick,0.2332474766674695
DFL-MAT-J041ZQ,1,goal_kick,0.3724082712790296
DFL-MAT-J041ZQ,0,corner,0.3902737701691532
DFL-MAT-J041ZQ,0,corner,0.5686580578883653
DFL-MAT-J041ZQ,1,goal_kick,0.2176865290874353
DFL-MAT-J041ZQ,1,goal_kick,0.2399391324017892
DFL-MAT-J041ZQ,1,goal_kick,0.1493359422037412
DFL-MAT-J041ZQ,1,throw_in,0.3431568247848703
DFL-MAT-J041ZQ,1,throw_in,0.3556624041045229
DFL-MAT-J041ZQ,1,throw_in,0.3654466541695094
DFL-MAT-J041ZQ,1,throw_in,0.2858926640748404
DFL-MAT-J041ZQ,1,throw_in,0.3441594327415254
DFL-MAT-J041ZQ,0,throw_in,0.3803943032406546
DFL-MAT-J041ZQ,0,throw_in,0.313285770033962
DFL-MAT-J041ZQ,0,throw_in,0.3084767123440712
DFL-MAT-J041ZQ,0,throw_in,0.5190958083529441
DFL-MAT-J041ZQ,0,throw_in,0.554360906369429
DFL-MAT-J041ZQ,1,throw_in,0.4225889705709332
DFL-MAT-J041ZQ,1,throw_in,0.4182585030751418
DFL-MAT-J041ZQ,1,throw_in,0.3223157388910235
DFL-MAT-J041ZQ,1,throw_in,0.3424644757840249
DFL-MAT-J041ZQ,1,throw_in,0.4036968588711849
DFL-MAT-J041ZQ,0,throw_in,0.3352475830310588
DFL-MAT-J041ZQ,0,throw_in,0.438498831137956
DFL-MAT-J041ZQ,1,throw_in,0.4247560225358537
DFL-MAT-J041ZQ,1,throw_in,0.3206250896698069
DFL-MAT-J041ZQ,1,throw_in,0.3397213004449692
DFL-MAT-J041ZQ,1,throw_in,0.3274713629405119
DFL-MAT-J041ZQ,1,throw_in,0.3221497749201764
DFL-MAT-J041ZQ,0,throw_in,0.4487995250300667
DFL-MAT-J041ZQ,0,throw_in,0.3483629986839298
DFL-MAT-J041ZQ,0,throw_in,0.3407757877924505
DFL-MAT-J041ZQ,0,throw_in,0.342787059993602
DFL-MAT-J041ZQ,0,throw_in,0.329095707510207
DFL-MAT-J041ZQ,1,goal_kick,0.1830514486596818
DFL-MAT-J041ZQ,1,goal_kick,0.2406154781468173
DFL-MAT-J041ZQ,1,goal_kick,0.2371705071663201
DFL-MAT-J041ZQ,1,goal_kick,0.2809074948793721
DFL-MAT-J041ZQ,1,goal_kick,0.3942487285846084
DFL-MAT-J041ZQ,0,throw_in,0.3873904408731267
DFL-MAT-J041ZQ,0,throw_in,0.3168288427349993
DFL-MAT-J041ZQ,0,throw_in,0.3979488308854166
DFL-MAT-J041ZQ,0,throw_in,0.5510367509731408
DFL-MAT-J041ZQ,1,throw_in,0.3399428828370646
DFL-MAT-J041ZQ,1,throw_in,0.3142462017009425
DFL-MAT-J041ZQ,1,throw_in,0.307333699802476
DFL-MAT-J041ZQ,0,goal_kick,0.1811122437325214
DFL-MAT-J041ZQ,0,goal_kick,0.2480882862606949
DFL-MAT-J041ZQ,0,goal_kick,0.3088335421130569
DFL-MAT-J041ZQ,0,goal_kick,0.4054564737868113
DFL-MAT-J041ZQ,0,throw_in,0.4921669501226621
DFL-MAT-J041ZQ,0,throw_in,0.6393028904458538
DFL-MAT-J041ZQ,0,throw_in,0.5252541919594786
DFL-MAT-J041ZQ,0,throw_in,0.5367172925504224
DFL-MAT-J041ZQ,1,goal_kick,0.2299813959579124
DFL-MAT-J041ZQ,1,goal_kick,0.2030135244856098
DFL-MAT-J041ZQ,1,goal_kick,0.2225362864633581
DFL-MAT-J041ZQ,1,goal_kick,0.1976101216744683
DFL-MAT-J041ZQ,1,goal_kick,0.2872379458923389
DFL-MAT-J041ZQ,0,goal_kick,0.2264144576423796
DFL-MAT-J041ZQ,0,goal_kick,0.1965274296698214
DFL-MAT-J041ZQ,0,goal_kick,0.2449215974766901
DFL-MAT-J041ZQ,0,goal_kick,0.3885740318447974
DFL-MAT-J041ZQ,0,goal_kick,0.3069831327140585
DFL-MAT-J041ZQ,0,throw_in,0.3364172939305511
DFL-MAT-J041ZQ,0,throw_in,0.2396022430233934
DFL-MAT-J041ZQ,0,throw_in,0.4148752760623551
DFL-MAT-J041ZQ,0,throw_in,0.5913559322894681
DFL-MAT-J041ZQ,0,throw_in,0.5532389303942182
DFL-MAT-J041ZQ,1,throw_in,0.2499940252160493
DFL-MAT-J041ZQ,1,throw_in,0.2743338231445716
DFL-MAT-J041ZQ,1,throw_in,0.2178357068270483
DFL-MAT-J041ZQ,1,throw_in,0.2382031567896113
DFL-MAT-J041ZQ,0,goal_kick,0.2922563673227001
DFL-MAT-J041ZQ,0,goal_kick,0.3709837282233312
DFL-MAT-J041ZQ,0,goal_kick,0.3727280555873566
DFL-MAT-J041ZQ,0,goal_kick,0.503142783914602
DFL-MAT-J041ZQ,1,goal_kick,0.2233500802857056
DFL-MAT-J041ZQ,1,goal_kick,0.2360480455817678
DFL-MAT-J041ZQ,1,goal_kick,0.2146039663513616
DFL-MAT-J041ZQ,1,goal_kick,0.3177460610345527
DFL-MAT-J041ZQ,1,goal_kick,0.3455778135711297
DFL-MAT-J041ZQ,0,goal_kick,0.2703930794180399
DFL-MAT-J041ZQ,0,goal_kick,0.2504098142023056
DFL-MAT-J041ZQ,0,goal_kick,0.2631211755727244
DFL-MAT-J041ZQ,0,goal_kick,0.2248497634704649
DFL-MAT-J041ZQ,0,goal_kick,0.2909144607778756
DFL-MAT-J041ZQ,1,corner,0.4764689632275248
DFL-MAT-J041ZQ,1,corner,0.496741251627347
DFL-MAT-J041ZQ,1,corner,0.3810206560334794
DFL-MAT-J041ZQ,1,corner,0.4050476272271773
DFL-MAT-J041ZQ,1,corner,0.5983456333310777
DFL-MAT-J041ZQ,0,corner,0.458621971819854
DFL-MAT-J041ZQ,0,corner,0.61412680282082
DFL-MAT-J041ZQ,0,corner,0.476720750873244
DFL-MAT-J041ZQ,1,throw_in,0.359418045641635
DFL-MAT-J041ZQ,1,throw_in,0.3711726467838974
DFL-MAT-J041ZQ,1,throw_in,0.4115772751359576
DFL-MAT-J041ZQ,1,throw_in,0.4233418336289781
DFL-MAT-J041ZQ,1,corner,0.3231575129782247
DFL-MAT-J041ZQ,1,corner,0.3880401221713643
DFL-MAT-J041ZQ,1,corner,0.3883011951758336
DFL-MAT-J041ZQ,1,corner,0.5865587448921952
DFL-MAT-J041ZQ,1,goal_kick,0.2134628486648674
DFL-MAT-J041ZQ,1,goal_kick,0.2219772096012154
DFL-MAT-J041ZQ,1,goal_kick,0.2523047292266452
DFL-MAT-J041ZQ,1,goal_kick,0.243886444006002
DFL-MAT-J041ZQ,1,goal_kick,0.2415510191472923
DFL-MAT-J041ZQ,1,goal_kick,0.271765240604707
DFL-MAT-J041ZQ,1,goal_kick,0.2385922425006044
DFL-MAT-J041ZQ,1,goal_kick,0.2065485116014598
DFL-MAT-J041ZQ,1,goal_kick,0.2326417380567231
DFL-MAT-J041ZQ,0,goal_kick,0.2431547911356302
DFL-MAT-J041ZQ,0,goal_kick,0.1917064435060734
DFL-MAT-J041ZQ,0,goal_kick,0.3630436858745212
DFL-MAT-J041ZQ,0,goal_kick,0.300860425220777
DFL-MAT-J041ZQ,0,throw_in,0.3659312418518389
DFL-MAT-J041ZQ,0,throw_in,0.3760488185204738
DFL-MAT-J041ZQ,0,throw_in,0.4239731748380191
DFL-MAT-J041ZQ,0,throw_in,0.2971342459101218
DFL-MAT-J041ZQ,0,throw_in,0.4284430765314899
DFL-MAT-J041ZQ,0,goal_kick,0.2712152437028604
DFL-MAT-J041ZQ,0,goal_kick,0.2156914263121279
DFL-MAT-J041ZQ,0,goal_kick,0.2599612132731275
DFL-MAT-J041ZQ,0,goal_kick,0.261495397209693
DFL-MAT-J041ZQ,0,goal_kick,0.3081898330265707
DFL-MAT-J041ZQ,0,throw_in,0.3557828306043
DFL-MAT-J041ZQ,0,throw_in,0.3476069370027886
DFL-MAT-J041ZQ,0,throw_in,0.3457775398852517
DFL-MAT-J041ZQ,0,throw_in,0.3921807844255585
DFL-MAT-J041ZQ,0,throw_in,0.3513407425812949
DFL-MAT-J041ZQ,0,throw_in,0.2825635511752207
DFL-MAT-J041ZQ,0,throw_in,0.2731250409831819
DFL-MAT-J041ZQ,0,throw_in,0.2400435547561526
DFL-MAT-J041ZQ,0,throw_in,0.3143540188865195
DFL-MAT-J041ZQ,1,throw_in,0.2939889406025914
DFL-MAT-J041ZQ,1,throw_in,0.370046814339583
DFL-MAT-J041ZQ,1,throw_in,0.4240526027997682
DFL-MAT-J041ZQ,1,throw_in,0.459381751797484
DFL-MAT-J041ZQ,1,throw_in,0.5159414612064381
DFL-MAT-J041ZQ,1,throw_in,0.4017005471204119
DFL-MAT-J041ZQ,1,throw_in,0.3622777938166892
DFL-MAT-J041ZQ,1,throw_in,0.4697127295780626
DFL-MAT-J041ZQ,1,throw_in,0.596012011935047
DFL-MAT-J041ZQ,1,throw_in,0.5412194968364553
DFL-MAT-J041ZQ,0,throw_in,0.4154838366188157
DFL-MAT-J041ZQ,0,throw_in,0.6927355434513153
DFL-MAT-J041ZQ,0,throw_in,0.6108464616406905
DFL-MAT-J041ZQ,0,goal_kick,0.2306913407906347
DFL-MAT-J041ZQ,0,goal_kick,0.2423091002189077
DFL-MAT-J041ZQ,0,goal_kick,0.5510747003895824
DFL-MAT-J041ZQ,0,goal_kick,0.5777720856311718
DFL-MAT-J041ZQ,0,goal_kick,0.6069542103794737
DFL-MAT-J041ZQ,1,throw_in,0.325017373057841
DFL-MAT-J041ZQ,1,throw_in,0.3364315202815545
DFL-MAT-J041ZQ,1,throw_in,0.3618799726944277
DFL-MAT-J041ZQ,1,throw_in,0.4484788036884949
DFL-MAT-J041ZQ,1,throw_in,0.5262896295937776
DFL-MAT-J041ZQ,0,throw_in,0.4007672199481383
DFL-MAT-J041ZQ,0,throw_in,0.3113485227611526
DFL-MAT-J041ZQ,0,throw_in,0.2337793317689973
DFL-MAT-J041ZQ,0,throw_in,0.2336132047533594
DFL-MAT-J041ZQ,1,goal_kick,0.1867979741725245
DFL-MAT-J041ZQ,1,goal_kick,0.1939491571769824
DFL-MAT-J041ZQ,1,goal_kick,0.3044284273863418
DFL-MAT-J041ZQ,1,goal_kick,0.3150553339624975
DFL-MAT-J041ZQ,1,goal_kick,0.3919373133808084
DFL-MAT-J041ZQ,1,goal_kick,0.285634217036308
DFL-MAT-J041ZQ,0,throw_in,0.3595588993055322
DFL-MAT-J041ZQ,0,throw_in,0.3563290821229786
DFL-MAT-J041ZQ,0,throw_in,0.3821406409038277
DFL-MAT-J041ZQ,0,throw_in,0.4357899625993073
DFL-MAT-J041ZQ,0,throw_in,0.4927677327681057
DFL-MAT-J041ZQ,0,throw_in,0.3785634704877239
DFL-MAT-J041ZQ,0,throw_in,0.3915724217421451
DFL-MAT-J041ZQ,0,throw_in,0.3623088392794953
DFL-MAT-J041ZQ,0,throw_in,0.4706067525343689
DFL-MAT-J041ZQ,0,throw_in,0.3141407845601285
DFL-MAT-J041ZQ,0,throw_in,0.4170624567282813
DFL-MAT-J041ZQ,0,throw_in,0.343072265436171
DFL-MAT-J041ZQ,0,throw_in,0.4876521186093663
DFL-MAT-J041ZQ,0,throw_in,0.5023546671499182
DFL-MAT-J041ZQ,0,corner,0.1871186620628471
DFL-MAT-J041ZQ,0,corner,0.558285608038182
DFL-MAT-J041ZQ,0,corner,0.4165333736758587
DFL-MAT-J041ZQ,0,corner,0.3932079054358606
DFL-MAT-J041ZQ,0,corner,0.3455466639686066
DFL-MAT-J041ZQ,1,throw_in,0.3552385508653586
DFL-MAT-J041ZQ,1,throw_in,0.438708183968895
DFL-MAT-J041ZQ,1,throw_in,0.4039429114243973
DFL-MAT-J041ZQ,1,throw_in,0.4731922874956523
DFL-MAT-J041ZQ,1,throw_in,0.4257402295508461
DFL-MAT-J041ZQ,1,throw_in,0.226237903928247
DFL-MAT-J041ZQ,1,throw_in,0.2817100503286825
DFL-MAT-J041ZQ,1,throw_in,0.2936070539275515
DFL-MAT-J041ZQ,1,throw_in,0.2768686696795122
DFL-MAT-J041ZQ,0,throw_in,0.7185337587896086
DFL-MAT-J041ZQ,0,throw_in,0.4652766684578925
DFL-MAT-J041ZQ,0,throw_in,0.3877683742839485
DFL-MAT-J041ZQ,1,throw_in,0.3532185231982318
DFL-MAT-J041ZQ,1,throw_in,0.2936655680150565
DFL-MAT-J041ZQ,1,throw_in,0.2903829311951403
DFL-MAT-J041ZQ,1,throw_in,0.2402945063134838
DFL-MAT-J041ZQ,1,throw_in,0.244681813001421
DFL-MAT-J041ZQ,0,throw_in,0.6468233799786596
DFL-MAT-J04205,1,throw_in,0.3553085392533269
DFL-MAT-J04205,1,throw_in,0.3421911234662035
DFL-MAT-J04205,1,throw_in,0.4636962627475472
DFL-MAT-J04205,1,throw_in,0.400737951573072
DFL-MAT-J04205,1,throw_in,0.4918496610237306
DFL-MAT-J04205,0,corner,0.4202208508029955
DFL-MAT-J04205,1,throw_in,0.4683105007549372
DFL-MAT-J04205,0,goal_kick,0.1742742075559444
DFL-MAT-J04205,0,goal_kick,0.2226117400135362
DFL-MAT-J04205,0,goal_kick,0.1756900373632503
DFL-MAT-J04205,0,goal_kick,0.2557649162415462
DFL-MAT-J04205,0,goal_kick,0.1851695144534267
DFL-MAT-J04205,0,throw_in,0.3349129358477752
DFL-MAT-J04205,0,throw_in,0.34838075383688
DFL-MAT-J04205,0,throw_in,0.325587565693013
DFL-MAT-J04205,0,throw_in,0.4213033274811515
DFL-MAT-J04205,0,throw_in,0.3042310763738205
DFL-MAT-J04205,0,goal_kick,0.1571688271258451
DFL-MAT-J04205,0,goal_kick,0.1994881981256629
DFL-MAT-J04205,0,goal_kick,0.2258322583533464
DFL-MAT-J04205,0,goal_kick,0.2459955132209226
DFL-MAT-J04205,0,goal_kick,0.345590110086528
DFL-MAT-J04205,0,throw_in,0.3291547311766237
DFL-MAT-J04205,0,throw_in,0.3233425569613635
DFL-MAT-J04205,0,throw_in,0.3845839656875429
DFL-MAT-J04205,0,throw_in,0.3385221019115723
DFL-MAT-J04205,0,throw_in,0.245407116850104
DFL-MAT-J04205,1,throw_in,0.2677382606128197
DFL-MAT-J04205,1,throw_in,0.2987098392111887
DFL-MAT-J04205,0,goal_kick,0.2583398963174485
DFL-MAT-J04205,0,goal_kick,0.2080219813795699
DFL-MAT-J04205,0,goal_kick,0.3321327158624105
DFL-MAT-J04205,0,goal_kick,0.367715749525222
DFL-MAT-J04205,0,goal_kick,0.2882815631292003
DFL-MAT-J04205,1,throw_in,0.3977225782481632
DFL-MAT-J04205,1,throw_in,0.2517926504537769
DFL-MAT-J04205,1,throw_in,0.2879038814998486
DFL-MAT-J04205,1,throw_in,0.3205142145534647
DFL-MAT-J04205,1,throw_in,0.376860842325287
DFL-MAT-J04205,1,throw_in,0.3748366577406863
DFL-MAT-J04205,1,throw_in,0.4020147762113638
DFL-MAT-J04205,1,throw_in,0.4926919867573567
DFL-MAT-J04205,1,corner,0.5109768647050219
DFL-MAT-J04205,1,corner,0.3161156547148628
DFL-MAT-J04205,1,corner,0.3549079717864137
DFL-MAT-J04205,1,corner,0.2355131634899716
DFL-MAT-J04205,1,throw_in,0.2326637620354584
DFL-MAT-J04205,1,throw_in,0.5206403290217035
DFL-MAT-J04205,1,throw_in,0.5306945435239556
DFL-MAT-J04205,1,throw_in,0.4721829243019555
DFL-MAT-J04205,1,throw_in,0.4655519137650329
DFL-MAT-J04205,0,corner,0.3357579180198521
DFL-MAT-J04205,0,corner,0.5949779721938593
DFL-MAT-J04205,1,corner,0.5070985982715626
DFL-MAT-J04205,1,corner,0.4763929864142537
DFL-MAT-J04205,1,corner,0.4195969432883119
DFL-MAT-J04205,1,corner,0.3910787418444818
DFL-MAT-J04205,0,corner,0.3461282441932287
DFL-MAT-J04205,0,corner,0.3588464687724186
DFL-MAT-J04205,0,corner,0.4827806338322065
DFL-MAT-J04205,0,corner,0.5452814501019413
DFL-MAT-J04205,0,corner,0.3988368084140284
DFL-MAT-J04205,1,corner,0.4482647444464465
DFL-MAT-J04205,1,corner,0.4225171098948784
DFL-MAT-J04205,1,corner,0.4268404509736305
DFL-MAT-J04205,1,corner,0.3924440669600436
DFL-MAT-J04205,1,corner,0.3881856985617575
DFL-MAT-J04205,1,goal_kick,0.3892201812574291
DFL-MAT-J04205,1,goal_kick,0.3557266579189477
DFL-MAT-J04205,1,goal_kick,0.4685152289712325
DFL-MAT-J04205,0,throw_in,0.2257478116687524
DFL-MAT-J04205,0,throw_in,0.3437983745184182
DFL-MAT-J04205,0,throw_in,0.4368050386746572
DFL-MAT-J04205,0,throw_in,0.2831610195017856
DFL-MAT-J04205,0,throw_in,0.4758689804867175
DFL-MAT-J04205,0,throw_in,0.3415106835091754
DFL-MAT-J04205,0,throw_in,0.4846856296309456
DFL-MAT-J04205,0,throw_in,0.5390530575660996
DFL-MAT-J04205,0,throw_in,0.5367315421549768
DFL-MAT-J04205,0,throw_in,0.5672838529463815
DFL-MAT-J04205,1,goal_kick,0.2773575821552943
DFL-MAT-J04205,1,goal_kick,0.3177268698962068
DFL-MAT-J04205,1,goal_kick,0.2784444717910247
DFL-MAT-J04205,1,goal_kick,0.3232084524469508
DFL-MAT-J04205,1,goal_kick,0.4240946390288077
DFL-MAT-J04205,1,goal_kick,0.340774581589196
DFL-MAT-J04205,1,goal_kick,0.3432616515969621
DFL-MAT-J04205,1,goal_kick,0.4086247594026095
DFL-MAT-J04205,1,goal_kick,0.3759590321532993
DFL-MAT-J04205,1,goal_kick,0.445081221947344
DFL-MAT-J04205,1,goal_kick,0.3063386560992615
DFL-MAT-J04205,1,goal_kick,0.3678791071428978
DFL-MAT-J04205,1,goal_kick,0.3570490476918968
DFL-MAT-J04205,1,goal_kick,0.263367964273506
DFL-MAT-J04205,1,goal_kick,0.3560012426227718
DFL-MAT-J04205,0,corner,0.5017187441505185
DFL-MAT-J04205,0,corner,0.6742903247417564
DFL-MAT-J04205,0,throw_in,0.3489761447648739
DFL-MAT-J04205,0,throw_in,0.2765345561817316
DFL-MAT-J04205,1,goal_kick,0.2949710980885192
DFL-MAT-J04205,1,goal_kick,0.4885221795514942
DFL-MAT-J04205,1,goal_kick,0.3280397015831175
DFL-MAT-J04205,1,goal_kick,0.3436030612210198
DFL-MAT-J04205,1,goal_kick,0.4610178848629649
DFL-MAT-J04205,0,throw_in,0.3034057356235607
DFL-MAT-J04205,0,throw_in,0.3226158970268027
DFL-MAT-J04205,0,throw_in,0.3310020829861827
DFL-MAT-J04205,1,corner,0.4514821579726894
DFL-MAT-J04205,1,corner,0.4775387791678799
DFL-MAT-J04205,1,corner,0.2217655812215809
DFL-MAT-J04205,1,corner,0.4949516337632157
DFL-MAT-J04205,1,corner,0.5200373340321465
DFL-MAT-J04205,1,throw_in,0.2740849900433112
DFL-MAT-J04205,1,throw_in,0.3087262976625473
DFL-MAT-J04205,1,throw_in,0.2773372677137239
DFL-MAT-J04205,0,throw_in,0.3258032998768879
DFL-MAT-J04205,0,throw_in,0.2728692546536367
DFL-MAT-J04205,0,throw_in,0.2571659897041737
DFL-MAT-J04205,0,corner,0.4192098802276031
DFL-MAT-J04205,0,corner,0.323382616399741
DFL-MAT-J04205,0,corner,0.3525277643889283
DFL-MAT-J04205,0,corner,0.5248712907619351
DFL-MAT-J04205,0,throw_in,0.3895373711447089
DFL-MAT-J04205,0,throw_in,0.4070880298118026
DFL-MAT-J04205,0,throw_in,0.3584755207059821
DFL-MAT-J04205,0,throw_in,0.3355351505577376
DFL-MAT-J04205,0,throw_in,0.3147646466137807
DFL-MAT-J04205,0,throw_in,0.394265390511308
DFL-MAT-J04205,1,goal_kick,0.3559044602864458
DFL-MAT-J04205,1,goal_kick,0.3702688728876745
DFL-MAT-J04205,1,goal_kick,0.3993181032679019
DFL-MAT-J04205,1,goal_kick,0.2880104064813409
DFL-MAT-J04205,1,goal_kick,0.3383212294013781
DFL-MAT-J04205,0,corner,0.4742361786405948
DFL-MAT-J04205,0,corner,0.708576351741164
DFL-MAT-J04205,0,goal_kick,0.2025065849811102
DFL-MAT-J04205,0,goal_kick,0.2219941330331533
DFL-MAT-J04205,0,goal_kick,0.207540245285459
DFL-MAT-J04205,0,goal_kick,0.2630432223558979
DFL-MAT-J04205,0,goal_kick,0.2712888041918844
DFL-MAT-J04205,0,goal_kick,0.2237450889485873
DFL-MAT-J04205,1,throw_in,0.3537968018515334
DFL-MAT-J04205,1,throw_in,0.4141541498353306
DFL-MAT-J04205,1,throw_in,0.423025156493918
DFL-MAT-J04205,1,throw_in,0.4717632368667091
DFL-MAT-J04205,1,throw_in,0.4388026621147666
DFL-MAT-J04205,1,corner,0.3294114967098964
DFL-MAT-J04205,1,corner,0.2191826255854914
DFL-MAT-J04205,1,corner,0.3656288457895367
DFL-MAT-J04205,1,corner,0.4043887071090881
DFL-MAT-J04205,1,corner,0.4580335552210737
DFL-MAT-J04205,0,corner,0.4308688541394427
DFL-MAT-J04205,0,corner,0.454578654023987
DFL-MAT-J04205,0,corner,0.4146672755937087
DFL-MAT-J04205,0,corner,0.3934082120111621
DFL-MAT-J04205,0,corner,0.3770547165339868
DFL-MAT-J04205,1,throw_in,0.3067622256157524
DFL-MAT-J04205,1,throw_in,0.3648689660306877
DFL-MAT-J04205,1,throw_in,0.4894851345450006
DFL-MAT-J04205,1,throw_in,0.5133140405920521
DFL-MAT-J04205,0,throw_in,0.3759436222643033
DFL-MAT-J04205,0,throw_in,0.6550525317971105
DFL-MAT-J04205,0,throw_in,0.3684504459613631
DFL-MAT-J04205,0,throw_in,0.350757826478283
DFL-MAT-J04205,0,throw_in,0.3479975663531897
DFL-MAT-J04205,0,throw_in,0.3889228049064224
DFL-MAT-J04205,0,throw_in,0.5663503684954995
DFL-MAT-J04205,0,corner,0.1872560759267369
DFL-MAT-J04205,0,corner,0.2126122698554351
DFL-MAT-J04205,0,corner,0.3715721739878627
DFL-MAT-J04205,0,corner,0.5903103884604106
DFL-MAT-J04205,0,corner,0.6186735495923248
DFL-MAT-J04205,0,throw_in,0.4135193221518282
DFL-MAT-J04205,0,throw_in,0.6591023166009944
DFL-MAT-J04205,0,throw_in,0.6228022295411606
DFL-MAT-J04205,1,goal_kick,0.3168773780114227
DFL-MAT-J04205,1,goal_kick,0.3120967445168209
DFL-MAT-J04205,1,goal_kick,0.3990899589786638
DFL-MAT-J04205,1,goal_kick,0.3478618122425417
DFL-MAT-J04205,1,goal_kick,0.3310298788327472
DFL-MAT-J04205,1,throw_in,0.4619680247994389
DFL-MAT-J04205,1,throw_in,0.3818576864655208
DFL-MAT-J04205,1,throw_in,0.3985010397864349
DFL-MAT-J04205,0,throw_in,0.2526863952201723
DFL-MAT-J04205,0,throw_in,0.4499526453302231
DFL-MAT-J04205,0,throw_in,0.562186757161923
DFL-MAT-J04205,0,throw_in,0.3710866233185185
DFL-MAT-J04205,0,throw_in,0.3814960764438496
DFL-MAT-J04205,0,throw_in,0.4017285370752674
DFL-MAT-J04205,0,throw_in,0.344050256888219
DFL-MAT-J04205,0,throw_in,0.3754789907122011
DFL-MAT-J04205,0,throw_in,0.371942700563339
DFL-MAT-J04205,0,throw_in,0.3780673226927685
DFL-MAT-J04205,0,corner,0.4571624097071099
DFL-MAT-J04205,0,corner,0.4861521206986768
DFL-MAT-J04205,0,corner,0.4125409400322586
DFL-MAT-J04205,0,corner,0.3948796390680872
DFL-MAT-J04205,0,corner,0.5194281115319869
DFL-MAT-J04205,0,corner,0.3798255663396495
DFL-MAT-J04205,0,corner,0.4342158317762109
DFL-MAT-J04205,0,corner,0.6426241366533808
DFL-MAT-J04205,1,corner,0.5522899793372392
DFL-MAT-J04205,1,corner,0.360777740913919
DFL-MAT-J04205,1,corner,0.3521833757070084
DFL-MAT-J04205,1,corner,0.513468989890474
DFL-MAT-J04205,1,corner,0.4178290137216416
DFL-MAT-J04205,1,throw_in,0.2788481312444719
DFL-MAT-J04205,1,throw_in,0.3405794610868827
DFL-MAT-J04205,1,throw_in,0.3596800774658438
DFL-MAT-J04205,1,throw_in,0.350368031920938
DFL-MAT-J04205,1,throw_in,0.3344979093929622
DFL-MAT-J04205,1,goal_kick,0.3428055325152305
DFL-MAT-J04205,0,throw_in,0.392743957869666
DFL-MAT-J04205,0,throw_in,0.3107690724717031
DFL-MAT-J04205,0,throw_in,0.3215920356889783
DFL-MAT-J04205,0,throw_in,0.5027576766852354
DFL-MAT-J04205,0,corner,0.5401340208902538
DFL-MAT-J04205,0,corner,0.4644097202364876
DFL-MAT-J04205,1,corner,0.5168639882755471
DFL-MAT-J04205,1,corner,0.5603926853581611
DFL-MAT-J04205,1,corner,0.3768726599886784
DFL-MAT-J04205,1,corner,0.340534965081447
DFL-MAT-J04205,1,throw_in,0.3392499078817469
DFL-MAT-J04205,1,throw_in,0.3478802627300301
DFL-MAT-J04205,1,throw_in,0.3523342299320865
DFL-MAT-J04205,1,throw_in,0.6978644800035939
DFL-MAT-J04205,1,throw_in,0.4257070610824943
DFL-MAT-J04205,1,throw_in,0.3583230588338789
DFL-MAT-J04205,1,throw_in,0.3259328216172243
DFL-MAT-J04205,1,throw_in,0.3869548989523466
DFL-MAT-J04205,1,throw_in,0.2572525372475691
DFL-MAT-J04205,1,throw_in,0.2901567999365282
DFL-MAT-J04205,1,throw_in,0.3566737400957033
DFL-MAT-J04205,1,throw_in,0.3302780171901994
DFL-MAT-J04205,1,throw_in,0.3645970952601616
DFL-MAT-J04205,1,throw_in,0.2717849123222495
DFL-MAT-J04205,1,throw_in,0.3634480253991676
DFL-MAT-J04205,1,throw_in,0.4049858006844519
DFL-MAT-J04205,1,throw_in,0.3946485174521372
DFL-MAT-J04205,1,throw_in,0.4189418817349865
DFL-MAT-J04205,1,throw_in,0.3473387080598818
DFL-MAT-J04205,0,throw_in,0.3431880777240776
DFL-MAT-J04205,0,throw_in,0.3580705379118092
DFL-MAT-J04205,0,throw_in,0.3464799650668658
DFL-MAT-J04205,0,throw_in,0.5283422527265159
DFL-MAT-J04205,1,goal_kick,0.293945092424938
DFL-MAT-J04205,1,goal_kick,0.2666630720526519
DFL-MAT-J04205,1,goal_kick,0.2495462684169478
DFL-MAT-J04205,1,goal_kick,0.3364221456248896
DFL-MAT-J04205,1,goal_kick,0.33866259019364
DFL-MAT-J04205,1,throw_in,0.3619084659492622
DFL-MAT-J04205,1,throw_in,0.3220364413906644
DFL-MAT-J04205,1,throw_in,0.3126377805995506
DFL-MAT-J04205,1,throw_in,0.3994695706136454
DFL-MAT-J04205,1,throw_in,0.4534794082135417
DFL-MAT-J04205,0,goal_kick,0.4004686990827564
DFL-MAT-J04205,0,goal_kick,0.5229731528641428
DFL-MAT-J04205,0,goal_kick,0.4685771343427549
DFL-MAT-J04205,0,goal_kick,0.5522692028251803
DFL-MAT-J04205,1,throw_in,0.2920905176135215
DFL-MAT-J04205,1,throw_in,0.2799859364409792
DFL-MAT-J04205,1,throw_in,0.2726865918888634
DFL-MAT-J04205,1,throw_in,0.37475220904547
DFL-MAT-J04205,1,throw_in,0.3222125642804244
DFL-MAT-J04205,1,throw_in,0.5769893956148024
DFL-MAT-J04205,1,throw_in,0.4319648992676851
DFL-MAT-J04205,1,throw_in,0.4192026631065292
DFL-MAT-J04205,1,throw_in,0.3161652613168673
DFL-MAT-J04205,1,throw_in,0.3794105343932202
DFL-MAT-J04205,1,throw_in,0.4167698073862393
DFL-MAT-J04205,1,throw_in,0.3669795154595232
DFL-MAT-J04205,1,throw_in,0.3571721486483801
DFL-MAT-J04205,1,throw_in,0.2465639619647572
DFL-MAT-J04205,1,throw_in,0.2447033477688909
DFL-MAT-J04205,1,throw_in,0.2971148093632546
DFL-MAT-J04205,1,throw_in,0.3033267710267837
DFL-MAT-J04205,1,throw_in,0.4502237043306388
DFL-MAT-J04205,1,throw_in,0.2490881787909107
DFL-MAT-J04205,1,throw_in,0.2597280176539011
DFL-MAT-J04205,1,throw_in,0.2344812786296303
DFL-MAT-J04205,1,throw_in,0.5246577204551973
DFL-MAT-J04205,1,throw_in,0.3991082065844887
DFL-MAT-J04205,1,throw_in,0.3802733400174014
DFL-MAT-J0420A,0,throw_in,0.5893051874376843
DFL-MAT-J0420A,0,throw_in,0.2912129004241124
DFL-MAT-J0420A,0,throw_in,0.2535194508505378
DFL-MAT-J0420A,0,throw_in,0.2695019064357173
DFL-MAT-J0420A,0,throw_in,0.3068403885090865
DFL-MAT-J0420A,1,goal_kick,0.3601541578455121
DFL-MAT-J0420A,1,goal_kick,0.3105193556637004
DFL-MAT-J0420A,1,goal_kick,0.3612316614874815
DFL-MAT-J0420A,1,goal_kick,0.4782785463893979
DFL-MAT-J0420A,1,goal_kick,0.4916751187004629
DFL-MAT-J0420A,0,throw_in,0.4122376979005327
DFL-MAT-J0420A,0,throw_in,0.4250536295891434
DFL-MAT-J0420A,0,throw_in,0.3628155428867213
DFL-MAT-J0420A,1,throw_in,0.4522563793536439
DFL-MAT-J0420A,1,throw_in,0.521900860880423
DFL-MAT-J0420A,1,goal_kick,0.2782217050484681
DFL-MAT-J0420A,1,goal_kick,0.3156294445640134
DFL-MAT-J0420A,1,goal_kick,0.4513160228504896
DFL-MAT-J0420A,1,goal_kick,0.5202205943484729
DFL-MAT-J0420A,1,throw_in,0.4889922762937667
DFL-MAT-J0420A,1,throw_in,0.4470818178102451
DFL-MAT-J0420A,1,throw_in,0.4050501079837316
DFL-MAT-J0420A,1,throw_in,0.3626033703187646
DFL-MAT-J0420A,1,throw_in,0.5336925111997288
DFL-MAT-J0420A,1,throw_in,0.4443897956521562
DFL-MAT-J0420A,0,throw_in,0.3090824814996704
DFL-MAT-J0420A,0,throw_in,0.3242941291737477
DFL-MAT-J0420A,0,throw_in,0.398212030557391
DFL-MAT-J0420A,0,throw_in,0.3971837342962849
DFL-MAT-J0420A,0,throw_in,0.3403584139971837
DFL-MAT-J0420A,1,throw_in,0.4438194483126609
DFL-MAT-J0420A,1,throw_in,0.5372961139605057
DFL-MAT-J0420A,1,throw_in,0.4357632823673023
DFL-MAT-J0420A,0,throw_in,0.4791421115231607
DFL-MAT-J0420A,0,throw_in,0.3879899544709665
DFL-MAT-J0420A,0,throw_in,0.3540148184809431
DFL-MAT-J0420A,0,throw_in,0.2456725337498403
DFL-MAT-J0420A,0,throw_in,0.2554439066149266
DFL-MAT-J0420A,0,goal_kick,0.2233894269573423
DFL-MAT-J0420A,0,goal_kick,0.2092729287302971
DFL-MAT-J0420A,0,goal_kick,0.3719265096951836
DFL-MAT-J0420A,0,goal_kick,0.2780863356126478
DFL-MAT-J0420A,0,goal_kick,0.6098106197387313
DFL-MAT-J0420A,1,corner,0.4370986549169051
DFL-MAT-J0420A,1,corner,0.4341387159145265
DFL-MAT-J0420A,1,corner,0.6527349352063844
DFL-MAT-J0420A,1,corner,0.4819450939887448
DFL-MAT-J0420A,0,goal_kick,0.1770143981904187
DFL-MAT-J0420A,0,goal_kick,0.2446499646263074
DFL-MAT-J0420A,0,goal_kick,0.2876065739711775
DFL-MAT-J0420A,0,goal_kick,0.3727907957480006
DFL-MAT-J0420A,1,throw_in,0.375847766521907
DFL-MAT-J0420A,1,throw_in,0.402112296320919
DFL-MAT-J0420A,1,throw_in,0.3821059064842516
DFL-MAT-J0420A,1,throw_in,0.3467189184819643
DFL-MAT-J0420A,1,throw_in,0.3290415446449903
DFL-MAT-J0420A,1,goal_kick,0.3397569207272832
DFL-MAT-J0420A,1,goal_kick,0.3821819795148447
DFL-MAT-J0420A,1,goal_kick,0.4841785868665496
DFL-MAT-J0420A,1,goal_kick,0.5059669533356909
DFL-MAT-J0420A,0,throw_in,0.3460892669611827
DFL-MAT-J0420A,0,throw_in,0.382720892126006
DFL-MAT-J0420A,0,throw_in,0.3420070600003059
DFL-MAT-J0420A,0,throw_in,0.3129016122028358
DFL-MAT-J0420A,1,throw_in,0.2659753332812539
DFL-MAT-J0420A,1,throw_in,0.304020882057017
DFL-MAT-J0420A,1,throw_in,0.3342473375269598
DFL-MAT-J0420A,1,throw_in,0.2968367954474286
DFL-MAT-J0420A,1,throw_in,0.3937612762481381
DFL-MAT-J0420A,1,throw_in,0.4907846178154193
DFL-MAT-J0420A,1,throw_in,0.5740126749046409
DFL-MAT-J0420A,1,throw_in,0.4030174185459337
DFL-MAT-J0420A,1,throw_in,0.487304745919992
DFL-MAT-J0420A,1,throw_in,0.6272303329365121
DFL-MAT-J0420A,0,throw_in,0.5074897860697789
DFL-MAT-J0420A,0,throw_in,0.5581366991140025
DFL-MAT-J0420A,0,throw_in,0.5962467539957654
DFL-MAT-J0420A,1,throw_in,0.3250278408592394
DFL-MAT-J0420A,1,throw_in,0.363958727094168
DFL-MAT-J0420A,1,throw_in,0.2682837512420166
DFL-MAT-J0420A,1,throw_in,0.2743616275466699
DFL-MAT-J0420A,1,throw_in,0.2746038469105389
DFL-MAT-J0420A,0,goal_kick,0.2004673451019498
DFL-MAT-J0420A,0,goal_kick,0.1945874579776505
DFL-MAT-J0420A,0,goal_kick,0.2043464670525727
DFL-MAT-J0420A,0,goal_kick,0.307437065898074
DFL-MAT-J0420A,0,goal_kick,0.2914879947022535
DFL-MAT-J0420A,0,throw_in,0.5516408848489557
DFL-MAT-J0420A,0,throw_in,0.7087738680606213
DFL-MAT-J0420A,0,throw_in,0.5292912918985442
DFL-MAT-J0420A,0,throw_in,0.583422321314406
DFL-MAT-J0420A,0,throw_in,0.3601279824593433
DFL-MAT-J0420A,0,throw_in,0.543644640817118
DFL-MAT-J0420A,0,throw_in,0.5210375212044428
DFL-MAT-J0420A,0,throw_in,0.49159881091173
DFL-MAT-J0420A,0,goal_kick,0.4232965221473274
DFL-MAT-J0420A,0,goal_kick,0.4177241918131409
DFL-MAT-J0420A,0,goal_kick,0.4207812360592881
DFL-MAT-J0420A,0,throw_in,0.4989164292889227
DFL-MAT-J0420A,0,throw_in,0.6587175917364281
DFL-MAT-J0420A,0,throw_in,0.4842871701398819
DFL-MAT-J0420A,0,throw_in,0.5182152672054927
DFL-MAT-J0420A,1,throw_in,0.4714152124203149
DFL-MAT-J0420A,1,throw_in,0.5730924259721346
DFL-MAT-J0420A,1,throw_in,0.3030827182159995
DFL-MAT-J0420A,1,throw_in,0.361914786712806
DFL-MAT-J0420A,0,throw_in,0.4293186191758651
DFL-MAT-J0420A,1,goal_kick,0.3567921278251123
DFL-MAT-J0420A,1,goal_kick,0.4107753292514906
DFL-MAT-J0420A,1,throw_in,0.2973567825989072
DFL-MAT-J0420A,1,throw_in,0.2551568444646395
DFL-MAT-J0420A,1,throw_in,0.3160666347729
DFL-MAT-J0420A,1,throw_in,0.3001913107530473
DFL-MAT-J0420A,1,throw_in,0.4110695233576369
DFL-MAT-J0420A,1,corner,0.6452156440715142
DFL-MAT-J0420A,0,corner,0.459752721388491
DFL-MAT-J0420A,0,corner,0.5204302883921815
DFL-MAT-J0420A,0,corner,0.4566156204359873
DFL-MAT-J0420A,0,corner,0.4878372957662988
DFL-MAT-J0420A,1,goal_kick,0.5676162483901983
DFL-MAT-J0420A,1,throw_in,0.3083147995671379
DFL-MAT-J0420A,1,throw_in,0.3029786435183266
DFL-MAT-J0420A,1,throw_in,0.3701621777155774
DFL-MAT-J0420A,1,throw_in,0.3551027222033147
DFL-MAT-J0420A,1,throw_in,0.4196842207619519
DFL-MAT-J0420A,1,throw_in,0.3549123505352684
DFL-MAT-J0420A,1,throw_in,0.3329026353240696
DFL-MAT-J0420A,1,throw_in,0.2669148208235991
DFL-MAT-J0420A,0,throw_in,0.2783712729594459
DFL-MAT-J0420A,0,throw_in,0.2826750665673921
DFL-MAT-J0420A,0,throw_in,0.3618629388032193
DFL-MAT-J0420A,0,throw_in,0.2533518401037847
DFL-MAT-J0420A,0,throw_in,0.3527234697383591
DFL-MAT-J0420A,0,throw_in,0.2907364981075708
DFL-MAT-J0420A,0,throw_in,0.3214535511064487
DFL-MAT-J0420A,0,throw_in,0.3950660859716724
DFL-MAT-J0420A,0,throw_in,0.5392397176785324
DFL-MAT-J0420A,0,throw_in,0.5287951906975472
DFL-MAT-J0420A,0,throw_in,0.241413839507505
DFL-MAT-J0420A,0,throw_in,0.2569278736527299
DFL-MAT-J0420A,0,throw_in,0.2466626378964135
DFL-MAT-J0420A,0,throw_in,0.4377175294601456
DFL-MAT-J0420A,0,throw_in,0.6895046507958903
DFL-MAT-J0420A,0,corner,0.414931518359686
DFL-MAT-J0420A,0,corner,0.6028999641899797
DFL-MAT-J0420A,0,corner,0.3833010292797063
DFL-MAT-J0420A,0,corner,0.4661886048854567
DFL-MAT-J0420A,0,corner,0.3652988740053037
DFL-MAT-J0420A,0,throw_in,0.5300707175507331
DFL-MAT-J0420A,0,throw_in,0.3429110296495146
DFL-MAT-J0420A,0,throw_in,0.3517097647205305
DFL-MAT-J0420A,0,throw_in,0.3187146923386608
DFL-MAT-J0420A,0,throw_in,0.2714265668810925
DFL-MAT-J0420A,1,goal_kick,0.4322477731283622
DFL-MAT-J0420A,1,goal_kick,0.5156949959606245
DFL-MAT-J0420A,1,goal_kick,0.4939285583330348
DFL-MAT-J0420A,1,goal_kick,0.7793373358707635
DFL-MAT-J0420A,1,corner,0.6388281533874023
DFL-MAT-J0420A,1,corner,0.5588007714046279
DFL-MAT-J0420A,1,corner,0.5351095468297613
DFL-MAT-J0420A,1,corner,0.357148182602292
DFL-MAT-J0420A,1,throw_in,0.3334376037504019
DFL-MAT-J0420A,1,throw_in,0.2764145505733337
DFL-MAT-J0420A,1,throw_in,0.3030117806784029
DFL-MAT-J0420A,1,throw_in,0.3575415527016682
DFL-MAT-J0420A,1,corner,0.4536539726871068
DFL-MAT-J0420A,0,corner,0.2593642634190952
DFL-MAT-J0420A,0,corner,0.1615222303204482
DFL-MAT-J0420A,0,corner,0.1477338095410003
DFL-MAT-J0420A,0,corner,0.2524968469008012
DFL-MAT-J0420A,0,corner,0.2311958729085829
DFL-MAT-J0420A,1,throw_in,0.3622992018550827
DFL-MAT-J0420A,1,throw_in,0.3671349237593851
DFL-MAT-J0420A,1,throw_in,0.3734132514434423
DFL-MAT-J0420A,1,throw_in,0.4118880546280807
DFL-MAT-J0420A,1,throw_in,0.4601357144899528
DFL-MAT-J0420A,1,throw_in,0.3808177749447772
DFL-MAT-J0420A,1,throw_in,0.3365697098544736
DFL-MAT-J0420A,1,throw_in,0.4660154490556899
DFL-MAT-J0420A,1,throw_in,0.5044354224682903
DFL-MAT-J0420A,1,throw_in,0.4479469852096617
DFL-MAT-J0420A,0,goal_kick,0.214993081336463
DFL-MAT-J0420A,0,goal_kick,0.3302203564397493
DFL-MAT-J0420A,0,goal_kick,0.3506081868744995
DFL-MAT-J0420A,0,goal_kick,0.4001806153271846
DFL-MAT-J0420A,1,throw_in,0.4239532361422386
DFL-MAT-J0420A,1,throw_in,0.4518634897098195
DFL-MAT-J0420A,0,throw_in,0.320085433238403
DFL-MAT-J0420A,0,throw_in,0.4597992818663604
DFL-MAT-J0420A,0,throw_in,0.324118062837355
DFL-MAT-J0420A,0,throw_in,0.3395177310188217
DFL-MAT-J0420A,0,throw_in,0.3577374289420201
DFL-MAT-J0420A,0,throw_in,0.605955519559163
DFL-MAT-J0420A,0,throw_in,0.4502247772299961
DFL-MAT-J0420A,0,throw_in,0.4891090160040953
DFL-MAT-J0420A,0,throw_in,0.4719281148228568
DFL-MAT-J0420A,1,throw_in,0.4076386803762755
DFL-MAT-J0420A,1,throw_in,0.5115314583589651
DFL-MAT-J0420A,1,throw_in,0.6606202891566697
DFL-MAT-J0420A,1,throw_in,0.3684959443794068
DFL-MAT-J0420A,1,throw_in,0.3278680736300953
DFL-MAT-J0420A,0,throw_in,0.3943096290791594
DFL-MAT-J0420A,0,throw_in,0.460144211309959
DFL-MAT-J0420A,0,throw_in,0.3366569470472123
DFL-MAT-J0420A,0,throw_in,0.3524669371241058
DFL-MAT-J0420A,0,throw_in,0.3654855065044193
DFL-MAT-J0420A,0,throw_in,0.4234889609697491
DFL-MAT-J0420A,0,throw_in,0.5426289393341653
DFL-MAT-J0420A,1,throw_in,0.3507817660561741
DFL-MAT-J0420A,1,throw_in,0.589532573202336
DFL-MAT-J0420A,1,throw_in,0.4692497708319947
DFL-MAT-J0420A,1,throw_in,0.5278763751772333
DFL-MAT-J0420A,0,throw_in,0.3308098068451573
DFL-MAT-J0420A,0,throw_in,0.5657532223303943
DFL-MAT-J0420A,0,throw_in,0.3853565983490004
DFL-MAT-J0420A,0,throw_in,0.5432503783250521
DFL-MAT-J0420A,0,throw_in,0.506896456500069
DFL-MAT-J0420A,0,throw_in,0.378166167307928
DFL-MAT-J0420A,0,throw_in,0.4767186944009517
DFL-MAT-J0420A,0,throw_in,0.6046248558172318
DFL-MAT-J0420A,1,goal_kick,0.4280426543744853
DFL-MAT-J0420A,1,goal_kick,0.385871023495504
DFL-MAT-J0420A,1,goal_kick,0.4270535384862012
DFL-MAT-J0420A,1,goal_kick,0.4839530654875195
DFL-MAT-J0420A,1,throw_in,0.3683888831783755
DFL-MAT-J0420A,1,throw_in,0.3183020349527382
DFL-MAT-J0420A,1,throw_in,0.3648344054771143
DFL-MAT-J0420A,1,throw_in,0.4034044533877357
DFL-MAT-J0420A,1,throw_in,0.392626457510666
DFL-MAT-J0420A,0,throw_in,0.3624830926771991
DFL-MAT-J0420A,0,throw_in,0.475463483231278
DFL-MAT-J0420A,0,throw_in,0.6056445945985962
DFL-MAT-J0420A,0,throw_in,0.5733629058614063
DFL-MAT-J0420A,0,throw_in,0.6027417235748506
DFL-MAT-J0420A,0,throw_in,0.4428348889901585
DFL-MAT-J0420A,0,goal_kick,0.4424756090117615
DFL-MAT-J0420A,0,goal_kick,0.3808435914288085
DFL-MAT-J0420A,0,goal_kick,0.7150156905103442
DFL-MAT-J0420A,0,goal_kick,0.4019329535380797
DFL-MAT-J0420A,1,throw_in,0.5577177181374058
DFL-MAT-J0420A,1,throw_in,0.4459452646267441
DFL-MAT-J0420A,1,throw_in,0.4037609314335696
DFL-MAT-J0420A,1,throw_in,0.3256082341467002
DFL-MAT-J0420A,1,throw_in,0.368209259282114
DFL-MAT-J0420A,1,throw_in,0.4812635677617681
DFL-MAT-J0420A,1,throw_in,0.4872282273254377
DFL-MAT-J0420A,1,throw_in,0.3581182539579882
DFL-MAT-J0420A,1,throw_in,0.3371856467652238
DFL-MAT-J0420A,1,throw_in,0.3287197180357964
DFL-MAT-J0420A,1,throw_in,0.3682482511294253
DFL-MAT-J0420A,0,goal_kick,0.5873244234866889
DFL-MAT-J0420A,0,goal_kick,0.694650470564866
DFL-MAT-J0420A,0,corner,0.3995041340041796
DFL-MAT-J0420A,0,corner,0.649306287456692
DFL-MAT-J0420A,1,goal_kick,0.5734207176509739
DFL-MAT-J0420A,1,goal_kick,0.4519075530671302
DFL-MAT-J0420A,1,goal_kick,0.4597763784268216
DFL-MAT-J0420A,0,goal_kick,0.4050216192728242
DFL-MAT-J0420A,0,goal_kick,0.4003675982591057
DFL-MAT-J0420A,0,goal_kick,0.5137310867609767
DFL-MAT-J0420A,1,throw_in,0.3905392156406363
DFL-MAT-J0420A,1,throw_in,0.2796575324129834
DFL-MAT-J0420A,1,throw_in,0.4496738665602699
DFL-MAT-J0420A,1,throw_in,0.4586886143764995
DFL-MAT-J0420A,1,throw_in,0.3755282253022446
DFL-MAT-J0420A,1,throw_in,0.5304246909851583
DFL-MAT-J0420A,1,throw_in,0.3400654974122327
DFL-MAT-J0420A,1,throw_in,0.4806251528543823
DFL-MAT-J0420A,1,throw_in,0.587454193198079
DFL-MAT-J0420A,1,corner,0.3423959807477358
DFL-MAT-J0420A,1,corner,0.5983060442563587
DFL-MAT-J0420A,0,corner,0.6093894541120639
DFL-MAT-J0420A,1,corner,0.539433784561753
DFL-MAT-J0420A,1,corner,0.5176624894358907
DFL-MAT-J0420A,1,corner,0.4052858804482666
DFL-MAT-J0420A,1,corner,0.5334830957493873
DFL-MAT-J0420A,1,corner,0.4331558531955981
DFL-MAT-J0420A,1,corner,0.6382173193831092
DFL-MAT-J0420A,1,corner,0.551728273757758
DFL-MAT-J0420A,1,corner,0.7419437391809118
DFL-MAT-J0420A,1,throw_in,0.2778812634988644
DFL-MAT-J0420A,1,throw_in,0.2904370883137864
DFL-MAT-J0420A,1,throw_in,0.2986036942209596
DFL-MAT-J0420A,1,throw_in,0.2904794950244893
DFL-MAT-J0420A,1,throw_in,0.3383500776900069
DFL-MAT-J0420A,1,corner,0.7456409310133197
DFL-MAT-J0420A,1,corner,0.5853843303924812
DFL-MAT-J0420A,1,corner,0.7462335503241497
DFL-MAT-J0420A,0,goal_kick,0.4378371322749041
DFL-MAT-J0420A,0,goal_kick,0.5115279225072226
DFL-MAT-J0420A,0,goal_kick,0.482496126678161
DFL-MAT-J0420A,0,goal_kick,0.5108968596671888
DFL-MAT-J0420N,1,throw_in,0.4694891230333657
DFL-MAT-J0420N,1,throw_in,0.3431818154417272
DFL-MAT-J0420N,1,throw_in,0.3561163725433056
DFL-MAT-J0420N,1,throw_in,0.2513526033548824
DFL-MAT-J0420N,1,throw_in,0.3771356919579005
DFL-MAT-J0420N,1,throw_in,0.5139575991644268
DFL-MAT-J0420N,1,throw_in,0.6184939807955732
DFL-MAT-J0420N,1,throw_in,0.5010565263690232
DFL-MAT-J0420N,1,goal_kick,0.2145056512844894
DFL-MAT-J0420N,1,goal_kick,0.2147561674596711
DFL-MAT-J0420N,1,goal_kick,0.1813337865780589
DFL-MAT-J0420N,1,goal_kick,0.150613143185019
DFL-MAT-J0420N,0,throw_in,0.2867911842073645
DFL-MAT-J0420N,0,throw_in,0.5028402925268216
DFL-MAT-J0420N,0,throw_in,0.609932106629635
DFL-MAT-J0420N,0,throw_in,0.4529523364131749
DFL-MAT-J0420N,0,throw_in,0.4117478221105328
DFL-MAT-J0420N,0,throw_in,0.3230747302187828
DFL-MAT-J0420N,1,throw_in,0.3135066661473215
DFL-MAT-J0420N,1,throw_in,0.3391583505018663
DFL-MAT-J0420N,1,throw_in,0.3595828573535324
DFL-MAT-J0420N,1,throw_in,0.285408508474362
DFL-MAT-J0420N,1,throw_in,0.2925719278609409
DFL-MAT-J0420N,1,throw_in,0.5070510797794472
DFL-MAT-J0420N,1,throw_in,0.2881932491042188
DFL-MAT-J0420N,1,throw_in,0.2682974226095391
DFL-MAT-J0420N,1,throw_in,0.3227878932015797
DFL-MAT-J0420N,1,throw_in,0.2374422061065629
DFL-MAT-J0420N,0,throw_in,0.373315480617217
DFL-MAT-J0420N,0,throw_in,0.5668764787382643
DFL-MAT-J0420N,0,throw_in,0.5135258504952499
DFL-MAT-J0420N,0,throw_in,0.4751800620544947
DFL-MAT-J0420N,1,throw_in,0.4510895465651758
DFL-MAT-J0420N,1,throw_in,0.5488339454828031
DFL-MAT-J0420N,1,throw_in,0.4813459418028367
DFL-MAT-J0420N,1,throw_in,0.484636634176288
DFL-MAT-J0420N,1,throw_in,0.4092359581708238
DFL-MAT-J0420N,1,throw_in,0.3818550414570644
DFL-MAT-J0420N,1,throw_in,0.5442456618610091
DFL-MAT-J0420N,1,throw_in,0.5591698697052205
DFL-MAT-J0420N,0,throw_in,0.4224938200081417
DFL-MAT-J0420N,0,throw_in,0.5053691096690734
DFL-MAT-J0420N,0,throw_in,0.4547669536792231
DFL-MAT-J0420N,1,throw_in,0.4354338250406417
DFL-MAT-J0420N,1,throw_in,0.496550622141419
DFL-MAT-J0420N,1,throw_in,0.4031889313155685
DFL-MAT-J0420N,1,throw_in,0.4419667346784428
DFL-MAT-J0420N,1,throw_in,0.4285921516270247
DFL-MAT-J0420N,1,throw_in,0.5311082354928417
DFL-MAT-J0420N,1,throw_in,0.3727948903901222
DFL-MAT-J0420N,1,throw_in,0.4106859315688122
DFL-MAT-J0420N,1,throw_in,0.3806867581371846
DFL-MAT-J0420N,1,throw_in,0.5194402632658117
DFL-MAT-J0420N,1,throw_in,0.5586024934614652
DFL-MAT-J0420N,1,throw_in,0.6086616742470029
DFL-MAT-J0420N,0,throw_in,0.5186297210432622
DFL-MAT-J0420N,0,throw_in,0.6020699014979042
DFL-MAT-J0420N,0,throw_in,0.5803547849138914
DFL-MAT-J0420N,0,throw_in,0.5889002556351212
DFL-MAT-J0420N,0,throw_in,0.6292191981293207
DFL-MAT-J0420N,1,throw_in,0.3496766207166215
DFL-MAT-J0420N,1,throw_in,0.3229481732498135
DFL-MAT-J0420N,1,corner,0.3892085542807342
DFL-MAT-J0420N,1,corner,0.4851647085233611
DFL-MAT-J0420N,1,corner,0.4413477798970697
DFL-MAT-J0420N,0,corner,0.3358664002108194
DFL-MAT-J0420N,0,corner,0.4309349166345942
DFL-MAT-J0420N,1,corner,0.5005024132505115
DFL-MAT-J0420N,1,corner,0.350860429103955
DFL-MAT-J0420N,1,corner,0.4488390098370606
DFL-MAT-J0420N,1,corner,0.3384119831199471
DFL-MAT-J0420N,1,corner,0.4420135391514516
DFL-MAT-J0420N,0,corner,0.1922520896393636
DFL-MAT-J0420N,0,corner,0.3146186433485787
DFL-MAT-J0420N,0,corner,0.4462044271089802
DFL-MAT-J0420N,0,corner,0.5420913037091143
DFL-MAT-J0420N,0,corner,0.5316805627021791
DFL-MAT-J0420N,0,throw_in,0.4169756724220253
DFL-MAT-J0420N,0,throw_in,0.375866356526845
DFL-MAT-J0420N,0,throw_in,0.3755028405341992
DFL-MAT-J0420N,0,throw_in,0.4308861209794281
DFL-MAT-J0420N,1,goal_kick,0.2264047691729129
DFL-MAT-J0420N,1,goal_kick,0.2712900192229047
DFL-MAT-J0420N,1,goal_kick,0.2647329679875959
DFL-MAT-J0420N,1,goal_kick,0.3050535076336503
DFL-MAT-J0420N,1,goal_kick,0.3694976904864098
DFL-MAT-J0420N,0,throw_in,0.3124495363215772
DFL-MAT-J0420N,0,throw_in,0.3334394572444296
DFL-MAT-J0420N,0,throw_in,0.3092266910909046
DFL-MAT-J0420N,0,throw_in,0.2998708646836931
DFL-MAT-J0420N,0,throw_in,0.2959675427759251
DFL-MAT-J0420N,0,corner,0.1616337037661086
DFL-MAT-J0420N,0,corner,0.2441504945000668
DFL-MAT-J0420N,0,corner,0.4039336924402046
DFL-MAT-J0420N,0,corner,0.5291874427474244
DFL-MAT-J0420N,0,corner,0.38243775473408
DFL-MAT-J0420N,1,corner,0.4273583396218511
DFL-MAT-J0420N,1,corner,0.4526016018811163
DFL-MAT-J0420N,1,corner,0.4517425261519613
DFL-MAT-J0420N,1,corner,0.3445044991990686
DFL-MAT-J0420N,1,throw_in,0.2892307180213841
DFL-MAT-J0420N,1,throw_in,0.2996916541424753
DFL-MAT-J0420N,1,throw_in,0.3354168591782195
DFL-MAT-J0420N,1,throw_in,0.5083333984506779
DFL-MAT-J0420N,1,throw_in,0.332046152543295
DFL-MAT-J0420N,0,throw_in,0.3524376077230521
DFL-MAT-J0420N,0,throw_in,0.4601366021195345
DFL-MAT-J0420N,0,throw_in,0.5198529818772233
DFL-MAT-J0420N,0,throw_in,0.5631810366774416
DFL-MAT-J0420N,0,throw_in,0.396242925681959
DFL-MAT-J0420N,0,throw_in,0.3026175626568756
DFL-MAT-J0420N,0,throw_in,0.4472927964837103
DFL-MAT-J0420N,0,throw_in,0.4457540876533535
DFL-MAT-J0420N,0,throw_in,0.3268871486306443
DFL-MAT-J0420N,0,throw_in,0.371811374436773
DFL-MAT-J0420N,1,throw_in,0.425613444692538
DFL-MAT-J0420N,1,throw_in,0.5380409511043216
DFL-MAT-J0420N,1,throw_in,0.6015605769853734
DFL-MAT-J0420N,1,throw_in,0.4708841847944152
DFL-MAT-J0420N,1,throw_in,0.5148947214248474
DFL-MAT-J0420N,1,throw_in,0.4884545478646713
DFL-MAT-J0420N,1,throw_in,0.3972940072590959
DFL-MAT-J0420N,1,throw_in,0.3067077340249526
DFL-MAT-J0420N,1,throw_in,0.4271356957364264
DFL-MAT-J0420N,1,throw_in,0.546589964113849
DFL-MAT-J0420N,1,throw_in,0.4838405062187172
DFL-MAT-J0420N,1,throw_in,0.481530727886103
DFL-MAT-J0420N,1,throw_in,0.3509156401291757
DFL-MAT-J0420N,1,throw_in,0.2288914733733088
DFL-MAT-J0420N,1,throw_in,0.240204139779712
DFL-MAT-J0420N,1,throw_in,0.3093891532323849
DFL-MAT-J0420N,1,throw_in,0.347230998176295
DFL-MAT-J0420N,0,throw_in,0.3104145400322176
DFL-MAT-J0420N,0,throw_in,0.3305469186735921
DFL-MAT-J0420N,0,throw_in,0.4250648479118761
DFL-MAT-J0420N,0,throw_in,0.4540223007101349
DFL-MAT-J0420N,0,throw_in,0.5012255353296242
DFL-MAT-J0420N,1,throw_in,0.3305191035272432
DFL-MAT-J0420N,1,throw_in,0.5127086334704464
DFL-MAT-J0420N,1,throw_in,0.4384535482248046
DFL-MAT-J0420N,1,throw_in,0.4649622244282288
DFL-MAT-J0420N,1,throw_in,0.2817665106272565
DFL-MAT-J0420N,0,throw_in,0.3916445998741309
DFL-MAT-J0420N,0,throw_in,0.3145659518375718
DFL-MAT-J0420N,0,throw_in,0.3686857082434331
DFL-MAT-J0420N,0,throw_in,0.47820788516218
DFL-MAT-J0420N,0,throw_in,0.4057513972391005
DFL-MAT-J0420N,0,corner,0.2811778137825796
DFL-MAT-J0420N,0,corner,0.6149502869446163
DFL-MAT-J0420N,0,corner,0.3760528073198215
DFL-MAT-J0420N,0,corner,0.4552877442101963
DFL-MAT-J0420N,0,corner,0.3959085213035855
DFL-MAT-J0420N,1,corner,0.3694616247051154
DFL-MAT-J0420N,1,corner,0.3503159041247571
DFL-MAT-J0420N,1,corner,0.3469174015459613
DFL-MAT-J0420N,1,corner,0.2539943513818736
DFL-MAT-J0420N,1,corner,0.1994592179265149
DFL-MAT-J0420N,0,corner,0.2239402612221997
DFL-MAT-J0420N,0,corner,0.2721428601161247
DFL-MAT-J0420N,0,corner,0.4497197285496101
DFL-MAT-J0420N,0,corner,0.5114423633460083
DFL-MAT-J0420N,0,corner,0.2861846203460946
DFL-MAT-J0420N,1,goal_kick,0.268184957864211
DFL-MAT-J0420N,1,goal_kick,0.3658382843930008
DFL-MAT-J0420N,1,goal_kick,0.4587130027399334
DFL-MAT-J0420N,0,throw_in,0.2261722614692484
DFL-MAT-J0420N,0,throw_in,0.1983799773881271
DFL-MAT-J0420N,0,throw_in,0.2671666296149264
DFL-MAT-J0420N,0,throw_in,0.3255934818216378
DFL-MAT-J0420N,0,throw_in,0.3277381875187146
DFL-MAT-J0420N,0,throw_in,0.4648486629471696
DFL-MAT-J0420N,0,throw_in,0.5656791130638491
DFL-MAT-J0420N,0,throw_in,0.3472564984177588
DFL-MAT-J0420N,0,throw_in,0.4336037830522008
DFL-MAT-J0420N,0,throw_in,0.5997267286853665
DFL-MAT-J0420N,0,throw_in,0.2959287262849202
DFL-MAT-J0420N,0,throw_in,0.4117246330202454
DFL-MAT-J0420N,0,throw_in,0.3315330683620927
DFL-MAT-J0420N,1,corner,0.4054797810326093
DFL-MAT-J0420N,0,throw_in,0.5017670432238275
DFL-MAT-J0420N,0,throw_in,0.4598409647571959
DFL-MAT-J0420N,0,throw_in,0.467509666549004
DFL-MAT-J0420N,0,throw_in,0.5200420086352248
DFL-MAT-J0420N,0,throw_in,0.4986621244240395
DFL-MAT-J0420N,0,throw_in,0.5349800932938719
DFL-MAT-J0420N,0,throw_in,0.5252351336582012
DFL-MAT-J0420N,0,throw_in,0.4688759172073621
DFL-MAT-J0420N,0,throw_in,0.5294688847645151
DFL-MAT-J0420N,1,throw_in,0.4861726834888829
DFL-MAT-J0420N,1,throw_in,0.4564012729901092
DFL-MAT-J0420N,1,throw_in,0.6068124481162215
DFL-MAT-J0420N,1,throw_in,0.4102350891992417
DFL-MAT-J0420N,1,throw_in,0.4971557604338532
DFL-MAT-J0420N,0,throw_in,0.2833535276015936
DFL-MAT-J0420N,0,throw_in,0.4524747673554317
DFL-MAT-J0420N,0,throw_in,0.4217067458392964
DFL-MAT-J0420N,0,throw_in,0.2562033184099203
DFL-MAT-J0420N,0,throw_in,0.2968325901911361
DFL-MAT-J0420N,0,throw_in,0.3675125252727079
DFL-MAT-J0420N,0,throw_in,0.3434950308710692
DFL-MAT-J0420N,0,throw_in,0.3763656685465871
DFL-MAT-J0420N,0,throw_in,0.5503667409422246
DFL-MAT-J0420N,0,throw_in,0.4876461630229863
DFL-MAT-J0420N,0,throw_in,0.3180886862077989
DFL-MAT-J0420N,0,throw_in,0.3700627409565915
DFL-MAT-J0420N,0,throw_in,0.3231632630455999
DFL-MAT-J0420N,0,corner,0.3320850886339477
DFL-MAT-J0420N,0,corner,0.3472469690518179
DFL-MAT-J0420N,0,corner,0.3765802867422343
DFL-MAT-J0420N,0,corner,0.3935751756033084
DFL-MAT-J0420N,0,corner,0.4157643618885974
DFL-MAT-J0420N,1,corner,0.3178574086980644
DFL-MAT-J0420N,1,corner,0.3228787174666574
DFL-MAT-J0420N,1,corner,0.2315174726101275
DFL-MAT-J0420N,1,corner,0.3266529167976075
DFL-MAT-J0420N,1,corner,0.4246456877607409
DFL-MAT-J0420N,0,corner,0.293777586057246
DFL-MAT-J0420N,0,corner,0.3755577979045296
DFL-MAT-J0420N,0,corner,0.5442652830330076
DFL-MAT-J0420N,0,corner,0.3229949525833662
DFL-MAT-J0420N,0,corner,0.3745204089017829
DFL-MAT-J0420N,1,throw_in,0.3674816024301209
DFL-MAT-J0420N,1,throw_in,0.4127124145470154
DFL-MAT-J0420N,1,throw_in,0.3125851426538251
DFL-MAT-J0420N,1,throw_in,0.4958398367362575
DFL-MAT-J0420N,1,throw_in,0.281179648740964
DFL-MAT-J0420N,0,goal_kick,0.3559499051008709
DFL-MAT-J0420N,0,goal_kick,0.3538565005808939
DFL-MAT-J0420N,0,goal_kick,0.3740489120311843
DFL-MAT-J0420N,0,goal_kick,0.3645660550551013
DFL-MAT-J0420N,1,throw_in,0.5712488321181579
DFL-MAT-J0420N,1,throw_in,0.5295815460794082
DFL-MAT-J0420N,1,throw_in,0.5521162775584024
DFL-MAT-J0420N,1,throw_in,0.4839579432455224
DFL-MAT-J0420N,1,throw_in,0.5968414239352614
DFL-MAT-J0420N,1,throw_in,0.6781478222198843
DFL-MAT-J0420N,1,throw_in,0.5688306006588999
DFL-MAT-J0420N,0,throw_in,0.5771700402825687
DFL-MAT-J0420N,0,throw_in,0.578932867104685
DFL-MAT-J0420N,0,throw_in,0.3800896500696512
DFL-MAT-J0420N,1,throw_in,0.3608505133053304
DFL-MAT-J0420N,1,throw_in,0.4382616920502275
DFL-MAT-J0420N,1,throw_in,0.5315304571400674
DFL-MAT-J0420N,1,throw_in,0.4049137037233221
DFL-MAT-J0420N,1,throw_in,0.4575074763864989
DFL-MAT-J0420N,0,throw_in,0.2746830528432655
DFL-MAT-J0420N,0,throw_in,0.468579082874709
DFL-MAT-J0420N,0,throw_in,0.3973963202724557
DFL-MAT-J0420N,0,throw_in,0.4782933432390595
DFL-MAT-J0420N,0,throw_in,0.4977680543709502
DFL-MAT-J0420N,0,throw_in,0.3298049053359505
DFL-MAT-J0420N,0,throw_in,0.314143299216098
DFL-MAT-J0420N,0,throw_in,0.4069841297072169
DFL-MAT-J0420N,1,throw_in,0.3178167003849115
DFL-MAT-J0420N,1,throw_in,0.5214192958265668
DFL-MAT-J0420N,1,throw_in,0.5377925446377022
DFL-MAT-J0420N,1,throw_in,0.402087415991219
DFL-MAT-J0420N,1,throw_in,0.5482527591924631
DFL-MAT-J0420N,1,throw_in,0.5414386634468361
DFL-MAT-J0420N,1,throw_in,0.3331908705076727
DFL-MAT-J0420N,1,throw_in,0.4755236233624208
DFL-MAT-J0420N,0,throw_in,0.3740858352408608
DFL-MAT-J0420N,0,throw_in,0.285233946575549
DFL-MAT-J0420N,0,throw_in,0.2938940736665942
DFL-MAT-J0420N,0,throw_in,0.28391086727681
DFL-MAT-J0420N,0,throw_in,0.5232244077623491
DFL-MAT-J0420N,1,throw_in,0.4285971128799865
DFL-MAT-J0420N,1,throw_in,0.4534809363086954
DFL-MAT-J0420N,0,throw_in,0.4073117702574775
DFL-MAT-J0420N,0,throw_in,0.3677216381167527
DFL-MAT-J0420N,0,throw_in,0.3767501205698135
DFL-MAT-J0420N,0,throw_in,0.3161718269491528
DFL-MAT-J0420N,0,throw_in,0.322288438938329
DFL-MAT-J0420N,0,throw_in,0.363268188220445
DFL-MAT-J0420N,0,throw_in,0.3830728643305275
DFL-MAT-J0420N,0,throw_in,0.3841340190100023
DFL-MAT-J0420N,0,throw_in,0.3775137905937626
DFL-MAT-J0420N,0,throw_in,0.5357310323659888
DFL-MAT-J0420N,1,throw_in,0.2350772827666899
DFL-MAT-J0420N,1,throw_in,0.3836713193404223
DFL-MAT-J0420N,0,throw_in,0.2193806287286625
DFL-MAT-J0420N,0,throw_in,0.252356876521844
DFL-MAT-J0420N,0,throw_in,0.2407594902256432
DFL-MAT-J0420N,0,throw_in,0.2663867171658079
DFL-MAT-J0420N,0,throw_in,0.4155924384769626
DFL-MAT-J0420N,0,throw_in,0.42551799804484
DFL-MAT-J0420N,0,throw_in,0.3056491911503335
DFL-MAT-J0420N,0,throw_in,0.3424341441468395
DFL-MAT-J0420N,0,throw_in,0.3976343901953941
DFL-MAT-J0420N,0,throw_in,0.3599683765751912
DFL-MAT-J0420N,1,throw_in,0.3795711719871943
DFL-MAT-J0420N,1,throw_in,0.4002128657406655
DFL-MAT-J0420N,1,throw_in,0.3494349365857888
DFL-MAT-J0420N,1,throw_in,0.39632153025018
DFL-MAT-J0420N,1,throw_in,0.4440090162071253
DFL-MAT-J0420N,0,throw_in,0.3174451436032464
DFL-MAT-J0420N,0,throw_in,0.2815578772595284
DFL-MAT-J0420N,0,throw_in,0.3367284010443483
DFL-MAT-J0420N,0,throw_in,0.3614429420738181
DFL-MAT-J0420N,0,throw_in,0.3779401607840253
DFL-MAT-J0420N,0,throw_in,0.2907487073240904
DFL-MAT-J0420N,1,goal_kick,0.2485968103637622
DFL-MAT-J0420N,1,corner,0.4049297152129875
DFL-MAT-J0420N,1,corner,0.5278765442081261
DFL-MAT-J0420N,1,corner,0.573349732865131
DFL-MAT-J0420N,0,goal_kick,0.4295505249556537
DFL-MAT-J0420N,0,goal_kick,0.4369596789432692
DFL-MAT-J0420N,0,goal_kick,0.6368990650041406
DFL-MAT-J0420N,0,throw_in,0.320817539016003
DFL-MAT-J0420N,0,throw_in,0.4589519018846774
DFL-MAT-J0420N,1,throw_in,0.3303775600940238
DFL-MAT-J0420N,1,throw_in,0.5946260065867416
DFL-MAT-J0420N,1,throw_in,0.442494012934205
DFL-MAT-J0420N,1,throw_in,0.3412880791744856
DFL-MAT-J0420P,0,throw_in,0.3488152055222741
DFL-MAT-J0420P,0,throw_in,0.2785803331709005
DFL-MAT-J0420P,0,throw_in,0.3283321392081593
DFL-MAT-J0420P,0,throw_in,0.450762983988972
DFL-MAT-J0420P,0,throw_in,0.3303193705805088
DFL-MAT-J0420P,0,throw_in,0.4053517758658173
DFL-MAT-J0420P,0,throw_in,0.3650749319186374
DFL-MAT-J0420P,0,throw_in,0.3222113240649493
DFL-MAT-J0420P,0,throw_in,0.4951063948067911
DFL-MAT-J0420P,0,throw_in,0.6179735731040406
DFL-MAT-J0420P,0,goal_kick,0.2745876242710495
DFL-MAT-J0420P,0,goal_kick,0.3857626614286892
DFL-MAT-J0420P,0,goal_kick,0.3712901022642033
DFL-MAT-J0420P,0,goal_kick,0.4227440525433647
DFL-MAT-J0420P,0,corner,0.4579203398960256
DFL-MAT-J0420P,0,corner,0.7043998605905011
DFL-MAT-J0420P,0,corner,0.4464645459959836
DFL-MAT-J0420P,0,corner,0.3705903518407364
DFL-MAT-J0420P,0,throw_in,0.28901042130977
DFL-MAT-J0420P,0,throw_in,0.3666841323201456
DFL-MAT-J0420P,1,throw_in,0.3563473658648076
DFL-MAT-J0420P,1,throw_in,0.4890896069215383
DFL-MAT-J0420P,1,throw_in,0.5287687378291069
DFL-MAT-J0420P,1,throw_in,0.4757302232700297
DFL-MAT-J0420P,1,corner,0.5171241407070291
DFL-MAT-J0420P,1,corner,0.526049039899185
DFL-MAT-J0420P,1,corner,0.3585976615693305
DFL-MAT-J0420P,1,corner,0.370964166637265
DFL-MAT-J0420P,1,corner,0.4732796167456252
DFL-MAT-J0420P,0,corner,0.3722901211165726
DFL-MAT-J0420P,0,corner,0.4777499738838844
DFL-MAT-J0420P,0,corner,0.3965513222090839
DFL-MAT-J0420P,1,corner,0.2692222507498849
DFL-MAT-J0420P,1,corner,0.4693323918394285
DFL-MAT-J0420P,1,corner,0.4565759754806697
DFL-MAT-J0420P,0,goal_kick,0.3433700458710277
DFL-MAT-J0420P,0,goal_kick,0.3568693322322399
DFL-MAT-J0420P,0,goal_kick,0.2922413070053493
DFL-MAT-J0420P,0,goal_kick,0.2678912839890389
DFL-MAT-J0420P,0,goal_kick,0.3012437112627432
DFL-MAT-J0420P,0,goal_kick,0.1823377717801519
DFL-MAT-J0420P,0,goal_kick,0.2822946297214815
DFL-MAT-J0420P,0,goal_kick,0.2560532815528246
DFL-MAT-J0420P,0,goal_kick,0.2334269706235958
DFL-MAT-J0420P,0,goal_kick,0.2866929742909609
DFL-MAT-J0420P,1,throw_in,0.3308652289894395
DFL-MAT-J0420P,1,throw_in,0.2258971341204537
DFL-MAT-J0420P,1,throw_in,0.3698893676599738
DFL-MAT-J0420P,1,throw_in,0.3592981642919949
DFL-MAT-J0420P,0,throw_in,0.3190175586869738
DFL-MAT-J0420P,0,throw_in,0.4413260503286842
DFL-MAT-J0420P,0,throw_in,0.4412350784172902
DFL-MAT-J0420P,0,throw_in,0.4707617880515531
DFL-MAT-J0420P,0,throw_in,0.4815914665171021
DFL-MAT-J0420P,0,throw_in,0.313950895987897
DFL-MAT-J0420P,0,throw_in,0.3070136469244719
DFL-MAT-J0420P,0,throw_in,0.3777703102525192
DFL-MAT-J0420P,0,throw_in,0.320153080988144
DFL-MAT-J0420P,0,throw_in,0.3362855812677178
DFL-MAT-J0420P,1,throw_in,0.3073533413971792
DFL-MAT-J0420P,1,throw_in,0.3473020315106512
DFL-MAT-J0420P,1,throw_in,0.4477113804093699
DFL-MAT-J0420P,1,throw_in,0.3731753137307598
DFL-MAT-J0420P,1,throw_in,0.534423622645001
DFL-MAT-J0420P,1,throw_in,0.2784808435119915
DFL-MAT-J0420P,1,throw_in,0.2675448342670502
DFL-MAT-J0420P,1,throw_in,0.2631502040898091
DFL-MAT-J0420P,1,throw_in,0.2222650578442231
DFL-MAT-J0420P,1,throw_in,0.4685381298982223
DFL-MAT-J0420P,0,corner,0.2209044056449634
DFL-MAT-J0420P,0,corner,0.2917583959781502
DFL-MAT-J0420P,0,corner,0.4422215525066779
DFL-MAT-J0420P,0,corner,0.5101377282873474
DFL-MAT-J0420P,1,throw_in,0.3361640563126541
DFL-MAT-J0420P,1,throw_in,0.3121487269372343
DFL-MAT-J0420P,1,throw_in,0.3197611781039007
DFL-MAT-J0420P,1,throw_in,0.4304371695538248
DFL-MAT-J0420P,1,throw_in,0.5197321004224841
DFL-MAT-J0420P,1,throw_in,0.3227426352834329
DFL-MAT-J0420P,1,throw_in,0.4041126640673061
DFL-MAT-J0420P,1,throw_in,0.5853391992669253
DFL-MAT-J0420P,1,throw_in,0.5785803546676238
DFL-MAT-J0420P,1,throw_in,0.5160013489387254
DFL-MAT-J0420P,1,goal_kick,0.220585077276797
DFL-MAT-J0420P,1,goal_kick,0.2567161036070052
DFL-MAT-J0420P,1,goal_kick,0.2711352555477635
DFL-MAT-J0420P,1,goal_kick,0.2675364014432112
DFL-MAT-J0420P,1,throw_in,0.2451700843538834
DFL-MAT-J0420P,1,throw_in,0.3127668376309697
DFL-MAT-J0420P,1,throw_in,0.3410107160177692
DFL-MAT-J0420P,1,throw_in,0.3145211793109798
DFL-MAT-J0420P,1,throw_in,0.2831275778822588
DFL-MAT-J0420P,0,goal_kick,0.2274658228736696
DFL-MAT-J0420P,0,goal_kick,0.2732672993913039
DFL-MAT-J0420P,0,goal_kick,0.2835807564073434
DFL-MAT-J0420P,0,goal_kick,0.3337654804036344
DFL-MAT-J0420P,0,goal_kick,0.3036814468900352
DFL-MAT-J0420P,0,goal_kick,0.363191192666549
DFL-MAT-J0420P,0,goal_kick,0.298394809129039
DFL-MAT-J0420P,0,goal_kick,0.2577374345257998
DFL-MAT-J0420P,0,goal_kick,0.3324819255002893
DFL-MAT-J0420P,0,goal_kick,0.2683505675121301
DFL-MAT-J0420P,0,goal_kick,0.2945138794756912
DFL-MAT-J0420P,0,goal_kick,0.3118227540987606
DFL-MAT-J0420P,0,goal_kick,0.2182951528229632
DFL-MAT-J0420P,0,throw_in,0.3848297382803991
DFL-MAT-J0420P,0,throw_in,0.4750304835902401
DFL-MAT-J0420P,0,throw_in,0.464171945741373
DFL-MAT-J0420P,0,throw_in,0.4903460750433068
DFL-MAT-J0420P,0,throw_in,0.5967667677860862
DFL-MAT-J0420P,1,corner,0.3031454479108489
DFL-MAT-J0420P,1,corner,0.4805469186674494
DFL-MAT-J0420P,1,corner,0.5382069755259367
DFL-MAT-J0420P,0,goal_kick,0.3253937238502902
DFL-MAT-J0420P,0,goal_kick,0.2407618474403816
DFL-MAT-J0420P,0,goal_kick,0.2880014397109499
DFL-MAT-J0420P,0,goal_kick,0.2930375377705089
DFL-MAT-J0420P,0,goal_kick,0.3679801731270914
DFL-MAT-J0420P,0,goal_kick,0.4664289467770628
DFL-MAT-J0420P,0,goal_kick,0.4342782778425986
DFL-MAT-J0420P,0,goal_kick,0.4177147859962205
DFL-MAT-J0420P,0,goal_kick,0.445170960548134
DFL-MAT-J0420P,0,goal_kick,0.3386598835038487
DFL-MAT-J0420P,0,throw_in,0.3920813088190404
DFL-MAT-J0420P,0,throw_in,0.3605030727503507
DFL-MAT-J0420P,0,throw_in,0.4232122403247128
DFL-MAT-J0420P,0,throw_in,0.3599035449387952
DFL-MAT-J0420P,0,throw_in,0.363355392000783
DFL-MAT-J0420P,0,throw_in,0.3668093963990653
DFL-MAT-J0420P,0,throw_in,0.4355293685214981
DFL-MAT-J0420P,0,throw_in,0.2873971052530595
DFL-MAT-J0420P,0,throw_in,0.3592715674645627
DFL-MAT-J0420P,0,throw_in,0.7429486140121976
DFL-MAT-J0420P,0,throw_in,0.4191902873205351
DFL-MAT-J0420P,0,throw_in,0.379777906199296
DFL-MAT-J0420P,1,throw_in,0.3531193446294767
DFL-MAT-J0420P,1,throw_in,0.3030728772735759
DFL-MAT-J0420P,1,throw_in,0.3297251425867257
DFL-MAT-J0420P,1,throw_in,0.4368613315070476
DFL-MAT-J0420P,1,throw_in,0.3375322036277369
DFL-MAT-J0420P,0,goal_kick,0.2504993108315535
DFL-MAT-J0420P,0,goal_kick,0.2458350148226145
DFL-MAT-J0420P,0,goal_kick,0.3792822061745007
DFL-MAT-J0420P,0,goal_kick,0.5152846419011681
DFL-MAT-J0420P,1,throw_in,0.2985703873077218
DFL-MAT-J0420P,1,throw_in,0.4260966391486814
DFL-MAT-J0420P,1,throw_in,0.5740464880452674
DFL-MAT-J0420P,1,throw_in,0.3532131289672456
DFL-MAT-J0420P,1,throw_in,0.3026042829288811
DFL-MAT-J0420P,1,throw_in,0.3088475219506376
DFL-MAT-J0420P,1,throw_in,0.3040700272113534
DFL-MAT-J0420P,1,throw_in,0.2883630414792595
DFL-MAT-J0420P,0,goal_kick,0.2574080534999596
DFL-MAT-J0420P,0,goal_kick,0.391795420661892
DFL-MAT-J0420P,0,goal_kick,0.2925946808462452
DFL-MAT-J0420P,1,corner,0.6035433652247462
DFL-MAT-J0420P,1,corner,0.3465840335944783
DFL-MAT-J0420P,1,corner,0.283050140099491
DFL-MAT-J0420P,0,goal_kick,0.2605032611775892
DFL-MAT-J0420P,0,goal_kick,0.3544818317952449
DFL-MAT-J0420P,0,goal_kick,0.3768051812537437
DFL-MAT-J0420P,0,goal_kick,0.3584487651989079
DFL-MAT-J0420P,1,throw_in,0.3566556642119199
DFL-MAT-J0420P,1,throw_in,0.3783538875745295
DFL-MAT-J0420P,1,throw_in,0.3172181094325163
DFL-MAT-J0420P,0,goal_kick,0.2548030765080629
DFL-MAT-J0420P,0,goal_kick,0.2825116906729437
DFL-MAT-J0420P,0,goal_kick,0.3158539478499299
DFL-MAT-J0420P,0,goal_kick,0.3759649985865999
DFL-MAT-J0420P,1,throw_in,0.28589588648353
DFL-MAT-J0420P,1,throw_in,0.2928815130880509
DFL-MAT-J0420P,1,throw_in,0.2663439186755015
DFL-MAT-J0420P,1,throw_in,0.3505359885358719
DFL-MAT-J0420P,1,throw_in,0.4806809524896953
DFL-MAT-J0420P,1,throw_in,0.5253717373321147
DFL-MAT-J0420P,1,throw_in,0.4243967251448485
DFL-MAT-J0420P,0,throw_in,0.515613585497766
DFL-MAT-J0420P,0,throw_in,0.5813794916825092
DFL-MAT-J0420P,0,throw_in,0.5562557604343465
DFL-MAT-J0420P,0,throw_in,0.358504413336186
DFL-MAT-J0420P,0,throw_in,0.3509000147562399
DFL-MAT-J0420P,0,throw_in,0.4726127477930722
DFL-MAT-J0420P,0,throw_in,0.4153017649261059
DFL-MAT-J0420P,1,corner,0.5576864324989221
DFL-MAT-J0420P,1,corner,0.4267274440774527
DFL-MAT-J0420P,1,corner,0.4983348569968732
DFL-MAT-J0420P,1,corner,0.3239809973484949
DFL-MAT-J0420P,1,corner,0.1906150838260368
DFL-MAT-J0420P,1,corner,0.4764442017843576
DFL-MAT-J0420P,1,corner,0.3757597755532684
DFL-MAT-J0420P,1,corner,0.4026616065091363
DFL-MAT-J0420P,0,corner,0.3728791554402723
DFL-MAT-J0420P,0,corner,0.3276934323194831
DFL-MAT-J0420P,0,corner,0.3970166025533159
DFL-MAT-J0420P,0,corner,0.3640057051195803
DFL-MAT-J0420P,0,throw_in,0.4070322447292653
DFL-MAT-J0420P,0,throw_in,0.5684500462221858
DFL-MAT-J0420P,0,throw_in,0.4179186571481388
DFL-MAT-J0420P,0,throw_in,0.5022697876005444
DFL-MAT-J0420P,0,throw_in,0.4898462208780756
DFL-MAT-J0420P,0,goal_kick,0.2582818865131017
DFL-MAT-J0420P,0,goal_kick,0.2860558487845323
DFL-MAT-J0420P,0,goal_kick,0.3923963202002934
DFL-MAT-J0420P,0,goal_kick,0.2380365882996739
DFL-MAT-J0420P,0,throw_in,0.3929555446950721
DFL-MAT-J0420P,0,throw_in,0.2570701349511138
DFL-MAT-J0420P,0,throw_in,0.3911444482184487
DFL-MAT-J0420P,0,throw_in,0.4965919522142555
DFL-MAT-J0420P,0,throw_in,0.5903150397312468
DFL-MAT-J0420P,1,throw_in,0.2324356313963842
DFL-MAT-J0420P,1,throw_in,0.2811213977235068
DFL-MAT-J0420P,1,throw_in,0.3103137087111209
DFL-MAT-J0420P,1,throw_in,0.3131936957539281
DFL-MAT-J0420P,1,throw_in,0.3317418374564754
DFL-MAT-J0420P,1,throw_in,0.3305297370335256
DFL-MAT-J0420P,1,throw_in,0.4058089242094762
DFL-MAT-J0420P,1,throw_in,0.290808575625733
DFL-MAT-J0420P,1,throw_in,0.2731816253314966
DFL-MAT-J0420P,1,throw_in,0.2858063018046272
DFL-MAT-J0420P,1,throw_in,0.4169398396646675
DFL-MAT-J0420P,1,throw_in,0.3051469681025932
DFL-MAT-J0420P,0,throw_in,0.3638588800568419
DFL-MAT-J0420P,1,corner,0.4208662944606712
DFL-MAT-J0420P,1,corner,0.4413711151475648
DFL-MAT-J0420P,1,corner,0.3321228257348728
DFL-MAT-J0420P,1,corner,0.1635509533044493
DFL-MAT-J0420P,1,throw_in,0.3197500737861103
DFL-MAT-J0420P,1,throw_in,0.3375273915742553
DFL-MAT-J0420P,1,throw_in,0.5516030289688277
DFL-MAT-J0420P,1,throw_in,0.287490069569524
DFL-MAT-J0420P,1,throw_in,0.3246570523896359
DFL-MAT-J0420P,1,throw_in,0.5961332411362164
DFL-MAT-J0420P,1,throw_in,0.5565498017472206
DFL-MAT-J0420P,1,throw_in,0.4919597717125247
DFL-MAT-J0420P,1,throw_in,0.3705385611927147
DFL-MAT-J0420P,1,throw_in,0.3924583854282388
DFL-MAT-J0420P,1,throw_in,0.6093157449608589
DFL-MAT-J0420P,1,throw_in,0.5813760498564435
DFL-MAT-J0420P,1,throw_in,0.5300822732908899
DFL-MAT-J0420P,1,throw_in,0.4399135744637622
DFL-MAT-J0420P,1,throw_in,0.4171589477105968
DFL-MAT-J0420P,1,throw_in,0.5515496217425998
DFL-MAT-J0420P,1,throw_in,0.5811817630580904
DFL-MAT-J0420P,1,throw_in,0.5803621242728478
DFL-MAT-J0420P,1,throw_in,0.6264393990192609
DFL-MAT-J0420P,1,throw_in,0.536585833947277
DFL-MAT-J0420P,1,throw_in,0.5017282824367266
DFL-MAT-J0420P,1,throw_in,0.6025980813140898
DFL-MAT-J0420P,1,throw_in,0.4576670164467163
DFL-MAT-J0420P,1,throw_in,0.4494263173984519
DFL-MAT-J0420P,1,throw_in,0.6918016067985934
DFL-MAT-J0420P,1,throw_in,0.5404763959832958
DFL-MAT-J0420P,1,corner,0.3001877962950695
DFL-MAT-J0420P,1,corner,0.2611599773652874
DFL-MAT-J0420P,1,corner,0.4866227622889523
DFL-MAT-J0420P,1,corner,0.6649857952506961
DFL-MAT-J0420P,1,corner,0.3899248113184088
DFL-MAT-J0420P,0,corner,0.4459683050655525
DFL-MAT-J0420P,1,corner,0.403863830774534
DFL-MAT-J0420P,1,corner,0.5917929148029857
DFL-MAT-J0420P,1,corner,0.5667294437689924
DFL-MAT-J0420P,1,corner,0.5140041478054115
DFL-MAT-J0420P,1,corner,0.4949064121116011
DFL-MAT-J0420P,1,throw_in,0.3778711255339201
DFL-MAT-J0420P,1,throw_in,0.3621580374522266
DFL-MAT-J0420P,1,throw_in,0.4531632282755575
DFL-MAT-J0420P,1,throw_in,0.6069128603457874
DFL-MAT-J0420P,1,throw_in,0.4951310742903884
DFL-MAT-J0420P,1,corner,0.2849171516203043
DFL-MAT-J0420P,1,corner,0.3211111206058581
DFL-MAT-J0420P,1,corner,0.5091685756959681
DFL-MAT-J0420P,0,throw_in,0.3810842969658484
DFL-MAT-J0420P,0,throw_in,0.3332710211018965
DFL-MAT-J0420P,0,throw_in,0.3633452080877072
DFL-MAT-J0420P,0,throw_in,0.4027674561849804
DFL-MAT-J0420P,0,throw_in,0.3763628376827949
DFL-MAT-J0420P,1,goal_kick,0.5334946123211128
DFL-MAT-J0420P,1,goal_kick,0.4159338183119033
DFL-MAT-J0420P,1,throw_in,0.331707379458753
DFL-MAT-J0420P,1,throw_in,0.2921214810570326
DFL-MAT-J0420P,1,throw_in,0.3297034169837825
DFL-MAT-J0420P,1,throw_in,0.3312744191598125
DFL-MAT-J0420P,1,corner,0.4587016675221815
DFL-MAT-J0420P,1,corner,0.3357224730198922
DFL-MAT-J0420P,1,corner,0.2894919723875774
DFL-MAT-J0420P,1,corner,0.4534175020244091
DFL-MAT-J0420P,0,corner,0.5648873521741847
DFL-MAT-J0420P,1,corner,0.2899552082289795
DFL-MAT-J0420P,1,corner,0.3450925883377055
DFL-MAT-J0420P,1,corner,0.545065338434418
DFL-MAT-J0420P,1,corner,0.4431953547132248
DFL-MAT-J0420P,0,corner,0.5434343589861962
DFL-MAT-J0420P,0,corner,0.5465119988211411
DFL-MAT-J0420P,0,throw_in,0.3968748496408679
DFL-MAT-J0420P,0,throw_in,0.3536484744031284
DFL-MAT-J0420P,0,throw_in,0.4286268118130552
DFL-MAT-J0420P,0,throw_in,0.3093713150725318
DFL-MAT-J0420P,0,throw_in,0.3921279734581157
DFL-MAT-J0420P,0,throw_in,0.4092712083456729
DFL-MAT-J0420P,0,throw_in,0.5147947183053233
DFL-MAT-J0420P,0,goal_kick,0.2636495764267824
DFL-MAT-J0420P,0,goal_kick,0.2957808982770269
DFL-MAT-J0420P,0,goal_kick,0.2945646122967592
DFL-MAT-J0420P,0,goal_kick,0.2293922498995073
DFL-MAT-J0420P,1,throw_in,0.3558917417741381
DFL-MAT-J0420P,1,throw_in,0.420152185994924
DFL-MAT-J0420P,1,throw_in,0.4383536252301231
DFL-MAT-J0420P,0,throw_in,0.4568192093042257
DFL-MAT-J0420P,0,throw_in,0.406080971463336
DFL-MAT-J0420P,0,throw_in,0.2508651490845909
DFL-MAT-J0420P,0,throw_in,0.4532525774836644
DFL-MAT-J0420P,0,throw_in,0.5072077004267979
DFL-MAT-J04215,1,throw_in,0.4132788298227569
DFL-MAT-J04215,1,throw_in,0.3446260669063581
DFL-MAT-J04215,1,throw_in,0.5699658293732145
DFL-MAT-J04215,1,throw_in,0.3265893278650027
DFL-MAT-J04215,1,throw_in,0.5539165507838297
DFL-MAT-J04215,1,throw_in,0.542981448619207
DFL-MAT-J04215,1,throw_in,0.4805897278998778
DFL-MAT-J04215,0,goal_kick,0.2251572545055445
DFL-MAT-J04215,0,goal_kick,0.2845268011237573
DFL-MAT-J04215,0,goal_kick,0.2852365240935246
DFL-MAT-J04215,0,goal_kick,0.2804570808113865
DFL-MAT-J04215,0,goal_kick,0.261952779957942
DFL-MAT-J04215,1,goal_kick,0.2420117812516442
DFL-MAT-J04215,1,goal_kick,0.3612411505523578
DFL-MAT-J04215,1,goal_kick,0.2810350415667244
DFL-MAT-J04215,1,goal_kick,0.3532930325102661
DFL-MAT-J04215,1,goal_kick,0.3491751637399399
DFL-MAT-J04215,1,throw_in,0.2119624171285984
DFL-MAT-J04215,0,throw_in,0.2787507102445891
DFL-MAT-J04215,0,throw_in,0.2564063776543866
DFL-MAT-J04215,0,throw_in,0.246133746338404
DFL-MAT-J04215,0,throw_in,0.3798149346189275
DFL-MAT-J04215,1,goal_kick,0.2364107981960811
DFL-MAT-J04215,1,goal_kick,0.2411379632318877
DFL-MAT-J04215,1,goal_kick,0.2352564499493314
DFL-MAT-J04215,1,goal_kick,0.1975189147191303
DFL-MAT-J04215,0,throw_in,0.5307788649620484
DFL-MAT-J04215,0,throw_in,0.5903387966204979
DFL-MAT-J04215,0,throw_in,0.4486921475396562
DFL-MAT-J04215,0,throw_in,0.3447437381869946
DFL-MAT-J04215,0,goal_kick,0.3031438862329654
DFL-MAT-J04215,0,goal_kick,0.2339232298383797
DFL-MAT-J04215,0,goal_kick,0.2620466427303044
DFL-MAT-J04215,0,goal_kick,0.2994194784855255
DFL-MAT-J04215,0,goal_kick,0.3695100509033793
DFL-MAT-J04215,0,throw_in,0.3363158174200175
DFL-MAT-J04215,0,throw_in,0.2877590553279147
DFL-MAT-J04215,0,throw_in,0.396198343680184
DFL-MAT-J04215,0,throw_in,0.5313334088927121
DFL-MAT-J04215,0,throw_in,0.3917050977741818
DFL-MAT-J04215,0,throw_in,0.4848965817746317
DFL-MAT-J04215,1,throw_in,0.4988948965430247
DFL-MAT-J04215,1,throw_in,0.3952549919595515
DFL-MAT-J04215,1,throw_in,0.4449317252152287
DFL-MAT-J04215,1,throw_in,0.3520069115888918
DFL-MAT-J04215,0,goal_kick,0.4050505722497162
DFL-MAT-J04215,0,goal_kick,0.3564960035321152
DFL-MAT-J04215,0,goal_kick,0.4271351307026337
DFL-MAT-J04215,0,goal_kick,0.3837337356218403
DFL-MAT-J04215,0,goal_kick,0.5190708057370517
DFL-MAT-J04215,1,corner,0.4515545148573273
DFL-MAT-J04215,1,corner,0.880813616265412
DFL-MAT-J04215,1,corner,0.3744460957942757
DFL-MAT-J04215,0,throw_in,0.4007662320013576
DFL-MAT-J04215,0,throw_in,0.4013704081558905
DFL-MAT-J04215,0,throw_in,0.5360721965150383
DFL-MAT-J04215,0,throw_in,0.3624696743040231
DFL-MAT-J04215,0,throw_in,0.4366056796621853
DFL-MAT-J04215,0,throw_in,0.4047546373894131
DFL-MAT-J04215,0,throw_in,0.4381114016484076
DFL-MAT-J04215,0,throw_in,0.2695880951426371
DFL-MAT-J04215,0,throw_in,0.2897311596375235
DFL-MAT-J04215,0,throw_in,0.3430022946646426
DFL-MAT-J04215,0,throw_in,0.3206221118843465
DFL-MAT-J04215,0,throw_in,0.3566611672128931
DFL-MAT-J04215,0,throw_in,0.3634381506630347
DFL-MAT-J04215,0,throw_in,0.2939916264301609
DFL-MAT-J04215,0,throw_in,0.3360488814691567
DFL-MAT-J04215,0,throw_in,0.3108650557595761
DFL-MAT-J04215,0,throw_in,0.2657582143094624
DFL-MAT-J04215,0,throw_in,0.2721722250428937
DFL-MAT-J04215,1,throw_in,0.2710743679099633
DFL-MAT-J04215,0,goal_kick,0.2331204874052324
DFL-MAT-J04215,0,goal_kick,0.2977821475409771
DFL-MAT-J04215,0,goal_kick,0.2725609944911844
DFL-MAT-J04215,0,goal_kick,0.2614101509565426
DFL-MAT-J04215,0,goal_kick,0.2884653518134479
DFL-MAT-J04215,0,goal_kick,0.3188651469861164
DFL-MAT-J04215,0,throw_in,0.5386711195588956
DFL-MAT-J04215,0,throw_in,0.2979191971110508
DFL-MAT-J04215,0,throw_in,0.5348957265726582
DFL-MAT-J04215,0,throw_in,0.3200274878605962
DFL-MAT-J04215,0,throw_in,0.3094485643797919
DFL-MAT-J04215,0,throw_in,0.2991145972487145
DFL-MAT-J04215,0,throw_in,0.2645841858450258
DFL-MAT-J04215,1,corner,0.4974747559449934
DFL-MAT-J04215,1,corner,0.5059927198432594
DFL-MAT-J04215,1,corner,0.3338778706733465
DFL-MAT-J04215,1,corner,0.3568701208655368
DFL-MAT-J04215,0,throw_in,0.5268124392144455
DFL-MAT-J04215,0,throw_in,0.5201053558029596
DFL-MAT-J04215,0,throw_in,0.5533900425353115
DFL-MAT-J04215,0,goal_kick,0.5120132872095651
DFL-MAT-J04215,0,goal_kick,0.4469103469458186
DFL-MAT-J04215,0,goal_kick,0.6148960565338502
DFL-MAT-J04215,0,goal_kick,0.4547073390046039
DFL-MAT-J04215,0,throw_in,0.3134010353444798
DFL-MAT-J04215,0,goal_kick,0.667480187949007
DFL-MAT-J04215,1,goal_kick,0.3120738447901502
DFL-MAT-J04215,1,goal_kick,0.2357985701046934
DFL-MAT-J04215,1,goal_kick,0.2218037602574566
DFL-MAT-J04215,1,goal_kick,0.2217718988843443
DFL-MAT-J04215,1,goal_kick,0.2056419189353557
DFL-MAT-J04215,1,goal_kick,0.2211819284448565
DFL-MAT-J04215,1,goal_kick,0.2817150817821773
DFL-MAT-J04215,1,throw_in,0.333441840215746
DFL-MAT-J04215,1,throw_in,0.2947816067641686
DFL-MAT-J04215,1,throw_in,0.3446486894311912
DFL-MAT-J04215,1,throw_in,0.3907294144388164
DFL-MAT-J04215,1,throw_in,0.5392606239595611
DFL-MAT-J04215,0,throw_in,0.3615653893031901
DFL-MAT-J04215,0,throw_in,0.5006394187652567
DFL-MAT-J04215,0,throw_in,0.5313361141020423
DFL-MAT-J04215,0,throw_in,0.5623668767091159
DFL-MAT-J04215,1,goal_kick,0.3211103052674005
DFL-MAT-J04215,1,goal_kick,0.3194712500167826
DFL-MAT-J04215,1,goal_kick,0.3431216032746841
DFL-MAT-J04215,1,goal_kick,0.3605993901706284
DFL-MAT-J04215,1,goal_kick,0.2957220787009018
DFL-MAT-J04215,0,throw_in,0.3444610961303929
DFL-MAT-J04215,0,throw_in,0.3108051083318148
DFL-MAT-J04215,0,throw_in,0.3074861317312188
DFL-MAT-J04215,0,throw_in,0.3221462345742821
DFL-MAT-J04215,0,throw_in,0.3630339306894891
DFL-MAT-J04215,1,corner,0.4884987160734697
DFL-MAT-J04215,1,corner,0.5221078730924447
DFL-MAT-J04215,1,corner,0.501572573226016
DFL-MAT-J04215,1,corner,0.4125895535558678
DFL-MAT-J04215,1,corner,0.6278007160537935
DFL-MAT-J04215,0,goal_kick,0.3000390867690853
DFL-MAT-J04215,0,goal_kick,0.2511742739512799
DFL-MAT-J04215,0,goal_kick,0.3691117943905863
DFL-MAT-J04215,0,goal_kick,0.4360558210641877
DFL-MAT-J04215,0,goal_kick,0.3326740857918343
DFL-MAT-J04215,1,goal_kick,0.3982775899877478
DFL-MAT-J04215,1,goal_kick,0.3010951184561721
DFL-MAT-J04215,1,goal_kick,0.2125953888829594
DFL-MAT-J04215,1,goal_kick,0.2460037944456054
DFL-MAT-J04215,1,goal_kick,0.2152739903390706
DFL-MAT-J04215,0,throw_in,0.4087542223669603
DFL-MAT-J04215,0,throw_in,0.4195469686235478
DFL-MAT-J04215,0,throw_in,0.3871950105165653
DFL-MAT-J04215,0,throw_in,0.3486985999970021
DFL-MAT-J04215,1,goal_kick,0.3725156844039025
DFL-MAT-J04215,1,goal_kick,0.3435804535182156
DFL-MAT-J04215,1,goal_kick,0.5348347980643973
DFL-MAT-J04215,0,throw_in,0.2914856622861441
DFL-MAT-J04215,0,throw_in,0.4250867220002088
DFL-MAT-J04215,0,throw_in,0.5136059918234843
DFL-MAT-J04215,0,throw_in,0.2880554742641456
DFL-MAT-J04215,0,throw_in,0.2799564838647228
DFL-MAT-J04215,0,corner,0.1718393516039849
DFL-MAT-J04215,0,corner,0.4179077772915344
DFL-MAT-J04215,0,corner,0.6192802532569737
DFL-MAT-J04215,1,goal_kick,0.4558260335958765
DFL-MAT-J04215,1,goal_kick,0.455491261512466
DFL-MAT-J04215,1,goal_kick,0.5719797283264115
DFL-MAT-J04215,1,goal_kick,0.4538588922786073
DFL-MAT-J04215,1,throw_in,0.4584747472532354
DFL-MAT-J04215,1,throw_in,0.5361319103398141
DFL-MAT-J04215,1,throw_in,0.4331251310508082
DFL-MAT-J04215,1,throw_in,0.537963637265918
DFL-MAT-J04215,1,corner,0.5269740011740123
DFL-MAT-J04215,1,corner,0.5402722543634223
DFL-MAT-J04215,0,corner,0.6737823293012434
DFL-MAT-J04215,0,corner,0.2955670585514074
DFL-MAT-J04215,0,corner,0.334229213467013
DFL-MAT-J04215,0,corner,0.3612038942044727
DFL-MAT-J04215,0,corner,0.2594105153800152
DFL-MAT-J04215,1,corner,0.2936836209561732
DFL-MAT-J04215,1,corner,0.2659234651807247
DFL-MAT-J04215,1,corner,0.2065874256395259
DFL-MAT-J04215,1,corner,0.4188653827531835
DFL-MAT-J04215,1,throw_in,0.5530491099367221
DFL-MAT-J04215,1,throw_in,0.4857880573552425
DFL-MAT-J04215,1,throw_in,0.5475316747504172
DFL-MAT-J04215,0,throw_in,0.4111830964313553
DFL-MAT-J04215,0,throw_in,0.4972385238135763
DFL-MAT-J04215,0,throw_in,0.3417802452705726
DFL-MAT-J04215,0,throw_in,0.3129181134579295
DFL-MAT-J04215,0,throw_in,0.3625212044642655
DFL-MAT-J04215,1,throw_in,0.4735994517712715
DFL-MAT-J04215,1,throw_in,0.4774201734847128
DFL-MAT-J04215,1,throw_in,0.483599151716437
DFL-MAT-J04215,1,corner,0.3212663348075102
DFL-MAT-J04215,0,goal_kick,0.2871948171833756
DFL-MAT-J04215,0,goal_kick,0.3951552131428882
DFL-MAT-J04215,0,goal_kick,0.3076313578024536
DFL-MAT-J04215,1,goal_kick,0.3777671026545565
DFL-MAT-J04215,1,goal_kick,0.3319028792630792
DFL-MAT-J04215,1,goal_kick,0.6860706982931031
DFL-MAT-J04215,1,goal_kick,0.4213896964876423
DFL-MAT-J04215,1,throw_in,0.3845291472674169
DFL-MAT-J04215,1,throw_in,0.5465918927309771
DFL-MAT-J04215,1,throw_in,0.5967998188382215
DFL-MAT-J04215,1,throw_in,0.6583117338754327
DFL-MAT-J04215,1,throw_in,0.6457175098642701
DFL-MAT-J04215,1,throw_in,0.265871701801194
DFL-MAT-J04215,1,throw_in,0.1932918461856442
DFL-MAT-J04215,1,throw_in,0.4443991013202948
DFL-MAT-J04215,1,throw_in,0.4508538331284024
DFL-MAT-J04215,1,throw_in,0.3470479770510996
DFL-MAT-J04215,1,corner,0.6247692183039416
DFL-MAT-J04215,0,goal_kick,0.2640265662571432
DFL-MAT-J04215,0,goal_kick,0.254069227239067
DFL-MAT-J04215,0,goal_kick,0.2146960141811074
DFL-MAT-J04215,0,goal_kick,0.2016612646655452
DFL-MAT-J04215,0,goal_kick,0.2534587426185702
DFL-MAT-J04215,1,goal_kick,0.6123491251866239
DFL-MAT-J04219,1,corner,0.4169896146122937
DFL-MAT-J04219,1,corner,0.5074043885640309
DFL-MAT-J04219,1,corner,0.4911357216033131
DFL-MAT-J04219,1,throw_in,0.36829066912262
DFL-MAT-J04219,1,throw_in,0.3528213288274883
DFL-MAT-J04219,1,throw_in,0.3103504497288162
DFL-MAT-J04219,1,throw_in,0.3531198529567983
DFL-MAT-J04219,1,throw_in,0.3760165917655529
DFL-MAT-J04219,1,throw_in,0.4418317268927482
DFL-MAT-J04219,1,throw_in,0.4233209575949991
DFL-MAT-J04219,1,throw_in,0.484868203714879
DFL-MAT-J04219,1,throw_in,0.5478658788596865
DFL-MAT-J04219,1,throw_in,0.505612211854295
DFL-MAT-J04219,0,goal_kick,0.2649712624630371
DFL-MAT-J04219,0,goal_kick,0.2341623422496494
DFL-MAT-J04219,0,goal_kick,0.2442097943962076
DFL-MAT-J04219,0,goal_kick,0.2180284792086809
DFL-MAT-J04219,0,goal_kick,0.2449765847030937
DFL-MAT-J04219,0,goal_kick,0.2380122255661241
DFL-MAT-J04219,0,goal_kick,0.3089041876990033
DFL-MAT-J04219,0,goal_kick,0.2794601810713674
DFL-MAT-J04219,0,goal_kick,0.2922870818126042
DFL-MAT-J04219,0,throw_in,0.355182845270709
DFL-MAT-J04219,0,throw_in,0.2864539935252547
DFL-MAT-J04219,0,throw_in,0.3062065348029592
DFL-MAT-J04219,0,throw_in,0.2964574675406292
DFL-MAT-J04219,0,throw_in,0.3003260528916745
DFL-MAT-J04219,1,throw_in,0.3104440896089214
DFL-MAT-J04219,1,throw_in,0.2562961447126918
DFL-MAT-J04219,1,throw_in,0.2547668939517464
DFL-MAT-J04219,1,throw_in,0.2952175894638058
DFL-MAT-J04219,1,throw_in,0.3449609503240011
DFL-MAT-J04219,1,corner,0.2303873890796598
DFL-MAT-J04219,0,corner,0.3229512275233574
DFL-MAT-J04219,0,corner,0.3382044797528128
DFL-MAT-J04219,0,corner,0.2641280489983877
DFL-MAT-J04219,0,corner,0.2754546733806718
DFL-MAT-J04219,0,corner,0.3201814311609777
DFL-MAT-J04219,1,goal_kick,0.2696731579230257
DFL-MAT-J04219,1,goal_kick,0.2564381732672955
DFL-MAT-J04219,0,throw_in,0.2954575081281796
DFL-MAT-J04219,0,throw_in,0.3419167501133708
DFL-MAT-J04219,0,throw_in,0.3609622005431749
DFL-MAT-J04219,0,throw_in,0.4062012892184176
DFL-MAT-J04219,0,throw_in,0.5766453118180661
DFL-MAT-J04219,1,throw_in,0.4271847575419578
DFL-MAT-J04219,1,throw_in,0.3687928786761528
DFL-MAT-J04219,1,throw_in,0.3495317927702857
DFL-MAT-J04219,1,throw_in,0.437625475432638
DFL-MAT-J04219,1,throw_in,0.5263678545909369
DFL-MAT-J04219,1,goal_kick,0.1478343796527784
DFL-MAT-J04219,1,goal_kick,0.2718248732277152
DFL-MAT-J04219,1,goal_kick,0.2697590761534388
DFL-MAT-J04219,1,goal_kick,0.2562443816613031
DFL-MAT-J04219,1,goal_kick,0.5652090662440024
DFL-MAT-J04219,0,corner,0.6215167744659535
DFL-MAT-J04219,0,corner,0.62562617366091
DFL-MAT-J04219,1,corner,0.4630453683124806
DFL-MAT-J04219,1,corner,0.3568434257545874
DFL-MAT-J04219,1,corner,0.3405159720918266
DFL-MAT-J04219,1,corner,0.3584978227556245
DFL-MAT-J04219,0,corner,0.3714200859026085
DFL-MAT-J04219,0,corner,0.3572026098021906
DFL-MAT-J04219,0,corner,0.5014723739623129
DFL-MAT-J04219,0,corner,0.2904791818308325
DFL-MAT-J04219,0,corner,0.2637468345733187
DFL-MAT-J04219,1,throw_in,0.5572672455886178
DFL-MAT-J04219,1,throw_in,0.6146265512943984
DFL-MAT-J04219,1,throw_in,0.4483348246631959
DFL-MAT-J04219,1,throw_in,0.3961341189077225
DFL-MAT-J04219,0,throw_in,0.3207829776214451
DFL-MAT-J04219,0,throw_in,0.4375116598512556
DFL-MAT-J04219,0,throw_in,0.4116155858930606
DFL-MAT-J04219,1,throw_in,0.1884840057277498
DFL-MAT-J04219,1,throw_in,0.3830740596232984
DFL-MAT-J04219,1,throw_in,0.4198322929839599
DFL-MAT-J04219,1,throw_in,0.5533258536771481
DFL-MAT-J04219,1,throw_in,0.2922029090592861
DFL-MAT-J04219,1,throw_in,0.2942261481210835
DFL-MAT-J04219,1,throw_in,0.2682555517789619
DFL-MAT-J04219,1,throw_in,0.3107684315361637
DFL-MAT-J04219,1,throw_in,0.2828925529741155
DFL-MAT-J04219,1,corner,0.5268233666207286
DFL-MAT-J04219,1,corner,0.4453665305108478
DFL-MAT-J04219,1,corner,0.4430119711473786
DFL-MAT-J04219,1,corner,0.3320990856096091
DFL-MAT-J04219,1,corner,0.5936099247201536
DFL-MAT-J04219,0,corner,0.4519100167666335
DFL-MAT-J04219,0,corner,0.488078715219853
DFL-MAT-J04219,0,corner,0.4957211327079353
DFL-MAT-J04219,0,corner,0.3676597991028201
DFL-MAT-J04219,0,corner,0.5534888337882227
DFL-MAT-J04219,1,corner,0.1479597449722169
DFL-MAT-J04219,1,corner,0.1562808646927777
DFL-MAT-J04219,1,corner,0.2048688431954771
DFL-MAT-J04219,1,corner,0.2702674341255882
DFL-MAT-J04219,1,corner,0.4948281305995892
DFL-MAT-J04219,0,corner,0.3487645704251824
DFL-MAT-J04219,0,corner,0.3438873615944555
DFL-MAT-J04219,0,corner,0.4328376709242266
DFL-MAT-J04219,0,corner,0.3861337655122355
DFL-MAT-J04219,1,throw_in,0.2430300958445016
DFL-MAT-J04219,1,throw_in,0.2455356627658099
DFL-MAT-J04219,1,throw_in,0.2450263275292035
DFL-MAT-J04219,1,throw_in,0.2416996955518703
DFL-MAT-J04219,1,throw_in,0.2529642016593437
DFL-MAT-J04219,0,throw_in,0.3359924582710806
DFL-MAT-J04219,0,throw_in,0.3284478623828899
DFL-MAT-J04219,0,throw_in,0.3741178297795888
DFL-MAT-J04219,0,throw_in,0.3674161152814728
DFL-MAT-J04219,0,throw_in,0.2918180336909536
DFL-MAT-J04219,1,throw_in,0.4377938769434288
DFL-MAT-J04219,1,throw_in,0.2612427664552231
DFL-MAT-J04219,1,throw_in,0.2287423297656613
DFL-MAT-J04219,1,throw_in,0.4728336421752343
DFL-MAT-J04219,1,throw_in,0.3393569878228433
DFL-MAT-J04219,1,throw_in,0.378118539987655
DFL-MAT-J04219,1,throw_in,0.4367626480151512
DFL-MAT-J04219,1,throw_in,0.3710604389383463
DFL-MAT-J04219,1,throw_in,0.4962769746458044
DFL-MAT-J04219,0,throw_in,0.3742024292147656
DFL-MAT-J04219,0,throw_in,0.5156262294380097
DFL-MAT-J04219,1,throw_in,0.5768101223998898
DFL-MAT-J04219,1,throw_in,0.387478220456824
DFL-MAT-J04219,1,throw_in,0.5531993666728204
DFL-MAT-J04219,1,throw_in,0.5909843446130053
DFL-MAT-J04219,1,throw_in,0.5217564674092499
DFL-MAT-J04219,1,corner,0.5492195442550372
DFL-MAT-J04219,0,corner,0.2979051674077151
DFL-MAT-J04219,0,corner,0.3370735567042107
DFL-MAT-J04219,0,corner,0.3395475000221453
DFL-MAT-J04219,0,corner,0.4808905634636644
DFL-MAT-J04219,0,corner,0.4751349867078023
DFL-MAT-J04219,1,corner,0.4685801694582303
DFL-MAT-J04219,1,corner,0.5654703847147603
DFL-MAT-J04219,1,corner,0.5595221697439537
DFL-MAT-J04219,1,corner,0.4781510526705571
DFL-MAT-J04219,1,corner,0.3682188085007617
DFL-MAT-J04219,0,goal_kick,0.2329648037507239
DFL-MAT-J04219,0,goal_kick,0.3118695994781246
DFL-MAT-J04219,0,goal_kick,0.2066020620254089
DFL-MAT-J04219,0,goal_kick,0.2126980268855225
DFL-MAT-J04219,1,throw_in,0.3958296010739075
DFL-MAT-J04219,1,goal_kick,0.2119148342987393
DFL-MAT-J04219,1,goal_kick,0.2560632462519227
DFL-MAT-J04219,1,goal_kick,0.2972404083439894
DFL-MAT-J04219,1,goal_kick,0.2063615531796014
DFL-MAT-J04219,1,corner,0.4019486280837224
DFL-MAT-J04219,1,corner,0.4466128381868694
DFL-MAT-J04219,1,corner,0.4933650296187035
DFL-MAT-J04219,1,corner,0.5307097417739092
DFL-MAT-J04219,0,throw_in,0.2510279968113661
DFL-MAT-J04219,0,throw_in,0.3175187852818675
DFL-MAT-J04219,1,corner,0.4142233739730636
DFL-MAT-J04219,1,corner,0.4145348580096047
DFL-MAT-J04219,1,corner,0.1539096859612748
DFL-MAT-J04219,1,corner,0.1996195784302197
DFL-MAT-J04219,1,corner,0.310476481862863
DFL-MAT-J04219,0,goal_kick,0.4848136647610428
DFL-MAT-J04219,0,throw_in,0.4116778392488942
DFL-MAT-J04219,0,throw_in,0.417470979373586
DFL-MAT-J04219,0,throw_in,0.4749650721269846
DFL-MAT-J04219,0,throw_in,0.5309196147685735
DFL-MAT-J04219,0,throw_in,0.338409516698681
DFL-MAT-J04219,1,throw_in,0.3766418406370599
DFL-MAT-J04219,1,throw_in,0.3901551817478799
DFL-MAT-J04219,1,throw_in,0.3184140090134149
DFL-MAT-J04219,1,throw_in,0.2887361051758193
DFL-MAT-J04219,1,throw_in,0.2911107738464465
DFL-MAT-J04219,1,goal_kick,0.3173809117449852
DFL-MAT-J04219,1,goal_kick,0.2966696753886234
DFL-MAT-J04219,1,goal_kick,0.3839692042107664
DFL-MAT-J04219,1,goal_kick,0.3463280987678978
DFL-MAT-J04219,0,throw_in,0.4350531701542777
DFL-MAT-J04219,0,throw_in,0.380290649518809
DFL-MAT-J04219,0,throw_in,0.458325705675183
DFL-MAT-J04219,0,throw_in,0.5829796138045125
DFL-MAT-J04219,1,throw_in,0.4466381944132699
DFL-MAT-J04219,1,throw_in,0.6710665910575583
DFL-MAT-J04219,1,throw_in,0.6470035597526809
DFL-MAT-J04219,0,throw_in,0.5247644323589855
DFL-MAT-J04219,0,throw_in,0.5513263681332314
DFL-MAT-J04219,0,throw_in,0.4714562860257076
DFL-MAT-J04219,0,throw_in,0.2787353609224066
DFL-MAT-J04219,0,throw_in,0.3893232686897141
DFL-MAT-J04219,1,corner,0.635960286185327
DFL-MAT-J04219,1,corner,0.4214120489002935
DFL-MAT-J04219,1,corner,0.2691015817226284
DFL-MAT-J04219,0,corner,0.4219392255201242
DFL-MAT-J04219,0,corner,0.2211092452218153
DFL-MAT-J04219,0,corner,0.2657828800763165
DFL-MAT-J04219,0,corner,0.2816648875811134
DFL-MAT-J04219,0,corner,0.2787411451656558
DFL-MAT-J04219,0,throw_in,0.5198809144127322
DFL-MAT-J04219,0,goal_kick,0.4569298122064538
DFL-MAT-J04219,0,goal_kick,0.455448146168615
DFL-MAT-J04219,0,goal_kick,0.6167860152709383
DFL-MAT-J0421J,1,corner,0.1579768755794006
DFL-MAT-J0421J,1,corner,0.5787399439343106
DFL-MAT-J0421J,1,corner,0.4715050829305248
DFL-MAT-J0421J,1,corner,0.52617176686067
DFL-MAT-J0421J,1,corner,0.4580365708172958
DFL-MAT-J0421J,1,throw_in,0.257195136337038
DFL-MAT-J0421J,1,throw_in,0.3058630724250314
DFL-MAT-J0421J,1,throw_in,0.3276144729617565
DFL-MAT-J0421J,1,throw_in,0.3112297938065761
DFL-MAT-J0421J,1,throw_in,0.2758001174362583
DFL-MAT-J0421J,1,throw_in,0.2628546493340825
DFL-MAT-J0421J,1,throw_in,0.380343148829328
DFL-MAT-J0421J,1,throw_in,0.3356666229622056
DFL-MAT-J0421J,1,throw_in,0.3779469976745365
DFL-MAT-J0421J,1,throw_in,0.4183238654602029
DFL-MAT-J0421J,1,throw_in,0.3154712241032703
DFL-MAT-J0421J,1,throw_in,0.2011356858050851
DFL-MAT-J0421J,1,throw_in,0.2585952434112283
DFL-MAT-J0421J,1,throw_in,0.2579052135617281
DFL-MAT-J0421J,1,throw_in,0.4712663456982796
DFL-MAT-J0421J,1,throw_in,0.5416266896118617
DFL-MAT-J0421J,0,throw_in,0.2871415206526171
DFL-MAT-J0421J,0,throw_in,0.4623689621698675
DFL-MAT-J0421J,0,throw_in,0.6954516842120929
DFL-MAT-J0421J,1,goal_kick,0.3308534645684023
DFL-MAT-J0421J,1,goal_kick,0.2550466026810643
DFL-MAT-J0421J,1,goal_kick,0.3582196402604544
DFL-MAT-J0421J,1,goal_kick,0.3910265383414832
DFL-MAT-J0421J,1,goal_kick,0.4067235954057253
DFL-MAT-J0421J,1,goal_kick,0.4300119269093334
DFL-MAT-J0421J,1,goal_kick,0.4847778605888854
DFL-MAT-J0421J,0,throw_in,0.226434394134742
DFL-MAT-J0421J,0,throw_in,0.2553581892770078
DFL-MAT-J0421J,0,throw_in,0.2645668126865583
DFL-MAT-J0421J,0,throw_in,0.2144176988037713
DFL-MAT-J0421J,0,throw_in,0.2719570972159905
DFL-MAT-J0421J,1,throw_in,0.3428845379406104
DFL-MAT-J0421J,1,throw_in,0.3773342093343452
DFL-MAT-J0421J,1,throw_in,0.3620424563740851
DFL-MAT-J0421J,1,throw_in,0.2868630238868528
DFL-MAT-J0421J,1,throw_in,0.3248462333723435
DFL-MAT-J0421J,0,goal_kick,0.2665181722659343
DFL-MAT-J0421J,0,goal_kick,0.3047926190549828
DFL-MAT-J0421J,0,goal_kick,0.3885186741326684
DFL-MAT-J0421J,0,goal_kick,0.5364205089862927
DFL-MAT-J0421J,0,goal_kick,0.3778543747371643
DFL-MAT-J0421J,1,throw_in,0.4949259913314862
DFL-MAT-J0421J,1,throw_in,0.6542468062276345
DFL-MAT-J0421J,1,throw_in,0.4734991446292503
DFL-MAT-J0421J,0,throw_in,0.3687357775575419
DFL-MAT-J0421J,0,throw_in,0.5110250120531205
DFL-MAT-J0421J,0,throw_in,0.5935564056081704
DFL-MAT-J0421J,0,throw_in,0.5394453328836047
DFL-MAT-J0421J,1,throw_in,0.2659321191533548
DFL-MAT-J0421J,1,throw_in,0.2956498201186578
DFL-MAT-J0421J,1,throw_in,0.2499808826568272
DFL-MAT-J0421J,1,throw_in,0.5222615120894211
DFL-MAT-J0421J,1,throw_in,0.3475512876347737
DFL-MAT-J0421J,1,throw_in,0.2984309225038103
DFL-MAT-J0421J,1,throw_in,0.3142187967645264
DFL-MAT-J0421J,1,throw_in,0.3346686864945896
DFL-MAT-J0421J,0,goal_kick,0.3476038328953674
DFL-MAT-J0421J,0,goal_kick,0.3274972001123465
DFL-MAT-J0421J,0,goal_kick,0.3177892639089461
DFL-MAT-J0421J,0,goal_kick,0.4078343360531185
DFL-MAT-J0421J,0,goal_kick,0.3245873684493032
DFL-MAT-J0421J,0,goal_kick,0.3954261388261169
DFL-MAT-J0421J,0,goal_kick,0.3470261249657463
DFL-MAT-J0421J,0,goal_kick,0.3605768843370208
DFL-MAT-J0421J,0,goal_kick,0.476661173273685
DFL-MAT-J0421J,0,goal_kick,0.3868479835828504
DFL-MAT-J0421J,1,throw_in,0.2887590129801476
DFL-MAT-J0421J,0,throw_in,0.2735598514951801
DFL-MAT-J0421J,0,throw_in,0.2410897213629372
DFL-MAT-J0421J,0,throw_in,0.3105784122094274
DFL-MAT-J0421J,0,throw_in,0.3305891223372098
DFL-MAT-J0421J,0,throw_in,0.3907917945291737
DFL-MAT-J0421J,0,throw_in,0.3396856810729671
DFL-MAT-J0421J,0,throw_in,0.3128484483461434
DFL-MAT-J0421J,0,goal_kick,0.3218634039307579
DFL-MAT-J0421J,0,goal_kick,0.482540434277843
DFL-MAT-J0421J,0,goal_kick,0.240426122075094
DFL-MAT-J0421J,0,goal_kick,0.3825103037980565
DFL-MAT-J0421J,1,goal_kick,0.3125421457217072
DFL-MAT-J0421J,1,goal_kick,0.318605429631024
DFL-MAT-J0421J,1,goal_kick,0.2539568456795251
DFL-MAT-J0421J,1,goal_kick,0.2946569751635867
DFL-MAT-J0421J,1,goal_kick,0.4079397330233323
DFL-MAT-J0421J,1,throw_in,0.2657967770502104
DFL-MAT-J0421J,1,throw_in,0.256754040446477
DFL-MAT-J0421J,1,throw_in,0.3248309565676405
DFL-MAT-J0421J,0,throw_in,0.3829694319459467
DFL-MAT-J0421J,0,throw_in,0.4076933425246309
DFL-MAT-J0421J,0,throw_in,0.351151619787465
DFL-MAT-J0421J,0,throw_in,0.3208599214298022
DFL-MAT-J0421J,0,throw_in,0.3618281322039071
DFL-MAT-J0421J,0,throw_in,0.4304433548849656
DFL-MAT-J0421J,0,throw_in,0.4643932068886096
DFL-MAT-J0421J,0,throw_in,0.4798112857072645
DFL-MAT-J0421J,0,throw_in,0.5769064638963818
DFL-MAT-J0421J,1,goal_kick,0.328717123494154
DFL-MAT-J0421J,1,goal_kick,0.3353505013895862
DFL-MAT-J0421J,1,goal_kick,0.5454535623620116
DFL-MAT-J0421J,0,throw_in,0.567920111162142
DFL-MAT-J0421J,0,throw_in,0.2947300261452202
DFL-MAT-J0421J,0,throw_in,0.3744768353935852
DFL-MAT-J0421J,0,throw_in,0.348489530885351
DFL-MAT-J0421J,1,goal_kick,0.3032400877707314
DFL-MAT-J0421J,1,goal_kick,0.2933130356572293
DFL-MAT-J0421J,1,goal_kick,0.2889550669270233
DFL-MAT-J0421J,1,goal_kick,0.2409285618902117
DFL-MAT-J0421J,1,goal_kick,0.2186882641277753
DFL-MAT-J0421J,0,throw_in,0.2961157781988141
DFL-MAT-J0421J,0,throw_in,0.2712176828309454
DFL-MAT-J0421J,0,throw_in,0.2353675985747712
DFL-MAT-J0421J,0,throw_in,0.2852353321066254
DFL-MAT-J0421J,0,throw_in,0.3215661027492605
DFL-MAT-J0421J,0,throw_in,0.3731117877149363
DFL-MAT-J0421J,0,throw_in,0.3909227980650565
DFL-MAT-J0421J,0,throw_in,0.4422532330011425
DFL-MAT-J0421J,0,throw_in,0.4426370652174955
DFL-MAT-J0421J,0,throw_in,0.3022272259733936
DFL-MAT-J0421J,1,throw_in,0.4391321344791666
DFL-MAT-J0421J,1,throw_in,0.3343274565528317
DFL-MAT-J0421J,1,throw_in,0.3437953597054053
DFL-MAT-J0421J,1,throw_in,0.4117835436116369
DFL-MAT-J0421J,1,throw_in,0.5721835627624945
DFL-MAT-J0421J,1,throw_in,0.5853889419924401
DFL-MAT-J0421J,1,throw_in,0.5312345686196556
DFL-MAT-J0421J,1,corner,0.4670687055105422
DFL-MAT-J0421J,1,corner,0.455688386951217
DFL-MAT-J0421J,1,corner,0.691529162685919
DFL-MAT-J0421J,1,corner,0.4043029160460049
DFL-MAT-J0421J,0,goal_kick,0.4798004535665939
DFL-MAT-J0421J,0,goal_kick,0.3601681680833565
DFL-MAT-J0421J,1,throw_in,0.3229008319026883
DFL-MAT-J0421J,1,throw_in,0.2998792876746222
DFL-MAT-J0421J,1,throw_in,0.3071684859707482
DFL-MAT-J0421J,1,throw_in,0.32204150963361
DFL-MAT-J0421J,1,throw_in,0.396358812379824
DFL-MAT-J0421J,1,throw_in,0.6523463297508748
DFL-MAT-J0421J,1,throw_in,0.3876576747506757
DFL-MAT-J0421J,1,throw_in,0.3259757381995409
DFL-MAT-J0421J,1,throw_in,0.3195532206556684
DFL-MAT-J0421J,1,throw_in,0.3434075891480919
DFL-MAT-J0421J,1,throw_in,0.2881374217613034
DFL-MAT-J0421J,1,throw_in,0.3643135847262342
DFL-MAT-J0421J,1,throw_in,0.3455456556633793
DFL-MAT-J0421J,1,throw_in,0.4002165157961909
DFL-MAT-J0421J,1,throw_in,0.3843629095613525
DFL-MAT-J0421J,1,throw_in,0.2328306567413628
DFL-MAT-J0421J,1,goal_kick,0.323436073105015
DFL-MAT-J0421J,1,goal_kick,0.2948244333489935
DFL-MAT-J0421J,1,goal_kick,0.2893320689085119
DFL-MAT-J0421J,1,goal_kick,0.319892476266772
DFL-MAT-J0421J,1,goal_kick,0.3056668629117219
DFL-MAT-J0421J,1,throw_in,0.3000937174422464
DFL-MAT-J0421J,1,throw_in,0.3166781819478611
DFL-MAT-J0421J,1,throw_in,0.3509410922406273
DFL-MAT-J0421J,1,throw_in,0.3516372672424157
DFL-MAT-J0421J,1,throw_in,0.2868871877461826
DFL-MAT-J0421J,0,throw_in,0.4194105037289402
DFL-MAT-J0421J,0,throw_in,0.5256697305610207
DFL-MAT-J0421J,0,throw_in,0.5265748820364581
DFL-MAT-J0421J,1,throw_in,0.4692658746343712
DFL-MAT-J0421J,1,throw_in,0.5171832591457606
DFL-MAT-J0421J,1,throw_in,0.3375591101926408
DFL-MAT-J0421J,1,throw_in,0.3598091707516146
DFL-MAT-J0421J,0,throw_in,0.3002506251445114
DFL-MAT-J0421J,0,throw_in,0.327094210115171
DFL-MAT-J0421J,0,throw_in,0.2679817036471766
DFL-MAT-J0421J,0,throw_in,0.6024728173825331
DFL-MAT-J0421J,0,throw_in,0.3782532833441522
DFL-MAT-J0421J,1,throw_in,0.2472832797993681
DFL-MAT-J0421J,1,throw_in,0.3969676812386341
DFL-MAT-J0421J,0,throw_in,0.4203760952707317
DFL-MAT-J0421J,0,throw_in,0.4873462401393395
DFL-MAT-J0421J,0,throw_in,0.29020536144448
DFL-MAT-J0421J,0,throw_in,0.2860829830186598
DFL-MAT-J0421J,0,throw_in,0.25759907306428
DFL-MAT-J0421J,0,throw_in,0.5315518596560644
DFL-MAT-J0421J,0,throw_in,0.626366098096539
DFL-MAT-J0421J,0,throw_in,0.5231937541167337
DFL-MAT-J0421J,0,goal_kick,0.2534719522322088
DFL-MAT-J0421J,0,goal_kick,0.3197912021627983
DFL-MAT-J0421J,0,goal_kick,0.3800764252943764
DFL-MAT-J0421J,0,throw_in,0.2235216144421736
DFL-MAT-J0421J,0,corner,0.3377801055015724
DFL-MAT-J0421J,0,corner,0.6896372292600959
DFL-MAT-J0421J,0,corner,0.424764297927816
DFL-MAT-J0421J,0,corner,0.4567328647683316
DFL-MAT-J0421J,0,corner,0.419208016032674
DFL-MAT-J0421J,0,throw_in,0.3251988492589444
DFL-MAT-J0421J,0,throw_in,0.3002581437919536
DFL-MAT-J0421J,0,throw_in,0.273777166407236
DFL-MAT-J0421J,0,goal_kick,0.3459792228209812
DFL-MAT-J0421J,0,goal_kick,0.1743576843644697
DFL-MAT-J0421J,0,goal_kick,0.2084164198854154
DFL-MAT-J0421J,0,goal_kick,0.2108261369796564
DFL-MAT-J0421J,0,goal_kick,0.2556016834086747
DFL-MAT-J0421J,0,corner,0.1852916208761068
DFL-MAT-J0421J,0,corner,0.5106712329125607
DFL-MAT-J0421J,0,corner,0.1421289765052532
DFL-MAT-J0421J,0,corner,0.389383418925833
DFL-MAT-J0421J,0,corner,0.4895911672781287
DFL-MAT-J0421J,0,corner,0.3857627661664035
DFL-MAT-J0421J,0,corner,0.508649123460365
DFL-MAT-J0421J,0,corner,0.3581999337242053
DFL-MAT-J0421J,1,goal_kick,0.5259285605938325
DFL-MAT-J0421J,1,throw_in,0.41039028502426
DFL-MAT-J0421J,1,throw_in,0.4393199624652229
DFL-MAT-J0421J,1,throw_in,0.473965743509331
DFL-MAT-J0421J,1,throw_in,0.504420211886094
DFL-MAT-J0421J,0,throw_in,0.4712906458687302
DFL-MAT-J0421J,0,throw_in,0.3866267195849522
DFL-MAT-J0421J,0,throw_in,0.3709485784405023
DFL-MAT-J0421J,0,throw_in,0.3679194900649646
DFL-MAT-J0421J,0,throw_in,0.3373691460294779
DFL-MAT-J0421J,0,throw_in,0.4306796232082687
DFL-MAT-J0421J,0,throw_in,0.3446444090593878
DFL-MAT-J0421J,0,throw_in,0.310746959328607
DFL-MAT-J0421J,0,throw_in,0.3642089137637464
DFL-MAT-J0421J,0,throw_in,0.4361447319674715
DFL-MAT-J0421J,1,throw_in,0.5413295319925744
DFL-MAT-J0421J,1,throw_in,0.6080693076793144
DFL-MAT-J0421J,1,throw_in,0.5555864014311239
DFL-MAT-J0421J,1,throw_in,0.5290033556027127
DFL-MAT-J0421J,1,throw_in,0.5000946719677763
DFL-MAT-J0421J,1,throw_in,0.3629552428448624
DFL-MAT-J0421J,1,throw_in,0.5038858902395522
DFL-MAT-J0421J,1,throw_in,0.5646200438301947
DFL-MAT-J0421J,1,throw_in,0.4811145176789773
DFL-MAT-J0421J,1,throw_in,0.3313018560336407
DFL-MAT-J0421J,0,throw_in,0.3926403831677882
DFL-MAT-J0421J,0,throw_in,0.416540149655391
DFL-MAT-J0421J,0,throw_in,0.5775914173410105
DFL-MAT-J0421J,0,goal_kick,0.2493942001870149
DFL-MAT-J0421J,0,goal_kick,0.2719701708279763
DFL-MAT-J0421J,0,goal_kick,0.2431884349303727
DFL-MAT-J0421J,0,goal_kick,0.2245873358569838
DFL-MAT-J0421J,0,goal_kick,0.2436908139221442
DFL-MAT-J0421J,1,corner,0.3551454892641993
DFL-MAT-J0421J,1,corner,0.5304306846224173
DFL-MAT-J0421J,0,corner,0.2783087783269508
DFL-MAT-J0421J,0,corner,0.2901942913133844
DFL-MAT-J0421J,0,corner,0.3161731415888935
DFL-MAT-J0421J,0,corner,0.2395334204479932
DFL-MAT-J0421J,0,corner,0.2362979128465039
DFL-MAT-J0421J,1,corner,0.4468117887863057
DFL-MAT-J0421J,1,corner,0.4726476735944089
DFL-MAT-J0421J,1,corner,0.3611571545705316
DFL-MAT-J0421J,1,corner,0.4946900205687807
DFL-MAT-J0421J,0,throw_in,0.26399482199907
DFL-MAT-J0421J,0,throw_in,0.2959044783003378
DFL-MAT-J0421J,0,throw_in,0.2739306261042364
DFL-MAT-J0421J,0,throw_in,0.2708222018943693
DFL-MAT-J0421J,0,throw_in,0.3899111630100852
DFL-MAT-J0421J,0,throw_in,0.4580497516377457
DFL-MAT-J0421J,0,throw_in,0.5111404119818325
DFL-MAT-J0421J,1,corner,0.392547886470928
DFL-MAT-J0421J,1,corner,0.397176565734246
DFL-MAT-J0421J,1,corner,0.4029924995190954
DFL-MAT-J0421J,1,corner,0.4135042790466119
DFL-MAT-J0421J,1,corner,0.3407348874062004
DFL-MAT-J0421J,1,corner,0.4204463275714916
DFL-MAT-J0421J,1,corner,0.5713265241155002
DFL-MAT-J0421J,1,corner,0.5420237068537992
DFL-MAT-J0421J,1,corner,0.4828463316584601
DFL-MAT-J0421J,1,corner,0.5831630132187068
DFL-MAT-J0421J,1,corner,0.5739177520946069
DFL-MAT-J0421J,1,corner,0.418177461427233
DFL-MAT-J0421J,1,corner,0.3828081641878038
DFL-MAT-J0421J,1,corner,0.4532844906341039
DFL-MAT-J0421J,1,corner,0.6316677729959862
DFL-MAT-J0421J,1,corner,0.5824224351448745
DFL-MAT-J0421J,1,corner,0.5167810986954477
DFL-MAT-J0421J,1,corner,0.5280424005755803
DFL-MAT-J0421J,1,throw_in,0.3540214471902437
DFL-MAT-J0421J,1,throw_in,0.4412407009637454
DFL-MAT-J0421J,1,throw_in,0.4246725777325172
DFL-MAT-J0421J,1,throw_in,0.3844636528676973
DFL-MAT-J0421J,0,throw_in,0.4198623549292104
DFL-MAT-J0421J,0,throw_in,0.3626291003838762
DFL-MAT-J0421J,0,throw_in,0.3036601595565932
DFL-MAT-J0421J,0,throw_in,0.3132527201696282
DFL-MAT-J0421J,0,throw_in,0.3831948236767324
DFL-MAT-J0421W,0,goal_kick,0.2070408184465112
DFL-MAT-J0421W,0,goal_kick,0.2826358005001426
DFL-MAT-J0421W,0,goal_kick,0.2095441075072491
DFL-MAT-J0421W,0,goal_kick,0.2978993056288179
DFL-MAT-J0421W,1,goal_kick,0.2951432105305285
DFL-MAT-J0421W,1,goal_kick,0.2034738727410069
DFL-MAT-J0421W,1,goal_kick,0.4916174574863309
DFL-MAT-J0421W,1,goal_kick,0.2255787898614537
DFL-MAT-J0421W,1,goal_kick,0.6135826556995267
DFL-MAT-J0421W,1,throw_in,0.4210177643320393
DFL-MAT-J0421W,1,throw_in,0.622596527465697
DFL-MAT-J0421W,1,throw_in,0.7118749561515698
DFL-MAT-J0421W,1,throw_in,0.5911373659474506
DFL-MAT-J0421W,0,throw_in,0.4050181032700493
DFL-MAT-J0421W,0,throw_in,0.3561455913828376
DFL-MAT-J0421W,0,throw_in,0.3091854364356919
DFL-MAT-J0421W,0,throw_in,0.3649537485850758
DFL-MAT-J0421W,1,corner,0.3650828945793489
DFL-MAT-J0421W,1,corner,0.3368402179686796
DFL-MAT-J0421W,1,corner,0.3916755377964089
DFL-MAT-J0421W,1,corner,0.5417141327223328
DFL-MAT-J0421W,1,corner,0.3791585357900658
DFL-MAT-J0421W,0,throw_in,0.2850982273602847
DFL-MAT-J0421W,0,throw_in,0.4060581506282397
DFL-MAT-J0421W,0,throw_in,0.5368086776478986
DFL-MAT-J0421W,1,goal_kick,0.225908267006076
DFL-MAT-J0421W,1,goal_kick,0.1898187093317383
DFL-MAT-J0421W,1,goal_kick,0.2432484339227297
DFL-MAT-J0421W,1,goal_kick,0.4057712135276053
DFL-MAT-J0421W,1,goal_kick,0.428371050688489
DFL-MAT-J0421W,0,throw_in,0.2923415384122437
DFL-MAT-J0421W,0,throw_in,0.2573151708796682
DFL-MAT-J0421W,0,throw_in,0.2191642163639459
DFL-MAT-J0421W,0,throw_in,0.4005013158813134
DFL-MAT-J0421W,0,throw_in,0.4060493539463001
DFL-MAT-J0421W,0,goal_kick,0.2691433262209592
DFL-MAT-J0421W,0,goal_kick,0.2800132466283785
DFL-MAT-J0421W,0,goal_kick,0.2919425759563265
DFL-MAT-J0421W,0,goal_kick,0.2738401112643783
DFL-MAT-J0421W,0,goal_kick,0.2528256984075688
DFL-MAT-J0421W,0,throw_in,0.3700836254158185
DFL-MAT-J0421W,0,throw_in,0.3069188156507244
DFL-MAT-J0421W,0,throw_in,0.3466462908260856
DFL-MAT-J0421W,0,throw_in,0.3665466367153935
DFL-MAT-J0421W,0,throw_in,0.323184872560846
DFL-MAT-J0421W,0,throw_in,0.3894140201154646
DFL-MAT-J0421W,0,corner,0.5468398725016158
DFL-MAT-J0421W,0,corner,0.2909911015080387
DFL-MAT-J0421W,1,corner,0.3194360843278381
DFL-MAT-J0421W,1,corner,0.3019348831978567
DFL-MAT-J0421W,1,corner,0.6284154501791553
DFL-MAT-J0421W,1,corner,0.4872939539060777
DFL-MAT-J0421W,0,throw_in,0.3741738312772462
DFL-MAT-J0421W,0,throw_in,0.5838819440483112
DFL-MAT-J0421W,1,throw_in,0.6653927669732174
DFL-MAT-J0421W,1,throw_in,0.4994761505079184
DFL-MAT-J0421W,1,throw_in,0.4280989898383048
DFL-MAT-J0421W,1,throw_in,0.3307617204876648
DFL-MAT-J0421W,1,throw_in,0.4778790495986623
DFL-MAT-J0421W,1,goal_kick,0.2859300157187638
DFL-MAT-J0421W,1,goal_kick,0.2438366129337854
DFL-MAT-J0421W,1,goal_kick,0.2193059222854723
DFL-MAT-J0421W,1,goal_kick,0.4024737725539078
DFL-MAT-J0421W,1,goal_kick,0.517787887169017
DFL-MAT-J0421W,0,throw_in,0.4907127962034451
DFL-MAT-J0421W,0,throw_in,0.3524369121108255
DFL-MAT-J0421W,0,throw_in,0.4312709222214099
DFL-MAT-J0421W,0,throw_in,0.4544186849015599
DFL-MAT-J0421W,0,throw_in,0.5279226542891161
DFL-MAT-J0421W,0,throw_in,0.6357158888511087
DFL-MAT-J0421W,0,throw_in,0.5749398014520155
DFL-MAT-J0421W,0,corner,0.2227735447999741
DFL-MAT-J0421W,0,corner,0.336480045331209
DFL-MAT-J0421W,0,corner,0.3300159708076501
DFL-MAT-J0421W,0,corner,0.4211114517932288
DFL-MAT-J0421W,0,corner,0.4248173361743192
DFL-MAT-J0421W,1,goal_kick,0.2265563319708465
DFL-MAT-J0421W,1,goal_kick,0.3594681523120621
DFL-MAT-J0421W,1,goal_kick,0.413773541843603
DFL-MAT-J0421W,1,goal_kick,0.4555229176796224
DFL-MAT-J0421W,1,goal_kick,0.7458866827548218
DFL-MAT-J0421W,0,throw_in,0.3306740057343191
DFL-MAT-J0421W,0,throw_in,0.4415645305007736
DFL-MAT-J0421W,0,throw_in,0.6448162572242054
DFL-MAT-J0421W,0,throw_in,0.2956150986655715
DFL-MAT-J0421W,0,throw_in,0.4032210856041076
DFL-MAT-J0421W,0,throw_in,0.2505916369258184
DFL-MAT-J0421W,0,throw_in,0.2371396917496651
DFL-MAT-J0421W,0,throw_in,0.3290525930683645
DFL-MAT-J0421W,0,corner,0.2555559564181507
DFL-MAT-J0421W,0,corner,0.2890998521620673
DFL-MAT-J0421W,0,corner,0.3959888395002326
DFL-MAT-J0421W,0,corner,0.5153957270758792
DFL-MAT-J0421W,0,corner,0.5706212418450498
DFL-MAT-J0421W,1,goal_kick,0.2047582735268766
DFL-MAT-J0421W,1,goal_kick,0.1763518351919956
DFL-MAT-J0421W,1,goal_kick,0.2968233193919932
DFL-MAT-J0421W,1,goal_kick,0.5596747610035758
DFL-MAT-J0421W,1,goal_kick,0.44490220508726
DFL-MAT-J0421W,0,goal_kick,0.2310708187578272
DFL-MAT-J0421W,0,goal_kick,0.2586923562769033
DFL-MAT-J0421W,0,goal_kick,0.2432867338813236
DFL-MAT-J0421W,0,goal_kick,0.3101385631538016
DFL-MAT-J0421W,0,goal_kick,0.367973614643529
DFL-MAT-J0421W,0,goal_kick,0.2237364438045896
DFL-MAT-J0421W,0,corner,0.542607786043016
DFL-MAT-J0421W,0,corner,0.3662726643487854
DFL-MAT-J0421W,0,corner,0.5589806311616773
DFL-MAT-J0421W,1,throw_in,0.284645583683021
DFL-MAT-J0421W,1,goal_kick,0.3233979472344274
DFL-MAT-J0421W,1,goal_kick,0.2653044125105525
DFL-MAT-J0421W,1,goal_kick,0.2230766752284581
DFL-MAT-J0421W,1,goal_kick,0.3997786811300736
DFL-MAT-J0421W,1,corner,0.3968934469958276
DFL-MAT-J0421W,1,corner,0.3596282377959643
DFL-MAT-J0421W,1,corner,0.3579766696380618
DFL-MAT-J0421W,1,corner,0.3058977280397275
DFL-MAT-J0421W,1,corner,0.2563817729549089
DFL-MAT-J0421W,0,corner,0.3397817530349385
DFL-MAT-J0421W,0,corner,0.5398694956837667
DFL-MAT-J0421W,0,corner,0.3901215654798559
DFL-MAT-J0421W,0,corner,0.380292171635306
DFL-MAT-J0421W,0,corner,0.3408306356901968
DFL-MAT-J0421W,1,throw_in,0.5747816800544246
DFL-MAT-J0421W,1,throw_in,0.3458016102911365
DFL-MAT-J0421W,1,corner,0.4478989476448826
DFL-MAT-J0421W,1,corner,0.6226642408961516
DFL-MAT-J0421W,0,throw_in,0.3782219085217897
DFL-MAT-J0421W,0,throw_in,0.5311878238760823
DFL-MAT-J0421W,0,throw_in,0.5196407986245095
DFL-MAT-J0421W,1,goal_kick,0.1995839847895431
DFL-MAT-J0421W,1,goal_kick,0.2106793222497068
DFL-MAT-J0421W,1,goal_kick,0.3654607342424298
DFL-MAT-J0421W,1,goal_kick,0.309853423170482
DFL-MAT-J0421W,1,goal_kick,0.3542929507203448
DFL-MAT-J0421W,0,throw_in,0.5132705645445773
DFL-MAT-J0421W,0,throw_in,0.5302861702557309
DFL-MAT-J0421W,0,throw_in,0.4686019962584587
DFL-MAT-J0421W,0,throw_in,0.3135086606151025
DFL-MAT-J0421W,0,throw_in,0.3027831550329993
DFL-MAT-J0421W,1,goal_kick,0.2557753649922182
DFL-MAT-J0421W,1,goal_kick,0.1844021343545589
DFL-MAT-J0421W,1,goal_kick,0.2327705842158653
DFL-MAT-J0421W,1,goal_kick,0.3313831551971165
DFL-MAT-J0421W,1,goal_kick,0.4000979689098589
DFL-MAT-J0421W,1,throw_in,0.2704335813289277
DFL-MAT-J0421W,1,throw_in,0.2810604068684043
DFL-MAT-J0421W,1,throw_in,0.3947109334110382
DFL-MAT-J0421W,1,throw_in,0.587460117505323
DFL-MAT-J0421W,1,throw_in,0.4758341449680672
DFL-MAT-J0421W,1,throw_in,0.3443836258237188
DFL-MAT-J0421W,1,throw_in,0.3029637430434828
DFL-MAT-J0421W,1,throw_in,0.2808635746430921
DFL-MAT-J0421W,1,throw_in,0.2620720244676968
DFL-MAT-J0421W,1,throw_in,0.3595671735669129
DFL-MAT-J0421W,1,throw_in,0.3753365548863398
DFL-MAT-J0421W,1,throw_in,0.3175191421846441
DFL-MAT-J0421W,1,throw_in,0.6906532903405218
DFL-MAT-J0421W,1,throw_in,0.583003052810702
DFL-MAT-J0421W,1,corner,0.1994039585216158
DFL-MAT-J0421W,1,corner,0.2193852910049523
DFL-MAT-J0421W,1,corner,0.2029229898956141
DFL-MAT-J0421W,1,corner,0.3987423549345302
DFL-MAT-J0421W,1,corner,0.6700915464610641
DFL-MAT-J0421W,0,goal_kick,0.3561875988627717
DFL-MAT-J0421W,0,goal_kick,0.3284516778425785
DFL-MAT-J0421W,0,goal_kick,0.4536026313823807
DFL-MAT-J0421W,0,goal_kick,0.6124761109894752
DFL-MAT-J0421W,1,throw_in,0.37086449833836
DFL-MAT-J0421W,1,throw_in,0.4070157312995248
DFL-MAT-J0421W,1,throw_in,0.5464066453880766
DFL-MAT-J0421W,0,throw_in,0.5599922740126507
DFL-MAT-J0421W,0,throw_in,0.3336643611718111
DFL-MAT-J0421W,0,throw_in,0.6714311705608813
DFL-MAT-J0421W,1,throw_in,0.5367446338037706
DFL-MAT-J0421W,1,throw_in,0.6417268517703897
DFL-MAT-J0421W,1,throw_in,0.4013392473508609
DFL-MAT-J0421W,0,corner,0.6266876766802496
DFL-MAT-J0421W,0,corner,0.4717303400003863
DFL-MAT-J0421W,0,throw_in,0.19757088921668
DFL-MAT-J0421W,0,throw_in,0.5850237882484017
DFL-MAT-J0421W,0,throw_in,0.5193513845566895
DFL-MAT-J0421W,0,throw_in,0.6192418513184342
DFL-MAT-J0421W,1,throw_in,0.6257774486757302
DFL-MAT-J0421W,1,throw_in,0.3751403790769144
DFL-MAT-J0421W,1,throw_in,0.3333252965524859
DFL-MAT-J0421W,1,throw_in,0.3108916101843844
DFL-MAT-J0421W,1,throw_in,0.2737149211729304
DFL-MAT-J0421W,1,throw_in,0.3000649372709746
DFL-MAT-J0421W,1,throw_in,0.3981733806110322
DFL-MAT-J0421W,1,throw_in,0.3862654516658914
DFL-MAT-J0421W,1,throw_in,0.3371738020890232
DFL-MAT-J0421W,1,throw_in,0.3101840213328201
DFL-MAT-J0421W,0,throw_in,0.5458779270664534
DFL-MAT-J0421W,0,throw_in,0.5873976272246536
DFL-MAT-J0421W,0,throw_in,0.1945281739779581
DFL-MAT-J0421W,0,throw_in,0.4086454783610629
DFL-MAT-J0421W,0,throw_in,0.5226879650360868
DFL-MAT-J0421W,0,throw_in,0.457878394952124
DFL-MAT-J0421W,1,goal_kick,0.3726849940474122
DFL-MAT-J0421W,1,goal_kick,0.3282913654154017
DFL-MAT-J0421W,1,goal_kick,0.4414991937464279
DFL-MAT-J0421W,0,throw_in,0.4745292495143915
DFL-MAT-J0421W,0,throw_in,0.422001611015593
DFL-MAT-J0421W,0,throw_in,0.4404836984985943
DFL-MAT-J0421W,0,throw_in,0.3942854092087594
DFL-MAT-J0421W,0,throw_in,0.474703406730976
DFL-MAT-J0421W,0,throw_in,0.5427210725234953
DFL-MAT-J0421W,0,goal_kick,0.4659771534851307
DFL-MAT-J0421W,0,goal_kick,0.5373514894060716
DFL-MAT-J0421W,0,throw_in,0.2811779252954297
DFL-MAT-J0421W,0,throw_in,0.344953278374628
DFL-MAT-J0421W,0,throw_in,0.4600520507820637
DFL-MAT-J0421W,0,throw_in,0.4410594299845105
DFL-MAT-J0421W,0,throw_in,0.4793136792896675
DFL-MAT-J0421W,1,throw_in,0.5326491091536623
DFL-MAT-J0421W,1,throw_in,0.5722351343325515
DFL-MAT-J0421W,1,throw_in,0.631353428274752
DFL-MAT-J0421W,1,goal_kick,0.1890209875452329
DFL-MAT-J0421W,1,goal_kick,0.2017868809946508
DFL-MAT-J0421W,1,goal_kick,0.187482418419061
DFL-MAT-J0421Z,1,throw_in,0.3376731177310029
DFL-MAT-J0421Z,1,throw_in,0.3477521800336891
DFL-MAT-J0421Z,0,corner,0.306250427486006
DFL-MAT-J0421Z,0,corner,0.3190057351073354
DFL-MAT-J0421Z,0,corner,0.406842348696345
DFL-MAT-J0421Z,0,corner,0.4062219861905489
DFL-MAT-J0421Z,1,goal_kick,0.2889330569328298
DFL-MAT-J0421Z,1,goal_kick,0.3058718391283346
DFL-MAT-J0421Z,1,goal_kick,0.3158537383985884
DFL-MAT-J0421Z,1,goal_kick,0.4462349200772804
DFL-MAT-J0421Z,1,goal_kick,0.5229217221283908
DFL-MAT-J0421Z,1,throw_in,0.3125248489662865
DFL-MAT-J0421Z,1,throw_in,0.3429430886739174
DFL-MAT-J0421Z,1,throw_in,0.2829889434534772
DFL-MAT-J0421Z,1,throw_in,0.2767118163951832
DFL-MAT-J0421Z,1,throw_in,0.2824478261698143
DFL-MAT-J0421Z,1,throw_in,0.298280551862511
DFL-MAT-J0421Z,1,throw_in,0.3079277241657966
DFL-MAT-J0421Z,1,throw_in,0.3509001727363151
DFL-MAT-J0421Z,1,throw_in,0.3077639476582654
DFL-MAT-J0421Z,1,throw_in,0.3134323596506824
DFL-MAT-J0421Z,1,throw_in,0.3864038056952737
DFL-MAT-J0421Z,1,throw_in,0.4003309700269777
DFL-MAT-J0421Z,0,throw_in,0.4551696448048279
DFL-MAT-J0421Z,0,throw_in,0.5829976550700018
DFL-MAT-J0421Z,0,throw_in,0.331644709453395
DFL-MAT-J0421Z,0,throw_in,0.3444294135311971
DFL-MAT-J0421Z,0,throw_in,0.3827065671323593
DFL-MAT-J0421Z,0,throw_in,0.4446715713298433
DFL-MAT-J0421Z,1,throw_in,0.3866836534556509
DFL-MAT-J0421Z,1,throw_in,0.427557557596333
DFL-MAT-J0421Z,1,throw_in,0.4927780124454329
DFL-MAT-J0421Z,1,throw_in,0.4321059910443695
DFL-MAT-J0421Z,1,throw_in,0.4250938033788042
DFL-MAT-J0421Z,0,throw_in,0.448896057506551
DFL-MAT-J0421Z,0,throw_in,0.3056109152199543
DFL-MAT-J0421Z,0,throw_in,0.476806830422273
DFL-MAT-J0421Z,0,throw_in,0.3625027434121576
DFL-MAT-J0421Z,0,throw_in,0.4549348876631941
DFL-MAT-J0421Z,1,throw_in,0.3097939925576111
DFL-MAT-J0421Z,1,throw_in,0.2727795746616658
DFL-MAT-J0421Z,1,throw_in,0.2892847676072265
DFL-MAT-J0421Z,1,throw_in,0.292489837958697
DFL-MAT-J0421Z,1,corner,0.4861780506036361
DFL-MAT-J0421Z,1,corner,0.5645052910640935
DFL-MAT-J0421Z,1,corner,0.5484903915485253
DFL-MAT-J0421Z,0,corner,0.4374214526284013
DFL-MAT-J0421Z,0,corner,0.4959182738546238
DFL-MAT-J0421Z,0,corner,0.3191523594379393
DFL-MAT-J0421Z,1,corner,0.2664422672774444
DFL-MAT-J0421Z,1,corner,0.2939946060727066
DFL-MAT-J0421Z,1,corner,0.2930199850432976
DFL-MAT-J0421Z,1,corner,0.3999165865698056
DFL-MAT-J0421Z,1,corner,0.248052640270799
DFL-MAT-J0421Z,0,throw_in,0.4083086675944234
DFL-MAT-J0421Z,0,throw_in,0.3540687606442793
DFL-MAT-J0421Z,0,throw_in,0.3215449642439409
DFL-MAT-J0421Z,0,throw_in,0.3175187716089397
DFL-MAT-J0421Z,0,throw_in,0.479257140127011
DFL-MAT-J0421Z,1,throw_in,0.3828353970198486
DFL-MAT-J0421Z,1,throw_in,0.3396898285472411
DFL-MAT-J0421Z,1,throw_in,0.3788766073592772
DFL-MAT-J0421Z,1,throw_in,0.4132477655934153
DFL-MAT-J0421Z,1,throw_in,0.3621508471510197
DFL-MAT-J0421Z,0,goal_kick,0.2681483835522124
DFL-MAT-J0421Z,0,goal_kick,0.2464034478864187
DFL-MAT-J0421Z,0,goal_kick,0.2535269695930605
DFL-MAT-J0421Z,1,goal_kick,0.2397195383804416
DFL-MAT-J0421Z,1,goal_kick,0.2322049595993273
DFL-MAT-J0421Z,1,goal_kick,0.401973938871081
DFL-MAT-J0421Z,1,goal_kick,0.1701539499550888
DFL-MAT-J0421Z,0,throw_in,0.5348929422128452
DFL-MAT-J0421Z,0,throw_in,0.5750811058838073
DFL-MAT-J0421Z,0,throw_in,0.5130557495298366
DFL-MAT-J0421Z,0,throw_in,0.4048802297608357
DFL-MAT-J0421Z,1,throw_in,0.3492752941133981
DFL-MAT-J0421Z,1,throw_in,0.4020960603958886
DFL-MAT-J0421Z,1,throw_in,0.3320770052254518
DFL-MAT-J0421Z,0,goal_kick,0.2752111981957417
DFL-MAT-J0421Z,0,goal_kick,0.3631063332484256
DFL-MAT-J0421Z,0,goal_kick,0.4085606111310377
DFL-MAT-J0421Z,1,goal_kick,0.2277793121850207
DFL-MAT-J0421Z,1,goal_kick,0.1579756693857185
DFL-MAT-J0421Z,1,goal_kick,0.1741984689258691
DFL-MAT-J0421Z,1,goal_kick,0.3391766020668531
DFL-MAT-J0421Z,0,throw_in,0.3738128868107682
DFL-MAT-J0421Z,0,throw_in,0.387853826142237
DFL-MAT-J0421Z,0,throw_in,0.3444246384299466
DFL-MAT-J0421Z,0,throw_in,0.4629412060369867
DFL-MAT-J0421Z,0,throw_in,0.572401722991042
DFL-MAT-J0421Z,0,throw_in,0.30144700913442
DFL-MAT-J0421Z,0,throw_in,0.2349547268046817
DFL-MAT-J0421Z,0,throw_in,0.2446175742127453
DFL-MAT-J0421Z,0,throw_in,0.2586636036234242
DFL-MAT-J0421Z,0,corner,0.4567230909256304
DFL-MAT-J0421Z,1,corner,0.3173825444801209
DFL-MAT-J0421Z,1,corner,0.2718899946028005
DFL-MAT-J0421Z,1,corner,0.3013993182033345
DFL-MAT-J0421Z,1,corner,0.246814019106297
DFL-MAT-J0421Z,1,corner,0.3207102273006124
DFL-MAT-J0421Z,0,goal_kick,0.2181795587728476
DFL-MAT-J0421Z,0,goal_kick,0.2931677013286867
DFL-MAT-J0421Z,1,throw_in,0.3127555888060149
DFL-MAT-J0421Z,1,throw_in,0.3528629285830068
DFL-MAT-J0421Z,1,throw_in,0.3404229618765811
DFL-MAT-J0421Z,1,throw_in,0.5120815242077951
DFL-MAT-J0421Z,1,throw_in,0.4400744842862504
DFL-MAT-J0421Z,0,goal_kick,0.2786054444784996
DFL-MAT-J0421Z,0,goal_kick,0.2792835227419818
DFL-MAT-J0421Z,0,goal_kick,0.2582118519244288
DFL-MAT-J0421Z,0,goal_kick,0.3709916748429007
DFL-MAT-J0421Z,0,goal_kick,0.5043717927538592
DFL-MAT-J0421Z,1,corner,0.3416105905909721
DFL-MAT-J0421Z,1,corner,0.1994308350272446
DFL-MAT-J0421Z,1,corner,0.2638918620154523
DFL-MAT-J0421Z,1,corner,0.3521788672542675
DFL-MAT-J0421Z,1,corner,0.4707344775488722
DFL-MAT-J0421Z,0,corner,0.3880263407279918
DFL-MAT-J0421Z,0,corner,0.4765096899987986
DFL-MAT-J0421Z,0,corner,0.4888699250738413
DFL-MAT-J0421Z,0,corner,0.379182199255628
DFL-MAT-J0421Z,0,corner,0.3697193685047392
DFL-MAT-J0421Z,1,throw_in,0.2050961877255788
DFL-MAT-J0421Z,1,throw_in,0.2714948398896465
DFL-MAT-J0421Z,1,throw_in,0.2753919597328682
DFL-MAT-J0421Z,1,throw_in,0.2892420101315772
DFL-MAT-J0421Z,1,throw_in,0.2387553000454964
DFL-MAT-J0421Z,1,throw_in,0.2062691616855941
DFL-MAT-J0421Z,0,throw_in,0.541355711535175
DFL-MAT-J0421Z,0,throw_in,0.4785331110993255
DFL-MAT-J0421Z,0,throw_in,0.4054492091888679
DFL-MAT-J0421Z,1,throw_in,0.5323974848716697
DFL-MAT-J0421Z,1,throw_in,0.3904270951472467
DFL-MAT-J0421Z,1,throw_in,0.4231100689688343
DFL-MAT-J0421Z,1,throw_in,0.4475105978468037
DFL-MAT-J0421Z,0,throw_in,0.505970339833359
DFL-MAT-J0421Z,0,throw_in,0.5197273389050204
DFL-MAT-J0421Z,0,throw_in,0.5178191362111502
DFL-MAT-J0421Z,0,corner,0.4878187223089995
DFL-MAT-J0421Z,0,corner,0.5152609757061515
DFL-MAT-J0421Z,0,corner,0.4350216686938321
DFL-MAT-J0421Z,0,corner,0.3790308629264289
DFL-MAT-J0421Z,0,corner,0.6598137583850807
DFL-MAT-J0421Z,0,corner,0.4586044052749753
DFL-MAT-J0421Z,1,throw_in,0.5302675441218071
DFL-MAT-J0421Z,1,throw_in,0.4468579470912047
DFL-MAT-J0421Z,1,throw_in,0.3396025300454778
DFL-MAT-J0421Z,1,throw_in,0.4056727628528757
DFL-MAT-J0421Z,1,throw_in,0.4660064155867044
DFL-MAT-J0421Z,0,throw_in,0.5161360786374121
DFL-MAT-J0421Z,0,throw_in,0.4769231720459741
DFL-MAT-J0421Z,0,throw_in,0.3378638176908421
DFL-MAT-J0421Z,0,throw_in,0.3365783350100437
DFL-MAT-J0421Z,0,throw_in,0.3815834719429251
DFL-MAT-J0421Z,1,goal_kick,0.3212663548493288
DFL-MAT-J0421Z,1,goal_kick,0.248607104203805
DFL-MAT-J0421Z,1,goal_kick,0.363849186076049
DFL-MAT-J0421Z,1,goal_kick,0.3303550127155222
DFL-MAT-J0421Z,1,goal_kick,0.3153803396315017
DFL-MAT-J0421Z,1,throw_in,0.2752677193944983
DFL-MAT-J0421Z,1,throw_in,0.3839128995377909
DFL-MAT-J0421Z,1,throw_in,0.3455028218110381
DFL-MAT-J0421Z,1,throw_in,0.35425410343737
DFL-MAT-J0421Z,1,throw_in,0.315127802054526
DFL-MAT-J0421Z,0,goal_kick,0.4975024823487352
DFL-MAT-J0421Z,0,goal_kick,0.5448404003750982
DFL-MAT-J0421Z,0,goal_kick,0.4545977054933598
DFL-MAT-J0421Z,1,corner,0.2907072445351694
DFL-MAT-J0421Z,1,corner,0.3199290201537684
DFL-MAT-J0421Z,1,corner,0.4313646223713961
DFL-MAT-J0421Z,1,corner,0.365462935098423
DFL-MAT-J0421Z,1,throw_in,0.3396432221654687
DFL-MAT-J0421Z,1,throw_in,0.3146838942462108
DFL-MAT-J0421Z,1,throw_in,0.2271037644748924
DFL-MAT-J0421Z,1,throw_in,0.2534220309450987
DFL-MAT-J0421Z,0,throw_in,0.4315651730191615
DFL-MAT-J0421Z,0,throw_in,0.5047192139665345
DFL-MAT-J0421Z,0,throw_in,0.4663768228091823
DFL-MAT-J0421Z,0,throw_in,0.4972649175213877
DFL-MAT-J0421Z,0,throw_in,0.4512932956393335
DFL-MAT-J0421Z,1,throw_in,0.2833558606016441
DFL-MAT-J0421Z,1,throw_in,0.4342510701522319
DFL-MAT-J0421Z,1,throw_in,0.4342677833930707
DFL-MAT-J0421Z,1,throw_in,0.2402715794975289
DFL-MAT-J0421Z,1,throw_in,0.3595975469347695
DFL-MAT-J0421Z,1,throw_in,0.3778160145080154
DFL-MAT-J0421Z,1,throw_in,0.3954267848899472
DFL-MAT-J0421Z,1,throw_in,0.5200609048582733
DFL-MAT-J0421Z,1,throw_in,0.4352478282264591
DFL-MAT-J0421Z,1,throw_in,0.2597764175224168
DFL-MAT-J0421Z,1,throw_in,0.3546944157512716
DFL-MAT-J0421Z,1,throw_in,0.3360362169162504
DFL-MAT-J0421Z,1,throw_in,0.3551341671374606
DFL-MAT-J0421Z,1,throw_in,0.4862270734929735
DFL-MAT-J0421Z,1,throw_in,0.4746360888364512
DFL-MAT-J0421Z,1,throw_in,0.4150695877834247
DFL-MAT-J0421Z,1,corner,0.309599996247719
DFL-MAT-J0421Z,1,corner,0.5340612596963974
DFL-MAT-J0421Z,1,corner,0.425715534833692
DFL-MAT-J0421Z,1,corner,0.3125309577268225
DFL-MAT-J0421Z,1,corner,0.2619268757100838
DFL-MAT-J0421Z,1,throw_in,0.2619268757100838
DFL-MAT-J0421Z,1,throw_in,0.2623296954027654
DFL-MAT-J0421Z,1,throw_in,0.2513681768827709
DFL-MAT-J0421Z,1,throw_in,0.3244182990579705
DFL-MAT-J0421Z,1,throw_in,0.3278962097812925
DFL-MAT-J0421Z,0,throw_in,0.4962263971201778
DFL-MAT-J0421Z,0,throw_in,0.3963802663586908
DFL-MAT-J0421Z,0,goal_kick,0.3467535708199148
DFL-MAT-J0421Z,0,goal_kick,0.3802356930067208
DFL-MAT-J0421Z,0,throw_in,0.5381164859458542
DFL-MAT-J0421Z,0,throw_in,0.5415265726889905
DFL-MAT-J0421Z,1,throw_in,0.227816129826658
DFL-MAT-J0421Z,1,throw_in,0.2204441998527033
DFL-MAT-J0421Z,1,throw_in,0.2217322774137519
DFL-MAT-J0421Z,1,throw_in,0.301304977412859
DFL-MAT-J0421Z,1,throw_in,0.2778592411444249
DFL-MAT-J0421Z,1,throw_in,0.3280944088224519
DFL-MAT-J0421Z,1,throw_in,0.355103447309524
DFL-MAT-J0421Z,1,throw_in,0.374947657392408
DFL-MAT-J0421Z,1,throw_in,0.3149468053255365
DFL-MAT-J0421Z,0,goal_kick,0.3928319241135073
DFL-MAT-J0421Z,0,goal_kick,0.464782172650871
DFL-MAT-J0421Z,0,goal_kick,0.5090316435515678
DFL-MAT-J0421Z,0,goal_kick,0.5202045218759372
DFL-MAT-J0421Z,1,throw_in,0.3432450570692887
DFL-MAT-J0421Z,1,throw_in,0.4141450240126223
DFL-MAT-J0421Z,1,throw_in,0.4254072745293406
DFL-MAT-J0421Z,1,throw_in,0.3193904909927054
DFL-MAT-J0421Z,1,throw_in,0.3025093026300577
DFL-MAT-J0421Z,1,throw_in,0.4046648721877227
DFL-MAT-J0421Z,1,throw_in,0.4610002774133953
DFL-MAT-J0421Z,1,throw_in,0.5349175925894546
DFL-MAT-J0421Z,1,throw_in,0.3072493340328482
DFL-MAT-J0421Z,1,throw_in,0.3399675448945744
DFL-MAT-J0421Z,1,throw_in,0.4274198014869997
DFL-MAT-J0421Z,1,throw_in,0.4832851762541394
DFL-MAT-J0421Z,1,throw_in,0.3333908684540156
DFL-MAT-J0422E,1,corner,0.3045930939264041
DFL-MAT-J0422E,1,corner,0.6872766669614468
DFL-MAT-J0422E,1,corner,0.3414105148539825
DFL-MAT-J0422E,1,goal_kick,0.2818119167374896
DFL-MAT-J0422E,1,goal_kick,0.2016309128158635
DFL-MAT-J0422E,1,goal_kick,0.1805926795037399
DFL-MAT-J0422E,1,throw_in,0.326430751943633
DFL-MAT-J0422E,1,throw_in,0.310701490146419
DFL-MAT-J0422E,1,throw_in,0.3851368919551365
DFL-MAT-J0422E,1,throw_in,0.4942471623071789
DFL-MAT-J0422E,1,throw_in,0.3518563900014626
DFL-MAT-J0422E,0,goal_kick,0.1621646305125695
DFL-MAT-J0422E,0,goal_kick,0.1809078636537996
DFL-MAT-J0422E,0,goal_kick,0.2054179547711947
DFL-MAT-J0422E,0,goal_kick,0.2051607916331344
DFL-MAT-J0422E,0,goal_kick,0.2258500642768945
DFL-MAT-J0422E,0,throw_in,0.3635932638725462
DFL-MAT-J0422E,0,throw_in,0.407484106060891
DFL-MAT-J0422E,0,throw_in,0.3865591092735279
DFL-MAT-J0422E,0,throw_in,0.3207503042592889
DFL-MAT-J0422E,0,throw_in,0.3751140371161116
DFL-MAT-J0422E,0,throw_in,0.4268605493897778
DFL-MAT-J0422E,0,throw_in,0.4889235017315422
DFL-MAT-J0422E,0,throw_in,0.4764771921031265
DFL-MAT-J0422E,0,throw_in,0.4519265291996692
DFL-MAT-J0422E,1,throw_in,0.4546231968790827
DFL-MAT-J0422E,1,throw_in,0.2915893853575657
DFL-MAT-J0422E,1,throw_in,0.4071429646103677
DFL-MAT-J0422E,1,throw_in,0.4706633744064976
DFL-MAT-J0422E,1,throw_in,0.5526390443886502
DFL-MAT-J0422E,0,throw_in,0.3485620349404326
DFL-MAT-J0422E,0,throw_in,0.3726829298646564
DFL-MAT-J0422E,0,throw_in,0.3312421164575368
DFL-MAT-J0422E,0,throw_in,0.6435049016745225
DFL-MAT-J0422E,0,throw_in,0.6019875341272956
DFL-MAT-J0422E,0,throw_in,0.2761792516262693
DFL-MAT-J0422E,0,throw_in,0.4386371524195802
DFL-MAT-J0422E,0,throw_in,0.3600940361589314
DFL-MAT-J0422E,0,throw_in,0.750166649393059
DFL-MAT-J0422E,1,goal_kick,0.3264928445248459
DFL-MAT-J0422E,1,goal_kick,0.3456502441209217
DFL-MAT-J0422E,1,goal_kick,0.2767291561199997
DFL-MAT-J0422E,1,goal_kick,0.3482909475507972
DFL-MAT-J0422E,1,goal_kick,0.2923482585927907
DFL-MAT-J0422E,1,throw_in,0.2519085058130644
DFL-MAT-J0422E,1,throw_in,0.2347060892546204
DFL-MAT-J0422E,1,throw_in,0.2954428009940608
DFL-MAT-J0422E,1,throw_in,0.288859826279271
DFL-MAT-J0422E,1,throw_in,0.3111255686668625
DFL-MAT-J0422E,0,throw_in,0.277861607295041
DFL-MAT-J0422E,0,throw_in,0.4346675838117955
DFL-MAT-J0422E,0,throw_in,0.4229619658067372
DFL-MAT-J0422E,0,throw_in,0.4145554067224844
DFL-MAT-J0422E,1,goal_kick,0.1624401746878276
DFL-MAT-J0422E,1,goal_kick,0.251935226079085
DFL-MAT-J0422E,1,goal_kick,0.3007471080080741
DFL-MAT-J0422E,1,goal_kick,0.3578590796023279
DFL-MAT-J0422E,1,goal_kick,0.3365254782643558
DFL-MAT-J0422E,0,throw_in,0.2875755940854483
DFL-MAT-J0422E,0,throw_in,0.3296729806851769
DFL-MAT-J0422E,0,throw_in,0.2689294079093036
DFL-MAT-J0422E,1,throw_in,0.2420547188942006
DFL-MAT-J0422E,1,throw_in,0.3035656854125004
DFL-MAT-J0422E,1,throw_in,0.5064344264362524
DFL-MAT-J0422E,1,throw_in,0.4277296052578693
DFL-MAT-J0422E,0,throw_in,0.4307836715124284
DFL-MAT-J0422E,0,throw_in,0.3472841004938241
DFL-MAT-J0422E,0,throw_in,0.5546309937884257
DFL-MAT-J0422E,0,throw_in,0.7356112853996952
DFL-MAT-J0422E,1,throw_in,0.6921624798821103
DFL-MAT-J0422E,1,throw_in,0.6944450799577724
DFL-MAT-J0422E,1,throw_in,0.4653340434474217
DFL-MAT-J0422E,1,throw_in,0.3584650339480733
DFL-MAT-J0422E,1,throw_in,0.2394284786907077
DFL-MAT-J0422E,1,throw_in,0.2976416129160366
DFL-MAT-J0422E,1,throw_in,0.2403920881622554
DFL-MAT-J0422E,1,throw_in,0.4684607189905925
DFL-MAT-J0422E,1,throw_in,0.3601668496007713
DFL-MAT-J0422E,1,throw_in,0.6279462699976336
DFL-MAT-J0422E,0,corner,0.3027688575904249
DFL-MAT-J0422E,0,corner,0.3686623155806421
DFL-MAT-J0422E,0,corner,0.3555490830282164
DFL-MAT-J0422E,0,corner,0.6402350825234743
DFL-MAT-J0422E,1,corner,0.2755143676398802
DFL-MAT-J0422E,1,corner,0.2931650806479823
DFL-MAT-J0422E,1,corner,0.2817885531447582
DFL-MAT-J0422E,1,corner,0.3159220201564934
DFL-MAT-J0422E,1,corner,0.3156881172350116
DFL-MAT-J0422E,1,goal_kick,0.2350770707452339
DFL-MAT-J0422E,1,goal_kick,0.2393792495324765
DFL-MAT-J0422E,1,goal_kick,0.2620031882128564
DFL-MAT-J0422E,1,goal_kick,0.5234240106025175
DFL-MAT-J0422E,1,goal_kick,0.4539305016757162
DFL-MAT-J0422E,0,throw_in,0.3499245758564926
DFL-MAT-J0422E,0,throw_in,0.2771995481782597
DFL-MAT-J0422E,0,throw_in,0.4548709399231593
DFL-MAT-J0422E,0,throw_in,0.4804462733542211
DFL-MAT-J0422E,0,throw_in,0.3152442710901443
DFL-MAT-J0422E,0,throw_in,0.249886539872042
DFL-MAT-J0422E,0,throw_in,0.2647251137874768
DFL-MAT-J0422E,0,throw_in,0.2184192525223738
DFL-MAT-J0422E,0,throw_in,0.2504048116453634
DFL-MAT-J0422E,0,throw_in,0.3316477384528266
DFL-MAT-J0422E,0,throw_in,0.3827297157204954
DFL-MAT-J0422E,0,throw_in,0.4354298730270384
DFL-MAT-J0422E,0,throw_in,0.4424016157708118
DFL-MAT-J0422E,0,throw_in,0.5018106613665461
DFL-MAT-J0422E,1,corner,0.4409464305300706
DFL-MAT-J0422E,1,corner,0.3270162645001934
DFL-MAT-J0422E,1,corner,0.2719602850524541
DFL-MAT-J0422E,1,corner,0.3347438686860449
DFL-MAT-J0422E,0,corner,0.5994817471089713
DFL-MAT-J0422E,0,corner,0.4061605385558527
DFL-MAT-J0422E,0,corner,0.4110416381988052
DFL-MAT-J0422E,0,corner,0.3935948377107224
DFL-MAT-J0422E,0,corner,0.3855630808936069
DFL-MAT-J0422E,1,throw_in,0.3090225085301082
DFL-MAT-J0422E,1,throw_in,0.4139226568362749
DFL-MAT-J0422E,1,throw_in,0.4726074170845334
DFL-MAT-J0422E,0,goal_kick,0.3144255256223691
DFL-MAT-J0422E,0,goal_kick,0.2882417758446913
DFL-MAT-J0422E,0,goal_kick,0.258144558584998
DFL-MAT-J0422E,0,goal_kick,0.1876749106338374
DFL-MAT-J0422E,0,goal_kick,0.2467576798193997
DFL-MAT-J0422E,1,throw_in,0.3242756399311874
DFL-MAT-J0422E,1,throw_in,0.5984886692784015
DFL-MAT-J0422E,1,throw_in,0.5854771461481031
DFL-MAT-J0422E,0,throw_in,0.3356459882779313
DFL-MAT-J0422E,0,goal_kick,0.2072353069888304
DFL-MAT-J0422E,0,goal_kick,0.2278824211257939
DFL-MAT-J0422E,0,goal_kick,0.2317313150220212
DFL-MAT-J0422E,0,goal_kick,0.1750053257201625
DFL-MAT-J0422E,0,goal_kick,0.1437521053536472
DFL-MAT-J0422E,1,goal_kick,0.2439575239866547
DFL-MAT-J0422E,1,goal_kick,0.2233609208344023
DFL-MAT-J0422E,1,goal_kick,0.2820204379190699
DFL-MAT-J0422E,1,goal_kick,0.3439237117514959
DFL-MAT-J0422E,1,goal_kick,0.3586365949498331
DFL-MAT-J0422E,1,goal_kick,0.2745300380075258
DFL-MAT-J0422E,1,goal_kick,0.4168192786621681
DFL-MAT-J0422E,1,goal_kick,0.3080145006603002
DFL-MAT-J0422E,1,goal_kick,0.243198683804309
DFL-MAT-J0422E,1,goal_kick,0.5429721703858696
DFL-MAT-J0422E,0,throw_in,0.3842804422516939
DFL-MAT-J0422E,0,throw_in,0.573065589414184
DFL-MAT-J0422E,0,throw_in,0.4480950790587498
DFL-MAT-J0422E,0,throw_in,0.5658847472754014
DFL-MAT-J0422E,0,goal_kick,0.335040458980038
DFL-MAT-J0422E,0,goal_kick,0.2478289634209269
DFL-MAT-J0422E,0,goal_kick,0.2537344147715361
DFL-MAT-J0422E,0,goal_kick,0.2439583948149357
DFL-MAT-J0422E,0,throw_in,0.3262666214810223
DFL-MAT-J0422E,0,throw_in,0.3330393718194013
DFL-MAT-J0422E,0,throw_in,0.3476724353571483
DFL-MAT-J0422E,0,throw_in,0.4434643869083974
DFL-MAT-J0422E,0,throw_in,0.595682408965871
DFL-MAT-J0422E,0,throw_in,0.3415774625463574
DFL-MAT-J0422E,0,throw_in,0.2945441504573821
DFL-MAT-J0422E,0,throw_in,0.5760727252778247
DFL-MAT-J0422E,0,throw_in,0.5460834094958156
DFL-MAT-J0422E,0,throw_in,0.3027900825362046
DFL-MAT-J0422E,1,throw_in,0.3489765319126488
DFL-MAT-J0422E,1,throw_in,0.426586893087265
DFL-MAT-J0422E,1,throw_in,0.6411049760568637
DFL-MAT-J0422E,1,throw_in,0.4517516311524944
DFL-MAT-J0422E,1,throw_in,0.4234319923460721
DFL-MAT-J0422E,1,throw_in,0.3054272322173924
DFL-MAT-J0422E,1,throw_in,0.3026225350531474
DFL-MAT-J0422E,1,throw_in,0.4684397450902158
DFL-MAT-J0422E,1,throw_in,0.2719642922932384
DFL-MAT-J0422E,1,throw_in,0.2809254164913196
DFL-MAT-J0422E,1,corner,0.2265026145063726
DFL-MAT-J0422E,1,corner,0.3437037468515104
DFL-MAT-J0422E,1,corner,0.3114811567452082
DFL-MAT-J0422E,1,corner,0.3904531490983312
DFL-MAT-J0422E,1,corner,0.4554775740807412
DFL-MAT-J0422E,0,throw_in,0.421088888531928
DFL-MAT-J0422E,0,throw_in,0.383480157012793
DFL-MAT-J0422E,0,throw_in,0.3911267977295265
DFL-MAT-J0422E,0,throw_in,0.3396441383896794
DFL-MAT-J0422E,0,throw_in,0.4534233071587332
DFL-MAT-J0422E,0,throw_in,0.3169587119300576
DFL-MAT-J0422E,0,throw_in,0.4088548560818909
DFL-MAT-J0422E,0,throw_in,0.4493364077275931
DFL-MAT-J0422E,0,throw_in,0.3223653549162655
DFL-MAT-J0422E,0,throw_in,0.3682354980836509
DFL-MAT-J0422E,0,throw_in,0.3491706010749907
DFL-MAT-J0422E,0,throw_in,0.5963080982549827
DFL-MAT-J0422E,0,throw_in,0.4715229947187879
DFL-MAT-J0422E,0,throw_in,0.3914961824561562
DFL-MAT-J0422E,0,throw_in,0.648528540535806
DFL-MAT-J0422E,0,corner,0.4541552031466336
DFL-MAT-J0422E,0,goal_kick,0.3968827740389674
DFL-MAT-J0422E,0,goal_kick,0.3243420608095865
DFL-MAT-J0422E,0,goal_kick,0.3099696224679426
DFL-MAT-J0422E,0,goal_kick,0.5173814224321207
DFL-MAT-J0422E,1,goal_kick,0.3791083063085853
DFL-MAT-J0422E,1,goal_kick,0.4706151030535512
DFL-MAT-J0422E,1,goal_kick,0.4987991077710562
DFL-MAT-J0422E,1,goal_kick,0.3635461847922902
DFL-MAT-J0422E,0,throw_in,0.4183204714533028
DFL-MAT-J0422E,0,throw_in,0.6838261476858349
DFL-MAT-J0422E,1,throw_in,0.3286175218837942
DFL-MAT-J0422E,1,throw_in,0.3506291067367325
DFL-MAT-J0422E,1,throw_in,0.3475774682543071
DFL-MAT-J0422E,1,throw_in,0.3182636883917725
DFL-MAT-J0422E,1,throw_in,0.4186890330535727
DFL-MAT-J0422E,0,throw_in,0.2249706890930262
DFL-MAT-J0422E,0,throw_in,0.2416721371843775
DFL-MAT-J0422E,0,throw_in,0.3097820009253412
DFL-MAT-J0422E,0,throw_in,0.2753215104869355
DFL-MAT-J0422E,0,throw_in,0.4359207131470122
DFL-MAT-J0422G,0,throw_in,0.3613094045947497
DFL-MAT-J0422G,0,throw_in,0.3449858918563394
DFL-MAT-J0422G,0,throw_in,0.3422613592803372
DFL-MAT-J0422G,0,throw_in,0.3672142836752831
DFL-MAT-J0422G,0,goal_kick,0.2721225395077871
DFL-MAT-J0422G,0,goal_kick,0.3228788204791676
DFL-MAT-J0422G,0,goal_kick,0.3883977185120573
DFL-MAT-J0422G,0,goal_kick,0.384972143925893
DFL-MAT-J0422G,0,throw_in,0.3600384165527885
DFL-MAT-J0422G,0,throw_in,0.3957531427562703
DFL-MAT-J0422G,0,throw_in,0.3915691646058984
DFL-MAT-J0422G,0,throw_in,0.4510939289895287
DFL-MAT-J0422G,0,throw_in,0.5181937928265331
DFL-MAT-J0422G,0,throw_in,0.4114568430663226
DFL-MAT-J0422G,0,throw_in,0.4071399261815944
DFL-MAT-J0422G,0,throw_in,0.4066939489328276
DFL-MAT-J0422G,0,throw_in,0.4171853134121091
DFL-MAT-J0422G,0,throw_in,0.3079644915306254
DFL-MAT-J0422G,0,throw_in,0.3327016794304113
DFL-MAT-J0422G,0,throw_in,0.4083408851158565
DFL-MAT-J0422G,0,throw_in,0.3535254811877026
DFL-MAT-J0422G,0,throw_in,0.4937348105472634
DFL-MAT-J0422G,0,goal_kick,0.2542551891037022
DFL-MAT-J0422G,0,goal_kick,0.2112440610660367
DFL-MAT-J0422G,0,goal_kick,0.2239305979526079
DFL-MAT-J0422G,0,goal_kick,0.2602457945714173
DFL-MAT-J0422G,0,goal_kick,0.2575835114215415
DFL-MAT-J0422G,0,throw_in,0.3693348005979688
DFL-MAT-J0422G,0,throw_in,0.3732260910067537
DFL-MAT-J0422G,0,throw_in,0.3956146680969669
DFL-MAT-J0422G,0,throw_in,0.4543246168614953
DFL-MAT-J0422G,0,throw_in,0.4171213089602618
DFL-MAT-J0422G,0,throw_in,0.2865505605524495
DFL-MAT-J0422G,0,throw_in,0.2972836682176655
DFL-MAT-J0422G,0,throw_in,0.3239221536521597
DFL-MAT-J0422G,0,throw_in,0.3608101634847103
DFL-MAT-J0422G,0,corner,0.4197605526859645
DFL-MAT-J0422G,0,corner,0.3956704454097968
DFL-MAT-J0422G,0,corner,0.3740872036443725
DFL-MAT-J0422G,0,goal_kick,0.3701926075822343
DFL-MAT-J0422G,0,goal_kick,0.3431156544254072
DFL-MAT-J0422G,0,goal_kick,0.4265023519890606
DFL-MAT-J0422G,0,goal_kick,0.3232983310013902
DFL-MAT-J0422G,0,goal_kick,0.3240197316999662
DFL-MAT-J0422G,0,goal_kick,0.2438430577453638
DFL-MAT-J0422G,0,goal_kick,0.2277806348719406
DFL-MAT-J0422G,0,goal_kick,0.2551973208068171
DFL-MAT-J0422G,0,goal_kick,0.3506691747584735
DFL-MAT-J0422G,0,goal_kick,0.5513848077412151
DFL-MAT-J0422G,0,goal_kick,0.3950112275646799
DFL-MAT-J0422G,0,goal_kick,0.3534465829595927
DFL-MAT-J0422G,0,goal_kick,0.2890628054564069
DFL-MAT-J0422G,0,goal_kick,0.2575342292651453
DFL-MAT-J0422G,0,goal_kick,0.3579640466156116
DFL-MAT-J0422G,0,goal_kick,0.3544898480380642
DFL-MAT-J0422G,0,goal_kick,0.2401639335459029
DFL-MAT-J0422G,0,corner,0.5549820972749038
DFL-MAT-J0422G,0,corner,0.4859100633607123
DFL-MAT-J0422G,0,corner,0.3742972515242111
DFL-MAT-J0422G,0,corner,0.6261869961817963
DFL-MAT-J0422G,0,corner,0.6018379887546288
DFL-MAT-J0422G,0,goal_kick,0.2725961175293373
DFL-MAT-J0422G,0,goal_kick,0.2538723376908534
DFL-MAT-J0422G,0,goal_kick,0.1592082171064581
DFL-MAT-J0422G,0,goal_kick,0.2314364987787113
DFL-MAT-J0422G,0,throw_in,0.2601541580886968
DFL-MAT-J0422G,0,throw_in,0.2354169569205381
DFL-MAT-J0422G,0,throw_in,0.3212682411385115
DFL-MAT-J0422G,0,throw_in,0.4055769265531977
DFL-MAT-J0422G,0,throw_in,0.4079571423991196
DFL-MAT-J0422G,0,goal_kick,0.2629608826227534
DFL-MAT-J0422G,0,goal_kick,0.3115481146058031
DFL-MAT-J0422G,0,goal_kick,0.2950528251607643
DFL-MAT-J0422G,0,goal_kick,0.3765751426433701
DFL-MAT-J0422G,0,throw_in,0.3565423781026171
DFL-MAT-J0422G,0,throw_in,0.4110909569817006
DFL-MAT-J0422G,0,throw_in,0.4899879690878928
DFL-MAT-J0422G,0,throw_in,0.4174010895031125
DFL-MAT-J0422G,0,throw_in,0.3484930347379597
DFL-MAT-J0422G,0,goal_kick,0.2443030948779295
DFL-MAT-J0422G,0,goal_kick,0.3332713902317267
DFL-MAT-J0422G,0,goal_kick,0.3223558776109582
DFL-MAT-J0422G,0,goal_kick,0.4567653774631514
DFL-MAT-J0422G,0,goal_kick,0.3393928687590805
DFL-MAT-J0422G,0,goal_kick,0.4547924322866233
DFL-MAT-J0422G,0,goal_kick,0.4584399661397556
DFL-MAT-J0422G,0,goal_kick,0.5204178875258633
DFL-MAT-J0422G,0,goal_kick,0.514170987044434
DFL-MAT-J0422G,0,goal_kick,0.5298488872608702
DFL-MAT-J0422G,0,goal_kick,0.4562330265792083
DFL-MAT-J0422G,0,throw_in,0.4578858369381425
DFL-MAT-J0422G,0,throw_in,0.6063961805471514
DFL-MAT-J0422G,0,throw_in,0.3575169307917224
DFL-MAT-J0422G,0,throw_in,0.3482785316402103
DFL-MAT-J0422G,0,throw_in,0.3247893773851303
DFL-MAT-J0422G,0,throw_in,0.3388075761742957
DFL-MAT-J0422G,0,throw_in,0.431452375444203
DFL-MAT-J0422G,0,throw_in,0.5370431839780077
DFL-MAT-J0422G,0,throw_in,0.4775425844855338
DFL-MAT-J0422G,0,throw_in,0.5345476073911928
