match_id,team,is_hsv,frame,simple_sync
DFL-MAT-J041UB,0,False,146014,0.6
DFL-MAT-J041UB,0,False,16200,0.6
DFL-MAT-J041UB,0,False,52500,1.0
DFL-MAT-J041UB,0,False,69700,0.8
DFL-MAT-J041UB,0,False,134614,0.5
DFL-MAT-J041UB,0,False,147264,0.6
DFL-MAT-J041UB,0,False,152539,0.8
DFL-MAT-J041UB,0,False,78625,0.8
DFL-MAT-J041UB,0,False,79725,0.8
DFL-MAT-J041UB,0,False,105589,1.0
DFL-MAT-J041UB,0,False,171189,0.8
DFL-MAT-J041UB,0,False,154989,0.6
DFL-MAT-J041UB,0,False,36775,0.6
DFL-MAT-J041UB,0,False,72200,0.5
DFL-MAT-J041UB,0,False,170489,0.8
DFL-MAT-J041UB,0,False,143114,0.7
DFL-MAT-J041UB,0,False,18900,0.8
DFL-MAT-J041UB,0,False,16500,0.5
DFL-MAT-J041UB,0,False,112514,0.6
DFL-MAT-J041UB,0,False,106439,0.8
DFL-MAT-J041UB,0,False,130214,0.5
DFL-MAT-J041UB,0,False,144814,0.6
DFL-MAT-J041UB,0,False,147164,0.7
DFL-MAT-J041UB,0,False,153689,1.0
DFL-MAT-J041UB,0,False,133764,0.9
DFL-MAT-J041UB,0,False,32400,0.5
DFL-MAT-J041UB,0,False,19175,0.7
DFL-MAT-J041UB,0,False,109114,0.8
DFL-MAT-J041UB,0,False,145664,0.7
DFL-MAT-J041UB,0,False,145264,0.7
DFL-MAT-J041UB,0,False,128214,0.6
DFL-MAT-J041UB,0,False,159914,0.6
DFL-MAT-J041UB,0,False,107364,0.8
DFL-MAT-J041UB,0,False,35975,0.6
DFL-MAT-J041UB,0,False,147014,0.7
DFL-MAT-J041UB,0,False,160564,0.5
DFL-MAT-J041UB,0,False,100314,0.7
DFL-MAT-J041UB,0,False,100089,0.9
DFL-MAT-J041UB,0,False,105814,0.9
DFL-MAT-J041UB,0,False,151889,0.7
DFL-MAT-J041UB,0,False,150814,0.6
DFL-MAT-J041UB,0,False,145964,0.5
DFL-MAT-J041UB,0,False,101739,1.0
DFL-MAT-J041UB,0,False,135614,0.8
DFL-MAT-J041UB,0,False,30900,0.7
DFL-MAT-J041UB,0,False,40500,0.8
DFL-MAT-J041UB,0,False,18675,0.9
DFL-MAT-J041UB,0,False,34525,0.7
DFL-MAT-J041UB,0,False,19250,0.8
DFL-MAT-J041UB,0,False,126414,0.6
DFL-MAT-J041UB,0,False,111464,0.9
DFL-MAT-J041UB,0,False,79125,0.8
DFL-MAT-J041UB,0,False,100114,0.5
DFL-MAT-J041UB,0,False,133089,0.7
DFL-MAT-J041UB,0,False,27075,0.6
DFL-MAT-J041UB,0,False,162589,1.0
DFL-MAT-J041UB,0,False,133639,0.8
DFL-MAT-J041UB,0,False,69900,0.6
DFL-MAT-J041UB,0,False,68950,0.5
DFL-MAT-J041UB,0,False,14725,0.9
DFL-MAT-J041UB,1,True,57475,0.9
DFL-MAT-J041UB,1,True,142314,0.6
DFL-MAT-J041UB,1,True,129639,0.7
DFL-MAT-J041UB,1,True,151264,1.0
DFL-MAT-J041UB,1,True,27200,0.6
DFL-MAT-J041UB,1,True,114789,1.0
DFL-MAT-J041UB,1,True,27900,0.8
DFL-MAT-J041UB,1,True,17300,1.0
DFL-MAT-J041UB,1,True,139639,1.0
DFL-MAT-J041UB,1,True,43800,0.6
DFL-MAT-J041UB,1,True,29425,1.0
DFL-MAT-J041UB,1,True,142539,0.7
DFL-MAT-J041UB,1,True,77275,1.0
DFL-MAT-J041UB,1,True,174514,0.5
DFL-MAT-J041UB,1,True,119289,0.8
DFL-MAT-J041UB,1,True,64700,0.6
DFL-MAT-J041UB,1,True,50575,0.7
DFL-MAT-J041UB,1,True,55150,0.9
DFL-MAT-J041UB,1,True,152364,0.7
DFL-MAT-J041UB,1,True,138964,0.9
DFL-MAT-J041UB,1,True,38200,0.7
DFL-MAT-J041UB,1,True,121864,0.8
DFL-MAT-J041UB,1,True,67450,0.6
DFL-MAT-J041UB,1,True,110164,0.8
DFL-MAT-J041UB,1,True,121939,1.0
DFL-MAT-J041UB,1,True,110264,1.0
DFL-MAT-J041UB,1,True,172189,0.9
DFL-MAT-J041UB,1,True,67425,0.6
DFL-MAT-J041UB,1,True,22950,0.9
DFL-MAT-J041UB,1,True,50075,1.0
DFL-MAT-J041UB,1,True,23850,0.8
DFL-MAT-J041UB,1,True,154239,0.9
DFL-MAT-J041UB,1,True,174639,1.0
DFL-MAT-J041UB,1,True,110914,0.8
DFL-MAT-J041UB,1,True,65575,0.5
DFL-MAT-J041UB,1,True,173114,0.6
DFL-MAT-J041UB,1,True,17900,0.6
DFL-MAT-J041UB,1,True,51500,0.8
DFL-MAT-J041UB,1,True,122214,0.9
DFL-MAT-J041UB,1,True,36325,1.0
DFL-MAT-J041UB,1,True,23800,0.8
DFL-MAT-J041UB,1,True,73750,0.7
DFL-MAT-J041UB,1,True,109839,1.0
DFL-MAT-J041UB,1,True,120739,0.7
DFL-MAT-J041UB,1,True,64900,0.6
DFL-MAT-J041UB,1,True,52275,0.7
DFL-MAT-J041UB,1,True,73675,0.6
DFL-MAT-J041UB,1,True,164014,1.0
DFL-MAT-J041UB,1,True,165539,0.9
DFL-MAT-J041UB,1,True,139964,1.0
DFL-MAT-J041UB,1,True,109389,0.7
DFL-MAT-J041UB,1,True,58675,1.0
DFL-MAT-J041UB,1,True,129314,0.5
DFL-MAT-J041UB,1,True,64675,0.7
DFL-MAT-J041UB,1,True,19350,0.7
DFL-MAT-J041UB,1,True,110014,0.9
DFL-MAT-J041UB,1,True,45350,0.6
DFL-MAT-J041UB,1,True,136914,0.8
DFL-MAT-J041UB,1,True,127514,0.8
DFL-MAT-J041UB,1,True,21250,0.9
DFL-MAT-J041UN,0,True,106870,1.0
DFL-MAT-J041UN,0,True,63475,0.9
DFL-MAT-J041UN,0,True,43775,0.6
DFL-MAT-J041UN,0,True,106720,0.5
DFL-MAT-J041UN,0,True,34250,0.7
DFL-MAT-J041UN,0,True,172945,0.7777777777777778
DFL-MAT-J041UN,0,True,68925,0.7
DFL-MAT-J041UN,0,True,58875,0.7
DFL-MAT-J041UN,0,True,119270,0.9
DFL-MAT-J041UN,0,True,26450,1.0
DFL-MAT-J041UN,0,True,180645,1.0
DFL-MAT-J041UN,0,True,102220,0.6
DFL-MAT-J041UN,0,True,100270,1.0
DFL-MAT-J041UN,0,True,155145,0.7777777777777778
DFL-MAT-J041UN,0,True,102495,0.8
DFL-MAT-J041UN,0,True,78900,0.7
DFL-MAT-J041UN,0,True,30300,1.0
DFL-MAT-J041UN,0,True,39425,0.8
DFL-MAT-J041UN,0,True,177620,0.6666666666666666
DFL-MAT-J041UN,0,True,104970,0.6
DFL-MAT-J041UN,0,True,130445,0.7
DFL-MAT-J041UN,0,True,112520,0.5
DFL-MAT-J041UN,0,True,141770,0.6
DFL-MAT-J041UN,0,True,17750,0.6
DFL-MAT-J041UN,0,True,40575,1.0
DFL-MAT-J041UN,0,True,151970,0.5555555555555556
DFL-MAT-J041UN,0,True,106520,0.7
DFL-MAT-J041UN,0,True,177720,0.6666666666666666
DFL-MAT-J041UN,0,True,138245,0.9
DFL-MAT-J041UN,0,True,29550,1.0
DFL-MAT-J041UN,0,True,163345,1.0
DFL-MAT-J041UN,0,True,35275,1.0
DFL-MAT-J041UN,0,True,158070,0.6666666666666666
DFL-MAT-J041UN,0,True,15850,0.8
DFL-MAT-J041UN,0,True,62400,0.6
DFL-MAT-J041UN,0,True,155945,0.7777777777777778
DFL-MAT-J041UN,0,True,119170,1.0
DFL-MAT-J041UN,0,True,141695,0.8
DFL-MAT-J041UN,0,True,22900,0.8
DFL-MAT-J041UN,0,True,106120,0.7
DFL-MAT-J041UN,0,True,58275,0.9
DFL-MAT-J041UN,0,True,126545,1.0
DFL-MAT-J041UN,0,True,115495,0.6
DFL-MAT-J041UN,0,True,154870,0.7777777777777778
DFL-MAT-J041UN,0,True,40850,0.9
DFL-MAT-J041UN,0,True,36300,0.8
DFL-MAT-J041UN,0,True,115795,0.5
DFL-MAT-J041UN,0,True,120095,0.9
DFL-MAT-J041UN,0,True,135045,0.8
DFL-MAT-J041UN,0,True,105620,0.6
DFL-MAT-J041UN,0,True,103320,0.9
DFL-MAT-J041UN,0,True,68475,0.9
DFL-MAT-J041UN,0,True,26500,0.9
DFL-MAT-J041UN,0,True,70450,0.7
DFL-MAT-J041UN,0,True,117870,0.9
DFL-MAT-J041UN,0,True,63975,0.7
DFL-MAT-J041UN,0,True,174970,0.5555555555555556
DFL-MAT-J041UN,0,True,119695,0.5
DFL-MAT-J041UN,0,True,128870,0.7
DFL-MAT-J041UN,0,True,34625,0.7
DFL-MAT-J041UN,1,False,28400,0.8
DFL-MAT-J041UN,1,False,159470,0.9
DFL-MAT-J041UN,1,False,135120,0.8
DFL-MAT-J041UN,1,False,13575,0.6
DFL-MAT-J041UN,1,False,40475,0.7
DFL-MAT-J041UN,1,False,77475,0.9
DFL-MAT-J041UN,1,False,145595,1.0
DFL-MAT-J041UN,1,False,175870,0.9
DFL-MAT-J041UN,1,False,56750,0.7
DFL-MAT-J041UN,1,False,25750,0.8
DFL-MAT-J041UN,1,False,128895,0.7
DFL-MAT-J041UN,1,False,126070,0.8
DFL-MAT-J041UN,1,False,66125,0.6
DFL-MAT-J041UN,1,False,46475,0.9
DFL-MAT-J041UN,1,False,12725,0.6
DFL-MAT-J041UN,1,False,134420,1.0
DFL-MAT-J041UN,1,False,133795,1.0
DFL-MAT-J041UN,1,False,78825,0.5
DFL-MAT-J041UN,1,False,12425,0.8
DFL-MAT-J041UN,1,False,33500,0.9
DFL-MAT-J041UN,1,False,46500,0.9
DFL-MAT-J041UN,1,False,41750,0.6
DFL-MAT-J041UN,1,False,52650,1.0
DFL-MAT-J041UN,1,False,158895,0.8
DFL-MAT-J041UN,1,False,137820,0.6
DFL-MAT-J041UN,1,False,168095,0.6
DFL-MAT-J041UN,1,False,169145,1.0
DFL-MAT-J041UN,1,False,102945,1.0
DFL-MAT-J041UN,1,False,14650,1.0
DFL-MAT-J041UN,1,False,25000,0.7
DFL-MAT-J041UN,1,False,71625,0.9
DFL-MAT-J041UN,1,False,59450,0.8
DFL-MAT-J041UN,1,False,51800,0.6
DFL-MAT-J041UN,1,False,57050,0.6
DFL-MAT-J041UN,1,False,158920,0.7
DFL-MAT-J041UN,1,False,168545,0.7
DFL-MAT-J041UN,1,False,121495,0.8
DFL-MAT-J041UN,1,False,62850,0.7
DFL-MAT-J041UN,1,False,175445,0.6
DFL-MAT-J041UN,1,False,27775,0.6
DFL-MAT-J041UN,1,False,10800,0.9
DFL-MAT-J041UN,1,False,178870,0.7
DFL-MAT-J041UN,1,False,21500,0.9
DFL-MAT-J041UN,1,False,39075,0.8
DFL-MAT-J041UN,1,False,132520,1.0
DFL-MAT-J041UN,1,False,135370,0.5
DFL-MAT-J041UN,1,False,146420,1.0
DFL-MAT-J041UN,1,False,33775,0.6
DFL-MAT-J041UN,1,False,21200,0.6
DFL-MAT-J041UN,1,False,37175,0.6
DFL-MAT-J041UN,1,False,139270,1.0
DFL-MAT-J041UN,1,False,51175,0.8
DFL-MAT-J041UN,1,False,43575,0.5
DFL-MAT-J041UN,1,False,160170,0.9
DFL-MAT-J041UN,1,False,51025,1.0
DFL-MAT-J041UN,1,False,156545,0.9
DFL-MAT-J041UN,1,False,11450,1.0
DFL-MAT-J041UN,1,False,19525,1.0
DFL-MAT-J041UN,1,False,158870,0.8
DFL-MAT-J041UN,1,False,23875,0.7
DFL-MAT-J041UO,0,False,82476,0.5
DFL-MAT-J041UO,0,False,110058,0.8
DFL-MAT-J041UO,0,False,154408,0.7
DFL-MAT-J041UO,0,False,79551,1.0
DFL-MAT-J041UO,0,False,147183,0.7
DFL-MAT-J041UO,0,False,100483,0.7
DFL-MAT-J041UO,0,False,56301,0.6
DFL-MAT-J041UO,0,False,128233,0.6
DFL-MAT-J041UO,0,False,153933,0.8
DFL-MAT-J041UO,0,False,72776,0.7
DFL-MAT-J041UO,0,False,117408,0.6
DFL-MAT-J041UO,0,False,57351,0.9
DFL-MAT-J041UO,0,False,60351,0.8
DFL-MAT-J041UO,0,False,159533,0.8
DFL-MAT-J041UO,0,False,131458,0.6
DFL-MAT-J041UO,0,False,40826,0.9
DFL-MAT-J041UO,0,False,153683,1.0
DFL-MAT-J041UO,0,False,51301,0.6
DFL-MAT-J041UO,0,False,153658,0.8
DFL-MAT-J041UO,0,False,57551,0.6
DFL-MAT-J041UO,0,False,40176,0.8
DFL-MAT-J041UO,0,False,142733,0.8
DFL-MAT-J041UO,0,False,159808,0.6
DFL-MAT-J041UO,0,False,42626,0.9
DFL-MAT-J041UO,0,False,154308,1.0
DFL-MAT-J041UO,0,False,141658,0.9
DFL-MAT-J041UO,0,False,145558,0.5
DFL-MAT-J041UO,0,False,65901,0.8
DFL-MAT-J041UO,0,False,140933,0.9
DFL-MAT-J041UO,0,False,108583,0.6
DFL-MAT-J041UO,0,False,137133,0.7
DFL-MAT-J041UO,0,False,62576,0.5
DFL-MAT-J041UO,0,False,141083,0.7
DFL-MAT-J041UO,0,False,128333,0.5
DFL-MAT-J041UO,0,False,40951,0.5
DFL-MAT-J041UO,0,False,71826,0.7
DFL-MAT-J041UO,0,False,44326,0.5
DFL-MAT-J041UO,0,False,100758,0.9
DFL-MAT-J041UO,0,False,166783,0.6
DFL-MAT-J041UO,0,False,79201,0.6
DFL-MAT-J041UO,0,False,36001,0.8
DFL-MAT-J041UO,0,False,25776,0.7
DFL-MAT-J041UO,0,False,109908,0.7
DFL-MAT-J041UO,0,False,40301,1.0
DFL-MAT-J041UO,0,False,109783,0.6
DFL-MAT-J041UO,0,False,143308,0.9
DFL-MAT-J041UO,0,False,57526,0.6
DFL-MAT-J041UO,0,False,35676,0.5
DFL-MAT-J041UO,0,False,56626,0.6
DFL-MAT-J041UO,0,False,66726,0.9
DFL-MAT-J041UO,0,False,117758,0.6
DFL-MAT-J041UO,0,False,109633,1.0
DFL-MAT-J041UO,0,False,50901,0.5
DFL-MAT-J041UO,0,False,63501,0.9
DFL-MAT-J041UO,0,False,33576,0.9
DFL-MAT-J041UO,0,False,33326,0.9
DFL-MAT-J041UO,0,False,11776,0.7
DFL-MAT-J041UO,0,False,168758,0.9
DFL-MAT-J041UO,0,False,53951,0.9
DFL-MAT-J041UO,0,False,145808,0.6
DFL-MAT-J041UO,1,True,61701,0.7
DFL-MAT-J041UO,1,True,137733,0.8
DFL-MAT-J041UO,1,True,151483,0.6
DFL-MAT-J041UO,1,True,151608,0.6
DFL-MAT-J041UO,1,True,143658,0.5
DFL-MAT-J041UO,1,True,69801,0.7
DFL-MAT-J041UO,1,True,71326,0.6
DFL-MAT-J041UO,1,True,133108,1.0
DFL-MAT-J041UO,1,True,163958,0.9
DFL-MAT-J041UO,1,True,18526,1.0
DFL-MAT-J041UO,1,True,148083,0.6
DFL-MAT-J041UO,1,True,77376,0.9
DFL-MAT-J041UO,1,True,136758,0.7
DFL-MAT-J041UO,1,True,24701,0.5
DFL-MAT-J041UO,1,True,132733,0.6
DFL-MAT-J041UO,1,True,61326,0.6
DFL-MAT-J041UO,1,True,140108,0.5
DFL-MAT-J041UO,1,True,76251,1.0
DFL-MAT-J041UO,1,True,165133,1.0
DFL-MAT-J041UO,1,True,58701,0.8
DFL-MAT-J041UO,1,True,102058,1.0
DFL-MAT-J041UO,1,True,137233,0.9
DFL-MAT-J041UO,1,True,38251,0.6
DFL-MAT-J041UO,1,True,33476,0.5
DFL-MAT-J041UO,1,True,165583,0.7
DFL-MAT-J041UO,1,True,116333,0.6
DFL-MAT-J041UO,1,True,81326,0.5
DFL-MAT-J041UO,1,True,79651,0.8
DFL-MAT-J041UO,1,True,51626,0.7
DFL-MAT-J041UO,1,True,77876,0.7
DFL-MAT-J041UO,1,True,113083,0.6
DFL-MAT-J041UO,1,True,52526,0.7
DFL-MAT-J041UO,1,True,104008,0.7
DFL-MAT-J041UO,1,True,119533,0.5
DFL-MAT-J041UO,1,True,122733,0.7
DFL-MAT-J041UO,1,True,80851,1.0
DFL-MAT-J041UO,1,True,122358,0.6
DFL-MAT-J041UO,1,True,151958,1.0
DFL-MAT-J041UO,1,True,42076,0.8
DFL-MAT-J041UO,1,True,112458,1.0
DFL-MAT-J041UO,1,True,71176,1.0
DFL-MAT-J041UO,1,True,114233,0.7
DFL-MAT-J041UO,1,True,160958,1.0
DFL-MAT-J041UO,1,True,28401,1.0
DFL-MAT-J041UO,1,True,46951,0.6
DFL-MAT-J041UO,1,True,136808,0.7
DFL-MAT-J041UO,1,True,140233,0.6
DFL-MAT-J041UO,1,True,37126,0.8
DFL-MAT-J041UO,1,True,25501,1.0
DFL-MAT-J041UO,1,True,58651,1.0
DFL-MAT-J041UO,1,True,36826,0.7
DFL-MAT-J041UO,1,True,101433,0.7
DFL-MAT-J041UO,1,True,106758,0.6
DFL-MAT-J041UO,1,True,30076,0.8
DFL-MAT-J041UO,1,True,146683,0.7
DFL-MAT-J041UO,1,True,76026,0.6
DFL-MAT-J041UO,1,True,116308,0.9
DFL-MAT-J041UO,1,True,52326,0.6
DFL-MAT-J041UO,1,True,121258,0.8
DFL-MAT-J041UO,1,True,53176,0.6
DFL-MAT-J041V5,0,True,28775,0.7
DFL-MAT-J041V5,0,True,152422,0.7
DFL-MAT-J041V5,0,True,103997,1.0
DFL-MAT-J041V5,0,True,74350,0.9
DFL-MAT-J041V5,0,True,138272,1.0
DFL-MAT-J041V5,0,True,168222,0.8
DFL-MAT-J041V5,0,True,26650,1.0
DFL-MAT-J041V5,0,True,80450,0.7
DFL-MAT-J041V5,0,True,21925,1.0
DFL-MAT-J041V5,0,True,140047,0.6
DFL-MAT-J041V5,0,True,168747,0.6
DFL-MAT-J041V5,0,True,72250,0.7
DFL-MAT-J041V5,0,True,155447,0.7
DFL-MAT-J041V5,0,True,170072,0.6
DFL-MAT-J041V5,0,True,103822,0.9
DFL-MAT-J041V5,0,True,140772,0.7
DFL-MAT-J041V5,0,True,170322,0.8
DFL-MAT-J041V5,0,True,113647,0.7
DFL-MAT-J041V5,0,True,141547,1.0
DFL-MAT-J041V5,0,True,130572,0.6
DFL-MAT-J041V5,0,True,120947,0.6
DFL-MAT-J041V5,0,True,145522,1.0
DFL-MAT-J041V5,0,True,36800,0.5
DFL-MAT-J041V5,0,True,103572,1.0
DFL-MAT-J041V5,0,True,178922,0.6
DFL-MAT-J041V5,0,True,148422,0.5
DFL-MAT-J041V5,0,True,106322,0.5
DFL-MAT-J041V5,0,True,59650,0.6
DFL-MAT-J041V5,0,True,50700,0.7
DFL-MAT-J041V5,0,True,140422,0.6
DFL-MAT-J041V5,0,True,173097,0.9
DFL-MAT-J041V5,0,True,27275,0.6
DFL-MAT-J041V5,0,True,24625,1.0
DFL-MAT-J041V5,0,True,25450,0.5
DFL-MAT-J041V5,0,True,73475,0.8
DFL-MAT-J041V5,0,True,21750,0.7
DFL-MAT-J041V5,0,True,140172,0.5
DFL-MAT-J041V5,0,True,175047,1.0
DFL-MAT-J041V5,0,True,24425,1.0
DFL-MAT-J041V5,0,True,77475,1.0
DFL-MAT-J041V5,0,True,123472,0.7
DFL-MAT-J041V5,0,True,149572,0.6
DFL-MAT-J041V5,0,True,147647,0.5
DFL-MAT-J041V5,0,True,47450,0.6
DFL-MAT-J041V5,0,True,166897,0.5
DFL-MAT-J041V5,0,True,163822,0.8
DFL-MAT-J041V5,0,True,107897,1.0
DFL-MAT-J041V5,0,True,149322,0.5
DFL-MAT-J041V5,0,True,125222,0.6
DFL-MAT-J041V5,0,True,62425,0.8
DFL-MAT-J041V5,0,True,148772,0.6
DFL-MAT-J041V5,0,True,10650,0.8
DFL-MAT-J041V5,0,True,59750,0.7
DFL-MAT-J041V5,0,True,113572,0.6
DFL-MAT-J041V5,0,True,33700,0.7
DFL-MAT-J041V5,0,True,128172,0.9
DFL-MAT-J041V5,0,True,26400,0.8
DFL-MAT-J041V5,0,True,141072,0.5
DFL-MAT-J041V5,0,True,129272,1.0
DFL-MAT-J041V5,0,True,72150,0.7
DFL-MAT-J041V5,1,False,41425,0.5
DFL-MAT-J041V5,1,False,81575,0.9
DFL-MAT-J041V5,1,False,18850,0.5
DFL-MAT-J041V5,1,False,122622,0.6
DFL-MAT-J041V5,1,False,178047,1.0
DFL-MAT-J041V5,1,False,42900,0.6
DFL-MAT-J041V5,1,False,173797,0.7
DFL-MAT-J041V5,1,False,138622,0.6
DFL-MAT-J041V5,1,False,157422,0.5
DFL-MAT-J041V5,1,False,38450,0.9
DFL-MAT-J041V5,1,False,20025,0.7
DFL-MAT-J041V5,1,False,51225,0.7
DFL-MAT-J041V5,1,False,157497,1.0
DFL-MAT-J041V5,1,False,128322,0.9
DFL-MAT-J041V5,1,False,164647,0.6
DFL-MAT-J041V5,1,False,70925,0.5
DFL-MAT-J041V5,1,False,151722,0.6
DFL-MAT-J041V5,1,False,70550,0.7
DFL-MAT-J041V5,1,False,29675,0.6
DFL-MAT-J041V5,1,False,158747,0.6
DFL-MAT-J041V5,1,False,11550,1.0
DFL-MAT-J041V5,1,False,33000,0.7
DFL-MAT-J041V5,1,False,178122,1.0
DFL-MAT-J041V5,1,False,143022,0.7
DFL-MAT-J041V5,1,False,17925,0.7
DFL-MAT-J041V5,1,False,131897,0.9
DFL-MAT-J041V5,1,False,19625,1.0
DFL-MAT-J041V5,1,False,146572,0.5
DFL-MAT-J041V5,1,False,132022,0.8
DFL-MAT-J041V5,1,False,109947,0.8
DFL-MAT-J041V5,1,False,38375,1.0
DFL-MAT-J041V5,1,False,146447,0.7
DFL-MAT-J041V5,1,False,31300,1.0
DFL-MAT-J041V5,1,False,52225,0.8
DFL-MAT-J041V5,1,False,125897,0.9
DFL-MAT-J041V5,1,False,167672,0.6
DFL-MAT-J041V5,1,False,45500,1.0
DFL-MAT-J041V5,1,False,174372,0.9
DFL-MAT-J041V5,1,False,45975,0.7
DFL-MAT-J041V5,1,False,32225,0.6
DFL-MAT-J041V5,1,False,151447,0.6
DFL-MAT-J041V5,1,False,110947,0.9
DFL-MAT-J041V5,1,False,19775,0.8
DFL-MAT-J041V5,1,False,42500,0.9
DFL-MAT-J041V5,1,False,117322,0.5
DFL-MAT-J041V5,1,False,52200,0.8
DFL-MAT-J041V5,1,False,172922,0.8
DFL-MAT-J041V5,1,False,154847,0.9
DFL-MAT-J041V5,1,False,157522,1.0
DFL-MAT-J041V5,1,False,108822,1.0
DFL-MAT-J041V5,1,False,10925,1.0
DFL-MAT-J041V5,1,False,142822,0.9
DFL-MAT-J041V5,1,False,36925,0.8
DFL-MAT-J041V5,1,False,151797,0.8
DFL-MAT-J041V5,1,False,11650,1.0
DFL-MAT-J041V5,1,False,146622,0.5
DFL-MAT-J041V5,1,False,32650,0.9
DFL-MAT-J041V5,1,False,70225,0.6
DFL-MAT-J041V5,1,False,139222,0.5
DFL-MAT-J041V5,1,False,136272,0.8
DFL-MAT-J041VB,0,False,63275,0.6
DFL-MAT-J041VB,0,False,146689,0.5
DFL-MAT-J041VB,0,False,123039,0.8
DFL-MAT-J041VB,0,False,128164,0.7
DFL-MAT-J041VB,0,False,70525,0.6
DFL-MAT-J041VB,0,False,120039,0.6
DFL-MAT-J041VB,0,False,127689,0.8
DFL-MAT-J041VB,0,False,34800,0.6
DFL-MAT-J041VB,0,False,118714,0.7
DFL-MAT-J041VB,0,False,13750,1.0
DFL-MAT-J041VB,0,False,146889,0.7
DFL-MAT-J041VB,0,False,78250,1.0
DFL-MAT-J041VB,0,False,112814,0.5
DFL-MAT-J041VB,0,False,124289,0.6
DFL-MAT-J041VB,0,False,110564,0.5
DFL-MAT-J041VB,0,False,158039,1.0
DFL-MAT-J041VB,0,False,47725,0.9
DFL-MAT-J041VB,0,False,80400,0.7
DFL-MAT-J041VB,0,False,57100,0.7
DFL-MAT-J041VB,0,False,120389,0.7
DFL-MAT-J041VB,0,False,43500,0.9
DFL-MAT-J041VB,0,False,46900,0.7
DFL-MAT-J041VB,0,False,154014,0.6
DFL-MAT-J041VB,0,False,170164,0.6
DFL-MAT-J041VB,0,False,63200,0.8
DFL-MAT-J041VB,0,False,28950,1.0
DFL-MAT-J041VB,0,False,77450,0.9
DFL-MAT-J041VB,0,False,79275,1.0
DFL-MAT-J041VB,0,False,160964,0.9
DFL-MAT-J041VB,0,False,66625,0.8
DFL-MAT-J041VB,0,False,67425,0.6
DFL-MAT-J041VB,0,False,32475,0.8
DFL-MAT-J041VB,0,False,51575,1.0
DFL-MAT-J041VB,0,False,113539,0.8
DFL-MAT-J041VB,0,False,122339,0.7
DFL-MAT-J041VB,0,False,120214,0.7
DFL-MAT-J041VB,0,False,163039,0.7
DFL-MAT-J041VB,0,False,176489,0.9
DFL-MAT-J041VB,0,False,113214,0.7
DFL-MAT-J041VB,0,False,136064,0.5
DFL-MAT-J041VB,0,False,78525,1.0
DFL-MAT-J041VB,0,False,106714,1.0
DFL-MAT-J041VB,0,False,157464,0.8
DFL-MAT-J041VB,0,False,25675,0.6
DFL-MAT-J041VB,0,False,173939,0.8
DFL-MAT-J041VB,0,False,117714,0.5
DFL-MAT-J041VB,0,False,167364,1.0
DFL-MAT-J041VB,0,False,116689,0.5
DFL-MAT-J041VB,0,False,100789,0.9
DFL-MAT-J041VB,0,False,124064,0.6
DFL-MAT-J041VB,0,False,122039,0.6
DFL-MAT-J041VB,0,False,172214,0.8
DFL-MAT-J041VB,0,False,176439,1.0
DFL-MAT-J041VB,0,False,153114,1.0
DFL-MAT-J041VB,0,False,118114,0.6
DFL-MAT-J041VB,0,False,106439,0.7
DFL-MAT-J041VB,0,False,111539,0.6
DFL-MAT-J041VB,0,False,115539,0.9
DFL-MAT-J041VB,0,False,61075,1.0
DFL-MAT-J041VB,0,False,121314,0.8
DFL-MAT-J041VB,1,True,75500,0.6
DFL-MAT-J041VB,1,True,19250,1.0
DFL-MAT-J041VB,1,True,143814,0.5
DFL-MAT-J041VB,1,True,154964,0.5
DFL-MAT-J041VB,1,True,174789,0.8
DFL-MAT-J041VB,1,True,144989,0.6
DFL-MAT-J041VB,1,True,38350,0.8
DFL-MAT-J041VB,1,True,158414,0.5
DFL-MAT-J041VB,1,True,177914,0.8
DFL-MAT-J041VB,1,True,22775,0.7
DFL-MAT-J041VB,1,True,34200,1.0
DFL-MAT-J041VB,1,True,19800,1.0
DFL-MAT-J041VB,1,True,133514,0.7
DFL-MAT-J041VB,1,True,184539,0.5555555555555556
DFL-MAT-J041VB,1,True,180389,0.6666666666666666
DFL-MAT-J041VB,1,True,140814,0.7
DFL-MAT-J041VB,1,True,38450,0.9
DFL-MAT-J041VB,1,True,164114,0.9
DFL-MAT-J041VB,1,True,69525,0.7
DFL-MAT-J041VB,1,True,33325,1.0
DFL-MAT-J041VB,1,True,145389,0.6
DFL-MAT-J041VB,1,True,43825,0.7
DFL-MAT-J041VB,1,True,100839,0.7
DFL-MAT-J041VB,1,True,177439,0.7
DFL-MAT-J041VB,1,True,40425,1.0
DFL-MAT-J041VB,1,True,105014,0.8
DFL-MAT-J041VB,1,True,38675,0.9
DFL-MAT-J041VB,1,True,51025,1.0
DFL-MAT-J041VB,1,True,22475,0.6
DFL-MAT-J041VB,1,True,155264,0.5
DFL-MAT-J041VB,1,True,32725,1.0
DFL-MAT-J041VB,1,True,183414,0.7777777777777778
DFL-MAT-J041VB,1,True,112589,0.7
DFL-MAT-J041VB,1,True,48800,1.0
DFL-MAT-J041VB,1,True,34050,0.8
DFL-MAT-J041VB,1,True,155739,0.6
DFL-MAT-J041VB,1,True,181564,1.0
DFL-MAT-J041VB,1,True,133314,0.7
DFL-MAT-J041VB,1,True,15125,0.7
DFL-MAT-J041VB,1,True,73650,0.8
DFL-MAT-J041VB,1,True,134064,0.6
DFL-MAT-J041VB,1,True,43750,0.7
DFL-MAT-J041VB,1,True,76175,0.5
DFL-MAT-J041VB,1,True,52950,1.0
DFL-MAT-J041VB,1,True,54700,0.6
DFL-MAT-J041VB,1,True,64750,0.7
DFL-MAT-J041VB,1,True,149914,0.5
DFL-MAT-J041VB,1,True,69400,0.6
DFL-MAT-J041VB,1,True,184789,0.7777777777777778
DFL-MAT-J041VB,1,True,183639,0.7777777777777778
DFL-MAT-J041VB,1,True,115889,0.5
DFL-MAT-J041VB,1,True,72175,0.6
DFL-MAT-J041VB,1,True,160039,0.9
DFL-MAT-J041VB,1,True,101089,0.9
DFL-MAT-J041VB,1,True,132664,0.6
DFL-MAT-J041VB,1,True,74650,0.5
DFL-MAT-J041VB,1,True,35625,0.6
DFL-MAT-J041VB,1,True,79825,0.7
DFL-MAT-J041VB,1,True,126714,1.0
DFL-MAT-J041VB,1,True,43000,0.5
DFL-MAT-J041VN,0,True,167701,0.5
DFL-MAT-J041VN,0,True,154026,0.9
DFL-MAT-J041VN,0,True,55001,0.6
DFL-MAT-J041VN,0,True,74851,0.9
DFL-MAT-J041VN,0,True,167876,0.8
DFL-MAT-J041VN,0,True,171701,0.9
DFL-MAT-J041VN,0,True,172301,1.0
DFL-MAT-J041VN,0,True,170076,1.0
DFL-MAT-J041VN,0,True,120426,1.0
DFL-MAT-J041VN,0,True,53876,1.0
DFL-MAT-J041VN,0,True,52676,0.8
DFL-MAT-J041VN,0,True,131801,0.8
DFL-MAT-J041VN,0,True,145126,0.8
DFL-MAT-J041VN,0,True,129976,0.6
DFL-MAT-J041VN,0,True,134551,0.7
DFL-MAT-J041VN,0,True,160501,1.0
DFL-MAT-J041VN,0,True,110676,1.0
DFL-MAT-J041VN,0,True,171326,1.0
DFL-MAT-J041VN,0,True,171026,0.5
DFL-MAT-J041VN,0,True,10851,0.7
DFL-MAT-J041VN,0,True,15676,1.0
DFL-MAT-J041VN,0,True,138401,1.0
DFL-MAT-J041VN,0,True,121101,0.6
DFL-MAT-J041VN,0,True,123526,0.7
DFL-MAT-J041VN,0,True,136951,0.6
DFL-MAT-J041VN,0,True,119951,0.7
DFL-MAT-J041VN,0,True,143401,0.9
DFL-MAT-J041VN,0,True,102476,1.0
DFL-MAT-J041VN,0,True,28501,0.6
DFL-MAT-J041VN,0,True,123951,0.5
DFL-MAT-J041VN,0,True,104451,0.7
DFL-MAT-J041VN,0,True,74376,0.6
DFL-MAT-J041VN,0,True,25351,0.7
DFL-MAT-J041VN,0,True,80801,0.8
DFL-MAT-J041VN,0,True,172826,0.5
DFL-MAT-J041VN,0,True,135926,0.8
DFL-MAT-J041VN,0,True,59001,0.6
DFL-MAT-J041VN,0,True,170226,1.0
DFL-MAT-J041VN,0,True,157001,1.0
DFL-MAT-J041VN,0,True,172251,1.0
DFL-MAT-J041VN,0,True,122251,1.0
DFL-MAT-J041VN,0,True,105151,0.7
DFL-MAT-J041VN,0,True,105326,0.8
DFL-MAT-J041VN,0,True,34876,0.7
DFL-MAT-J041VN,0,True,51176,0.9
DFL-MAT-J041VN,0,True,154801,0.6
DFL-MAT-J041VN,0,True,32451,0.9
DFL-MAT-J041VN,0,True,143226,0.9
DFL-MAT-J041VN,0,True,154126,0.5
DFL-MAT-J041VN,0,True,139176,0.5
DFL-MAT-J041VN,0,True,149526,1.0
DFL-MAT-J041VN,0,True,147426,1.0
DFL-MAT-J041VN,0,True,77626,0.7
DFL-MAT-J041VN,0,True,100601,0.7
DFL-MAT-J041VN,0,True,83226,0.7
DFL-MAT-J041VN,0,True,24776,0.5
DFL-MAT-J041VN,0,True,61951,1.0
DFL-MAT-J041VN,0,True,107076,1.0
DFL-MAT-J041VN,0,True,20501,0.7
DFL-MAT-J041VN,0,True,123351,0.7
DFL-MAT-J041VN,1,False,82351,0.7
DFL-MAT-J041VN,1,False,169076,0.9
DFL-MAT-J041VN,1,False,60476,0.8
DFL-MAT-J041VN,1,False,104051,0.6
DFL-MAT-J041VN,1,False,23326,0.8
DFL-MAT-J041VN,1,False,26926,0.5
DFL-MAT-J041VN,1,False,43901,0.5
DFL-MAT-J041VN,1,False,130151,0.8
DFL-MAT-J041VN,1,False,150026,0.7
DFL-MAT-J041VN,1,False,78601,0.6
DFL-MAT-J041VN,1,False,69601,0.5
DFL-MAT-J041VN,1,False,69801,0.5
DFL-MAT-J041VN,1,False,155551,0.9
DFL-MAT-J041VN,1,False,159126,0.9
DFL-MAT-J041VN,1,False,63026,1.0
DFL-MAT-J041VN,1,False,50276,1.0
DFL-MAT-J041VN,1,False,52076,0.7
DFL-MAT-J041VN,1,False,78501,0.8
DFL-MAT-J041VN,1,False,81351,0.9
DFL-MAT-J041VN,1,False,156426,0.7
DFL-MAT-J041VN,1,False,67226,1.0
DFL-MAT-J041VN,1,False,53151,1.0
DFL-MAT-J041VN,1,False,106251,0.8
DFL-MAT-J041VN,1,False,136551,1.0
DFL-MAT-J041VN,1,False,146951,0.9
DFL-MAT-J041VN,1,False,38576,1.0
DFL-MAT-J041VN,1,False,136826,0.7
DFL-MAT-J041VN,1,False,52051,0.6
DFL-MAT-J041VN,1,False,66426,0.5
DFL-MAT-J041VN,1,False,106776,0.6
DFL-MAT-J041VN,1,False,146826,0.7
DFL-MAT-J041VN,1,False,30126,0.9
DFL-MAT-J041VN,1,False,27851,0.8
DFL-MAT-J041VN,1,False,149601,0.8
DFL-MAT-J041VN,1,False,127351,0.5
DFL-MAT-J041VN,1,False,170751,1.0
DFL-MAT-J041VN,1,False,21151,0.8
DFL-MAT-J041VN,1,False,58251,0.8
DFL-MAT-J041VN,1,False,27501,0.6
DFL-MAT-J041VN,1,False,109101,0.5
DFL-MAT-J041VN,1,False,171126,0.7
DFL-MAT-J041VN,1,False,60626,0.6
DFL-MAT-J041VN,1,False,141001,0.9
DFL-MAT-J041VN,1,False,66376,0.5
DFL-MAT-J041VN,1,False,122951,0.5
DFL-MAT-J041VN,1,False,18501,0.6
DFL-MAT-J041VN,1,False,38526,0.8
DFL-MAT-J041VN,1,False,100076,0.9
DFL-MAT-J041VN,1,False,41551,1.0
DFL-MAT-J041VN,1,False,116101,0.9
DFL-MAT-J041VN,1,False,12376,0.5
DFL-MAT-J041VN,1,False,132626,0.5
DFL-MAT-J041VN,1,False,61076,0.8
DFL-MAT-J041VN,1,False,72451,1.0
DFL-MAT-J041VN,1,False,29426,0.7
DFL-MAT-J041VN,1,False,68151,1.0
DFL-MAT-J041VN,1,False,82226,0.9
DFL-MAT-J041VN,1,False,122726,0.9
DFL-MAT-J041VN,1,False,23251,0.7
DFL-MAT-J041VN,1,False,127376,0.7
DFL-MAT-J041VR,0,False,128053,1.0
DFL-MAT-J041VR,0,False,56425,0.7
DFL-MAT-J041VR,0,False,10900,0.7
DFL-MAT-J041VR,0,False,57100,0.5
DFL-MAT-J041VR,0,False,113128,0.6
DFL-MAT-J041VR,0,False,26700,0.9
DFL-MAT-J041VR,0,False,163153,0.9
DFL-MAT-J041VR,0,False,79025,0.6
DFL-MAT-J041VR,0,False,118178,0.9
DFL-MAT-J041VR,0,False,24700,1.0
DFL-MAT-J041VR,0,False,79100,0.5
DFL-MAT-J041VR,0,False,55575,0.7
DFL-MAT-J041VR,0,False,29275,1.0
DFL-MAT-J041VR,0,False,42525,0.8
DFL-MAT-J041VR,0,False,142753,0.8
DFL-MAT-J041VR,0,False,77375,0.8
DFL-MAT-J041VR,0,False,175553,0.7
DFL-MAT-J041VR,0,False,32850,0.5
DFL-MAT-J041VR,0,False,16700,0.5
DFL-MAT-J041VR,0,False,50800,0.8
DFL-MAT-J041VR,0,False,103728,0.9
DFL-MAT-J041VR,0,False,24600,0.8
DFL-MAT-J041VR,0,False,148678,0.6
DFL-MAT-J041VR,0,False,33725,1.0
DFL-MAT-J041VR,0,False,35275,0.6
DFL-MAT-J041VR,0,False,34275,0.5
DFL-MAT-J041VR,0,False,147903,0.8
DFL-MAT-J041VR,0,False,18950,1.0
DFL-MAT-J041VR,0,False,111978,0.7
DFL-MAT-J041VR,0,False,102028,0.7
DFL-MAT-J041VR,0,False,26800,1.0
DFL-MAT-J041VR,0,False,159303,0.9
DFL-MAT-J041VR,0,False,50750,0.8
DFL-MAT-J041VR,0,False,156928,0.9
DFL-MAT-J041VR,0,False,169078,1.0
DFL-MAT-J041VR,0,False,108653,1.0
DFL-MAT-J041VR,0,False,79425,1.0
DFL-MAT-J041VR,0,False,172053,0.6
DFL-MAT-J041VR,0,False,135653,1.0
DFL-MAT-J041VR,0,False,18600,0.8
DFL-MAT-J041VR,0,False,169653,1.0
DFL-MAT-J041VR,0,False,127228,1.0
DFL-MAT-J041VR,0,False,40600,0.7
DFL-MAT-J041VR,0,False,121153,0.7
DFL-MAT-J041VR,0,False,166403,0.7
DFL-MAT-J041VR,0,False,57375,1.0
DFL-MAT-J041VR,0,False,147528,1.0
DFL-MAT-J041VR,0,False,43600,0.7
DFL-MAT-J041VR,0,False,20075,1.0
DFL-MAT-J041VR,0,False,18000,0.8
DFL-MAT-J041VR,0,False,74075,0.6
DFL-MAT-J041VR,0,False,172153,0.7
DFL-MAT-J041VR,0,False,10925,0.7
DFL-MAT-J041VR,0,False,55625,0.7
DFL-MAT-J041VR,0,False,167778,0.6
DFL-MAT-J041VR,0,False,147878,0.8
DFL-MAT-J041VR,0,False,20400,1.0
DFL-MAT-J041VR,0,False,100228,0.8
DFL-MAT-J041VR,0,False,102303,0.7
DFL-MAT-J041VR,0,False,57400,0.7
DFL-MAT-J041VR,1,True,54075,0.9
DFL-MAT-J041VR,1,True,134378,1.0
DFL-MAT-J041VR,1,True,118303,0.5
DFL-MAT-J041VR,1,True,138728,0.9
DFL-MAT-J041VR,1,True,143703,0.7
DFL-MAT-J041VR,1,True,159203,0.9
DFL-MAT-J041VR,1,True,53050,0.5
DFL-MAT-J041VR,1,True,59300,0.7
DFL-MAT-J041VR,1,True,109678,0.7
DFL-MAT-J041VR,1,True,142003,0.9
DFL-MAT-J041VR,1,True,155128,0.7
DFL-MAT-J041VR,1,True,12575,0.7
DFL-MAT-J041VR,1,True,10375,1.0
DFL-MAT-J041VR,1,True,149928,1.0
DFL-MAT-J041VR,1,True,25975,1.0
DFL-MAT-J041VR,1,True,133028,0.8
DFL-MAT-J041VR,1,True,173178,0.6
DFL-MAT-J041VR,1,True,54100,0.8
DFL-MAT-J041VR,1,True,50575,1.0
DFL-MAT-J041VR,1,True,31800,0.8
DFL-MAT-J041VR,1,True,31525,0.7
DFL-MAT-J041VR,1,True,110803,1.0
DFL-MAT-J041VR,1,True,43900,0.7
DFL-MAT-J041VR,1,True,47125,0.6
DFL-MAT-J041VR,1,True,173703,0.7
DFL-MAT-J041VR,1,True,73250,1.0
DFL-MAT-J041VR,1,True,167403,0.8
DFL-MAT-J041VR,1,True,27975,0.8
DFL-MAT-J041VR,1,True,141078,0.7
DFL-MAT-J041VR,1,True,69225,1.0
DFL-MAT-J041VR,1,True,35825,0.6
DFL-MAT-J041VR,1,True,103328,1.0
DFL-MAT-J041VR,1,True,156853,0.7
DFL-MAT-J041VR,1,True,102728,0.9
DFL-MAT-J041VR,1,True,130078,0.7
DFL-MAT-J041VR,1,True,174553,0.7
DFL-MAT-J041VR,1,True,157928,1.0
DFL-MAT-J041VR,1,True,146278,1.0
DFL-MAT-J041VR,1,True,46725,0.5
DFL-MAT-J041VR,1,True,132328,0.5
DFL-MAT-J041VR,1,True,13350,0.6
DFL-MAT-J041VR,1,True,54200,0.8
DFL-MAT-J041VR,1,True,20700,0.8
DFL-MAT-J041VR,1,True,61500,0.7
DFL-MAT-J041VR,1,True,153053,0.6
DFL-MAT-J041VR,1,True,145903,0.7
DFL-MAT-J041VR,1,True,149853,1.0
DFL-MAT-J041VR,1,True,126428,0.6
DFL-MAT-J041VR,1,True,76725,0.8
DFL-MAT-J041VR,1,True,132528,0.7
DFL-MAT-J041VR,1,True,20650,0.8
DFL-MAT-J041VR,1,True,145378,0.5
DFL-MAT-J041VR,1,True,49150,1.0
DFL-MAT-J041VR,1,True,114853,0.9
DFL-MAT-J041VR,1,True,66525,0.5
DFL-MAT-J041VR,1,True,32825,0.6
DFL-MAT-J041VR,1,True,58400,0.5
DFL-MAT-J041VR,1,True,69325,0.8
DFL-MAT-J041VR,1,True,50050,0.9
DFL-MAT-J041VR,1,True,75675,0.6
DFL-MAT-J041W5,0,True,79901,0.5
DFL-MAT-J041W5,0,True,48951,0.9
DFL-MAT-J041W5,0,True,139669,0.9
DFL-MAT-J041W5,0,True,33276,0.6
DFL-MAT-J041W5,0,True,63376,0.6
DFL-MAT-J041W5,0,True,24001,0.8
DFL-MAT-J041W5,0,True,125644,0.5
DFL-MAT-J041W5,0,True,111119,0.7
DFL-MAT-J041W5,0,True,49051,0.8
DFL-MAT-J041W5,0,True,15126,0.5
DFL-MAT-J041W5,0,True,32076,0.6
DFL-MAT-J041W5,0,True,110169,0.8
DFL-MAT-J041W5,0,True,176269,0.8
DFL-MAT-J041W5,0,True,167794,0.7
DFL-MAT-J041W5,0,True,134469,0.9
DFL-MAT-J041W5,0,True,177219,0.9
DFL-MAT-J041W5,0,True,137294,0.5
DFL-MAT-J041W5,0,True,129844,1.0
DFL-MAT-J041W5,0,True,165169,0.8
DFL-MAT-J041W5,0,True,141919,0.8
DFL-MAT-J041W5,0,True,80076,0.5
DFL-MAT-J041W5,0,True,166394,0.7
DFL-MAT-J041W5,0,True,64176,0.5
DFL-MAT-J041W5,0,True,47626,1.0
DFL-MAT-J041W5,0,True,23726,0.7
DFL-MAT-J041W5,0,True,134394,1.0
DFL-MAT-J041W5,0,True,71626,0.7
DFL-MAT-J041W5,0,True,12251,0.6
DFL-MAT-J041W5,0,True,147969,0.7
DFL-MAT-J041W5,0,True,31351,0.8
DFL-MAT-J041W5,0,True,162269,1.0
DFL-MAT-J041W5,0,True,139494,1.0
DFL-MAT-J041W5,0,True,107469,1.0
DFL-MAT-J041W5,0,True,72401,0.5
DFL-MAT-J041W5,0,True,31401,0.9
DFL-MAT-J041W5,0,True,70826,0.8
DFL-MAT-J041W5,0,True,126494,1.0
DFL-MAT-J041W5,0,True,101569,0.7
DFL-MAT-J041W5,0,True,170244,0.7
DFL-MAT-J041W5,0,True,158644,0.6
DFL-MAT-J041W5,0,True,126144,0.8
DFL-MAT-J041W5,0,True,136869,0.6
DFL-MAT-J041W5,0,True,138594,0.9
DFL-MAT-J041W5,0,True,80851,1.0
DFL-MAT-J041W5,0,True,112369,1.0
DFL-MAT-J041W5,0,True,109894,1.0
DFL-MAT-J041W5,0,True,174719,0.6
DFL-MAT-J041W5,0,True,139119,1.0
DFL-MAT-J041W5,0,True,140019,0.8
DFL-MAT-J041W5,0,True,138619,0.9
DFL-MAT-J041W5,0,True,175619,0.7
DFL-MAT-J041W5,0,True,60226,0.9
DFL-MAT-J041W5,0,True,101894,0.6
DFL-MAT-J041W5,0,True,36476,0.6
DFL-MAT-J041W5,0,True,162244,0.9
DFL-MAT-J041W5,0,True,37851,1.0
DFL-MAT-J041W5,0,True,113844,0.7
DFL-MAT-J041W5,0,True,162444,0.8
DFL-MAT-J041W5,0,True,173894,0.7
DFL-MAT-J041W5,0,True,126669,1.0
DFL-MAT-J041W5,1,False,41326,0.8
DFL-MAT-J041W5,1,False,45401,0.9
DFL-MAT-J041W5,1,False,115269,0.6
DFL-MAT-J041W5,1,False,77501,0.5
DFL-MAT-J041W5,1,False,26651,1.0
DFL-MAT-J041W5,1,False,81776,0.8
DFL-MAT-J041W5,1,False,166994,0.5
DFL-MAT-J041W5,1,False,151544,1.0
DFL-MAT-J041W5,1,False,33351,1.0
DFL-MAT-J041W5,1,False,11526,0.5
DFL-MAT-J041W5,1,False,141769,1.0
DFL-MAT-J041W5,1,False,165919,0.6
DFL-MAT-J041W5,1,False,168919,0.6
DFL-MAT-J041W5,1,False,121394,0.9
DFL-MAT-J041W5,1,False,57951,0.9
DFL-MAT-J041W5,1,False,74926,0.6
DFL-MAT-J041W5,1,False,158994,0.6
DFL-MAT-J041W5,1,False,170894,0.5
DFL-MAT-J041W5,1,False,16776,0.7
DFL-MAT-J041W5,1,False,26001,0.7
DFL-MAT-J041W5,1,False,146844,0.7
DFL-MAT-J041W5,1,False,21076,1.0
DFL-MAT-J041W5,1,False,154369,1.0
DFL-MAT-J041W5,1,False,133869,0.8
DFL-MAT-J041W5,1,False,72651,0.5
DFL-MAT-J041W5,1,False,26026,0.8
DFL-MAT-J041W5,1,False,46726,1.0
DFL-MAT-J041W5,1,False,46026,0.7
DFL-MAT-J041W5,1,False,154044,0.8
DFL-MAT-J041W5,1,False,76551,0.5
DFL-MAT-J041W5,1,False,39901,0.9
DFL-MAT-J041W5,1,False,27501,0.6
DFL-MAT-J041W5,1,False,30426,0.8
DFL-MAT-J041W5,1,False,61951,1.0
DFL-MAT-J041W5,1,False,69651,0.6
DFL-MAT-J041W5,1,False,124069,0.7
DFL-MAT-J041W5,1,False,40951,0.5
DFL-MAT-J041W5,1,False,110594,0.6
DFL-MAT-J041W5,1,False,105994,0.6
DFL-MAT-J041W5,1,False,76326,0.6
DFL-MAT-J041W5,1,False,55801,0.8
DFL-MAT-J041W5,1,False,17976,0.6
DFL-MAT-J041W5,1,False,140719,0.8
DFL-MAT-J041W5,1,False,43701,0.9
DFL-MAT-J041W5,1,False,63226,0.7
DFL-MAT-J041W5,1,False,31101,0.7
DFL-MAT-J041W5,1,False,57301,0.6
DFL-MAT-J041W5,1,False,78776,0.7
DFL-MAT-J041W5,1,False,50001,1.0
DFL-MAT-J041W5,1,False,171044,0.9
DFL-MAT-J041W5,1,False,108869,0.7
DFL-MAT-J041W5,1,False,52026,1.0
DFL-MAT-J041W5,1,False,167019,0.6
DFL-MAT-J041W5,1,False,77176,0.7
DFL-MAT-J041W5,1,False,133744,1.0
DFL-MAT-J041W5,1,False,77076,0.6
DFL-MAT-J041W5,1,False,154944,1.0
DFL-MAT-J041W5,1,False,44626,0.7
DFL-MAT-J041W5,1,False,22601,0.6
DFL-MAT-J041W5,1,False,56926,0.9
DFL-MAT-J041WE,0,False,36800,0.5
DFL-MAT-J041WE,0,False,178079,1.0
DFL-MAT-J041WE,0,False,180379,0.8
DFL-MAT-J041WE,0,False,109429,0.6
DFL-MAT-J041WE,0,False,32025,0.9
DFL-MAT-J041WE,0,False,16700,0.6
DFL-MAT-J041WE,0,False,164729,0.7
DFL-MAT-J041WE,0,False,38425,0.9
DFL-MAT-J041WE,0,False,41600,0.9
DFL-MAT-J041WE,0,False,107154,0.7
DFL-MAT-J041WE,0,False,59350,0.7
DFL-MAT-J041WE,0,False,177404,0.8
DFL-MAT-J041WE,0,False,172104,0.7
DFL-MAT-J041WE,0,False,23450,0.7
DFL-MAT-J041WE,0,False,68000,1.0
DFL-MAT-J041WE,0,False,53550,0.7
DFL-MAT-J041WE,0,False,112829,0.8
DFL-MAT-J041WE,0,False,41000,0.6
DFL-MAT-J041WE,0,False,31275,1.0
DFL-MAT-J041WE,0,False,150529,0.9
DFL-MAT-J041WE,0,False,50825,1.0
DFL-MAT-J041WE,0,False,128954,1.0
DFL-MAT-J041WE,0,False,49775,1.0
DFL-MAT-J041WE,0,False,182604,1.0
DFL-MAT-J041WE,0,False,14425,0.9
DFL-MAT-J041WE,0,False,122429,1.0
DFL-MAT-J041WE,0,False,38225,1.0
DFL-MAT-J041WE,0,False,110504,0.6
DFL-MAT-J041WE,0,False,59675,0.6
DFL-MAT-J041WE,0,False,67875,1.0
DFL-MAT-J041WE,0,False,79375,0.5
DFL-MAT-J041WE,0,False,140954,1.0
DFL-MAT-J041WE,0,False,100229,0.6
DFL-MAT-J041WE,0,False,149379,0.6
DFL-MAT-J041WE,0,False,70225,0.9
DFL-MAT-J041WE,0,False,38825,0.8
DFL-MAT-J041WE,0,False,165254,1.0
DFL-MAT-J041WE,0,False,38725,1.0
DFL-MAT-J041WE,0,False,72975,0.6
DFL-MAT-J041WE,0,False,177204,0.8
DFL-MAT-J041WE,0,False,37150,0.8
DFL-MAT-J041WE,0,False,59050,0.9
DFL-MAT-J041WE,0,False,156079,1.0
DFL-MAT-J041WE,0,False,155029,1.0
DFL-MAT-J041WE,0,False,75250,0.9
DFL-MAT-J041WE,0,False,110879,0.8
DFL-MAT-J041WE,0,False,73850,0.9
DFL-MAT-J041WE,0,False,111179,0.7
DFL-MAT-J041WE,0,False,56325,0.7
DFL-MAT-J041WE,0,False,106604,0.7
DFL-MAT-J041WE,0,False,111104,0.5
DFL-MAT-J041WE,0,False,45400,0.8
DFL-MAT-J041WE,0,False,23325,0.7
DFL-MAT-J041WE,0,False,11850,1.0
DFL-MAT-J041WE,0,False,11975,1.0
DFL-MAT-J041WE,0,False,170104,0.6
DFL-MAT-J041WE,0,False,27175,0.9
DFL-MAT-J041WE,0,False,35025,0.8
DFL-MAT-J041WE,0,False,170229,0.6
DFL-MAT-J041WE,0,False,105179,0.8
DFL-MAT-J041WE,1,True,62200,0.6
DFL-MAT-J041WE,1,True,63675,0.7
DFL-MAT-J041WE,1,True,106054,0.7
DFL-MAT-J041WE,1,True,185404,0.875
DFL-MAT-J041WE,1,True,81250,0.7
DFL-MAT-J041WE,1,True,167654,1.0
DFL-MAT-J041WE,1,True,33525,0.6
DFL-MAT-J041WE,1,True,182179,1.0
DFL-MAT-J041WE,1,True,151354,0.5555555555555556
DFL-MAT-J041WE,1,True,125279,0.7
DFL-MAT-J041WE,1,True,78200,0.6
DFL-MAT-J041WE,1,True,181754,0.75
DFL-MAT-J041WE,1,True,65600,0.7
DFL-MAT-J041WE,1,True,183229,0.875
DFL-MAT-J041WE,1,True,120429,0.7
DFL-MAT-J041WE,1,True,71300,0.5
DFL-MAT-J041WE,1,True,65200,0.8
DFL-MAT-J041WE,1,True,69675,0.6
DFL-MAT-J041WE,1,True,138279,0.8
DFL-MAT-J041WE,1,True,175029,0.5
DFL-MAT-J041WE,1,True,161729,1.0
DFL-MAT-J041WE,1,True,151579,0.7777777777777778
DFL-MAT-J041WE,1,True,55500,0.9
DFL-MAT-J041WE,1,True,146404,0.6
DFL-MAT-J041WE,1,True,118904,0.8
DFL-MAT-J041WE,1,True,15575,1.0
DFL-MAT-J041WE,1,True,151779,0.5555555555555556
DFL-MAT-J041WE,1,True,103204,0.7
DFL-MAT-J041WE,1,True,147454,0.7
DFL-MAT-J041WE,1,True,33075,0.6
DFL-MAT-J041WE,1,True,70775,0.7
DFL-MAT-J041WE,1,True,53700,0.6
DFL-MAT-J041WE,1,True,161329,1.0
DFL-MAT-J041WE,1,True,150704,0.9
DFL-MAT-J041WE,1,True,70875,0.6
DFL-MAT-J041WE,1,True,174579,0.625
DFL-MAT-J041WE,1,True,64025,1.0
DFL-MAT-J041WE,1,True,149704,0.6
DFL-MAT-J041WE,1,True,72100,0.6
DFL-MAT-J041WE,1,True,103904,0.6
DFL-MAT-J041WE,1,True,137704,0.6
DFL-MAT-J041WE,1,True,59425,1.0
DFL-MAT-J041WE,1,True,63125,1.0
DFL-MAT-J041WE,1,True,142354,0.6
DFL-MAT-J041WE,1,True,150229,0.9
DFL-MAT-J041WE,1,True,30825,0.6
DFL-MAT-J041WE,1,True,172429,0.5
DFL-MAT-J041WE,1,True,49025,1.0
DFL-MAT-J041WE,1,True,22700,0.7
DFL-MAT-J041WE,1,True,22525,1.0
DFL-MAT-J041WE,1,True,26250,0.6
DFL-MAT-J041WE,1,True,76175,0.9
DFL-MAT-J041WE,1,True,34775,1.0
DFL-MAT-J041WE,1,True,20950,0.7
DFL-MAT-J041WE,1,True,76425,0.5
DFL-MAT-J041WE,1,True,169254,0.5
DFL-MAT-J041WE,1,True,120329,0.7
DFL-MAT-J041WE,1,True,116904,0.7
DFL-MAT-J041WE,1,True,115579,0.5
DFL-MAT-J041WE,1,True,148079,0.6
DFL-MAT-J041WN,0,True,115174,0.7
DFL-MAT-J041WN,0,True,56200,0.6
DFL-MAT-J041WN,0,True,117224,0.7
DFL-MAT-J041WN,0,True,165949,1.0
DFL-MAT-J041WN,0,True,70950,0.8
DFL-MAT-J041WN,0,True,149124,0.6
DFL-MAT-J041WN,0,True,113174,0.5
DFL-MAT-J041WN,0,True,74900,0.8
DFL-MAT-J041WN,0,True,33725,0.7
DFL-MAT-J041WN,0,True,41675,0.9
DFL-MAT-J041WN,0,True,160424,0.5
DFL-MAT-J041WN,0,True,53950,1.0
DFL-MAT-J041WN,0,True,108374,0.5
DFL-MAT-J041WN,0,True,171124,0.7
DFL-MAT-J041WN,0,True,50825,0.9
DFL-MAT-J041WN,0,True,61125,0.6
DFL-MAT-J041WN,0,True,70975,0.6
DFL-MAT-J041WN,0,True,50650,1.0
DFL-MAT-J041WN,0,True,66225,0.9
DFL-MAT-J041WN,0,True,131899,0.8
DFL-MAT-J041WN,0,True,100449,0.7
DFL-MAT-J041WN,0,True,127424,0.7
DFL-MAT-J041WN,0,True,78875,0.8
DFL-MAT-J041WN,0,True,104624,0.6
DFL-MAT-J041WN,0,True,148399,0.9
DFL-MAT-J041WN,0,True,110624,0.9
DFL-MAT-J041WN,0,True,159174,0.6
DFL-MAT-J041WN,0,True,123149,0.6
DFL-MAT-J041WN,0,True,34400,0.9
DFL-MAT-J041WN,0,True,12800,0.7
DFL-MAT-J041WN,0,True,11275,1.0
DFL-MAT-J041WN,0,True,107324,0.6
DFL-MAT-J041WN,0,True,24075,1.0
DFL-MAT-J041WN,0,True,54800,0.9
DFL-MAT-J041WN,0,True,42925,0.6
DFL-MAT-J041WN,0,True,132024,0.5
DFL-MAT-J041WN,0,True,165874,0.9
DFL-MAT-J041WN,0,True,112599,1.0
DFL-MAT-J041WN,0,True,142924,1.0
DFL-MAT-J041WN,0,True,109974,0.7
DFL-MAT-J041WN,0,True,148324,0.9
DFL-MAT-J041WN,0,True,50475,0.7
DFL-MAT-J041WN,0,True,55250,0.7
DFL-MAT-J041WN,0,True,145799,0.7
DFL-MAT-J041WN,0,True,52700,0.5
DFL-MAT-J041WN,0,True,64950,1.0
DFL-MAT-J041WN,0,True,139624,0.9
DFL-MAT-J041WN,0,True,60700,0.6
DFL-MAT-J041WN,0,True,162349,0.7
DFL-MAT-J041WN,0,True,172749,0.7
DFL-MAT-J041WN,0,True,43575,0.6
DFL-MAT-J041WN,0,True,112474,0.6
DFL-MAT-J041WN,0,True,150699,0.6
DFL-MAT-J041WN,0,True,123074,0.6
DFL-MAT-J041WN,0,True,76300,0.7
DFL-MAT-J041WN,0,True,148849,0.7
DFL-MAT-J041WN,0,True,44975,0.6
DFL-MAT-J041WN,0,True,162849,0.6
DFL-MAT-J041WN,0,True,43750,0.7
DFL-MAT-J041WN,0,True,60275,0.6
DFL-MAT-J041WN,1,False,119899,0.8
DFL-MAT-J041WN,1,False,153924,0.6
DFL-MAT-J041WN,1,False,155349,0.9
DFL-MAT-J041WN,1,False,144099,0.6
DFL-MAT-J041WN,1,False,149699,1.0
DFL-MAT-J041WN,1,False,72475,0.8
DFL-MAT-J041WN,1,False,54625,0.8
DFL-MAT-J041WN,1,False,129049,0.8
DFL-MAT-J041WN,1,False,61900,0.7
DFL-MAT-J041WN,1,False,156624,0.7
DFL-MAT-J041WN,1,False,177899,0.6
DFL-MAT-J041WN,1,False,61450,0.7
DFL-MAT-J041WN,1,False,163799,0.7
DFL-MAT-J041WN,1,False,32350,0.5
DFL-MAT-J041WN,1,False,141049,1.0
DFL-MAT-J041WN,1,False,78000,0.6
DFL-MAT-J041WN,1,False,108799,0.9
DFL-MAT-J041WN,1,False,28475,1.0
DFL-MAT-J041WN,1,False,10275,0.9
DFL-MAT-J041WN,1,False,59475,0.5
DFL-MAT-J041WN,1,False,173799,0.8
DFL-MAT-J041WN,1,False,25750,0.5
DFL-MAT-J041WN,1,False,75325,0.6
DFL-MAT-J041WN,1,False,140899,1.0
DFL-MAT-J041WN,1,False,60175,0.8
DFL-MAT-J041WN,1,False,36275,0.5
DFL-MAT-J041WN,1,False,176449,0.7
DFL-MAT-J041WN,1,False,122249,0.7
DFL-MAT-J041WN,1,False,28250,1.0
DFL-MAT-J041WN,1,False,154149,0.6
DFL-MAT-J041WN,1,False,48575,1.0
DFL-MAT-J041WN,1,False,18350,0.7
DFL-MAT-J041WN,1,False,144999,0.8
DFL-MAT-J041WN,1,False,25075,1.0
DFL-MAT-J041WN,1,False,57400,1.0
DFL-MAT-J041WN,1,False,48100,0.9
DFL-MAT-J041WN,1,False,168524,1.0
DFL-MAT-J041WN,1,False,74275,0.5
DFL-MAT-J041WN,1,False,61525,0.8
DFL-MAT-J041WN,1,False,42000,0.5
DFL-MAT-J041WN,1,False,68600,0.5
DFL-MAT-J041WN,1,False,21200,0.8
DFL-MAT-J041WN,1,False,18500,0.8
DFL-MAT-J041WN,1,False,115499,0.7
DFL-MAT-J041WN,1,False,67550,0.9
DFL-MAT-J041WN,1,False,160799,0.6
DFL-MAT-J041WN,1,False,169149,0.9
DFL-MAT-J041WN,1,False,52975,0.6
DFL-MAT-J041WN,1,False,37300,0.8
DFL-MAT-J041WN,1,False,170399,0.9
DFL-MAT-J041WN,1,False,28850,0.9
DFL-MAT-J041WN,1,False,30375,0.8
DFL-MAT-J041WN,1,False,14800,0.6
DFL-MAT-J041WN,1,False,60875,0.8
DFL-MAT-J041WN,1,False,140274,0.6
DFL-MAT-J041WN,1,False,35325,0.6
DFL-MAT-J041WN,1,False,167424,0.6
DFL-MAT-J041WN,1,False,46250,1.0
DFL-MAT-J041WN,1,False,152074,1.0
DFL-MAT-J041WN,1,False,118074,0.6
DFL-MAT-J041WT,0,False,132660,0.9
DFL-MAT-J041WT,0,False,108360,0.5
DFL-MAT-J041WT,0,False,78950,0.9
DFL-MAT-J041WT,0,False,154660,0.6666666666666666
DFL-MAT-J041WT,0,False,141485,0.5
DFL-MAT-J041WT,0,False,109485,0.8
DFL-MAT-J041WT,0,False,163985,0.7777777777777778
DFL-MAT-J041WT,0,False,169260,1.0
DFL-MAT-J041WT,0,False,11875,0.7
DFL-MAT-J041WT,0,False,69925,0.9
DFL-MAT-J041WT,0,False,76175,0.6
DFL-MAT-J041WT,0,False,103085,0.8
DFL-MAT-J041WT,0,False,21675,0.6
DFL-MAT-J041WT,0,False,60000,1.0
DFL-MAT-J041WT,0,False,124610,1.0
DFL-MAT-J041WT,0,False,53200,0.7
DFL-MAT-J041WT,0,False,19325,0.5
DFL-MAT-J041WT,0,False,70425,0.6
DFL-MAT-J041WT,0,False,80850,0.6
DFL-MAT-J041WT,0,False,73025,0.9
DFL-MAT-J041WT,0,False,150635,1.0
DFL-MAT-J041WT,0,False,75100,0.8
DFL-MAT-J041WT,0,False,70275,0.6
DFL-MAT-J041WT,0,False,121710,0.8
DFL-MAT-J041WT,0,False,110510,0.5
DFL-MAT-J041WT,0,False,77900,0.9
DFL-MAT-J041WT,0,False,154760,0.5555555555555556
DFL-MAT-J041WT,0,False,46350,0.7
DFL-MAT-J041WT,0,False,32125,0.6
DFL-MAT-J041WT,0,False,68250,1.0
DFL-MAT-J041WT,0,False,39900,1.0
DFL-MAT-J041WT,0,False,129585,1.0
DFL-MAT-J041WT,0,False,38700,0.9
DFL-MAT-J041WT,0,False,76000,0.6
DFL-MAT-J041WT,0,False,166210,1.0
DFL-MAT-J041WT,0,False,164985,0.6666666666666666
DFL-MAT-J041WT,0,False,66625,0.6
DFL-MAT-J041WT,0,False,51700,1.0
DFL-MAT-J041WT,0,False,35675,0.7
DFL-MAT-J041WT,0,False,48925,0.7
DFL-MAT-J041WT,0,False,162035,0.5555555555555556
DFL-MAT-J041WT,0,False,138860,0.7
DFL-MAT-J041WT,0,False,102685,1.0
DFL-MAT-J041WT,0,False,117410,0.6
DFL-MAT-J041WT,0,False,24950,0.7
DFL-MAT-J041WT,0,False,60100,1.0
DFL-MAT-J041WT,0,False,139785,1.0
DFL-MAT-J041WT,0,False,45450,0.9
DFL-MAT-J041WT,0,False,150860,0.8
DFL-MAT-J041WT,0,False,62450,0.7
DFL-MAT-J041WT,0,False,167585,1.0
DFL-MAT-J041WT,0,False,52825,0.9
DFL-MAT-J041WT,0,False,68400,0.9
DFL-MAT-J041WT,0,False,141610,0.7
DFL-MAT-J041WT,0,False,56625,0.6
DFL-MAT-J041WT,0,False,114910,0.6
DFL-MAT-J041WT,0,False,116760,0.6
DFL-MAT-J041WT,0,False,153460,0.6666666666666666
DFL-MAT-J041WT,0,False,44125,0.8
DFL-MAT-J041WT,0,False,109535,1.0
DFL-MAT-J041WT,1,True,122585,0.9
DFL-MAT-J041WT,1,True,19100,0.5
DFL-MAT-J041WT,1,True,159060,0.7
DFL-MAT-J041WT,1,True,15950,0.9
DFL-MAT-J041WT,1,True,158535,0.9
DFL-MAT-J041WT,1,True,46475,0.7
DFL-MAT-J041WT,1,True,125860,0.6
DFL-MAT-J041WT,1,True,22425,0.7
DFL-MAT-J041WT,1,True,65475,0.7
DFL-MAT-J041WT,1,True,116985,0.8
DFL-MAT-J041WT,1,True,14550,1.0
DFL-MAT-J041WT,1,True,47950,0.6
DFL-MAT-J041WT,1,True,20750,1.0
DFL-MAT-J041WT,1,True,77250,0.6
DFL-MAT-J041WT,1,True,101210,0.7
DFL-MAT-J041WT,1,True,58600,0.9
DFL-MAT-J041WT,1,True,165385,0.7
DFL-MAT-J041WT,1,True,13300,0.7
DFL-MAT-J041WT,1,True,142585,0.6
DFL-MAT-J041WT,1,True,30450,0.7
DFL-MAT-J041WT,1,True,172085,0.6
DFL-MAT-J041WT,1,True,18850,0.8
DFL-MAT-J041WT,1,True,171960,0.9
DFL-MAT-J041WT,1,True,133110,1.0
DFL-MAT-J041WT,1,True,73950,0.5
DFL-MAT-J041WT,1,True,163835,0.9
DFL-MAT-J041WT,1,True,18950,0.5
DFL-MAT-J041WT,1,True,17600,0.5
DFL-MAT-J041WT,1,True,18600,0.6
DFL-MAT-J041WT,1,True,158335,0.9
DFL-MAT-J041WT,1,True,110860,0.9
DFL-MAT-J041WT,1,True,167335,0.7
DFL-MAT-J041WT,1,True,138235,0.8
DFL-MAT-J041WT,1,True,43125,0.7
DFL-MAT-J041WT,1,True,146435,0.7
DFL-MAT-J041WT,1,True,33300,0.5
DFL-MAT-J041WT,1,True,21900,0.7
DFL-MAT-J041WT,1,True,125660,0.7
DFL-MAT-J041WT,1,True,165710,0.9
DFL-MAT-J041WT,1,True,170285,0.7
DFL-MAT-J041WT,1,True,111660,1.0
DFL-MAT-J041WT,1,True,140360,0.8
DFL-MAT-J041WT,1,True,30675,1.0
DFL-MAT-J041WT,1,True,133385,0.9
DFL-MAT-J041WT,1,True,77625,1.0
DFL-MAT-J041WT,1,True,104760,0.5
DFL-MAT-J041WT,1,True,151610,0.6
DFL-MAT-J041WT,1,True,56975,0.9
DFL-MAT-J041WT,1,True,105935,1.0
DFL-MAT-J041WT,1,True,58325,0.7
DFL-MAT-J041WT,1,True,23750,0.5
DFL-MAT-J041WT,1,True,138685,0.7
DFL-MAT-J041WT,1,True,166935,1.0
DFL-MAT-J041WT,1,True,31725,1.0
DFL-MAT-J041WT,1,True,58350,0.6
DFL-MAT-J041WT,1,True,14125,0.6
DFL-MAT-J041WT,1,True,101535,0.5
DFL-MAT-J041WT,1,True,170410,0.8
DFL-MAT-J041WT,1,True,26825,0.6
DFL-MAT-J041WT,1,True,138435,0.8
DFL-MAT-J041X5,0,True,108854,1.0
DFL-MAT-J041X5,0,True,113154,0.9
DFL-MAT-J041X5,0,True,172054,0.5555555555555556
DFL-MAT-J041X5,0,True,80075,0.6
DFL-MAT-J041X5,0,True,41375,1.0
DFL-MAT-J041X5,0,True,159429,0.6666666666666666
DFL-MAT-J041X5,0,True,59225,0.8
DFL-MAT-J041X5,0,True,104729,0.8
DFL-MAT-J041X5,0,True,17000,0.9
DFL-MAT-J041X5,0,True,33200,0.6
DFL-MAT-J041X5,0,True,74450,0.8
DFL-MAT-J041X5,0,True,73100,0.7
DFL-MAT-J041X5,0,True,172229,0.7777777777777778
DFL-MAT-J041X5,0,True,19900,0.9
DFL-MAT-J041X5,0,True,52200,0.6
DFL-MAT-J041X5,0,True,156279,0.8888888888888888
DFL-MAT-J041X5,0,True,124179,0.5
DFL-MAT-J041X5,0,True,155929,0.7777777777777778
DFL-MAT-J041X5,0,True,65775,0.9
DFL-MAT-J041X5,0,True,15200,0.9
DFL-MAT-J041X5,0,True,164079,0.8888888888888888
DFL-MAT-J041X5,0,True,167954,1.0
DFL-MAT-J041X5,0,True,116954,0.5
DFL-MAT-J041X5,0,True,171954,0.5555555555555556
DFL-MAT-J041X5,0,True,124454,0.5
DFL-MAT-J041X5,0,True,39475,1.0
DFL-MAT-J041X5,0,True,122079,0.7
DFL-MAT-J041X5,0,True,168079,1.0
DFL-MAT-J041X5,0,True,148129,0.9
DFL-MAT-J041X5,0,True,37900,1.0
DFL-MAT-J041X5,0,True,159054,0.7777777777777778
DFL-MAT-J041X5,0,True,172004,0.5555555555555556
DFL-MAT-J041X5,0,True,10500,0.7
DFL-MAT-J041X5,0,True,154404,0.6666666666666666
DFL-MAT-J041X5,0,True,155454,0.6666666666666666
DFL-MAT-J041X5,0,True,109754,1.0
DFL-MAT-J041X5,0,True,145429,0.5
DFL-MAT-J041X5,0,True,158929,0.5555555555555556
DFL-MAT-J041X5,0,True,23875,1.0
DFL-MAT-J041X5,0,True,144654,0.6
DFL-MAT-J041X5,0,True,14175,0.7
DFL-MAT-J041X5,0,True,168129,0.7777777777777778
DFL-MAT-J041X5,0,True,108254,1.0
DFL-MAT-J041X5,0,True,80375,0.7
DFL-MAT-J041X5,0,True,130979,0.9
DFL-MAT-J041X5,0,True,34850,0.7
DFL-MAT-J041X5,0,True,19375,1.0
DFL-MAT-J041X5,0,True,63975,0.8
DFL-MAT-J041X5,0,True,48925,0.5
DFL-MAT-J041X5,0,True,58900,0.9
DFL-MAT-J041X5,0,True,108954,1.0
DFL-MAT-J041X5,0,True,167404,1.0
DFL-MAT-J041X5,0,True,75725,0.9
DFL-MAT-J041X5,0,True,10600,0.6
DFL-MAT-J041X5,0,True,175329,0.6666666666666666
DFL-MAT-J041X5,0,True,155254,0.8888888888888888
DFL-MAT-J041X5,0,True,165704,0.8888888888888888
DFL-MAT-J041X5,0,True,165504,0.5555555555555556
DFL-MAT-J041X5,0,True,48650,0.6
DFL-MAT-J041X5,0,True,174004,0.6666666666666666
DFL-MAT-J041X5,1,False,22300,1.0
DFL-MAT-J041X5,1,False,142354,1.0
DFL-MAT-J041X5,1,False,11700,0.6
DFL-MAT-J041X5,1,False,171704,0.9
DFL-MAT-J041X5,1,False,35200,0.9
DFL-MAT-J041X5,1,False,130379,0.7
DFL-MAT-J041X5,1,False,101329,1.0
DFL-MAT-J041X5,1,False,76275,0.7
DFL-MAT-J041X5,1,False,60200,0.8
DFL-MAT-J041X5,1,False,157804,0.6
DFL-MAT-J041X5,1,False,159604,0.9
DFL-MAT-J041X5,1,False,164829,0.7
DFL-MAT-J041X5,1,False,106154,1.0
DFL-MAT-J041X5,1,False,162429,0.7
DFL-MAT-J041X5,1,False,46750,0.6
DFL-MAT-J041X5,1,False,63600,1.0
DFL-MAT-J041X5,1,False,100829,0.9
DFL-MAT-J041X5,1,False,151954,0.8
DFL-MAT-J041X5,1,False,107429,0.8
DFL-MAT-J041X5,1,False,167829,0.8
DFL-MAT-J041X5,1,False,64900,1.0
DFL-MAT-J041X5,1,False,171204,0.7
DFL-MAT-J041X5,1,False,52100,0.8
DFL-MAT-J041X5,1,False,110479,0.5
DFL-MAT-J041X5,1,False,39325,0.8
DFL-MAT-J041X5,1,False,163729,0.9
DFL-MAT-J041X5,1,False,147129,0.8
DFL-MAT-J041X5,1,False,161604,0.7
DFL-MAT-J041X5,1,False,149504,0.5
DFL-MAT-J041X5,1,False,109654,0.7
DFL-MAT-J041X5,1,False,71425,0.6
DFL-MAT-J041X5,1,False,111979,1.0
DFL-MAT-J041X5,1,False,135279,0.8
DFL-MAT-J041X5,1,False,132404,0.6
DFL-MAT-J041X5,1,False,29375,0.8
DFL-MAT-J041X5,1,False,66600,1.0
DFL-MAT-J041X5,1,False,123454,1.0
DFL-MAT-J041X5,1,False,18050,0.6
DFL-MAT-J041X5,1,False,27325,0.9
DFL-MAT-J041X5,1,False,152304,0.7
DFL-MAT-J041X5,1,False,40375,0.8
DFL-MAT-J041X5,1,False,162929,0.7
DFL-MAT-J041X5,1,False,162654,0.8
DFL-MAT-J041X5,1,False,20550,0.5
DFL-MAT-J041X5,1,False,68750,0.6
DFL-MAT-J041X5,1,False,44275,0.6
DFL-MAT-J041X5,1,False,137629,0.8
DFL-MAT-J041X5,1,False,147079,0.6
DFL-MAT-J041X5,1,False,49075,0.5
DFL-MAT-J041X5,1,False,114554,1.0
DFL-MAT-J041X5,1,False,22950,0.9
DFL-MAT-J041X5,1,False,21725,0.6
DFL-MAT-J041X5,1,False,42900,0.9
DFL-MAT-J041X5,1,False,35050,0.6
DFL-MAT-J041X5,1,False,32225,0.9
DFL-MAT-J041X5,1,False,76425,0.8
DFL-MAT-J041X5,1,False,140129,0.5
DFL-MAT-J041X5,1,False,30825,1.0
DFL-MAT-J041X5,1,False,67900,0.8
DFL-MAT-J041X5,1,False,18525,0.9
DFL-MAT-J041XE,0,True,115048,0.8
DFL-MAT-J041XE,0,True,174573,0.6
DFL-MAT-J041XE,0,True,44775,0.9
DFL-MAT-J041XE,0,True,35225,0.6
DFL-MAT-J041XE,0,True,18400,0.7
DFL-MAT-J041XE,0,True,116723,0.8
DFL-MAT-J041XE,0,True,43800,0.8
DFL-MAT-J041XE,0,True,168823,0.6
DFL-MAT-J041XE,0,True,35050,0.6
DFL-MAT-J041XE,0,True,139773,0.5
DFL-MAT-J041XE,0,True,131098,1.0
DFL-MAT-J041XE,0,True,159223,0.7
DFL-MAT-J041XE,0,True,128548,1.0
DFL-MAT-J041XE,0,True,44875,0.6
DFL-MAT-J041XE,0,True,172398,1.0
DFL-MAT-J041XE,0,True,22975,0.7
DFL-MAT-J041XE,0,True,158648,0.8
DFL-MAT-J041XE,0,True,30425,0.7
DFL-MAT-J041XE,0,True,131648,1.0
DFL-MAT-J041XE,0,True,152373,0.6
DFL-MAT-J041XE,0,True,131573,1.0
DFL-MAT-J041XE,0,True,101673,0.6
DFL-MAT-J041XE,0,True,55300,0.7
DFL-MAT-J041XE,0,True,163198,0.8
DFL-MAT-J041XE,0,True,161948,0.7
DFL-MAT-J041XE,0,True,119023,1.0
DFL-MAT-J041XE,0,True,20150,0.9
DFL-MAT-J041XE,0,True,50950,0.8
DFL-MAT-J041XE,0,True,52350,0.6
DFL-MAT-J041XE,0,True,45775,0.7
DFL-MAT-J041XE,0,True,101573,0.6
DFL-MAT-J041XE,0,True,119048,0.6
DFL-MAT-J041XE,0,True,69300,0.9
DFL-MAT-J041XE,0,True,119548,0.5
DFL-MAT-J041XE,0,True,34725,0.7
DFL-MAT-J041XE,0,True,49275,0.6
DFL-MAT-J041XE,0,True,66050,0.7
DFL-MAT-J041XE,0,True,176648,0.7
DFL-MAT-J041XE,0,True,32625,1.0
DFL-MAT-J041XE,0,True,114823,0.6
DFL-MAT-J041XE,0,True,128598,1.0
DFL-MAT-J041XE,0,True,44025,0.6
DFL-MAT-J041XE,0,True,79425,1.0
DFL-MAT-J041XE,0,True,124273,0.5
DFL-MAT-J041XE,0,True,177123,0.8
DFL-MAT-J041XE,0,True,125723,0.7
DFL-MAT-J041XE,0,True,48250,1.0
DFL-MAT-J041XE,0,True,24525,1.0
DFL-MAT-J041XE,0,True,174273,0.9
DFL-MAT-J041XE,0,True,176423,0.7
DFL-MAT-J041XE,0,True,18025,0.5
DFL-MAT-J041XE,0,True,110198,0.5
DFL-MAT-J041XE,0,True,66300,0.9
DFL-MAT-J041XE,0,True,160098,0.9
DFL-MAT-J041XE,0,True,157473,0.6
DFL-MAT-J041XE,0,True,73125,0.8
DFL-MAT-J041XE,0,True,169773,0.9
DFL-MAT-J041XE,0,True,163348,0.6
DFL-MAT-J041XE,0,True,28700,0.8
DFL-MAT-J041XE,0,True,167398,1.0
DFL-MAT-J041XE,1,False,37100,0.7
DFL-MAT-J041XE,1,False,73250,1.0
DFL-MAT-J041XE,1,False,60975,0.5
DFL-MAT-J041XE,1,False,122373,0.9
DFL-MAT-J041XE,1,False,63225,0.7
DFL-MAT-J041XE,1,False,153948,1.0
DFL-MAT-J041XE,1,False,100398,0.6
DFL-MAT-J041XE,1,False,143298,0.7
DFL-MAT-J041XE,1,False,138773,0.5
DFL-MAT-J041XE,1,False,167048,0.7
DFL-MAT-J041XE,1,False,113373,0.7
DFL-MAT-J041XE,1,False,147798,0.7
DFL-MAT-J041XE,1,False,127473,0.5
DFL-MAT-J041XE,1,False,69950,0.8
DFL-MAT-J041XE,1,False,17175,0.6
DFL-MAT-J041XE,1,False,108523,0.8
DFL-MAT-J041XE,1,False,47725,0.8
DFL-MAT-J041XE,1,False,25250,0.5
DFL-MAT-J041XE,1,False,151648,0.9
DFL-MAT-J041XE,1,False,25050,0.6
DFL-MAT-J041XE,1,False,72725,0.6
DFL-MAT-J041XE,1,False,136123,0.5
DFL-MAT-J041XE,1,False,63675,0.8
DFL-MAT-J041XE,1,False,134723,0.7
DFL-MAT-J041XE,1,False,113423,0.5
DFL-MAT-J041XE,1,False,76975,0.6
DFL-MAT-J041XE,1,False,134748,0.6
DFL-MAT-J041XE,1,False,77075,0.7
DFL-MAT-J041XE,1,False,120948,0.6
DFL-MAT-J041XE,1,False,46950,0.6
DFL-MAT-J041XE,1,False,154148,0.9
DFL-MAT-J041XE,1,False,73850,0.7
DFL-MAT-J041XE,1,False,138823,0.7
DFL-MAT-J041XE,1,False,117898,0.7
DFL-MAT-J041XE,1,False,21975,0.6
DFL-MAT-J041XE,1,False,113498,0.5
DFL-MAT-J041XE,1,False,68875,0.6
DFL-MAT-J041XE,1,False,128048,0.7
DFL-MAT-J041XE,1,False,108423,0.6
DFL-MAT-J041XE,1,False,137948,0.7
DFL-MAT-J041XE,1,False,39600,0.7
DFL-MAT-J041XE,1,False,40425,0.5
DFL-MAT-J041XE,1,False,61325,0.7
DFL-MAT-J041XE,1,False,26700,0.6
DFL-MAT-J041XE,1,False,15950,0.9
DFL-MAT-J041XE,1,False,68800,0.5
DFL-MAT-J041XE,1,False,141723,0.6
DFL-MAT-J041XE,1,False,78575,1.0
DFL-MAT-J041XE,1,False,63150,0.9
DFL-MAT-J041XE,1,False,135573,0.8
DFL-MAT-J041XE,1,False,128673,0.6
DFL-MAT-J041XE,1,False,157123,0.9
DFL-MAT-J041XE,1,False,36475,0.7
DFL-MAT-J041XE,1,False,72150,0.6
DFL-MAT-J041XE,1,False,54500,0.7
DFL-MAT-J041XE,1,False,135148,1.0
DFL-MAT-J041XE,1,False,113873,0.7
DFL-MAT-J041XE,1,False,143598,0.5
DFL-MAT-J041XE,1,False,64750,0.5
DFL-MAT-J041XE,1,False,105198,0.8
DFL-MAT-J041XN,0,False,139943,1.0
DFL-MAT-J041XN,0,False,110393,0.6
DFL-MAT-J041XN,0,False,161918,0.5
DFL-MAT-J041XN,0,False,174268,1.0
DFL-MAT-J041XN,0,False,121968,0.6
DFL-MAT-J041XN,0,False,41875,0.6
DFL-MAT-J041XN,0,False,104693,0.6
DFL-MAT-J041XN,0,False,165243,0.6
DFL-MAT-J041XN,0,False,151143,0.7
DFL-MAT-J041XN,0,False,39950,0.8
DFL-MAT-J041XN,0,False,158093,0.9
DFL-MAT-J041XN,0,False,74275,0.7
DFL-MAT-J041XN,0,False,58350,0.5
DFL-MAT-J041XN,0,False,103968,0.9
DFL-MAT-J041XN,0,False,120043,0.8
DFL-MAT-J041XN,0,False,122243,0.8
DFL-MAT-J041XN,0,False,65750,1.0
DFL-MAT-J041XN,0,False,14350,0.7
DFL-MAT-J041XN,0,False,59100,0.9
DFL-MAT-J041XN,0,False,100343,0.5
DFL-MAT-J041XN,0,False,143568,0.7
DFL-MAT-J041XN,0,False,114868,0.7
DFL-MAT-J041XN,0,False,47700,0.5
DFL-MAT-J041XN,0,False,162843,0.9
DFL-MAT-J041XN,0,False,65400,1.0
DFL-MAT-J041XN,0,False,74825,0.5
DFL-MAT-J041XN,0,False,64700,0.5
DFL-MAT-J041XN,0,False,140118,0.6
DFL-MAT-J041XN,0,False,102768,0.7
DFL-MAT-J041XN,0,False,13800,0.5
DFL-MAT-J041XN,0,False,136793,0.5
DFL-MAT-J041XN,0,False,104143,1.0
DFL-MAT-J041XN,0,False,112593,0.9
DFL-MAT-J041XN,0,False,126118,0.7
DFL-MAT-J041XN,0,False,50400,0.6
DFL-MAT-J041XN,0,False,33400,0.7
DFL-MAT-J041XN,0,False,131868,0.5
DFL-MAT-J041XN,0,False,125693,0.9
DFL-MAT-J041XN,0,False,104093,0.9
DFL-MAT-J041XN,0,False,21200,0.5
DFL-MAT-J041XN,0,False,162518,0.8
DFL-MAT-J041XN,0,False,17750,0.5
DFL-MAT-J041XN,0,False,133068,1.0
DFL-MAT-J041XN,0,False,46775,0.5
DFL-MAT-J041XN,0,False,174243,1.0
DFL-MAT-J041XN,0,False,28500,0.7
DFL-MAT-J041XN,0,False,157043,0.7
DFL-MAT-J041XN,0,False,142943,1.0
DFL-MAT-J041XN,0,False,166418,0.8
DFL-MAT-J041XN,0,False,153218,0.7
DFL-MAT-J041XN,0,False,108893,0.8
DFL-MAT-J041XN,0,False,13625,0.8
DFL-MAT-J041XN,0,False,72200,0.9
DFL-MAT-J041XN,0,False,65300,0.7
DFL-MAT-J041XN,0,False,75750,0.6
DFL-MAT-J041XN,0,False,77100,0.8
DFL-MAT-J041XN,0,False,133768,0.7
DFL-MAT-J041XN,0,False,174743,0.9
DFL-MAT-J041XN,0,False,140593,0.9
DFL-MAT-J041XN,0,False,40600,1.0
DFL-MAT-J041XN,1,True,27600,0.6
DFL-MAT-J041XN,1,True,44925,1.0
DFL-MAT-J041XN,1,True,78625,0.6
DFL-MAT-J041XN,1,True,147393,0.5
DFL-MAT-J041XN,1,True,169718,1.0
DFL-MAT-J041XN,1,True,55575,0.7
DFL-MAT-J041XN,1,True,57700,0.9
DFL-MAT-J041XN,1,True,60100,0.9
DFL-MAT-J041XN,1,True,68325,0.6
DFL-MAT-J041XN,1,True,33025,0.7
DFL-MAT-J041XN,1,True,28000,0.8
DFL-MAT-J041XN,1,True,139443,0.6
DFL-MAT-J041XN,1,True,106718,0.7
DFL-MAT-J041XN,1,True,122343,0.5
DFL-MAT-J041XN,1,True,154118,0.9
DFL-MAT-J041XN,1,True,68075,0.8
DFL-MAT-J041XN,1,True,139743,1.0
DFL-MAT-J041XN,1,True,135818,0.7
DFL-MAT-J041XN,1,True,15675,0.8
DFL-MAT-J041XN,1,True,152943,0.7
DFL-MAT-J041XN,1,True,39725,1.0
DFL-MAT-J041XN,1,True,155693,0.8
DFL-MAT-J041XN,1,True,102318,1.0
DFL-MAT-J041XN,1,True,70250,0.9
DFL-MAT-J041XN,1,True,163843,0.6
DFL-MAT-J041XN,1,True,35475,1.0
DFL-MAT-J041XN,1,True,139568,0.5
DFL-MAT-J041XN,1,True,63050,0.7
DFL-MAT-J041XN,1,True,11225,1.0
DFL-MAT-J041XN,1,True,134518,1.0
DFL-MAT-J041XN,1,True,22425,0.8
DFL-MAT-J041XN,1,True,31450,0.8
DFL-MAT-J041XN,1,True,111468,0.5
DFL-MAT-J041XN,1,True,35550,0.9
DFL-MAT-J041XN,1,True,35800,1.0
DFL-MAT-J041XN,1,True,145793,0.8
DFL-MAT-J041XN,1,True,137793,0.5
DFL-MAT-J041XN,1,True,101043,0.9
DFL-MAT-J041XN,1,True,34400,0.8
DFL-MAT-J041XN,1,True,115418,0.6
DFL-MAT-J041XN,1,True,111193,1.0
DFL-MAT-J041XN,1,True,123868,0.7
DFL-MAT-J041XN,1,True,147868,0.6
DFL-MAT-J041XN,1,True,43100,0.5
DFL-MAT-J041XN,1,True,126768,0.5
DFL-MAT-J041XN,1,True,139693,0.6
DFL-MAT-J041XN,1,True,69550,0.9
DFL-MAT-J041XN,1,True,111418,0.5
DFL-MAT-J041XN,1,True,11125,0.6
DFL-MAT-J041XN,1,True,120793,1.0
DFL-MAT-J041XN,1,True,137543,0.5
DFL-MAT-J041XN,1,True,30325,0.6
DFL-MAT-J041XN,1,True,172118,0.6
DFL-MAT-J041XN,1,True,29625,0.7
DFL-MAT-J041XN,1,True,126893,0.9
DFL-MAT-J041XN,1,True,111868,0.6
DFL-MAT-J041XN,1,True,69325,0.9
DFL-MAT-J041XN,1,True,137443,0.6
DFL-MAT-J041XN,1,True,60350,0.7
DFL-MAT-J041XN,1,True,172243,0.9
DFL-MAT-J041XW,0,True,148666,1.0
DFL-MAT-J041XW,0,True,147666,0.7
DFL-MAT-J041XW,0,True,145966,1.0
DFL-MAT-J041XW,0,True,101116,0.5
DFL-MAT-J041XW,0,True,109916,1.0
DFL-MAT-J041XW,0,True,46950,0.5
DFL-MAT-J041XW,0,True,119916,0.6
DFL-MAT-J041XW,0,True,152691,0.6
DFL-MAT-J041XW,0,True,156741,0.9
DFL-MAT-J041XW,0,True,81275,0.5
DFL-MAT-J041XW,0,True,48525,1.0
DFL-MAT-J041XW,0,True,179566,0.8
DFL-MAT-J041XW,0,True,167366,1.0
DFL-MAT-J041XW,0,True,149141,0.8
DFL-MAT-J041XW,0,True,37375,0.9
DFL-MAT-J041XW,0,True,112666,0.7
DFL-MAT-J041XW,0,True,22775,0.7
DFL-MAT-J041XW,0,True,139491,0.8
DFL-MAT-J041XW,0,True,124941,1.0
DFL-MAT-J041XW,0,True,111116,0.8
DFL-MAT-J041XW,0,True,155091,0.5
DFL-MAT-J041XW,0,True,18025,1.0
DFL-MAT-J041XW,0,True,157666,0.6
DFL-MAT-J041XW,0,True,110141,1.0
DFL-MAT-J041XW,0,True,60850,0.5
DFL-MAT-J041XW,0,True,113316,0.6
DFL-MAT-J041XW,0,True,39500,0.6
DFL-MAT-J041XW,0,True,151166,0.5
DFL-MAT-J041XW,0,True,51775,0.9
DFL-MAT-J041XW,0,True,112741,0.6
DFL-MAT-J041XW,0,True,18775,0.5
DFL-MAT-J041XW,0,True,61150,0.6
DFL-MAT-J041XW,0,True,62150,0.9
DFL-MAT-J041XW,0,True,151341,1.0
DFL-MAT-J041XW,0,True,17725,0.6
DFL-MAT-J041XW,0,True,30825,0.8
DFL-MAT-J041XW,0,True,32075,1.0
DFL-MAT-J041XW,0,True,174891,0.7
DFL-MAT-J041XW,0,True,45875,0.6
DFL-MAT-J041XW,0,True,113566,0.7
DFL-MAT-J041XW,0,True,62700,1.0
DFL-MAT-J041XW,0,True,20050,0.6
DFL-MAT-J041XW,0,True,25825,0.6
DFL-MAT-J041XW,0,True,148216,0.5
DFL-MAT-J041XW,0,True,176066,0.8
DFL-MAT-J041XW,0,True,174416,0.5
DFL-MAT-J041XW,0,True,31075,0.5
DFL-MAT-J041XW,0,True,37050,0.5
DFL-MAT-J041XW,0,True,156416,0.7
DFL-MAT-J041XW,0,True,158441,1.0
DFL-MAT-J041XW,0,True,158466,1.0
DFL-MAT-J041XW,0,True,137541,0.6
DFL-MAT-J041XW,0,True,176491,0.9
DFL-MAT-J041XW,0,True,48325,0.9
DFL-MAT-J041XW,0,True,153666,0.6
DFL-MAT-J041XW,0,True,160541,1.0
DFL-MAT-J041XW,0,True,118116,1.0
DFL-MAT-J041XW,0,True,168716,0.6
DFL-MAT-J041XW,0,True,124416,0.7
DFL-MAT-J041XW,0,True,78825,0.5
DFL-MAT-J041XW,1,False,11650,0.7
DFL-MAT-J041XW,1,False,123766,0.8
DFL-MAT-J041XW,1,False,74250,1.0
DFL-MAT-J041XW,1,False,51950,1.0
DFL-MAT-J041XW,1,False,161541,0.6
DFL-MAT-J041XW,1,False,135716,0.6
DFL-MAT-J041XW,1,False,160516,0.8
DFL-MAT-J041XW,1,False,12750,0.7
DFL-MAT-J041XW,1,False,177366,0.5
DFL-MAT-J041XW,1,False,140191,0.5
DFL-MAT-J041XW,1,False,17625,0.9
DFL-MAT-J041XW,1,False,59525,0.7
DFL-MAT-J041XW,1,False,138841,0.6
DFL-MAT-J041XW,1,False,64575,0.8
DFL-MAT-J041XW,1,False,42750,0.9
DFL-MAT-J041XW,1,False,105891,0.7
DFL-MAT-J041XW,1,False,47200,0.9
DFL-MAT-J041XW,1,False,17350,0.9
DFL-MAT-J041XW,1,False,140391,0.5
DFL-MAT-J041XW,1,False,41925,1.0
DFL-MAT-J041XW,1,False,26400,1.0
DFL-MAT-J041XW,1,False,144841,0.7
DFL-MAT-J041XW,1,False,57825,0.9
DFL-MAT-J041XW,1,False,64650,0.8
DFL-MAT-J041XW,1,False,171491,0.7
DFL-MAT-J041XW,1,False,21175,0.7
DFL-MAT-J041XW,1,False,179141,0.6
DFL-MAT-J041XW,1,False,132566,0.6
DFL-MAT-J041XW,1,False,40950,0.6
DFL-MAT-J041XW,1,False,43650,0.9
DFL-MAT-J041XW,1,False,163416,0.7
DFL-MAT-J041XW,1,False,103541,0.8
DFL-MAT-J041XW,1,False,81925,0.5
DFL-MAT-J041XW,1,False,159766,0.9
DFL-MAT-J041XW,1,False,71175,0.9
DFL-MAT-J041XW,1,False,131116,0.6
DFL-MAT-J041XW,1,False,171066,0.6
DFL-MAT-J041XW,1,False,70850,0.6
DFL-MAT-J041XW,1,False,26750,1.0
DFL-MAT-J041XW,1,False,56975,0.6
DFL-MAT-J041XW,1,False,103941,0.6
DFL-MAT-J041XW,1,False,103816,1.0
DFL-MAT-J041XW,1,False,54225,0.6
DFL-MAT-J041XW,1,False,143066,0.6
DFL-MAT-J041XW,1,False,135741,0.5
DFL-MAT-J041XW,1,False,151641,1.0
DFL-MAT-J041XW,1,False,58150,0.8
DFL-MAT-J041XW,1,False,20825,0.7
DFL-MAT-J041XW,1,False,123266,0.5
DFL-MAT-J041XW,1,False,47950,0.9
DFL-MAT-J041XW,1,False,135991,0.5
DFL-MAT-J041XW,1,False,27850,0.7
DFL-MAT-J041XW,1,False,56725,0.7
DFL-MAT-J041XW,1,False,71625,0.8
DFL-MAT-J041XW,1,False,64975,1.0
DFL-MAT-J041XW,1,False,165066,0.7
DFL-MAT-J041XW,1,False,135866,0.5
DFL-MAT-J041XW,1,False,63550,0.6
DFL-MAT-J041XW,1,False,147691,0.6
DFL-MAT-J041XW,1,False,12500,0.7
DFL-MAT-J041Y0,0,False,32200,0.6
DFL-MAT-J041Y0,0,False,63125,1.0
DFL-MAT-J041Y0,0,False,22750,1.0
DFL-MAT-J041Y0,0,False,25850,0.7
DFL-MAT-J041Y0,0,False,47050,0.7
DFL-MAT-J041Y0,0,False,70000,0.5
DFL-MAT-J041Y0,0,False,69550,0.7
DFL-MAT-J041Y0,0,False,132335,0.7
DFL-MAT-J041Y0,0,False,148085,1.0
DFL-MAT-J041Y0,0,False,159160,0.7
DFL-MAT-J041Y0,0,False,161510,0.8
DFL-MAT-J041Y0,0,False,108960,0.6
DFL-MAT-J041Y0,0,False,159460,0.5
DFL-MAT-J041Y0,0,False,137860,1.0
DFL-MAT-J041Y0,0,False,131810,0.7
DFL-MAT-J041Y0,0,False,130685,0.5
DFL-MAT-J041Y0,0,False,151960,1.0
DFL-MAT-J041Y0,0,False,182885,1.0
DFL-MAT-J041Y0,0,False,158035,0.7
DFL-MAT-J041Y0,0,False,130335,0.7
DFL-MAT-J041Y0,0,False,180735,1.0
DFL-MAT-J041Y0,0,False,21200,1.0
DFL-MAT-J041Y0,0,False,137360,1.0
DFL-MAT-J041Y0,0,False,148010,0.8
DFL-MAT-J041Y0,0,False,148810,0.8
DFL-MAT-J041Y0,0,False,150085,0.6
DFL-MAT-J041Y0,0,False,129835,0.6
DFL-MAT-J041Y0,0,False,158385,0.8
DFL-MAT-J041Y0,0,False,67575,0.8
DFL-MAT-J041Y0,0,False,167485,0.5
DFL-MAT-J041Y0,0,False,140760,0.8
DFL-MAT-J041Y0,0,False,161810,0.6
DFL-MAT-J041Y0,0,False,121785,0.9
DFL-MAT-J041Y0,0,False,140085,0.5
DFL-MAT-J041Y0,0,False,109810,0.6
DFL-MAT-J041Y0,0,False,56350,1.0
DFL-MAT-J041Y0,0,False,165560,0.7
DFL-MAT-J041Y0,0,False,49200,0.7
DFL-MAT-J041Y0,0,False,55750,0.5
DFL-MAT-J041Y0,0,False,49800,0.6
DFL-MAT-J041Y0,0,False,109460,0.5
DFL-MAT-J041Y0,0,False,140060,0.5
DFL-MAT-J041Y0,0,False,158460,0.5
DFL-MAT-J041Y0,0,False,61400,0.6
DFL-MAT-J041Y0,0,False,17775,0.9
DFL-MAT-J041Y0,0,False,104860,0.9
DFL-MAT-J041Y0,0,False,122185,1.0
DFL-MAT-J041Y0,0,False,148485,0.6
DFL-MAT-J041Y0,0,False,109735,0.5
DFL-MAT-J041Y0,0,False,69625,0.7
DFL-MAT-J041Y0,0,False,129735,0.6
DFL-MAT-J041Y0,0,False,169410,0.5
DFL-MAT-J041Y0,0,False,70375,0.8
DFL-MAT-J041Y0,0,False,130510,0.6
DFL-MAT-J041Y0,0,False,62800,0.6
DFL-MAT-J041Y0,0,False,109410,0.5
DFL-MAT-J041Y0,0,False,21000,0.8
DFL-MAT-J041Y0,0,False,138510,1.0
DFL-MAT-J041Y0,0,False,38450,0.9
DFL-MAT-J041Y0,0,False,121235,0.5
DFL-MAT-J041Y0,1,True,127785,0.6666666666666666
DFL-MAT-J041Y0,1,True,174460,1.0
DFL-MAT-J041Y0,1,True,51775,0.6
DFL-MAT-J041Y0,1,True,171010,0.8888888888888888
DFL-MAT-J041Y0,1,True,137635,0.5555555555555556
DFL-MAT-J041Y0,1,True,48850,0.9
DFL-MAT-J041Y0,1,True,63850,0.5
DFL-MAT-J041Y0,1,True,100410,0.9
DFL-MAT-J041Y0,1,True,27575,0.6
DFL-MAT-J041Y0,1,True,184485,0.8888888888888888
DFL-MAT-J041Y0,1,True,32725,0.9
DFL-MAT-J041Y0,1,True,59900,1.0
DFL-MAT-J041Y0,1,True,100810,0.6
DFL-MAT-J041Y0,1,True,108610,0.8
DFL-MAT-J041Y0,1,True,152385,1.0
DFL-MAT-J041Y0,1,True,141835,0.5555555555555556
DFL-MAT-J041Y0,1,True,183060,0.8888888888888888
DFL-MAT-J041Y0,1,True,36900,0.9
DFL-MAT-J041Y0,1,True,48750,1.0
DFL-MAT-J041Y0,1,True,137610,0.6666666666666666
DFL-MAT-J041Y0,1,True,161560,0.5555555555555556
DFL-MAT-J041Y0,1,True,34425,1.0
DFL-MAT-J041Y0,1,True,12050,0.8
DFL-MAT-J041Y0,1,True,163835,0.6666666666666666
DFL-MAT-J041Y0,1,True,62125,0.8
DFL-MAT-J041Y0,1,True,181760,0.8888888888888888
DFL-MAT-J041Y0,1,True,182335,0.8888888888888888
DFL-MAT-J041Y0,1,True,124535,0.8888888888888888
DFL-MAT-J041Y0,1,True,64350,0.7
DFL-MAT-J041Y0,1,True,54800,0.9
DFL-MAT-J041Y0,1,True,45850,1.0
DFL-MAT-J041Y0,1,True,72475,0.6
DFL-MAT-J041Y0,1,True,64800,1.0
DFL-MAT-J041Y0,1,True,123435,0.6666666666666666
DFL-MAT-J041Y0,1,True,42350,0.6
DFL-MAT-J041Y0,1,True,155835,0.8888888888888888
DFL-MAT-J041Y0,1,True,75875,0.5
DFL-MAT-J041Y0,1,True,40200,1.0
DFL-MAT-J041Y0,1,True,77475,0.9
DFL-MAT-J041Y0,1,True,42950,0.6
DFL-MAT-J041Y0,1,True,51725,0.7
DFL-MAT-J041Y0,1,True,124385,0.8888888888888888
DFL-MAT-J041Y0,1,True,184160,1.0
DFL-MAT-J041Y0,1,True,175760,0.7777777777777778
DFL-MAT-J041Y0,1,True,141685,1.0
DFL-MAT-J041Y0,1,True,128885,0.6666666666666666
DFL-MAT-J041Y0,1,True,59100,0.6
DFL-MAT-J041Y0,1,True,39700,0.8
DFL-MAT-J041Y0,1,True,65300,0.7
DFL-MAT-J041Y0,1,True,39925,0.9
DFL-MAT-J041Y0,1,True,53275,0.8
DFL-MAT-J041Y0,1,True,43075,0.7
DFL-MAT-J041Y0,1,True,141510,0.6666666666666666
DFL-MAT-J041Y0,1,True,33500,1.0
DFL-MAT-J041Y0,1,True,117185,0.6666666666666666
DFL-MAT-J041Y0,1,True,174760,0.5555555555555556
DFL-MAT-J041Y0,1,True,173360,0.5555555555555556
DFL-MAT-J041Y0,1,True,37900,0.8
DFL-MAT-J041Y0,1,True,182685,0.5555555555555556
DFL-MAT-J041Y0,1,True,71500,0.8
DFL-MAT-J041YE,0,True,82800,0.7
DFL-MAT-J041YE,0,True,82000,1.0
DFL-MAT-J041YE,0,True,62800,0.6
DFL-MAT-J041YE,0,True,67550,0.9
DFL-MAT-J041YE,0,True,139344,0.9
DFL-MAT-J041YE,0,True,118644,0.5
DFL-MAT-J041YE,0,True,63525,0.7
DFL-MAT-J041YE,0,True,76450,0.7
DFL-MAT-J041YE,0,True,65650,0.6
DFL-MAT-J041YE,0,True,42925,0.5
DFL-MAT-J041YE,0,True,116019,0.6
DFL-MAT-J041YE,0,True,150144,0.9
DFL-MAT-J041YE,0,True,116194,0.5
DFL-MAT-J041YE,0,True,161169,0.7
DFL-MAT-J041YE,0,True,13050,0.7
DFL-MAT-J041YE,0,True,109994,0.7
DFL-MAT-J041YE,0,True,115119,0.8
DFL-MAT-J041YE,0,True,129594,1.0
DFL-MAT-J041YE,0,True,161994,0.7
DFL-MAT-J041YE,0,True,136269,0.8
DFL-MAT-J041YE,0,True,43775,1.0
DFL-MAT-J041YE,0,True,57925,0.8
DFL-MAT-J041YE,0,True,109944,0.6
DFL-MAT-J041YE,0,True,127644,0.9
DFL-MAT-J041YE,0,True,145994,0.7
DFL-MAT-J041YE,0,True,151769,0.7
DFL-MAT-J041YE,0,True,128669,0.6
DFL-MAT-J041YE,0,True,109794,1.0
DFL-MAT-J041YE,0,True,65050,0.6
DFL-MAT-J041YE,0,True,148394,0.7
DFL-MAT-J041YE,0,True,103469,1.0
DFL-MAT-J041YE,0,True,141244,0.8
DFL-MAT-J041YE,0,True,171919,0.6
DFL-MAT-J041YE,0,True,27750,0.8
DFL-MAT-J041YE,0,True,141769,0.6
DFL-MAT-J041YE,0,True,41225,0.7
DFL-MAT-J041YE,0,True,111394,1.0
DFL-MAT-J041YE,0,True,36175,0.5
DFL-MAT-J041YE,0,True,158019,1.0
DFL-MAT-J041YE,0,True,124894,0.7
DFL-MAT-J041YE,0,True,17650,0.8
DFL-MAT-J041YE,0,True,76375,0.6
DFL-MAT-J041YE,0,True,162444,0.6
DFL-MAT-J041YE,0,True,23275,0.5
DFL-MAT-J041YE,0,True,130869,0.9
DFL-MAT-J041YE,0,True,51250,0.6
DFL-MAT-J041YE,0,True,122919,0.7
DFL-MAT-J041YE,0,True,104494,0.8
DFL-MAT-J041YE,0,True,146969,0.6
DFL-MAT-J041YE,0,True,78475,0.7
DFL-MAT-J041YE,0,True,33700,0.8
DFL-MAT-J041YE,0,True,167244,0.7
DFL-MAT-J041YE,0,True,171369,0.8
DFL-MAT-J041YE,0,True,100544,0.5
DFL-MAT-J041YE,0,True,35375,0.6
DFL-MAT-J041YE,0,True,65675,0.5
DFL-MAT-J041YE,0,True,76250,0.7
DFL-MAT-J041YE,0,True,47400,0.7
DFL-MAT-J041YE,0,True,47225,0.9
DFL-MAT-J041YE,0,True,11875,0.8
DFL-MAT-J041YE,1,False,168794,0.9
DFL-MAT-J041YE,1,False,46400,0.6
DFL-MAT-J041YE,1,False,133969,0.9
DFL-MAT-J041YE,1,False,133344,0.9
DFL-MAT-J041YE,1,False,105144,0.8
DFL-MAT-J041YE,1,False,134144,0.9
DFL-MAT-J041YE,1,False,31175,0.5
DFL-MAT-J041YE,1,False,79600,0.8
DFL-MAT-J041YE,1,False,134294,1.0
DFL-MAT-J041YE,1,False,66750,0.8
DFL-MAT-J041YE,1,False,108519,0.8
DFL-MAT-J041YE,1,False,29550,0.9
DFL-MAT-J041YE,1,False,168194,0.9
DFL-MAT-J041YE,1,False,172469,0.9
DFL-MAT-J041YE,1,False,61475,0.7
DFL-MAT-J041YE,1,False,29575,1.0
DFL-MAT-J041YE,1,False,38025,0.5
DFL-MAT-J041YE,1,False,26375,0.6
DFL-MAT-J041YE,1,False,122419,0.5
DFL-MAT-J041YE,1,False,134444,0.8
DFL-MAT-J041YE,1,False,106819,0.8
DFL-MAT-J041YE,1,False,143294,1.0
DFL-MAT-J041YE,1,False,116869,0.8
DFL-MAT-J041YE,1,False,133719,0.7
DFL-MAT-J041YE,1,False,67775,0.7
DFL-MAT-J041YE,1,False,166344,0.8
DFL-MAT-J041YE,1,False,130794,0.5
DFL-MAT-J041YE,1,False,125769,0.9
DFL-MAT-J041YE,1,False,127944,1.0
DFL-MAT-J041YE,1,False,130519,0.8
DFL-MAT-J041YE,1,False,152669,0.8
DFL-MAT-J041YE,1,False,35975,0.9
DFL-MAT-J041YE,1,False,106744,0.5
DFL-MAT-J041YE,1,False,172319,0.8
DFL-MAT-J041YE,1,False,22250,1.0
DFL-MAT-J041YE,1,False,22400,0.8
DFL-MAT-J041YE,1,False,108169,0.6
DFL-MAT-J041YE,1,False,53925,0.5
DFL-MAT-J041YE,1,False,21825,0.9
DFL-MAT-J041YE,1,False,80150,0.9
DFL-MAT-J041YE,1,False,82150,0.9
DFL-MAT-J041YE,1,False,43325,1.0
DFL-MAT-J041YE,1,False,156669,1.0
DFL-MAT-J041YE,1,False,13300,1.0
DFL-MAT-J041YE,1,False,174969,0.7
DFL-MAT-J041YE,1,False,153494,1.0
DFL-MAT-J041YE,1,False,53650,0.8
DFL-MAT-J041YE,1,False,58725,0.8
DFL-MAT-J041YE,1,False,123194,0.6
DFL-MAT-J041YE,1,False,125544,0.9
DFL-MAT-J041YE,1,False,122869,0.7
DFL-MAT-J041YE,1,False,27275,0.6
DFL-MAT-J041YE,1,False,159144,1.0
DFL-MAT-J041YE,1,False,165744,0.7
DFL-MAT-J041YE,1,False,32025,0.6
DFL-MAT-J041YE,1,False,120594,0.6
DFL-MAT-J041YE,1,False,83450,0.6
DFL-MAT-J041YE,1,False,116894,0.7
DFL-MAT-J041YE,1,False,38875,0.7
DFL-MAT-J041YE,1,False,20250,0.6
DFL-MAT-J041YN,0,True,24150,0.9
DFL-MAT-J041YN,0,True,56500,0.7
DFL-MAT-J041YN,0,True,155700,0.7
DFL-MAT-J041YN,0,True,110725,1.0
DFL-MAT-J041YN,0,True,102400,0.6
DFL-MAT-J041YN,0,True,62625,0.9
DFL-MAT-J041YN,0,True,49875,0.6
DFL-MAT-J041YN,0,True,136525,0.7
DFL-MAT-J041YN,0,True,148250,0.9
DFL-MAT-J041YN,0,True,29425,1.0
DFL-MAT-J041YN,0,True,148650,0.7
DFL-MAT-J041YN,0,True,171625,0.6
DFL-MAT-J041YN,0,True,23625,0.7
DFL-MAT-J041YN,0,True,38425,1.0
DFL-MAT-J041YN,0,True,56875,0.8
DFL-MAT-J041YN,0,True,156350,0.9
DFL-MAT-J041YN,0,True,174650,0.6
DFL-MAT-J041YN,0,True,153250,1.0
DFL-MAT-J041YN,0,True,166625,0.9
DFL-MAT-J041YN,0,True,58725,0.6
DFL-MAT-J041YN,0,True,69925,0.8
DFL-MAT-J041YN,0,True,65350,0.8
DFL-MAT-J041YN,0,True,160100,0.5
DFL-MAT-J041YN,0,True,110025,0.6
DFL-MAT-J041YN,0,True,75200,0.7
DFL-MAT-J041YN,0,True,35375,0.9
DFL-MAT-J041YN,0,True,124925,0.7
DFL-MAT-J041YN,0,True,171000,0.7
DFL-MAT-J041YN,0,True,157400,0.7
DFL-MAT-J041YN,0,True,12100,0.9
DFL-MAT-J041YN,0,True,176225,0.9
DFL-MAT-J041YN,0,True,127800,0.7
DFL-MAT-J041YN,0,True,136075,0.8
DFL-MAT-J041YN,0,True,117200,0.5
DFL-MAT-J041YN,0,True,44975,0.9
DFL-MAT-J041YN,0,True,22425,0.6
DFL-MAT-J041YN,0,True,157100,0.7
DFL-MAT-J041YN,0,True,47525,0.7
DFL-MAT-J041YN,0,True,103200,0.5
DFL-MAT-J041YN,0,True,44700,0.6
DFL-MAT-J041YN,0,True,160850,0.9
DFL-MAT-J041YN,0,True,16400,0.7
DFL-MAT-J041YN,0,True,115275,0.8
DFL-MAT-J041YN,0,True,176625,0.7
DFL-MAT-J041YN,0,True,176850,0.7
DFL-MAT-J041YN,0,True,152750,1.0
DFL-MAT-J041YN,0,True,58200,0.6
DFL-MAT-J041YN,0,True,66675,0.7
DFL-MAT-J041YN,0,True,103725,0.6
DFL-MAT-J041YN,0,True,178000,1.0
DFL-MAT-J041YN,0,True,23925,1.0
DFL-MAT-J041YN,0,True,12500,0.8
DFL-MAT-J041YN,0,True,29700,1.0
DFL-MAT-J041YN,0,True,11150,0.7
DFL-MAT-J041YN,0,True,159525,0.7
DFL-MAT-J041YN,0,True,102425,0.6
DFL-MAT-J041YN,0,True,150250,0.7
DFL-MAT-J041YN,0,True,12525,0.9
DFL-MAT-J041YN,0,True,118750,0.9
DFL-MAT-J041YN,0,True,150650,0.8
DFL-MAT-J041YN,1,False,165950,0.8
DFL-MAT-J041YN,1,False,15700,1.0
DFL-MAT-J041YN,1,False,117500,0.7
DFL-MAT-J041YN,1,False,48050,1.0
DFL-MAT-J041YN,1,False,132275,0.6
DFL-MAT-J041YN,1,False,15475,1.0
DFL-MAT-J041YN,1,False,164775,0.5
DFL-MAT-J041YN,1,False,151475,1.0
DFL-MAT-J041YN,1,False,102050,1.0
DFL-MAT-J041YN,1,False,132900,0.7
DFL-MAT-J041YN,1,False,27075,1.0
DFL-MAT-J041YN,1,False,102950,1.0
DFL-MAT-J041YN,1,False,113125,0.9
DFL-MAT-J041YN,1,False,60800,0.8
DFL-MAT-J041YN,1,False,54875,0.9
DFL-MAT-J041YN,1,False,61400,0.9
DFL-MAT-J041YN,1,False,71250,0.8
DFL-MAT-J041YN,1,False,52125,1.0
DFL-MAT-J041YN,1,False,42925,1.0
DFL-MAT-J041YN,1,False,106875,1.0
DFL-MAT-J041YN,1,False,45875,0.7
DFL-MAT-J041YN,1,False,108375,1.0
DFL-MAT-J041YN,1,False,51850,0.6
DFL-MAT-J041YN,1,False,36775,0.7
DFL-MAT-J041YN,1,False,68800,1.0
DFL-MAT-J041YN,1,False,27975,0.6
DFL-MAT-J041YN,1,False,61925,0.8
DFL-MAT-J041YN,1,False,37950,1.0
DFL-MAT-J041YN,1,False,112375,0.7
DFL-MAT-J041YN,1,False,67250,0.7
DFL-MAT-J041YN,1,False,111550,1.0
DFL-MAT-J041YN,1,False,31400,0.8
DFL-MAT-J041YN,1,False,60750,0.6
DFL-MAT-J041YN,1,False,170825,0.9
DFL-MAT-J041YN,1,False,143800,0.7
DFL-MAT-J041YN,1,False,107825,0.6
DFL-MAT-J041YN,1,False,172700,0.7
DFL-MAT-J041YN,1,False,102975,1.0
DFL-MAT-J041YN,1,False,138300,0.6
DFL-MAT-J041YN,1,False,35850,0.9
DFL-MAT-J041YN,1,False,75725,0.6
DFL-MAT-J041YN,1,False,128450,0.8
DFL-MAT-J041YN,1,False,130575,0.7
DFL-MAT-J041YN,1,False,130175,0.5
DFL-MAT-J041YN,1,False,122350,0.6
DFL-MAT-J041YN,1,False,55200,0.7
DFL-MAT-J041YN,1,False,148950,0.6
DFL-MAT-J041YN,1,False,63500,0.7
DFL-MAT-J041YN,1,False,130300,0.6
DFL-MAT-J041YN,1,False,73950,0.9
DFL-MAT-J041YN,1,False,101850,1.0
DFL-MAT-J041YN,1,False,180475,1.0
DFL-MAT-J041YN,1,False,30325,0.6
DFL-MAT-J041YN,1,False,180875,0.5
DFL-MAT-J041YN,1,False,126125,0.7
DFL-MAT-J041YN,1,False,126450,0.8
DFL-MAT-J041YN,1,False,19500,0.8
DFL-MAT-J041YN,1,False,126925,0.5
DFL-MAT-J041YN,1,False,60600,1.0
DFL-MAT-J041YN,1,False,60950,0.6
DFL-MAT-J041YV,0,False,13700,1.0
DFL-MAT-J041YV,0,False,132128,0.7
DFL-MAT-J041YV,0,False,135028,0.6
DFL-MAT-J041YV,0,False,76550,0.6
DFL-MAT-J041YV,0,False,138728,1.0
DFL-MAT-J041YV,0,False,51775,0.9
DFL-MAT-J041YV,0,False,73975,0.7
DFL-MAT-J041YV,0,False,14200,0.8
DFL-MAT-J041YV,0,False,121903,1.0
DFL-MAT-J041YV,0,False,26725,0.6
DFL-MAT-J041YV,0,False,67525,0.9
DFL-MAT-J041YV,0,False,15050,1.0
DFL-MAT-J041YV,0,False,158403,1.0
DFL-MAT-J041YV,0,False,154978,0.9
DFL-MAT-J041YV,0,False,148403,1.0
DFL-MAT-J041YV,0,False,78625,0.9
DFL-MAT-J041YV,0,False,133353,0.5
DFL-MAT-J041YV,0,False,151478,1.0
DFL-MAT-J041YV,0,False,135578,0.6
DFL-MAT-J041YV,0,False,169628,1.0
DFL-MAT-J041YV,0,False,168078,1.0
DFL-MAT-J041YV,0,False,105953,0.9
DFL-MAT-J041YV,0,False,73400,1.0
DFL-MAT-J041YV,0,False,48575,1.0
DFL-MAT-J041YV,0,False,149353,0.8
DFL-MAT-J041YV,0,False,133103,0.8
DFL-MAT-J041YV,0,False,52125,0.7
DFL-MAT-J041YV,0,False,18000,0.6
DFL-MAT-J041YV,0,False,52075,0.6
DFL-MAT-J041YV,0,False,26800,0.6
DFL-MAT-J041YV,0,False,115078,1.0
DFL-MAT-J041YV,0,False,158503,1.0
DFL-MAT-J041YV,0,False,122528,0.6
DFL-MAT-J041YV,0,False,148153,1.0
DFL-MAT-J041YV,0,False,29900,0.9
DFL-MAT-J041YV,0,False,104328,0.6
DFL-MAT-J041YV,0,False,55275,0.9
DFL-MAT-J041YV,0,False,23525,0.8
DFL-MAT-J041YV,0,False,60300,0.9
DFL-MAT-J041YV,0,False,138553,1.0
DFL-MAT-J041YV,0,False,49250,0.9
DFL-MAT-J041YV,0,False,123428,0.9
DFL-MAT-J041YV,0,False,70725,0.9
DFL-MAT-J041YV,0,False,28950,0.5
DFL-MAT-J041YV,0,False,73825,0.9
DFL-MAT-J041YV,0,False,132603,0.6
DFL-MAT-J041YV,0,False,76050,0.6
DFL-MAT-J041YV,0,False,37050,1.0
DFL-MAT-J041YV,0,False,166878,1.0
DFL-MAT-J041YV,0,False,138853,1.0
DFL-MAT-J041YV,0,False,135878,0.7
DFL-MAT-J041YV,0,False,61850,0.6
DFL-MAT-J041YV,0,False,79350,1.0
DFL-MAT-J041YV,0,False,167278,0.5
DFL-MAT-J041YV,0,False,13525,0.9
DFL-MAT-J041YV,0,False,148203,1.0
DFL-MAT-J041YV,0,False,84675,0.7
DFL-MAT-J041YV,0,False,128853,0.5
DFL-MAT-J041YV,0,False,27125,0.5
DFL-MAT-J041YV,0,False,131428,0.8
DFL-MAT-J041YV,1,True,170528,1.0
DFL-MAT-J041YV,1,True,106628,0.8
DFL-MAT-J041YV,1,True,154428,0.6
DFL-MAT-J041YV,1,True,135678,0.6
DFL-MAT-J041YV,1,True,16575,0.9
DFL-MAT-J041YV,1,True,58575,0.8
DFL-MAT-J041YV,1,True,154853,0.6
DFL-MAT-J041YV,1,True,22075,0.6
DFL-MAT-J041YV,1,True,22325,0.6
DFL-MAT-J041YV,1,True,134678,0.7
DFL-MAT-J041YV,1,True,46375,0.7
DFL-MAT-J041YV,1,True,156953,0.7
DFL-MAT-J041YV,1,True,55600,0.8
DFL-MAT-J041YV,1,True,115453,0.7
DFL-MAT-J041YV,1,True,46225,0.9
DFL-MAT-J041YV,1,True,56900,0.5
DFL-MAT-J041YV,1,True,35075,0.6
DFL-MAT-J041YV,1,True,125028,1.0
DFL-MAT-J041YV,1,True,157503,0.6
DFL-MAT-J041YV,1,True,151503,0.8
DFL-MAT-J041YV,1,True,53350,0.6
DFL-MAT-J041YV,1,True,77950,0.9
DFL-MAT-J041YV,1,True,150428,1.0
DFL-MAT-J041YV,1,True,56750,0.7
DFL-MAT-J041YV,1,True,102228,0.6
DFL-MAT-J041YV,1,True,125153,0.7
DFL-MAT-J041YV,1,True,20375,0.7
DFL-MAT-J041YV,1,True,125578,0.8
DFL-MAT-J041YV,1,True,102103,0.5
DFL-MAT-J041YV,1,True,22450,0.8
DFL-MAT-J041YV,1,True,19025,0.8
DFL-MAT-J041YV,1,True,157878,0.6
DFL-MAT-J041YV,1,True,170328,0.7
DFL-MAT-J041YV,1,True,75200,0.9
DFL-MAT-J041YV,1,True,51300,1.0
DFL-MAT-J041YV,1,True,55825,1.0
DFL-MAT-J041YV,1,True,69175,0.5
DFL-MAT-J041YV,1,True,32000,0.5
DFL-MAT-J041YV,1,True,166478,0.7
DFL-MAT-J041YV,1,True,152478,1.0
DFL-MAT-J041YV,1,True,161778,1.0
DFL-MAT-J041YV,1,True,71625,0.9
DFL-MAT-J041YV,1,True,72525,0.8
DFL-MAT-J041YV,1,True,46250,0.8
DFL-MAT-J041YV,1,True,102903,0.5
DFL-MAT-J041YV,1,True,21400,0.7
DFL-MAT-J041YV,1,True,37750,1.0
DFL-MAT-J041YV,1,True,124903,0.6
DFL-MAT-J041YV,1,True,133278,0.9
DFL-MAT-J041YV,1,True,53650,0.8
DFL-MAT-J041YV,1,True,77150,0.8
DFL-MAT-J041YV,1,True,116103,0.6
DFL-MAT-J041YV,1,True,53200,0.5
DFL-MAT-J041YV,1,True,72575,0.5
DFL-MAT-J041YV,1,True,46150,1.0
DFL-MAT-J041YV,1,True,102978,1.0
DFL-MAT-J041YV,1,True,84875,0.6
DFL-MAT-J041YV,1,True,46350,0.6
DFL-MAT-J041YV,1,True,157003,0.9
DFL-MAT-J041YV,1,True,119078,1.0
DFL-MAT-J041Z5,0,True,50200,1.0
DFL-MAT-J041Z5,0,True,136226,0.9
DFL-MAT-J041Z5,0,True,123601,1.0
DFL-MAT-J041Z5,0,True,125276,0.6
DFL-MAT-J041Z5,0,True,177601,0.8
DFL-MAT-J041Z5,0,True,79200,0.6
DFL-MAT-J041Z5,0,True,24525,0.9
DFL-MAT-J041Z5,0,True,41525,0.9
DFL-MAT-J041Z5,0,True,106451,0.6
DFL-MAT-J041Z5,0,True,121601,0.8
DFL-MAT-J041Z5,0,True,24700,1.0
DFL-MAT-J041Z5,0,True,122176,0.5
DFL-MAT-J041Z5,0,True,12150,1.0
DFL-MAT-J041Z5,0,True,25700,0.6
DFL-MAT-J041Z5,0,True,61875,0.6
DFL-MAT-J041Z5,0,True,137501,0.6
DFL-MAT-J041Z5,0,True,81150,1.0
DFL-MAT-J041Z5,0,True,154726,0.6
DFL-MAT-J041Z5,0,True,177251,0.8
DFL-MAT-J041Z5,0,True,23200,1.0
DFL-MAT-J041Z5,0,True,81550,1.0
DFL-MAT-J041Z5,0,True,103351,1.0
DFL-MAT-J041Z5,0,True,168126,0.6
DFL-MAT-J041Z5,0,True,157401,0.8
DFL-MAT-J041Z5,0,True,145276,0.6
DFL-MAT-J041Z5,0,True,115426,1.0
DFL-MAT-J041Z5,0,True,142351,0.9
DFL-MAT-J041Z5,0,True,15425,0.7
DFL-MAT-J041Z5,0,True,138801,0.7
DFL-MAT-J041Z5,0,True,143776,0.8
DFL-MAT-J041Z5,0,True,136876,0.6
DFL-MAT-J041Z5,0,True,53500,1.0
DFL-MAT-J041Z5,0,True,22850,0.6
DFL-MAT-J041Z5,0,True,12325,0.8
DFL-MAT-J041Z5,0,True,163201,1.0
DFL-MAT-J041Z5,0,True,127701,1.0
DFL-MAT-J041Z5,0,True,157201,0.7
DFL-MAT-J041Z5,0,True,13875,0.7
DFL-MAT-J041Z5,0,True,39075,0.8
DFL-MAT-J041Z5,0,True,38700,1.0
DFL-MAT-J041Z5,0,True,101526,0.7
DFL-MAT-J041Z5,0,True,137426,0.7
DFL-MAT-J041Z5,0,True,115226,0.9
DFL-MAT-J041Z5,0,True,164301,0.8
DFL-MAT-J041Z5,0,True,108951,0.8
DFL-MAT-J041Z5,0,True,37925,0.8
DFL-MAT-J041Z5,0,True,102251,0.7
DFL-MAT-J041Z5,0,True,14450,0.8
DFL-MAT-J041Z5,0,True,156776,0.6
DFL-MAT-J041Z5,0,True,84475,0.6
DFL-MAT-J041Z5,0,True,148001,1.0
DFL-MAT-J041Z5,0,True,143651,0.7
DFL-MAT-J041Z5,0,True,139226,1.0
DFL-MAT-J041Z5,0,True,137676,0.6
DFL-MAT-J041Z5,0,True,153776,0.5
DFL-MAT-J041Z5,0,True,13850,0.7
DFL-MAT-J041Z5,0,True,51775,0.8
DFL-MAT-J041Z5,0,True,34175,0.7
DFL-MAT-J041Z5,0,True,37300,0.8
DFL-MAT-J041Z5,0,True,28975,0.8
DFL-MAT-J041Z5,1,False,109701,0.7
DFL-MAT-J041Z5,1,False,48250,0.6
DFL-MAT-J041Z5,1,False,85900,1.0
DFL-MAT-J041Z5,1,False,159026,0.6
DFL-MAT-J041Z5,1,False,19575,1.0
DFL-MAT-J041Z5,1,False,20400,0.7
DFL-MAT-J041Z5,1,False,158051,0.5
DFL-MAT-J041Z5,1,False,24025,0.9
DFL-MAT-J041Z5,1,False,133976,1.0
DFL-MAT-J041Z5,1,False,157801,0.8
DFL-MAT-J041Z5,1,False,16275,0.9
DFL-MAT-J041Z5,1,False,32050,0.9
DFL-MAT-J041Z5,1,False,19625,1.0
DFL-MAT-J041Z5,1,False,15725,0.6
DFL-MAT-J041Z5,1,False,110701,1.0
DFL-MAT-J041Z5,1,False,73350,0.8
DFL-MAT-J041Z5,1,False,48450,0.6
DFL-MAT-J041Z5,1,False,132501,0.7
DFL-MAT-J041Z5,1,False,32500,0.5
DFL-MAT-J041Z5,1,False,73000,1.0
DFL-MAT-J041Z5,1,False,135226,1.0
DFL-MAT-J041Z5,1,False,64775,0.7
DFL-MAT-J041Z5,1,False,133726,0.5
DFL-MAT-J041Z5,1,False,56900,0.7
DFL-MAT-J041Z5,1,False,119651,0.5
DFL-MAT-J041Z5,1,False,19775,1.0
DFL-MAT-J041Z5,1,False,59800,0.7
DFL-MAT-J041Z5,1,False,58900,0.6
DFL-MAT-J041Z5,1,False,181726,0.6
DFL-MAT-J041Z5,1,False,111201,0.6
DFL-MAT-J041Z5,1,False,75300,0.9
DFL-MAT-J041Z5,1,False,38600,0.7
DFL-MAT-J041Z5,1,False,69825,0.8
DFL-MAT-J041Z5,1,False,129151,0.7
DFL-MAT-J041Z5,1,False,167426,0.6
DFL-MAT-J041Z5,1,False,182126,1.0
DFL-MAT-J041Z5,1,False,179526,1.0
DFL-MAT-J041Z5,1,False,58875,0.8
DFL-MAT-J041Z5,1,False,110576,0.5
DFL-MAT-J041Z5,1,False,158376,0.6
DFL-MAT-J041Z5,1,False,175776,0.8
DFL-MAT-J041Z5,1,False,20750,0.7
DFL-MAT-J041Z5,1,False,74625,0.6
DFL-MAT-J041Z5,1,False,133526,1.0
DFL-MAT-J041Z5,1,False,162426,1.0
DFL-MAT-J041Z5,1,False,13150,0.7
DFL-MAT-J041Z5,1,False,174626,1.0
DFL-MAT-J041Z5,1,False,60350,0.6
DFL-MAT-J041Z5,1,False,105151,0.6
DFL-MAT-J041Z5,1,False,64575,0.9
DFL-MAT-J041Z5,1,False,45175,0.6
DFL-MAT-J041Z5,1,False,70575,0.7
DFL-MAT-J041Z5,1,False,40425,1.0
DFL-MAT-J041Z5,1,False,25300,1.0
DFL-MAT-J041Z5,1,False,59975,0.6
DFL-MAT-J041Z5,1,False,31325,0.7
DFL-MAT-J041Z5,1,False,130076,0.9
DFL-MAT-J041Z5,1,False,10375,0.8
DFL-MAT-J041Z5,1,False,162401,1.0
DFL-MAT-J041Z5,1,False,15875,0.5
DFL-MAT-J041ZD,0,False,84925,1.0
DFL-MAT-J041ZD,0,False,103183,0.6
DFL-MAT-J041ZD,0,False,172783,0.8
DFL-MAT-J041ZD,0,False,46600,0.6
DFL-MAT-J041ZD,0,False,166283,0.9
DFL-MAT-J041ZD,0,False,18875,0.6
DFL-MAT-J041ZD,0,False,40200,1.0
DFL-MAT-J041ZD,0,False,168958,0.9
DFL-MAT-J041ZD,0,False,45650,0.8
DFL-MAT-J041ZD,0,False,23575,0.8
DFL-MAT-J041ZD,0,False,77525,0.5
DFL-MAT-J041ZD,0,False,72700,0.9
DFL-MAT-J041ZD,0,False,173533,0.8
DFL-MAT-J041ZD,0,False,144733,0.6
DFL-MAT-J041ZD,0,False,28650,0.7
DFL-MAT-J041ZD,0,False,135583,0.8
DFL-MAT-J041ZD,0,False,37725,0.7
DFL-MAT-J041ZD,0,False,58575,0.6
DFL-MAT-J041ZD,0,False,135958,0.7
DFL-MAT-J041ZD,0,False,62075,0.6
DFL-MAT-J041ZD,0,False,18475,0.5
DFL-MAT-J041ZD,0,False,175458,0.6
DFL-MAT-J041ZD,0,False,47425,0.7
DFL-MAT-J041ZD,0,False,149983,0.7
DFL-MAT-J041ZD,0,False,146183,0.7
DFL-MAT-J041ZD,0,False,66100,0.6
DFL-MAT-J041ZD,0,False,149433,0.6
DFL-MAT-J041ZD,0,False,43400,0.6
DFL-MAT-J041ZD,0,False,102833,0.5
DFL-MAT-J041ZD,0,False,84675,0.8
DFL-MAT-J041ZD,0,False,104108,0.5
DFL-MAT-J041ZD,0,False,80950,0.6
DFL-MAT-J041ZD,0,False,30100,0.9
DFL-MAT-J041ZD,0,False,58450,0.7
DFL-MAT-J041ZD,0,False,100008,0.7
DFL-MAT-J041ZD,0,False,159258,1.0
DFL-MAT-J041ZD,0,False,11150,0.5
DFL-MAT-J041ZD,0,False,44600,0.5
DFL-MAT-J041ZD,0,False,69750,0.8
DFL-MAT-J041ZD,0,False,39400,0.9
DFL-MAT-J041ZD,0,False,65075,1.0
DFL-MAT-J041ZD,0,False,38825,0.6
DFL-MAT-J041ZD,0,False,26900,0.8
DFL-MAT-J041ZD,0,False,100858,0.8
DFL-MAT-J041ZD,0,False,135783,0.7
DFL-MAT-J041ZD,0,False,124808,0.7
DFL-MAT-J041ZD,0,False,136033,0.7
DFL-MAT-J041ZD,0,False,28150,1.0
DFL-MAT-J041ZD,0,False,35400,1.0
DFL-MAT-J041ZD,0,False,135033,0.9
DFL-MAT-J041ZD,0,False,149658,0.6
DFL-MAT-J041ZD,0,False,160983,0.7
DFL-MAT-J041ZD,0,False,55175,1.0
DFL-MAT-J041ZD,0,False,53425,0.7
DFL-MAT-J041ZD,0,False,60800,0.7
DFL-MAT-J041ZD,0,False,11350,0.9
DFL-MAT-J041ZD,0,False,54500,0.6
DFL-MAT-J041ZD,0,False,79825,0.8
DFL-MAT-J041ZD,0,False,105583,0.9
DFL-MAT-J041ZD,0,False,171308,0.9
DFL-MAT-J041ZD,1,True,115883,0.6
DFL-MAT-J041ZD,1,True,124183,1.0
DFL-MAT-J041ZD,1,True,52675,0.6
DFL-MAT-J041ZD,1,True,127008,0.5
DFL-MAT-J041ZD,1,True,63900,0.6
DFL-MAT-J041ZD,1,True,130183,0.5
DFL-MAT-J041ZD,1,True,172258,1.0
DFL-MAT-J041ZD,1,True,31550,0.6
DFL-MAT-J041ZD,1,True,11975,0.8
DFL-MAT-J041ZD,1,True,141608,0.6
DFL-MAT-J041ZD,1,True,12600,0.7
DFL-MAT-J041ZD,1,True,153708,0.7
DFL-MAT-J041ZD,1,True,143108,0.8
DFL-MAT-J041ZD,1,True,139258,0.7
DFL-MAT-J041ZD,1,True,65500,0.6
DFL-MAT-J041ZD,1,True,122083,0.7
DFL-MAT-J041ZD,1,True,122908,0.8
DFL-MAT-J041ZD,1,True,33300,0.8
DFL-MAT-J041ZD,1,True,154708,0.6
DFL-MAT-J041ZD,1,True,118758,0.6
DFL-MAT-J041ZD,1,True,123833,0.6
DFL-MAT-J041ZD,1,True,122208,0.6
DFL-MAT-J041ZD,1,True,43525,0.9
DFL-MAT-J041ZD,1,True,159033,0.9
DFL-MAT-J041ZD,1,True,170233,0.8
DFL-MAT-J041ZD,1,True,55950,0.8
DFL-MAT-J041ZD,1,True,128083,1.0
DFL-MAT-J041ZD,1,True,167433,1.0
DFL-MAT-J041ZD,1,True,144883,0.6
DFL-MAT-J041ZD,1,True,136858,0.5
DFL-MAT-J041ZD,1,True,153833,0.9
DFL-MAT-J041ZD,1,True,108158,0.9
DFL-MAT-J041ZD,1,True,130408,0.8
DFL-MAT-J041ZD,1,True,109983,0.6
DFL-MAT-J041ZD,1,True,13325,0.5
DFL-MAT-J041ZD,1,True,117983,0.5
DFL-MAT-J041ZD,1,True,20400,0.7
DFL-MAT-J041ZD,1,True,138633,0.6
DFL-MAT-J041ZD,1,True,15100,1.0
DFL-MAT-J041ZD,1,True,114558,1.0
DFL-MAT-J041ZD,1,True,21425,0.8
DFL-MAT-J041ZD,1,True,108258,0.9
DFL-MAT-J041ZD,1,True,60725,1.0
DFL-MAT-J041ZD,1,True,115058,0.8
DFL-MAT-J041ZD,1,True,75125,0.9
DFL-MAT-J041ZD,1,True,41475,1.0
DFL-MAT-J041ZD,1,True,21150,0.7
DFL-MAT-J041ZD,1,True,174708,0.5
DFL-MAT-J041ZD,1,True,81175,0.6
DFL-MAT-J041ZD,1,True,120658,0.9
DFL-MAT-J041ZD,1,True,16025,0.7
DFL-MAT-J041ZD,1,True,53650,0.7
DFL-MAT-J041ZD,1,True,139733,1.0
DFL-MAT-J041ZD,1,True,154733,0.6
DFL-MAT-J041ZD,1,True,74300,0.8
DFL-MAT-J041ZD,1,True,122008,1.0
DFL-MAT-J041ZD,1,True,81075,0.8
DFL-MAT-J041ZD,1,True,33700,1.0
DFL-MAT-J041ZD,1,True,156883,0.8
DFL-MAT-J041ZD,1,True,120908,0.8
DFL-MAT-J041ZN,0,True,131579,0.6
DFL-MAT-J041ZN,0,True,171804,0.6
DFL-MAT-J041ZN,0,True,115079,0.6
DFL-MAT-J041ZN,0,True,150179,0.8
DFL-MAT-J041ZN,0,True,76725,0.5
DFL-MAT-J041ZN,0,True,166529,0.7
DFL-MAT-J041ZN,0,True,127954,0.8
DFL-MAT-J041ZN,0,True,26350,0.7
DFL-MAT-J041ZN,0,True,37975,0.9
DFL-MAT-J041ZN,0,True,47075,1.0
DFL-MAT-J041ZN,0,True,100779,0.6
DFL-MAT-J041ZN,0,True,67025,0.6
DFL-MAT-J041ZN,0,True,120279,1.0
DFL-MAT-J041ZN,0,True,80225,0.9
DFL-MAT-J041ZN,0,True,141079,1.0
DFL-MAT-J041ZN,0,True,161504,0.7
DFL-MAT-J041ZN,0,True,155929,0.9
DFL-MAT-J041ZN,0,True,154929,0.6
DFL-MAT-J041ZN,0,True,136079,0.9
DFL-MAT-J041ZN,0,True,81475,0.8
DFL-MAT-J041ZN,0,True,70225,1.0
DFL-MAT-J041ZN,0,True,42425,0.8
DFL-MAT-J041ZN,0,True,17550,0.7
DFL-MAT-J041ZN,0,True,164429,1.0
DFL-MAT-J041ZN,0,True,150129,0.8
DFL-MAT-J041ZN,0,True,130929,1.0
DFL-MAT-J041ZN,0,True,141729,0.5
DFL-MAT-J041ZN,0,True,138379,0.7
DFL-MAT-J041ZN,0,True,166829,0.7
DFL-MAT-J041ZN,0,True,129679,0.6
DFL-MAT-J041ZN,0,True,169029,0.5
DFL-MAT-J041ZN,0,True,160954,1.0
DFL-MAT-J041ZN,0,True,57850,0.7
DFL-MAT-J041ZN,0,True,168379,0.6
DFL-MAT-J041ZN,0,True,155954,1.0
DFL-MAT-J041ZN,0,True,175479,1.0
DFL-MAT-J041ZN,0,True,20875,0.7
DFL-MAT-J041ZN,0,True,156029,0.9
DFL-MAT-J041ZN,0,True,110454,0.6
DFL-MAT-J041ZN,0,True,63300,0.8
DFL-MAT-J041ZN,0,True,61675,0.6
DFL-MAT-J041ZN,0,True,19350,0.6
DFL-MAT-J041ZN,0,True,133454,0.5
DFL-MAT-J041ZN,0,True,149379,0.5
DFL-MAT-J041ZN,0,True,173254,1.0
DFL-MAT-J041ZN,0,True,175004,1.0
DFL-MAT-J041ZN,0,True,166654,0.6
DFL-MAT-J041ZN,0,True,35450,0.6
DFL-MAT-J041ZN,0,True,153779,0.7
DFL-MAT-J041ZN,0,True,106354,0.7
DFL-MAT-J041ZN,0,True,135629,0.8
DFL-MAT-J041ZN,0,True,34650,0.6
DFL-MAT-J041ZN,0,True,15200,0.8
DFL-MAT-J041ZN,0,True,28575,0.7
DFL-MAT-J041ZN,0,True,19175,0.5
DFL-MAT-J041ZN,0,True,68250,0.6
DFL-MAT-J041ZN,0,True,32300,0.8
DFL-MAT-J041ZN,0,True,44250,1.0
DFL-MAT-J041ZN,0,True,43250,0.9
DFL-MAT-J041ZN,0,True,168554,0.8
DFL-MAT-J041ZN,1,False,83675,1.0
DFL-MAT-J041ZN,1,False,51700,0.7
DFL-MAT-J041ZN,1,False,114079,1.0
DFL-MAT-J041ZN,1,False,112954,1.0
DFL-MAT-J041ZN,1,False,151054,0.5
DFL-MAT-J041ZN,1,False,48100,0.5
DFL-MAT-J041ZN,1,False,129929,1.0
DFL-MAT-J041ZN,1,False,105129,0.7
DFL-MAT-J041ZN,1,False,147004,0.7
DFL-MAT-J041ZN,1,False,26100,1.0
DFL-MAT-J041ZN,1,False,118354,0.6
DFL-MAT-J041ZN,1,False,117929,1.0
DFL-MAT-J041ZN,1,False,104179,0.8
DFL-MAT-J041ZN,1,False,12050,0.7
DFL-MAT-J041ZN,1,False,74275,1.0
DFL-MAT-J041ZN,1,False,41725,0.7
DFL-MAT-J041ZN,1,False,143254,0.8
DFL-MAT-J041ZN,1,False,126529,0.6
DFL-MAT-J041ZN,1,False,41350,0.7
DFL-MAT-J041ZN,1,False,55050,0.9
DFL-MAT-J041ZN,1,False,165454,0.7
DFL-MAT-J041ZN,1,False,34225,0.7
DFL-MAT-J041ZN,1,False,24500,1.0
DFL-MAT-J041ZN,1,False,132254,0.6
DFL-MAT-J041ZN,1,False,120729,0.5
DFL-MAT-J041ZN,1,False,63675,0.9
DFL-MAT-J041ZN,1,False,13300,0.8
DFL-MAT-J041ZN,1,False,74475,0.6
DFL-MAT-J041ZN,1,False,60100,0.9
DFL-MAT-J041ZN,1,False,58650,0.8
DFL-MAT-J041ZN,1,False,20400,1.0
DFL-MAT-J041ZN,1,False,73550,1.0
DFL-MAT-J041ZN,1,False,10500,1.0
DFL-MAT-J041ZN,1,False,113429,0.7
DFL-MAT-J041ZN,1,False,76900,0.8
DFL-MAT-J041ZN,1,False,58800,0.9
DFL-MAT-J041ZN,1,False,14175,0.7
DFL-MAT-J041ZN,1,False,123154,0.7
DFL-MAT-J041ZN,1,False,40825,0.7
DFL-MAT-J041ZN,1,False,139379,0.7
DFL-MAT-J041ZN,1,False,150404,1.0
DFL-MAT-J041ZN,1,False,126004,0.6
DFL-MAT-J041ZN,1,False,76800,0.7
DFL-MAT-J041ZN,1,False,140279,0.6
DFL-MAT-J041ZN,1,False,176754,0.9
DFL-MAT-J041ZN,1,False,152954,0.9
DFL-MAT-J041ZN,1,False,114829,0.6
DFL-MAT-J041ZN,1,False,64900,0.6
DFL-MAT-J041ZN,1,False,28225,0.9
DFL-MAT-J041ZN,1,False,120779,0.7
DFL-MAT-J041ZN,1,False,12925,0.9
DFL-MAT-J041ZN,1,False,33500,0.7
DFL-MAT-J041ZN,1,False,31175,0.9
DFL-MAT-J041ZN,1,False,56650,0.6
DFL-MAT-J041ZN,1,False,49400,0.7
DFL-MAT-J041ZN,1,False,165279,0.6
DFL-MAT-J041ZN,1,False,20125,0.9
DFL-MAT-J041ZN,1,False,60925,0.8
DFL-MAT-J041ZN,1,False,113879,0.5
DFL-MAT-J041ZN,1,False,116629,0.8
DFL-MAT-J041ZQ,0,False,66600,0.6
DFL-MAT-J041ZQ,0,False,158521,0.9
DFL-MAT-J041ZQ,0,False,104746,0.7
DFL-MAT-J041ZQ,0,False,142571,0.5
DFL-MAT-J041ZQ,0,False,160796,0.9
DFL-MAT-J041ZQ,0,False,43650,0.6
DFL-MAT-J041ZQ,0,False,56900,0.7
DFL-MAT-J041ZQ,0,False,158796,0.6
DFL-MAT-J041ZQ,0,False,108996,0.6
DFL-MAT-J041ZQ,0,False,57125,0.9
DFL-MAT-J041ZQ,0,False,65825,0.6
DFL-MAT-J041ZQ,0,False,136671,1.0
DFL-MAT-J041ZQ,0,False,79350,0.8
DFL-MAT-J041ZQ,0,False,117196,1.0
DFL-MAT-J041ZQ,0,False,100296,0.6
DFL-MAT-J041ZQ,0,False,115896,0.7
DFL-MAT-J041ZQ,0,False,130946,0.7
DFL-MAT-J041ZQ,0,False,75000,0.9
DFL-MAT-J041ZQ,0,False,109421,0.5
DFL-MAT-J041ZQ,0,False,22325,1.0
DFL-MAT-J041ZQ,0,False,143396,0.5
DFL-MAT-J041ZQ,0,False,112196,0.6
DFL-MAT-J041ZQ,0,False,172821,0.6
DFL-MAT-J041ZQ,0,False,36925,0.9
DFL-MAT-J041ZQ,0,False,19975,0.5
DFL-MAT-J041ZQ,0,False,29700,1.0
DFL-MAT-J041ZQ,0,False,126921,0.7
DFL-MAT-J041ZQ,0,False,154071,0.8
DFL-MAT-J041ZQ,0,False,164146,0.9
DFL-MAT-J041ZQ,0,False,60825,0.5
DFL-MAT-J041ZQ,0,False,153871,1.0
DFL-MAT-J041ZQ,0,False,35775,1.0
DFL-MAT-J041ZQ,0,False,106871,0.7
DFL-MAT-J041ZQ,0,False,42250,0.7
DFL-MAT-J041ZQ,0,False,156171,0.6
DFL-MAT-J041ZQ,0,False,160471,0.6
DFL-MAT-J041ZQ,0,False,57525,0.9
DFL-MAT-J041ZQ,0,False,148221,0.7
DFL-MAT-J041ZQ,0,False,57475,0.7
DFL-MAT-J041ZQ,0,False,147096,0.6
DFL-MAT-J041ZQ,0,False,41200,0.8
DFL-MAT-J041ZQ,0,False,105971,0.7
DFL-MAT-J041ZQ,0,False,130521,0.8
DFL-MAT-J041ZQ,0,False,49875,0.9
DFL-MAT-J041ZQ,0,False,131246,0.8
DFL-MAT-J041ZQ,0,False,49500,0.6
DFL-MAT-J041ZQ,0,False,49425,0.6
DFL-MAT-J041ZQ,0,False,156271,1.0
DFL-MAT-J041ZQ,0,False,41300,0.7
DFL-MAT-J041ZQ,0,False,56850,0.6
DFL-MAT-J041ZQ,0,False,144221,0.6
DFL-MAT-J041ZQ,0,False,157221,0.7
DFL-MAT-J041ZQ,0,False,123846,0.7
DFL-MAT-J041ZQ,0,False,132771,0.5
DFL-MAT-J041ZQ,0,False,148571,0.8
DFL-MAT-J041ZQ,0,False,157121,0.8
DFL-MAT-J041ZQ,0,False,173296,0.7
DFL-MAT-J041ZQ,0,False,40000,0.6
DFL-MAT-J041ZQ,0,False,37850,1.0
DFL-MAT-J041ZQ,0,False,105546,0.6
DFL-MAT-J041ZQ,1,True,11600,0.6
DFL-MAT-J041ZQ,1,True,139621,0.8
DFL-MAT-J041ZQ,1,True,101621,1.0
DFL-MAT-J041ZQ,1,True,11875,0.7
DFL-MAT-J041ZQ,1,True,109896,0.9
DFL-MAT-J041ZQ,1,True,129821,0.5
DFL-MAT-J041ZQ,1,True,166321,0.7
DFL-MAT-J041ZQ,1,True,16675,0.5
DFL-MAT-J041ZQ,1,True,35250,0.5
DFL-MAT-J041ZQ,1,True,123521,0.6
DFL-MAT-J041ZQ,1,True,50400,0.9
DFL-MAT-J041ZQ,1,True,155496,0.7
DFL-MAT-J041ZQ,1,True,135146,0.7
DFL-MAT-J041ZQ,1,True,146821,0.9
DFL-MAT-J041ZQ,1,True,61425,0.6
DFL-MAT-J041ZQ,1,True,72900,0.8
DFL-MAT-J041ZQ,1,True,150696,0.6
DFL-MAT-J041ZQ,1,True,169596,0.7
DFL-MAT-J041ZQ,1,True,111746,0.6
DFL-MAT-J041ZQ,1,True,139746,0.5
DFL-MAT-J041ZQ,1,True,107146,0.8
DFL-MAT-J041ZQ,1,True,102546,1.0
DFL-MAT-J041ZQ,1,True,72025,0.9
DFL-MAT-J041ZQ,1,True,103296,0.6
DFL-MAT-J041ZQ,1,True,128871,0.7
DFL-MAT-J041ZQ,1,True,64250,0.5
DFL-MAT-J041ZQ,1,True,72475,1.0
DFL-MAT-J041ZQ,1,True,21500,0.9
DFL-MAT-J041ZQ,1,True,139921,0.6
DFL-MAT-J041ZQ,1,True,32925,1.0
DFL-MAT-J041ZQ,1,True,114646,1.0
DFL-MAT-J041ZQ,1,True,35200,0.7
DFL-MAT-J041ZQ,1,True,155021,1.0
DFL-MAT-J041ZQ,1,True,68475,0.6
DFL-MAT-J041ZQ,1,True,48325,0.5
DFL-MAT-J041ZQ,1,True,161271,0.7
DFL-MAT-J041ZQ,1,True,148196,0.6
DFL-MAT-J041ZQ,1,True,147296,0.7
DFL-MAT-J041ZQ,1,True,72650,0.8
DFL-MAT-J041ZQ,1,True,152746,0.6
DFL-MAT-J041ZQ,1,True,166371,0.7
DFL-MAT-J041ZQ,1,True,38675,0.8
DFL-MAT-J041ZQ,1,True,53200,0.7
DFL-MAT-J041ZQ,1,True,107346,0.6
DFL-MAT-J041ZQ,1,True,165796,0.5
DFL-MAT-J041ZQ,1,True,110421,0.6
DFL-MAT-J041ZQ,1,True,129396,0.6
DFL-MAT-J041ZQ,1,True,146171,1.0
DFL-MAT-J041ZQ,1,True,12350,0.8
DFL-MAT-J041ZQ,1,True,139721,0.5
DFL-MAT-J041ZQ,1,True,145096,0.7
DFL-MAT-J041ZQ,1,True,114696,1.0
DFL-MAT-J041ZQ,1,True,16975,0.6
DFL-MAT-J041ZQ,1,True,148021,0.5
DFL-MAT-J041ZQ,1,True,170971,1.0
DFL-MAT-J041ZQ,1,True,39250,0.6
DFL-MAT-J041ZQ,1,True,47750,0.6
DFL-MAT-J041ZQ,1,True,51750,0.6
DFL-MAT-J041ZQ,1,True,128296,0.6
DFL-MAT-J041ZQ,1,True,127796,0.5
DFL-MAT-J04205,0,True,103310,0.8
DFL-MAT-J04205,0,True,128610,0.7
DFL-MAT-J04205,0,True,134260,0.9
DFL-MAT-J04205,0,True,44275,0.9
DFL-MAT-J04205,0,True,43725,0.9
DFL-MAT-J04205,0,True,116860,0.8
DFL-MAT-J04205,0,True,39625,0.6
DFL-MAT-J04205,0,True,102410,0.6
DFL-MAT-J04205,0,True,125360,0.6
DFL-MAT-J04205,0,True,110110,0.7
DFL-MAT-J04205,0,True,19800,0.8
DFL-MAT-J04205,0,True,144810,1.0
DFL-MAT-J04205,0,True,136060,0.5
DFL-MAT-J04205,0,True,110235,0.5
DFL-MAT-J04205,0,True,41625,0.7
DFL-MAT-J04205,0,True,113610,0.6
DFL-MAT-J04205,0,True,83375,0.8
DFL-MAT-J04205,0,True,81750,0.9
DFL-MAT-J04205,0,True,22350,0.8
DFL-MAT-J04205,0,True,156385,0.7
DFL-MAT-J04205,0,True,148660,0.5
DFL-MAT-J04205,0,True,170235,0.7
DFL-MAT-J04205,0,True,102610,0.5
DFL-MAT-J04205,0,True,17000,1.0
DFL-MAT-J04205,0,True,76350,0.9
DFL-MAT-J04205,0,True,113160,0.5
DFL-MAT-J04205,0,True,72000,0.5
DFL-MAT-J04205,0,True,169185,0.6
DFL-MAT-J04205,0,True,153235,1.0
DFL-MAT-J04205,0,True,75425,0.5
DFL-MAT-J04205,0,True,30525,0.9
DFL-MAT-J04205,0,True,16800,0.6
DFL-MAT-J04205,0,True,137735,0.6
DFL-MAT-J04205,0,True,79475,0.9
DFL-MAT-J04205,0,True,28800,0.7
DFL-MAT-J04205,0,True,39825,0.9
DFL-MAT-J04205,0,True,144960,0.9
DFL-MAT-J04205,0,True,161860,0.6
DFL-MAT-J04205,0,True,135210,0.9
DFL-MAT-J04205,0,True,134935,1.0
DFL-MAT-J04205,0,True,133710,1.0
DFL-MAT-J04205,0,True,45950,0.6
DFL-MAT-J04205,0,True,29525,0.6
DFL-MAT-J04205,0,True,159560,1.0
DFL-MAT-J04205,0,True,23600,0.8
DFL-MAT-J04205,0,True,157735,0.8
DFL-MAT-J04205,0,True,50950,1.0
DFL-MAT-J04205,0,True,28775,0.7
DFL-MAT-J04205,0,True,123310,0.6
DFL-MAT-J04205,0,True,102860,1.0
DFL-MAT-J04205,0,True,100035,0.8
DFL-MAT-J04205,0,True,59475,0.7
DFL-MAT-J04205,0,True,57750,0.7
DFL-MAT-J04205,0,True,64425,0.6
DFL-MAT-J04205,0,True,16225,0.8
DFL-MAT-J04205,0,True,175560,0.9
DFL-MAT-J04205,0,True,121535,0.7
DFL-MAT-J04205,0,True,125410,0.9
DFL-MAT-J04205,0,True,152235,0.6
DFL-MAT-J04205,0,True,110385,0.6
DFL-MAT-J04205,1,False,169885,0.6
DFL-MAT-J04205,1,False,77700,1.0
DFL-MAT-J04205,1,False,127185,0.6
DFL-MAT-J04205,1,False,146635,0.6
DFL-MAT-J04205,1,False,56325,0.7
DFL-MAT-J04205,1,False,24775,0.8
DFL-MAT-J04205,1,False,173560,0.5
DFL-MAT-J04205,1,False,33675,0.5
DFL-MAT-J04205,1,False,59525,0.6
DFL-MAT-J04205,1,False,50225,0.7
DFL-MAT-J04205,1,False,106485,1.0
DFL-MAT-J04205,1,False,11975,0.5
DFL-MAT-J04205,1,False,175310,0.8
DFL-MAT-J04205,1,False,151635,0.9
DFL-MAT-J04205,1,False,100460,0.8
DFL-MAT-J04205,1,False,75950,0.9
DFL-MAT-J04205,1,False,47850,0.6
DFL-MAT-J04205,1,False,69825,1.0
DFL-MAT-J04205,1,False,139660,0.8
DFL-MAT-J04205,1,False,135760,0.9
DFL-MAT-J04205,1,False,32100,0.6
DFL-MAT-J04205,1,False,150035,0.6
DFL-MAT-J04205,1,False,175235,0.9
DFL-MAT-J04205,1,False,146560,0.8
DFL-MAT-J04205,1,False,41075,1.0
DFL-MAT-J04205,1,False,140285,1.0
DFL-MAT-J04205,1,False,55900,0.6
DFL-MAT-J04205,1,False,33225,0.6
DFL-MAT-J04205,1,False,117735,1.0
DFL-MAT-J04205,1,False,171210,0.9
DFL-MAT-J04205,1,False,125535,0.9
DFL-MAT-J04205,1,False,49850,0.5
DFL-MAT-J04205,1,False,14200,0.6
DFL-MAT-J04205,1,False,161035,1.0
DFL-MAT-J04205,1,False,113635,0.7
DFL-MAT-J04205,1,False,77900,1.0
DFL-MAT-J04205,1,False,174760,0.7
DFL-MAT-J04205,1,False,102910,0.6
DFL-MAT-J04205,1,False,129035,0.8
DFL-MAT-J04205,1,False,167410,0.9
DFL-MAT-J04205,1,False,165285,0.9
DFL-MAT-J04205,1,False,14525,0.7
DFL-MAT-J04205,1,False,118260,1.0
DFL-MAT-J04205,1,False,164360,0.8
DFL-MAT-J04205,1,False,13050,0.8
DFL-MAT-J04205,1,False,111410,0.8
DFL-MAT-J04205,1,False,10775,0.9
DFL-MAT-J04205,1,False,139385,0.6
DFL-MAT-J04205,1,False,28100,1.0
DFL-MAT-J04205,1,False,142535,0.5
DFL-MAT-J04205,1,False,45250,0.6
DFL-MAT-J04205,1,False,118285,0.8
DFL-MAT-J04205,1,False,147660,0.8
DFL-MAT-J04205,1,False,106160,1.0
DFL-MAT-J04205,1,False,13375,0.6
DFL-MAT-J04205,1,False,24025,0.9
DFL-MAT-J04205,1,False,147335,0.8
DFL-MAT-J04205,1,False,16275,0.9
DFL-MAT-J04205,1,False,117235,0.7
DFL-MAT-J04205,1,False,11550,0.5
DFL-MAT-J0420A,0,False,165134,0.7
DFL-MAT-J0420A,0,False,177784,0.7
DFL-MAT-J0420A,0,False,73150,0.9
DFL-MAT-J0420A,0,False,76750,0.7
DFL-MAT-J0420A,0,False,27225,0.6
DFL-MAT-J0420A,0,False,73275,0.7
DFL-MAT-J0420A,0,False,47200,0.6
DFL-MAT-J0420A,0,False,43700,1.0
DFL-MAT-J0420A,0,False,63825,1.0
DFL-MAT-J0420A,0,False,179459,0.7
DFL-MAT-J0420A,0,False,72300,1.0
DFL-MAT-J0420A,0,False,42850,0.6
DFL-MAT-J0420A,0,False,160084,0.6
DFL-MAT-J0420A,0,False,12950,0.8
DFL-MAT-J0420A,0,False,149559,0.9
DFL-MAT-J0420A,0,False,61550,0.5
DFL-MAT-J0420A,0,False,78925,0.7
DFL-MAT-J0420A,0,False,22575,0.6
DFL-MAT-J0420A,0,False,148859,0.7
DFL-MAT-J0420A,0,False,61125,0.6
DFL-MAT-J0420A,0,False,101484,0.7
DFL-MAT-J0420A,0,False,100334,1.0
DFL-MAT-J0420A,0,False,104109,1.0
DFL-MAT-J0420A,0,False,160484,0.6
DFL-MAT-J0420A,0,False,43675,1.0
DFL-MAT-J0420A,0,False,49350,0.6
DFL-MAT-J0420A,0,False,41350,0.5
DFL-MAT-J0420A,0,False,171459,0.7
DFL-MAT-J0420A,0,False,33300,0.8
DFL-MAT-J0420A,0,False,12675,0.7
DFL-MAT-J0420A,0,False,100759,0.9
DFL-MAT-J0420A,0,False,27325,0.5
DFL-MAT-J0420A,0,False,61500,0.8
DFL-MAT-J0420A,0,False,28050,0.6
DFL-MAT-J0420A,0,False,72875,0.6
DFL-MAT-J0420A,0,False,78825,0.8
DFL-MAT-J0420A,0,False,41175,0.7
DFL-MAT-J0420A,0,False,43175,0.5
DFL-MAT-J0420A,0,False,80675,0.8
DFL-MAT-J0420A,0,False,25225,0.8
DFL-MAT-J0420A,0,False,76275,1.0
DFL-MAT-J0420A,0,False,156734,0.8
DFL-MAT-J0420A,0,False,31775,0.9
DFL-MAT-J0420A,0,False,104484,0.7
DFL-MAT-J0420A,0,False,10350,0.8
DFL-MAT-J0420A,0,False,102159,0.8
DFL-MAT-J0420A,0,False,113034,0.7
DFL-MAT-J0420A,0,False,14325,0.9
DFL-MAT-J0420A,0,False,28225,0.7
DFL-MAT-J0420A,0,False,62975,0.9
DFL-MAT-J0420A,0,False,78550,1.0
DFL-MAT-J0420A,0,False,123259,0.7
DFL-MAT-J0420A,0,False,10900,1.0
DFL-MAT-J0420A,0,False,156134,0.7
DFL-MAT-J0420A,0,False,133109,0.8
DFL-MAT-J0420A,0,False,116859,0.7
DFL-MAT-J0420A,0,False,104334,1.0
DFL-MAT-J0420A,0,False,136334,0.7
DFL-MAT-J0420A,0,False,117259,0.7
DFL-MAT-J0420A,0,False,60000,0.9
DFL-MAT-J0420A,1,True,35750,0.6
DFL-MAT-J0420A,1,True,147209,0.8
DFL-MAT-J0420A,1,True,120809,0.8
DFL-MAT-J0420A,1,True,52925,0.5
DFL-MAT-J0420A,1,True,129534,0.7
DFL-MAT-J0420A,1,True,138209,0.9
DFL-MAT-J0420A,1,True,149759,0.6
DFL-MAT-J0420A,1,True,121809,0.7
DFL-MAT-J0420A,1,True,153834,1.0
DFL-MAT-J0420A,1,True,30575,0.6
DFL-MAT-J0420A,1,True,58250,1.0
DFL-MAT-J0420A,1,True,129734,1.0
DFL-MAT-J0420A,1,True,11450,1.0
DFL-MAT-J0420A,1,True,168034,0.6
DFL-MAT-J0420A,1,True,41950,0.7
DFL-MAT-J0420A,1,True,37350,0.8
DFL-MAT-J0420A,1,True,120009,0.7
DFL-MAT-J0420A,1,True,142109,1.0
DFL-MAT-J0420A,1,True,31475,0.8
DFL-MAT-J0420A,1,True,176809,0.7
DFL-MAT-J0420A,1,True,135284,0.5
DFL-MAT-J0420A,1,True,179009,0.8
DFL-MAT-J0420A,1,True,143759,1.0
DFL-MAT-J0420A,1,True,36000,0.8
DFL-MAT-J0420A,1,True,129634,1.0
DFL-MAT-J0420A,1,True,52075,0.5
DFL-MAT-J0420A,1,True,120734,1.0
DFL-MAT-J0420A,1,True,59700,0.5
DFL-MAT-J0420A,1,True,165309,0.7
DFL-MAT-J0420A,1,True,74400,0.8
DFL-MAT-J0420A,1,True,11750,0.8
DFL-MAT-J0420A,1,True,109709,0.6
DFL-MAT-J0420A,1,True,134184,1.0
DFL-MAT-J0420A,1,True,137859,1.0
DFL-MAT-J0420A,1,True,115209,0.8
DFL-MAT-J0420A,1,True,35500,0.9
DFL-MAT-J0420A,1,True,37225,0.5
DFL-MAT-J0420A,1,True,163584,0.9
DFL-MAT-J0420A,1,True,64275,0.9
DFL-MAT-J0420A,1,True,163484,0.6
DFL-MAT-J0420A,1,True,52375,0.7
DFL-MAT-J0420A,1,True,177209,0.8
DFL-MAT-J0420A,1,True,46600,0.8
DFL-MAT-J0420A,1,True,100609,0.5
DFL-MAT-J0420A,1,True,53050,0.7
DFL-MAT-J0420A,1,True,17200,0.7
DFL-MAT-J0420A,1,True,135809,0.6
DFL-MAT-J0420A,1,True,169234,0.8
DFL-MAT-J0420A,1,True,161834,1.0
DFL-MAT-J0420A,1,True,55450,0.6
DFL-MAT-J0420A,1,True,128759,1.0
DFL-MAT-J0420A,1,True,168409,0.8
DFL-MAT-J0420A,1,True,118959,0.5
DFL-MAT-J0420A,1,True,159734,0.6
DFL-MAT-J0420A,1,True,153209,1.0
DFL-MAT-J0420A,1,True,24925,0.7
DFL-MAT-J0420A,1,True,121284,0.7
DFL-MAT-J0420A,1,True,20550,0.5
DFL-MAT-J0420A,1,True,54650,0.7
DFL-MAT-J0420A,1,True,100684,0.8
DFL-MAT-J0420N,0,True,53825,0.6
DFL-MAT-J0420N,0,True,133181,0.6
DFL-MAT-J0420N,0,True,169206,1.0
DFL-MAT-J0420N,0,True,126181,1.0
DFL-MAT-J0420N,0,True,154706,0.8
DFL-MAT-J0420N,0,True,43550,0.5
DFL-MAT-J0420N,0,True,117381,0.9
DFL-MAT-J0420N,0,True,50100,0.6
DFL-MAT-J0420N,0,True,173356,0.6
DFL-MAT-J0420N,0,True,169081,0.9
DFL-MAT-J0420N,0,True,134931,0.9
DFL-MAT-J0420N,0,True,140881,1.0
DFL-MAT-J0420N,0,True,124006,0.8
DFL-MAT-J0420N,0,True,73850,0.9
DFL-MAT-J0420N,0,True,28925,0.7
DFL-MAT-J0420N,0,True,159031,0.6
DFL-MAT-J0420N,0,True,127806,0.6
DFL-MAT-J0420N,0,True,155931,1.0
DFL-MAT-J0420N,0,True,24875,0.9
DFL-MAT-J0420N,0,True,167606,0.5
DFL-MAT-J0420N,0,True,105431,1.0
DFL-MAT-J0420N,0,True,34550,0.9
DFL-MAT-J0420N,0,True,152656,0.9
DFL-MAT-J0420N,0,True,43600,0.6
DFL-MAT-J0420N,0,True,44750,0.7
DFL-MAT-J0420N,0,True,176181,0.7
DFL-MAT-J0420N,0,True,139331,1.0
DFL-MAT-J0420N,0,True,159806,0.5
DFL-MAT-J0420N,0,True,117556,0.6
DFL-MAT-J0420N,0,True,18250,1.0
DFL-MAT-J0420N,0,True,134631,0.8
DFL-MAT-J0420N,0,True,53300,0.5
DFL-MAT-J0420N,0,True,40400,0.6
DFL-MAT-J0420N,0,True,128781,0.5
DFL-MAT-J0420N,0,True,128056,1.0
DFL-MAT-J0420N,0,True,124706,0.6
DFL-MAT-J0420N,0,True,157181,0.5
DFL-MAT-J0420N,0,True,50650,0.6
DFL-MAT-J0420N,0,True,39250,0.6
DFL-MAT-J0420N,0,True,56600,0.7
DFL-MAT-J0420N,0,True,124881,0.6
DFL-MAT-J0420N,0,True,19800,0.9
DFL-MAT-J0420N,0,True,124456,0.5
DFL-MAT-J0420N,0,True,19475,1.0
DFL-MAT-J0420N,0,True,35075,0.8
DFL-MAT-J0420N,0,True,109606,0.7
DFL-MAT-J0420N,0,True,105681,0.9
DFL-MAT-J0420N,0,True,28950,0.8
DFL-MAT-J0420N,0,True,137531,0.6
DFL-MAT-J0420N,0,True,155706,0.7
DFL-MAT-J0420N,0,True,140506,1.0
DFL-MAT-J0420N,0,True,119606,0.7
DFL-MAT-J0420N,0,True,130931,0.7
DFL-MAT-J0420N,0,True,124381,0.7
DFL-MAT-J0420N,0,True,46750,0.9
DFL-MAT-J0420N,0,True,124906,0.6
DFL-MAT-J0420N,0,True,155556,0.6
DFL-MAT-J0420N,0,True,177531,0.5
DFL-MAT-J0420N,0,True,46375,0.8
DFL-MAT-J0420N,0,True,19075,1.0
DFL-MAT-J0420N,1,False,156656,0.5
DFL-MAT-J0420N,1,False,29675,0.8
DFL-MAT-J0420N,1,False,41575,0.7
DFL-MAT-J0420N,1,False,69700,1.0
DFL-MAT-J0420N,1,False,12700,0.7
DFL-MAT-J0420N,1,False,76925,0.5
DFL-MAT-J0420N,1,False,26200,0.7
DFL-MAT-J0420N,1,False,156706,0.5
DFL-MAT-J0420N,1,False,141981,0.7
DFL-MAT-J0420N,1,False,72600,1.0
DFL-MAT-J0420N,1,False,144006,0.7
DFL-MAT-J0420N,1,False,37725,0.8
DFL-MAT-J0420N,1,False,145731,1.0
DFL-MAT-J0420N,1,False,162381,1.0
DFL-MAT-J0420N,1,False,78325,0.8
DFL-MAT-J0420N,1,False,114706,0.5
DFL-MAT-J0420N,1,False,35725,0.6
DFL-MAT-J0420N,1,False,160831,1.0
DFL-MAT-J0420N,1,False,115756,0.9
DFL-MAT-J0420N,1,False,150256,0.8
DFL-MAT-J0420N,1,False,35950,0.6
DFL-MAT-J0420N,1,False,67450,1.0
DFL-MAT-J0420N,1,False,118756,0.8
DFL-MAT-J0420N,1,False,36450,1.0
DFL-MAT-J0420N,1,False,116606,0.9
DFL-MAT-J0420N,1,False,156356,0.5
DFL-MAT-J0420N,1,False,123556,0.9
DFL-MAT-J0420N,1,False,162306,1.0
DFL-MAT-J0420N,1,False,10550,0.8
DFL-MAT-J0420N,1,False,31275,0.9
DFL-MAT-J0420N,1,False,77600,0.5
DFL-MAT-J0420N,1,False,62800,0.7
DFL-MAT-J0420N,1,False,133331,0.8
DFL-MAT-J0420N,1,False,139931,0.9
DFL-MAT-J0420N,1,False,37550,0.9
DFL-MAT-J0420N,1,False,61525,0.7
DFL-MAT-J0420N,1,False,28300,0.9
DFL-MAT-J0420N,1,False,114181,0.6
DFL-MAT-J0420N,1,False,148856,0.7
DFL-MAT-J0420N,1,False,22600,0.6
DFL-MAT-J0420N,1,False,34350,0.8
DFL-MAT-J0420N,1,False,41725,0.7
DFL-MAT-J0420N,1,False,30475,0.6
DFL-MAT-J0420N,1,False,69725,0.7
DFL-MAT-J0420N,1,False,45500,0.8
DFL-MAT-J0420N,1,False,114981,0.5
DFL-MAT-J0420N,1,False,71700,0.5
DFL-MAT-J0420N,1,False,172481,0.8
DFL-MAT-J0420N,1,False,122681,0.9
DFL-MAT-J0420N,1,False,27225,1.0
DFL-MAT-J0420N,1,False,134381,0.9
DFL-MAT-J0420N,1,False,143706,0.9
DFL-MAT-J0420N,1,False,49125,0.6
DFL-MAT-J0420N,1,False,107781,0.8
DFL-MAT-J0420N,1,False,147256,0.6
DFL-MAT-J0420N,1,False,56800,0.7
DFL-MAT-J0420N,1,False,113681,0.7
DFL-MAT-J0420N,1,False,54175,0.6
DFL-MAT-J0420N,1,False,114381,0.6
DFL-MAT-J0420N,1,False,172281,0.9
DFL-MAT-J0420P,0,False,53050,0.8
DFL-MAT-J0420P,0,False,11600,1.0
DFL-MAT-J0420P,0,False,73600,0.7
DFL-MAT-J0420P,0,False,128463,0.7
DFL-MAT-J0420P,0,False,169038,1.0
DFL-MAT-J0420P,0,False,116063,0.9
DFL-MAT-J0420P,0,False,31650,1.0
DFL-MAT-J0420P,0,False,14800,0.6
DFL-MAT-J0420P,0,False,37975,0.7
DFL-MAT-J0420P,0,False,167863,0.5
DFL-MAT-J0420P,0,False,167363,0.9
DFL-MAT-J0420P,0,False,176013,1.0
DFL-MAT-J0420P,0,False,44350,0.7
DFL-MAT-J0420P,0,False,126913,0.6
DFL-MAT-J0420P,0,False,112788,0.8
DFL-MAT-J0420P,0,False,113413,0.6
DFL-MAT-J0420P,0,False,50825,0.8
DFL-MAT-J0420P,0,False,64350,0.8
DFL-MAT-J0420P,0,False,59425,1.0
DFL-MAT-J0420P,0,False,119488,0.5
DFL-MAT-J0420P,0,False,112963,0.5
DFL-MAT-J0420P,0,False,120263,0.9
DFL-MAT-J0420P,0,False,15150,0.7
DFL-MAT-J0420P,0,False,142188,0.6
DFL-MAT-J0420P,0,False,75350,0.6
DFL-MAT-J0420P,0,False,59725,0.9
DFL-MAT-J0420P,0,False,109088,0.8
DFL-MAT-J0420P,0,False,25725,0.8
DFL-MAT-J0420P,0,False,59675,1.0
DFL-MAT-J0420P,0,False,51375,0.6
DFL-MAT-J0420P,0,False,100888,0.7
DFL-MAT-J0420P,0,False,159513,0.8
DFL-MAT-J0420P,0,False,30950,0.9
DFL-MAT-J0420P,0,False,132213,0.8
DFL-MAT-J0420P,0,False,71425,0.7
DFL-MAT-J0420P,0,False,142588,0.8
DFL-MAT-J0420P,0,False,105013,0.9
DFL-MAT-J0420P,0,False,138488,0.6
DFL-MAT-J0420P,0,False,68400,0.8
DFL-MAT-J0420P,0,False,31450,1.0
DFL-MAT-J0420P,0,False,73650,0.6
DFL-MAT-J0420P,0,False,167113,0.8
DFL-MAT-J0420P,0,False,45275,0.7
DFL-MAT-J0420P,0,False,119263,0.7
DFL-MAT-J0420P,0,False,10350,1.0
DFL-MAT-J0420P,0,False,31275,0.7
DFL-MAT-J0420P,0,False,52250,0.6
DFL-MAT-J0420P,0,False,18750,0.6
DFL-MAT-J0420P,0,False,139488,0.7
DFL-MAT-J0420P,0,False,63725,0.6
DFL-MAT-J0420P,0,False,175788,0.5
DFL-MAT-J0420P,0,False,51775,0.5
DFL-MAT-J0420P,0,False,55875,0.8
DFL-MAT-J0420P,0,False,168563,0.9
DFL-MAT-J0420P,0,False,33225,0.6
DFL-MAT-J0420P,0,False,33700,0.7
DFL-MAT-J0420P,0,False,141513,0.6
DFL-MAT-J0420P,0,False,116213,0.9
DFL-MAT-J0420P,0,False,31975,0.6
DFL-MAT-J0420P,0,False,14300,0.7
DFL-MAT-J0420P,1,True,23950,1.0
DFL-MAT-J0420P,1,True,106288,0.6
DFL-MAT-J0420P,1,True,46100,0.6
DFL-MAT-J0420P,1,True,19325,0.9
DFL-MAT-J0420P,1,True,40225,1.0
DFL-MAT-J0420P,1,True,130113,0.7
DFL-MAT-J0420P,1,True,114188,0.7
DFL-MAT-J0420P,1,True,104463,0.6
DFL-MAT-J0420P,1,True,173938,0.8
DFL-MAT-J0420P,1,True,23875,0.9
DFL-MAT-J0420P,1,True,41150,0.7
DFL-MAT-J0420P,1,True,128038,0.9
DFL-MAT-J0420P,1,True,148463,0.9
DFL-MAT-J0420P,1,True,29775,0.7
DFL-MAT-J0420P,1,True,60350,0.9
DFL-MAT-J0420P,1,True,22325,0.8
DFL-MAT-J0420P,1,True,124613,1.0
DFL-MAT-J0420P,1,True,129488,0.6
DFL-MAT-J0420P,1,True,146088,0.9
DFL-MAT-J0420P,1,True,56325,0.7
DFL-MAT-J0420P,1,True,29425,0.6
DFL-MAT-J0420P,1,True,134138,1.0
DFL-MAT-J0420P,1,True,54700,0.7
DFL-MAT-J0420P,1,True,121713,1.0
DFL-MAT-J0420P,1,True,131938,0.9
DFL-MAT-J0420P,1,True,122188,0.9
DFL-MAT-J0420P,1,True,172038,0.7
DFL-MAT-J0420P,1,True,26575,0.6
DFL-MAT-J0420P,1,True,169363,0.9
DFL-MAT-J0420P,1,True,144988,0.7
DFL-MAT-J0420P,1,True,165363,0.7
DFL-MAT-J0420P,1,True,152313,0.7
DFL-MAT-J0420P,1,True,173913,0.7
DFL-MAT-J0420P,1,True,34350,0.8
DFL-MAT-J0420P,1,True,134113,0.8
DFL-MAT-J0420P,1,True,156763,0.6
DFL-MAT-J0420P,1,True,68775,0.6
DFL-MAT-J0420P,1,True,130913,0.9
DFL-MAT-J0420P,1,True,30275,0.9
DFL-MAT-J0420P,1,True,165663,0.8
DFL-MAT-J0420P,1,True,20450,0.8
DFL-MAT-J0420P,1,True,21875,0.8
DFL-MAT-J0420P,1,True,153438,0.8
DFL-MAT-J0420P,1,True,107888,0.7
DFL-MAT-J0420P,1,True,22050,0.6
DFL-MAT-J0420P,1,True,21200,0.6
DFL-MAT-J0420P,1,True,136913,0.6
DFL-MAT-J0420P,1,True,145613,0.7
DFL-MAT-J0420P,1,True,41475,1.0
DFL-MAT-J0420P,1,True,12150,1.0
DFL-MAT-J0420P,1,True,109763,0.6
DFL-MAT-J0420P,1,True,18525,0.7
DFL-MAT-J0420P,1,True,154588,1.0
DFL-MAT-J0420P,1,True,117138,0.6
DFL-MAT-J0420P,1,True,17950,0.6
DFL-MAT-J0420P,1,True,57925,0.6
DFL-MAT-J0420P,1,True,48850,1.0
DFL-MAT-J0420P,1,True,106238,0.9
DFL-MAT-J0420P,1,True,71650,0.7
DFL-MAT-J0420P,1,True,162613,0.7
DFL-MAT-J04215,0,True,112403,0.7
DFL-MAT-J04215,0,True,60325,1.0
DFL-MAT-J04215,0,True,134853,0.8888888888888888
DFL-MAT-J04215,0,True,25400,0.6
DFL-MAT-J04215,0,True,150178,0.6666666666666666
DFL-MAT-J04215,0,True,13600,1.0
DFL-MAT-J04215,0,True,30200,0.6
DFL-MAT-J04215,0,True,21900,0.6
DFL-MAT-J04215,0,True,142828,1.0
DFL-MAT-J04215,0,True,163878,0.6666666666666666
DFL-MAT-J04215,0,True,39300,0.7
DFL-MAT-J04215,0,True,47725,0.5
DFL-MAT-J04215,0,True,80950,0.9
DFL-MAT-J04215,0,True,129953,0.5555555555555556
DFL-MAT-J04215,0,True,101178,0.6
DFL-MAT-J04215,0,True,53850,0.8
DFL-MAT-J04215,0,True,127228,0.6
DFL-MAT-J04215,0,True,52550,0.6
DFL-MAT-J04215,0,True,158228,0.6666666666666666
DFL-MAT-J04215,0,True,123803,0.9
DFL-MAT-J04215,0,True,139628,1.0
DFL-MAT-J04215,0,True,165853,0.7777777777777778
DFL-MAT-J04215,0,True,35150,1.0
DFL-MAT-J04215,0,True,64650,0.8
DFL-MAT-J04215,0,True,171978,1.0
DFL-MAT-J04215,0,True,166528,0.8888888888888888
DFL-MAT-J04215,0,True,47325,0.7
DFL-MAT-J04215,0,True,30275,0.7
DFL-MAT-J04215,0,True,60075,1.0
DFL-MAT-J04215,0,True,117278,0.7
DFL-MAT-J04215,0,True,77325,0.9
DFL-MAT-J04215,0,True,101678,0.7
DFL-MAT-J04215,0,True,32350,1.0
DFL-MAT-J04215,0,True,126528,0.5
DFL-MAT-J04215,0,True,79675,0.7
DFL-MAT-J04215,0,True,12850,0.9
DFL-MAT-J04215,0,True,114603,0.7
DFL-MAT-J04215,0,True,142453,0.5555555555555556
DFL-MAT-J04215,0,True,137603,0.8888888888888888
DFL-MAT-J04215,0,True,28150,0.6
DFL-MAT-J04215,0,True,52975,0.9
DFL-MAT-J04215,0,True,134678,0.6666666666666666
DFL-MAT-J04215,0,True,30650,1.0
DFL-MAT-J04215,0,True,78700,0.6
DFL-MAT-J04215,0,True,47650,0.6
DFL-MAT-J04215,0,True,136053,0.5555555555555556
DFL-MAT-J04215,0,True,38575,0.9
DFL-MAT-J04215,0,True,65975,1.0
DFL-MAT-J04215,0,True,34850,0.7
DFL-MAT-J04215,0,True,126303,0.8
DFL-MAT-J04215,0,True,67050,1.0
DFL-MAT-J04215,0,True,149128,0.5555555555555556
DFL-MAT-J04215,0,True,15175,1.0
DFL-MAT-J04215,0,True,105703,0.5
DFL-MAT-J04215,0,True,54350,0.6
DFL-MAT-J04215,0,True,53775,0.8
DFL-MAT-J04215,0,True,49100,0.9
DFL-MAT-J04215,0,True,65325,0.8
DFL-MAT-J04215,0,True,142553,0.8888888888888888
DFL-MAT-J04215,0,True,166228,0.6666666666666666
DFL-MAT-J04215,1,False,13050,0.9
DFL-MAT-J04215,1,False,22450,0.7
DFL-MAT-J04215,1,False,77775,0.6
DFL-MAT-J04215,1,False,74475,1.0
DFL-MAT-J04215,1,False,16300,0.6
DFL-MAT-J04215,1,False,73800,0.7
DFL-MAT-J04215,1,False,168228,1.0
DFL-MAT-J04215,1,False,165453,0.8
DFL-MAT-J04215,1,False,35450,0.8
DFL-MAT-J04215,1,False,36525,0.6
DFL-MAT-J04215,1,False,167553,0.6
DFL-MAT-J04215,1,False,166628,0.5
DFL-MAT-J04215,1,False,56225,0.6
DFL-MAT-J04215,1,False,29100,0.5
DFL-MAT-J04215,1,False,28600,0.7
DFL-MAT-J04215,1,False,48050,0.6
DFL-MAT-J04215,1,False,131853,0.9
DFL-MAT-J04215,1,False,14425,0.9
DFL-MAT-J04215,1,False,13325,0.9
DFL-MAT-J04215,1,False,23975,0.5
DFL-MAT-J04215,1,False,81950,0.5
DFL-MAT-J04215,1,False,66900,0.8
DFL-MAT-J04215,1,False,22725,0.9
DFL-MAT-J04215,1,False,119653,0.6
DFL-MAT-J04215,1,False,148553,0.8
DFL-MAT-J04215,1,False,75525,0.9
DFL-MAT-J04215,1,False,43350,0.8
DFL-MAT-J04215,1,False,61775,0.5
DFL-MAT-J04215,1,False,27700,0.7
DFL-MAT-J04215,1,False,10875,0.6
DFL-MAT-J04215,1,False,120428,0.5
DFL-MAT-J04215,1,False,116303,0.8
DFL-MAT-J04215,1,False,146528,0.6
DFL-MAT-J04215,1,False,27750,0.6
DFL-MAT-J04215,1,False,59125,0.6
DFL-MAT-J04215,1,False,101528,0.6
DFL-MAT-J04215,1,False,122728,0.5
DFL-MAT-J04215,1,False,75750,0.5
DFL-MAT-J04215,1,False,67925,0.6
DFL-MAT-J04215,1,False,174128,1.0
DFL-MAT-J04215,1,False,23525,0.9
DFL-MAT-J04215,1,False,132503,1.0
DFL-MAT-J04215,1,False,68925,0.8
DFL-MAT-J04215,1,False,106478,0.7
DFL-MAT-J04215,1,False,106703,0.5
DFL-MAT-J04215,1,False,174203,0.5
DFL-MAT-J04215,1,False,70700,1.0
DFL-MAT-J04215,1,False,118603,0.7
DFL-MAT-J04215,1,False,32050,1.0
DFL-MAT-J04215,1,False,124803,0.6
DFL-MAT-J04215,1,False,104753,0.9
DFL-MAT-J04215,1,False,108353,0.9
DFL-MAT-J04215,1,False,140078,0.5
DFL-MAT-J04215,1,False,128428,0.6
DFL-MAT-J04215,1,False,13825,0.9
DFL-MAT-J04215,1,False,110028,0.5
DFL-MAT-J04215,1,False,128003,0.6
DFL-MAT-J04215,1,False,75425,0.9
DFL-MAT-J04215,1,False,153578,0.9
DFL-MAT-J04215,1,False,118978,0.7
DFL-MAT-J04219,0,False,54050,0.5
DFL-MAT-J04219,0,False,24675,0.7
DFL-MAT-J04219,0,False,58950,0.7
DFL-MAT-J04219,0,False,110330,0.8
DFL-MAT-J04219,0,False,161080,0.5
DFL-MAT-J04219,0,False,14750,1.0
DFL-MAT-J04219,0,False,129805,0.9
DFL-MAT-J04219,0,False,76725,0.8
DFL-MAT-J04219,0,False,151130,0.9
DFL-MAT-J04219,0,False,110905,0.6
DFL-MAT-J04219,0,False,17750,0.7
DFL-MAT-J04219,0,False,60575,0.8
DFL-MAT-J04219,0,False,106255,0.7
DFL-MAT-J04219,0,False,104305,0.7
DFL-MAT-J04219,0,False,34475,0.6
DFL-MAT-J04219,0,False,56650,0.5
DFL-MAT-J04219,0,False,143830,0.7
DFL-MAT-J04219,0,False,158655,0.6
DFL-MAT-J04219,0,False,28025,0.7
DFL-MAT-J04219,0,False,106455,0.5
DFL-MAT-J04219,0,False,138955,1.0
DFL-MAT-J04219,0,False,44775,1.0
DFL-MAT-J04219,0,False,160680,1.0
DFL-MAT-J04219,0,False,103105,0.6
DFL-MAT-J04219,0,False,27100,0.7
DFL-MAT-J04219,0,False,129955,0.7
DFL-MAT-J04219,0,False,147605,0.8
DFL-MAT-J04219,0,False,159055,0.5
DFL-MAT-J04219,0,False,77200,0.7
DFL-MAT-J04219,0,False,111180,0.9
DFL-MAT-J04219,0,False,131005,0.6
DFL-MAT-J04219,0,False,41700,0.8
DFL-MAT-J04219,0,False,161030,0.5
DFL-MAT-J04219,0,False,131930,0.5
DFL-MAT-J04219,0,False,104055,0.7
DFL-MAT-J04219,0,False,49500,0.5
DFL-MAT-J04219,0,False,50400,0.7
DFL-MAT-J04219,0,False,56600,0.6
DFL-MAT-J04219,0,False,156705,0.7
DFL-MAT-J04219,0,False,36325,0.8
DFL-MAT-J04219,0,False,14925,0.7
DFL-MAT-J04219,0,False,38675,0.7
DFL-MAT-J04219,0,False,106880,0.6
DFL-MAT-J04219,0,False,131155,0.6
DFL-MAT-J04219,0,False,58625,0.9
DFL-MAT-J04219,0,False,111230,0.9
DFL-MAT-J04219,0,False,36975,0.7
DFL-MAT-J04219,0,False,150280,0.5
DFL-MAT-J04219,0,False,117505,1.0
DFL-MAT-J04219,0,False,58050,0.8
DFL-MAT-J04219,0,False,66200,0.9
DFL-MAT-J04219,0,False,32950,0.9
DFL-MAT-J04219,0,False,36025,0.9
DFL-MAT-J04219,0,False,16200,0.5
DFL-MAT-J04219,0,False,57275,0.8
DFL-MAT-J04219,0,False,57950,0.9
DFL-MAT-J04219,0,False,141680,0.5
DFL-MAT-J04219,0,False,165305,0.7
DFL-MAT-J04219,0,False,56525,0.5
DFL-MAT-J04219,0,False,37050,0.7
DFL-MAT-J04219,1,True,152005,0.6
DFL-MAT-J04219,1,True,78150,0.6
DFL-MAT-J04219,1,True,18500,0.6
DFL-MAT-J04219,1,True,16500,0.5
DFL-MAT-J04219,1,True,117155,0.6
DFL-MAT-J04219,1,True,172005,0.8
DFL-MAT-J04219,1,True,18625,0.7
DFL-MAT-J04219,1,True,51825,0.7
DFL-MAT-J04219,1,True,17250,0.6
DFL-MAT-J04219,1,True,149955,0.8
DFL-MAT-J04219,1,True,172330,1.0
DFL-MAT-J04219,1,True,53725,0.6
DFL-MAT-J04219,1,True,105955,0.6
DFL-MAT-J04219,1,True,145355,1.0
DFL-MAT-J04219,1,True,41075,0.7
DFL-MAT-J04219,1,True,70375,0.7
DFL-MAT-J04219,1,True,107655,0.9
DFL-MAT-J04219,1,True,143480,0.7
DFL-MAT-J04219,1,True,15925,0.9
DFL-MAT-J04219,1,True,121780,0.6
DFL-MAT-J04219,1,True,73750,0.7
DFL-MAT-J04219,1,True,43700,0.8
DFL-MAT-J04219,1,True,26800,0.9
DFL-MAT-J04219,1,True,157405,0.5
DFL-MAT-J04219,1,True,125180,0.8
DFL-MAT-J04219,1,True,125505,0.8
DFL-MAT-J04219,1,True,132830,0.9
DFL-MAT-J04219,1,True,67300,1.0
DFL-MAT-J04219,1,True,22050,1.0
DFL-MAT-J04219,1,True,147930,1.0
DFL-MAT-J04219,1,True,100980,0.7
DFL-MAT-J04219,1,True,148130,0.7
DFL-MAT-J04219,1,True,69850,0.8
DFL-MAT-J04219,1,True,168180,0.9
DFL-MAT-J04219,1,True,152055,0.6
DFL-MAT-J04219,1,True,130480,0.9
DFL-MAT-J04219,1,True,151480,0.8
DFL-MAT-J04219,1,True,142380,1.0
DFL-MAT-J04219,1,True,130755,1.0
DFL-MAT-J04219,1,True,17300,0.7
DFL-MAT-J04219,1,True,149855,0.6
DFL-MAT-J04219,1,True,77150,0.5
DFL-MAT-J04219,1,True,63650,0.9
DFL-MAT-J04219,1,True,21375,0.8
DFL-MAT-J04219,1,True,16725,1.0
DFL-MAT-J04219,1,True,116905,0.8
DFL-MAT-J04219,1,True,46350,0.9
DFL-MAT-J04219,1,True,40750,0.7
DFL-MAT-J04219,1,True,100030,0.8
DFL-MAT-J04219,1,True,13000,0.7
DFL-MAT-J04219,1,True,78325,0.9
DFL-MAT-J04219,1,True,145630,1.0
DFL-MAT-J04219,1,True,17550,1.0
DFL-MAT-J04219,1,True,158480,0.7
DFL-MAT-J04219,1,True,102330,1.0
DFL-MAT-J04219,1,True,102055,0.9
DFL-MAT-J04219,1,True,133930,0.6
DFL-MAT-J04219,1,True,123080,1.0
DFL-MAT-J04219,1,True,121880,0.8
DFL-MAT-J04219,1,True,146855,0.5
DFL-MAT-J0421J,0,False,133709,0.5
DFL-MAT-J0421J,0,False,147684,0.7
DFL-MAT-J0421J,0,False,173909,0.6
DFL-MAT-J0421J,0,False,124059,0.8
DFL-MAT-J0421J,0,False,106734,0.7
DFL-MAT-J0421J,0,False,140734,0.6
DFL-MAT-J0421J,0,False,19725,0.7
DFL-MAT-J0421J,0,False,10325,0.8
DFL-MAT-J0421J,0,False,78425,0.6
DFL-MAT-J0421J,0,False,180584,1.0
DFL-MAT-J0421J,0,False,153659,0.9
DFL-MAT-J0421J,0,False,27675,0.8
DFL-MAT-J0421J,0,False,63525,1.0
DFL-MAT-J0421J,0,False,169959,0.7
DFL-MAT-J0421J,0,False,16400,0.6
DFL-MAT-J0421J,0,False,13600,0.8
DFL-MAT-J0421J,0,False,174809,1.0
DFL-MAT-J0421J,0,False,171434,0.7
DFL-MAT-J0421J,0,False,106984,0.5
DFL-MAT-J0421J,0,False,113134,0.5
DFL-MAT-J0421J,0,False,45625,0.8
DFL-MAT-J0421J,0,False,69525,0.8
DFL-MAT-J0421J,0,False,72275,0.5
DFL-MAT-J0421J,0,False,116184,0.7
DFL-MAT-J0421J,0,False,110484,0.6
DFL-MAT-J0421J,0,False,131559,0.6
DFL-MAT-J0421J,0,False,186484,0.7
DFL-MAT-J0421J,0,False,29250,0.6
DFL-MAT-J0421J,0,False,107959,0.7
DFL-MAT-J0421J,0,False,43175,0.8
DFL-MAT-J0421J,0,False,62625,0.8
DFL-MAT-J0421J,0,False,58825,1.0
DFL-MAT-J0421J,0,False,125259,0.8
DFL-MAT-J0421J,0,False,62375,1.0
DFL-MAT-J0421J,0,False,154409,1.0
DFL-MAT-J0421J,0,False,108259,0.6
DFL-MAT-J0421J,0,False,130584,0.8
DFL-MAT-J0421J,0,False,101759,0.8
DFL-MAT-J0421J,0,False,155284,0.5
DFL-MAT-J0421J,0,False,107459,0.8
DFL-MAT-J0421J,0,False,76275,0.7
DFL-MAT-J0421J,0,False,51375,0.9
DFL-MAT-J0421J,0,False,153534,0.9
DFL-MAT-J0421J,0,False,149434,0.5
DFL-MAT-J0421J,0,False,151709,0.6
DFL-MAT-J0421J,0,False,154309,1.0
DFL-MAT-J0421J,0,False,65950,0.6
DFL-MAT-J0421J,0,False,19375,1.0
DFL-MAT-J0421J,0,False,64600,0.8
DFL-MAT-J0421J,0,False,159434,0.8
DFL-MAT-J0421J,0,False,156309,0.6
DFL-MAT-J0421J,0,False,63300,1.0
DFL-MAT-J0421J,0,False,178634,0.8
DFL-MAT-J0421J,0,False,154034,0.6
DFL-MAT-J0421J,0,False,26650,0.5
DFL-MAT-J0421J,0,False,155784,0.7
DFL-MAT-J0421J,0,False,124134,1.0
DFL-MAT-J0421J,0,False,19300,0.8
DFL-MAT-J0421J,0,False,108184,0.8
DFL-MAT-J0421J,0,False,110459,0.6
DFL-MAT-J0421J,1,True,102284,0.5
DFL-MAT-J0421J,1,True,184059,0.5555555555555556
DFL-MAT-J0421J,1,True,152834,1.0
DFL-MAT-J0421J,1,True,133284,0.5
DFL-MAT-J0421J,1,True,78500,0.6
DFL-MAT-J0421J,1,True,17175,0.6
DFL-MAT-J0421J,1,True,180009,0.7777777777777778
DFL-MAT-J0421J,1,True,182909,0.6666666666666666
DFL-MAT-J0421J,1,True,77550,0.6
DFL-MAT-J0421J,1,True,172634,0.6666666666666666
DFL-MAT-J0421J,1,True,78275,1.0
DFL-MAT-J0421J,1,True,14300,0.5
DFL-MAT-J0421J,1,True,24550,0.9
DFL-MAT-J0421J,1,True,132609,0.6
DFL-MAT-J0421J,1,True,80775,1.0
DFL-MAT-J0421J,1,True,100909,0.9
DFL-MAT-J0421J,1,True,28625,1.0
DFL-MAT-J0421J,1,True,161959,0.6666666666666666
DFL-MAT-J0421J,1,True,183384,0.6666666666666666
DFL-MAT-J0421J,1,True,184909,0.5555555555555556
DFL-MAT-J0421J,1,True,159659,0.7777777777777778
DFL-MAT-J0421J,1,True,172534,0.5555555555555556
DFL-MAT-J0421J,1,True,37425,0.6
DFL-MAT-J0421J,1,True,60825,0.8
DFL-MAT-J0421J,1,True,184309,0.7777777777777778
DFL-MAT-J0421J,1,True,112384,1.0
DFL-MAT-J0421J,1,True,30550,0.8
DFL-MAT-J0421J,1,True,159984,0.6666666666666666
DFL-MAT-J0421J,1,True,152684,1.0
DFL-MAT-J0421J,1,True,119634,0.9
DFL-MAT-J0421J,1,True,112359,1.0
DFL-MAT-J0421J,1,True,23075,0.6
DFL-MAT-J0421J,1,True,165659,0.5555555555555556
DFL-MAT-J0421J,1,True,113484,0.8
DFL-MAT-J0421J,1,True,48675,0.7
DFL-MAT-J0421J,1,True,52575,0.5
DFL-MAT-J0421J,1,True,11500,0.5
DFL-MAT-J0421J,1,True,113184,0.6
DFL-MAT-J0421J,1,True,112209,0.5
DFL-MAT-J0421J,1,True,28475,1.0
DFL-MAT-J0421J,1,True,144384,0.5
DFL-MAT-J0421J,1,True,60725,0.5
DFL-MAT-J0421J,1,True,141784,0.5
DFL-MAT-J0421J,1,True,38125,0.6
DFL-MAT-J0421J,1,True,37200,0.8
DFL-MAT-J0421J,1,True,30100,0.7
DFL-MAT-J0421J,1,True,10575,0.9
DFL-MAT-J0421J,1,True,157559,0.8888888888888888
DFL-MAT-J0421J,1,True,81775,1.0
DFL-MAT-J0421J,1,True,159684,0.7777777777777778
DFL-MAT-J0421J,1,True,176434,1.0
DFL-MAT-J0421J,1,True,153234,1.0
DFL-MAT-J0421J,1,True,74800,0.6
DFL-MAT-J0421J,1,True,113009,1.0
DFL-MAT-J0421J,1,True,23150,0.8
DFL-MAT-J0421J,1,True,47025,0.6
DFL-MAT-J0421J,1,True,74050,0.9
DFL-MAT-J0421J,1,True,126934,0.6
DFL-MAT-J0421J,1,True,12425,0.8
DFL-MAT-J0421J,1,True,134834,0.8
DFL-MAT-J0421W,0,True,147687,1.0
DFL-MAT-J0421W,0,True,67350,0.5
DFL-MAT-J0421W,0,True,22875,0.9
DFL-MAT-J0421W,0,True,140937,1.0
DFL-MAT-J0421W,0,True,20400,0.5
DFL-MAT-J0421W,0,True,136512,1.0
DFL-MAT-J0421W,0,True,136062,1.0
DFL-MAT-J0421W,0,True,57150,0.8
DFL-MAT-J0421W,0,True,58350,0.5
DFL-MAT-J0421W,0,True,80325,0.7
DFL-MAT-J0421W,0,True,172962,0.5
DFL-MAT-J0421W,0,True,51475,0.5
DFL-MAT-J0421W,0,True,24450,0.9
DFL-MAT-J0421W,0,True,171162,0.8
DFL-MAT-J0421W,0,True,33375,0.5
DFL-MAT-J0421W,0,True,157037,0.6
DFL-MAT-J0421W,0,True,144412,0.5
DFL-MAT-J0421W,0,True,50675,0.7
DFL-MAT-J0421W,0,True,50125,0.9
DFL-MAT-J0421W,0,True,144837,0.6
DFL-MAT-J0421W,0,True,143587,0.7
DFL-MAT-J0421W,0,True,78725,0.8
DFL-MAT-J0421W,0,True,59050,0.7
DFL-MAT-J0421W,0,True,68475,0.9
DFL-MAT-J0421W,0,True,35925,0.8
DFL-MAT-J0421W,0,True,60225,0.7
DFL-MAT-J0421W,0,True,73775,0.6
DFL-MAT-J0421W,0,True,135987,0.5
DFL-MAT-J0421W,0,True,20450,0.5
DFL-MAT-J0421W,0,True,135587,1.0
DFL-MAT-J0421W,0,True,80825,1.0
DFL-MAT-J0421W,0,True,171512,0.7
DFL-MAT-J0421W,0,True,158862,0.7
DFL-MAT-J0421W,0,True,53925,0.7
DFL-MAT-J0421W,0,True,137237,1.0
DFL-MAT-J0421W,0,True,38900,1.0
DFL-MAT-J0421W,0,True,35950,0.8
DFL-MAT-J0421W,0,True,166987,0.6
DFL-MAT-J0421W,0,True,68650,0.8
DFL-MAT-J0421W,0,True,71950,0.7
DFL-MAT-J0421W,0,True,59525,0.6
DFL-MAT-J0421W,0,True,111837,0.5
DFL-MAT-J0421W,0,True,55725,0.8
DFL-MAT-J0421W,0,True,111462,0.6
DFL-MAT-J0421W,0,True,145362,0.9
DFL-MAT-J0421W,0,True,108262,0.8
DFL-MAT-J0421W,0,True,153362,0.5
DFL-MAT-J0421W,0,True,117687,0.8
DFL-MAT-J0421W,0,True,153987,0.8
DFL-MAT-J0421W,0,True,67250,0.6
DFL-MAT-J0421W,0,True,26575,0.8
DFL-MAT-J0421W,0,True,117437,0.6
DFL-MAT-J0421W,0,True,66875,0.8
DFL-MAT-J0421W,0,True,152937,0.9
DFL-MAT-J0421W,0,True,132137,1.0
DFL-MAT-J0421W,0,True,41600,1.0
DFL-MAT-J0421W,0,True,73750,0.7
DFL-MAT-J0421W,0,True,52550,0.5
DFL-MAT-J0421W,0,True,132562,0.8
DFL-MAT-J0421W,0,True,74275,0.6
DFL-MAT-J0421W,1,False,139462,0.6
DFL-MAT-J0421W,1,False,65275,0.8
DFL-MAT-J0421W,1,False,40625,0.8
DFL-MAT-J0421W,1,False,107762,0.9
DFL-MAT-J0421W,1,False,102012,0.7
DFL-MAT-J0421W,1,False,48300,1.0
DFL-MAT-J0421W,1,False,154562,0.8
DFL-MAT-J0421W,1,False,29425,0.8
DFL-MAT-J0421W,1,False,155812,0.9
DFL-MAT-J0421W,1,False,107937,0.7
DFL-MAT-J0421W,1,False,35550,0.6
DFL-MAT-J0421W,1,False,42175,0.5
DFL-MAT-J0421W,1,False,160812,0.5
DFL-MAT-J0421W,1,False,164412,1.0
DFL-MAT-J0421W,1,False,145287,1.0
DFL-MAT-J0421W,1,False,21500,0.5
DFL-MAT-J0421W,1,False,31425,0.5
DFL-MAT-J0421W,1,False,124387,0.6
DFL-MAT-J0421W,1,False,158712,0.8
DFL-MAT-J0421W,1,False,137937,0.6
DFL-MAT-J0421W,1,False,142162,0.5
DFL-MAT-J0421W,1,False,16575,1.0
DFL-MAT-J0421W,1,False,115187,0.6
DFL-MAT-J0421W,1,False,42975,0.5
DFL-MAT-J0421W,1,False,75675,0.7
DFL-MAT-J0421W,1,False,70450,0.6
DFL-MAT-J0421W,1,False,43450,0.5
DFL-MAT-J0421W,1,False,13125,0.8
DFL-MAT-J0421W,1,False,43250,0.9
DFL-MAT-J0421W,1,False,73850,0.9
DFL-MAT-J0421W,1,False,30600,0.6
DFL-MAT-J0421W,1,False,48775,0.9
DFL-MAT-J0421W,1,False,32400,0.6
DFL-MAT-J0421W,1,False,113662,0.9
DFL-MAT-J0421W,1,False,22100,0.8
DFL-MAT-J0421W,1,False,121637,1.0
DFL-MAT-J0421W,1,False,125462,0.7
DFL-MAT-J0421W,1,False,71050,0.7
DFL-MAT-J0421W,1,False,56050,0.5
DFL-MAT-J0421W,1,False,130587,0.7
DFL-MAT-J0421W,1,False,165637,1.0
DFL-MAT-J0421W,1,False,34400,1.0
DFL-MAT-J0421W,1,False,139337,0.5
DFL-MAT-J0421W,1,False,102462,0.6
DFL-MAT-J0421W,1,False,49375,1.0
DFL-MAT-J0421W,1,False,78700,0.7
DFL-MAT-J0421W,1,False,18525,0.7
DFL-MAT-J0421W,1,False,107012,1.0
DFL-MAT-J0421W,1,False,139437,0.9
DFL-MAT-J0421W,1,False,126337,1.0
DFL-MAT-J0421W,1,False,101637,0.5
DFL-MAT-J0421W,1,False,38500,1.0
DFL-MAT-J0421W,1,False,156887,0.5
DFL-MAT-J0421W,1,False,32650,1.0
DFL-MAT-J0421W,1,False,144912,0.6
DFL-MAT-J0421W,1,False,50025,1.0
DFL-MAT-J0421W,1,False,19300,0.7
DFL-MAT-J0421W,1,False,17625,1.0
DFL-MAT-J0421W,1,False,110587,0.7
DFL-MAT-J0421W,1,False,135137,0.5
DFL-MAT-J0421Z,0,False,12425,0.8
DFL-MAT-J0421Z,0,False,67100,0.5
DFL-MAT-J0421Z,0,False,55700,1.0
DFL-MAT-J0421Z,0,False,159351,0.7
DFL-MAT-J0421Z,0,False,24650,0.6
DFL-MAT-J0421Z,0,False,66600,0.7
DFL-MAT-J0421Z,0,False,139051,0.6
DFL-MAT-J0421Z,0,False,21700,0.9
DFL-MAT-J0421Z,0,False,182576,0.6
DFL-MAT-J0421Z,0,False,72600,0.5
DFL-MAT-J0421Z,0,False,48700,0.7
DFL-MAT-J0421Z,0,False,158476,0.8
DFL-MAT-J0421Z,0,False,111026,0.6
DFL-MAT-J0421Z,0,False,61950,0.9
DFL-MAT-J0421Z,0,False,128651,0.9
DFL-MAT-J0421Z,0,False,176101,0.5
DFL-MAT-J0421Z,0,False,15325,0.8
DFL-MAT-J0421Z,0,False,140576,0.7
DFL-MAT-J0421Z,0,False,151601,0.5
DFL-MAT-J0421Z,0,False,30750,0.6
DFL-MAT-J0421Z,0,False,143501,0.5
DFL-MAT-J0421Z,0,False,144626,0.6
DFL-MAT-J0421Z,0,False,118551,0.9
DFL-MAT-J0421Z,0,False,143726,0.5
DFL-MAT-J0421Z,0,False,121376,0.6
DFL-MAT-J0421Z,0,False,119726,0.8
DFL-MAT-J0421Z,0,False,38875,0.6
DFL-MAT-J0421Z,0,False,179526,0.7
DFL-MAT-J0421Z,0,False,172376,0.8
DFL-MAT-J0421Z,0,False,116751,0.8
DFL-MAT-J0421Z,0,False,15950,1.0
DFL-MAT-J0421Z,0,False,171676,0.9
DFL-MAT-J0421Z,0,False,104176,1.0
DFL-MAT-J0421Z,0,False,57025,0.5
DFL-MAT-J0421Z,0,False,140551,0.8
DFL-MAT-J0421Z,0,False,168851,0.6
DFL-MAT-J0421Z,0,False,125001,0.6
DFL-MAT-J0421Z,0,False,183876,1.0
DFL-MAT-J0421Z,0,False,117451,0.9
DFL-MAT-J0421Z,0,False,48100,1.0
DFL-MAT-J0421Z,0,False,135051,0.9
DFL-MAT-J0421Z,0,False,170451,0.8
DFL-MAT-J0421Z,0,False,48175,0.7
DFL-MAT-J0421Z,0,False,184576,0.5
DFL-MAT-J0421Z,0,False,169776,0.8
DFL-MAT-J0421Z,0,False,77275,0.6
DFL-MAT-J0421Z,0,False,187426,0.7777777777777778
DFL-MAT-J0421Z,0,False,126701,0.6
DFL-MAT-J0421Z,0,False,170976,0.6
DFL-MAT-J0421Z,0,False,166101,0.9
DFL-MAT-J0421Z,0,False,73375,1.0
DFL-MAT-J0421Z,0,False,24950,0.6
DFL-MAT-J0421Z,0,False,145576,0.7
DFL-MAT-J0421Z,0,False,71950,0.8
DFL-MAT-J0421Z,0,False,159426,0.6
DFL-MAT-J0421Z,0,False,19950,0.9
DFL-MAT-J0421Z,0,False,48550,0.9
DFL-MAT-J0421Z,0,False,111051,1.0
DFL-MAT-J0421Z,0,False,183026,0.6
DFL-MAT-J0421Z,0,False,60850,0.7
DFL-MAT-J0421Z,1,True,148501,0.7
DFL-MAT-J0421Z,1,True,36050,0.8
DFL-MAT-J0421Z,1,True,134851,0.7
DFL-MAT-J0421Z,1,True,154651,0.5
DFL-MAT-J0421Z,1,True,13775,0.8
DFL-MAT-J0421Z,1,True,22700,1.0
DFL-MAT-J0421Z,1,True,159926,1.0
DFL-MAT-J0421Z,1,True,103026,1.0
DFL-MAT-J0421Z,1,True,176601,0.6
DFL-MAT-J0421Z,1,True,127001,0.8
DFL-MAT-J0421Z,1,True,54550,0.6
DFL-MAT-J0421Z,1,True,136051,1.0
DFL-MAT-J0421Z,1,True,35025,0.5
DFL-MAT-J0421Z,1,True,49550,0.5
DFL-MAT-J0421Z,1,True,156851,0.7
DFL-MAT-J0421Z,1,True,52925,1.0
DFL-MAT-J0421Z,1,True,23700,0.9
DFL-MAT-J0421Z,1,True,60575,0.8
DFL-MAT-J0421Z,1,True,155201,0.8
DFL-MAT-J0421Z,1,True,179051,0.5
DFL-MAT-J0421Z,1,True,154101,0.6
DFL-MAT-J0421Z,1,True,104601,0.5
DFL-MAT-J0421Z,1,True,78450,0.5
DFL-MAT-J0421Z,1,True,109626,1.0
DFL-MAT-J0421Z,1,True,45150,0.6
DFL-MAT-J0421Z,1,True,50575,0.6
DFL-MAT-J0421Z,1,True,161476,0.8
DFL-MAT-J0421Z,1,True,108276,0.9
DFL-MAT-J0421Z,1,True,42875,0.9
DFL-MAT-J0421Z,1,True,131776,0.6
DFL-MAT-J0421Z,1,True,76000,0.8
DFL-MAT-J0421Z,1,True,182951,0.6
DFL-MAT-J0421Z,1,True,114151,0.6
DFL-MAT-J0421Z,1,True,136151,1.0
DFL-MAT-J0421Z,1,True,64725,1.0
DFL-MAT-J0421Z,1,True,148976,0.7
DFL-MAT-J0421Z,1,True,59450,0.8
DFL-MAT-J0421Z,1,True,63175,0.8
DFL-MAT-J0421Z,1,True,185826,0.7
DFL-MAT-J0421Z,1,True,70775,1.0
DFL-MAT-J0421Z,1,True,144776,0.5
DFL-MAT-J0421Z,1,True,147826,0.6
DFL-MAT-J0421Z,1,True,36700,0.5
DFL-MAT-J0421Z,1,True,68475,0.8
DFL-MAT-J0421Z,1,True,101201,0.8
DFL-MAT-J0421Z,1,True,132626,1.0
DFL-MAT-J0421Z,1,True,19100,0.7
DFL-MAT-J0421Z,1,True,108001,0.7
DFL-MAT-J0421Z,1,True,53300,1.0
DFL-MAT-J0421Z,1,True,132176,0.8
DFL-MAT-J0421Z,1,True,46300,0.6
DFL-MAT-J0421Z,1,True,141176,1.0
DFL-MAT-J0421Z,1,True,66100,0.8
DFL-MAT-J0421Z,1,True,156276,0.7
DFL-MAT-J0421Z,1,True,76075,0.7
DFL-MAT-J0421Z,1,True,23350,0.5
DFL-MAT-J0421Z,1,True,45175,0.6
DFL-MAT-J0421Z,1,True,112526,0.8
DFL-MAT-J0421Z,1,True,113676,0.8
DFL-MAT-J0421Z,1,True,70850,1.0
DFL-MAT-J0422E,0,True,25450,0.7
DFL-MAT-J0422E,0,True,58450,0.7
DFL-MAT-J0422E,0,True,118574,0.7
DFL-MAT-J0422E,0,True,170149,1.0
DFL-MAT-J0422E,0,True,117349,0.6
DFL-MAT-J0422E,0,True,164149,1.0
DFL-MAT-J0422E,0,True,153724,0.7
DFL-MAT-J0422E,0,True,171124,0.6
DFL-MAT-J0422E,0,True,122774,0.7
DFL-MAT-J0422E,0,True,118224,0.6
DFL-MAT-J0422E,0,True,55350,0.8
DFL-MAT-J0422E,0,True,55300,1.0
DFL-MAT-J0422E,0,True,67450,0.9
DFL-MAT-J0422E,0,True,55725,0.9
DFL-MAT-J0422E,0,True,109674,0.5
DFL-MAT-J0422E,0,True,116899,0.6
DFL-MAT-J0422E,0,True,169974,0.9
DFL-MAT-J0422E,0,True,32525,1.0
DFL-MAT-J0422E,0,True,105549,0.7
DFL-MAT-J0422E,0,True,73000,1.0
DFL-MAT-J0422E,0,True,159524,0.8
DFL-MAT-J0422E,0,True,71425,1.0
DFL-MAT-J0422E,0,True,25375,1.0
DFL-MAT-J0422E,0,True,105774,1.0
DFL-MAT-J0422E,0,True,108899,0.9
DFL-MAT-J0422E,0,True,159124,0.5
DFL-MAT-J0422E,0,True,177099,0.9
DFL-MAT-J0422E,0,True,141524,1.0
DFL-MAT-J0422E,0,True,119074,0.8
DFL-MAT-J0422E,0,True,129924,0.8
DFL-MAT-J0422E,0,True,21375,0.8
DFL-MAT-J0422E,0,True,107374,0.6
DFL-MAT-J0422E,0,True,32025,0.7
DFL-MAT-J0422E,0,True,72800,1.0
DFL-MAT-J0422E,0,True,56925,0.9
DFL-MAT-J0422E,0,True,74175,0.8
DFL-MAT-J0422E,0,True,44475,1.0
DFL-MAT-J0422E,0,True,118024,1.0
DFL-MAT-J0422E,0,True,107824,0.7
DFL-MAT-J0422E,0,True,33150,0.8
DFL-MAT-J0422E,0,True,29400,0.6
DFL-MAT-J0422E,0,True,76775,1.0
DFL-MAT-J0422E,0,True,16875,0.7
DFL-MAT-J0422E,0,True,141749,0.6
DFL-MAT-J0422E,0,True,154424,0.9
DFL-MAT-J0422E,0,True,155124,0.5
DFL-MAT-J0422E,0,True,18325,0.9
DFL-MAT-J0422E,0,True,49375,0.8
DFL-MAT-J0422E,0,True,104799,1.0
DFL-MAT-J0422E,0,True,153874,0.7
DFL-MAT-J0422E,0,True,142124,0.9
DFL-MAT-J0422E,0,True,71450,1.0
DFL-MAT-J0422E,0,True,65400,0.6
DFL-MAT-J0422E,0,True,176349,0.8
DFL-MAT-J0422E,0,True,53625,0.8
DFL-MAT-J0422E,0,True,54700,0.5
DFL-MAT-J0422E,0,True,175724,0.8
DFL-MAT-J0422E,0,True,149274,0.9
DFL-MAT-J0422E,0,True,72725,0.8
DFL-MAT-J0422E,0,True,78075,0.8
DFL-MAT-J0422E,1,False,45775,0.7
DFL-MAT-J0422E,1,False,14025,0.7
DFL-MAT-J0422E,1,False,125649,0.5
DFL-MAT-J0422E,1,False,156699,0.9
DFL-MAT-J0422E,1,False,144924,0.6
DFL-MAT-J0422E,1,False,24500,0.9
DFL-MAT-J0422E,1,False,81925,0.7
DFL-MAT-J0422E,1,False,133074,0.6
DFL-MAT-J0422E,1,False,124774,0.7
DFL-MAT-J0422E,1,False,71525,0.9
DFL-MAT-J0422E,1,False,30350,0.6
DFL-MAT-J0422E,1,False,116324,0.6
DFL-MAT-J0422E,1,False,50450,0.8
DFL-MAT-J0422E,1,False,128724,0.5
DFL-MAT-J0422E,1,False,147624,0.7
DFL-MAT-J0422E,1,False,63650,0.9
DFL-MAT-J0422E,1,False,116224,1.0
DFL-MAT-J0422E,1,False,26625,0.6
DFL-MAT-J0422E,1,False,159949,0.9
DFL-MAT-J0422E,1,False,20025,0.6
DFL-MAT-J0422E,1,False,29700,0.7
DFL-MAT-J0422E,1,False,129024,0.7
DFL-MAT-J0422E,1,False,30225,0.8
DFL-MAT-J0422E,1,False,147149,1.0
DFL-MAT-J0422E,1,False,53275,0.5
DFL-MAT-J0422E,1,False,108724,0.6
DFL-MAT-J0422E,1,False,172574,0.6
DFL-MAT-J0422E,1,False,162774,0.5
DFL-MAT-J0422E,1,False,40025,0.7
DFL-MAT-J0422E,1,False,132799,0.8
DFL-MAT-J0422E,1,False,14075,1.0
DFL-MAT-J0422E,1,False,126624,0.5
DFL-MAT-J0422E,1,False,45675,0.6
DFL-MAT-J0422E,1,False,108149,0.7
DFL-MAT-J0422E,1,False,26300,0.7
DFL-MAT-J0422E,1,False,76575,0.9
DFL-MAT-J0422E,1,False,147249,0.9
DFL-MAT-J0422E,1,False,108474,0.8
DFL-MAT-J0422E,1,False,161249,0.6
DFL-MAT-J0422E,1,False,103824,1.0
DFL-MAT-J0422E,1,False,10375,0.7
DFL-MAT-J0422E,1,False,167999,1.0
DFL-MAT-J0422E,1,False,177774,1.0
DFL-MAT-J0422E,1,False,100224,0.8
DFL-MAT-J0422E,1,False,12575,0.6
DFL-MAT-J0422E,1,False,40300,0.8
DFL-MAT-J0422E,1,False,81850,1.0
DFL-MAT-J0422E,1,False,62825,0.5
DFL-MAT-J0422E,1,False,141224,0.9
DFL-MAT-J0422E,1,False,42500,0.7
DFL-MAT-J0422E,1,False,109174,0.8
DFL-MAT-J0422E,1,False,159999,0.7
DFL-MAT-J0422E,1,False,172174,0.5
DFL-MAT-J0422E,1,False,136024,0.6
DFL-MAT-J0422E,1,False,142274,0.9
DFL-MAT-J0422E,1,False,23875,0.9
DFL-MAT-J0422E,1,False,151024,0.6
DFL-MAT-J0422E,1,False,145199,1.0
DFL-MAT-J0422E,1,False,133124,0.6
DFL-MAT-J0422E,1,False,72075,0.9
DFL-MAT-J0422G,0,False,53525,0.6
DFL-MAT-J0422G,0,False,62150,0.8
DFL-MAT-J0422G,0,False,60075,0.7
DFL-MAT-J0422G,0,False,146865,0.7
DFL-MAT-J0422G,0,False,116765,0.7
DFL-MAT-J0422G,0,False,159290,0.6
DFL-MAT-J0422G,0,False,101265,0.5
DFL-MAT-J0422G,0,False,33400,0.7
DFL-MAT-J0422G,0,False,63875,0.9
DFL-MAT-J0422G,0,False,145490,1.0
DFL-MAT-J0422G,0,False,69200,0.9
DFL-MAT-J0422G,0,False,160240,1.0
DFL-MAT-J0422G,0,False,117515,1.0
DFL-MAT-J0422G,0,False,48425,0.7
DFL-MAT-J0422G,0,False,114015,0.8
DFL-MAT-J0422G,0,False,80775,0.7
DFL-MAT-J0422G,0,False,151315,0.8
DFL-MAT-J0422G,0,False,36650,0.7
DFL-MAT-J0422G,0,False,45750,0.6
DFL-MAT-J0422G,0,False,18275,0.9
DFL-MAT-J0422G,0,False,152165,0.5
DFL-MAT-J0422G,0,False,167490,0.7
DFL-MAT-J0422G,0,False,154665,0.9
DFL-MAT-J0422G,0,False,33525,0.6
DFL-MAT-J0422G,0,False,154690,0.7
DFL-MAT-J0422G,0,False,163565,0.7
DFL-MAT-J0422G,0,False,63050,0.8
DFL-MAT-J0422G,0,False,146090,0.6
DFL-MAT-J0422G,0,False,48675,0.5
DFL-MAT-J0422G,0,False,46300,0.6
DFL-MAT-J0422G,0,False,33600,0.6
DFL-MAT-J0422G,0,False,142965,0.9
DFL-MAT-J0422G,0,False,46675,0.5
DFL-MAT-J0422G,0,False,36500,0.6
DFL-MAT-J0422G,0,False,161790,0.6
DFL-MAT-J0422G,0,False,33875,1.0
DFL-MAT-J0422G,0,False,157915,0.6
DFL-MAT-J0422G,0,False,174190,0.8
DFL-MAT-J0422G,0,False,169540,1.0
DFL-MAT-J0422G,0,False,65950,1.0
DFL-MAT-J0422G,0,False,59525,0.6
DFL-MAT-J0422G,0,False,56500,0.5
DFL-MAT-J0422G,0,False,47950,0.7
DFL-MAT-J0422G,0,False,117065,0.6
DFL-MAT-J0422G,0,False,80650,0.6
DFL-MAT-J0422G,0,False,158640,1.0
DFL-MAT-J0422G,0,False,137265,0.6
DFL-MAT-J0422G,0,False,71900,0.6
DFL-MAT-J0422G,0,False,155640,0.8
DFL-MAT-J0422G,0,False,123090,0.6
DFL-MAT-J0422G,0,False,22275,0.6
DFL-MAT-J0422G,0,False,28575,0.9
DFL-MAT-J0422G,0,False,27450,0.9
DFL-MAT-J0422G,0,False,73450,0.6
DFL-MAT-J0422G,0,False,127940,0.6
DFL-MAT-J0422G,0,False,38400,0.8
DFL-MAT-J0422G,0,False,127290,0.7
DFL-MAT-J0422G,0,False,62050,0.8
DFL-MAT-J0422G,0,False,27475,0.7
DFL-MAT-J0422G,0,False,105365,0.6
DFL-MAT-J0422G,1,True,133690,0.9
DFL-MAT-J0422G,1,True,115165,0.6
DFL-MAT-J0422G,1,True,149840,0.6
DFL-MAT-J0422G,1,True,172840,1.0
DFL-MAT-J0422G,1,True,17225,1.0
DFL-MAT-J0422G,1,True,42150,1.0
DFL-MAT-J0422G,1,True,77350,0.5
DFL-MAT-J0422G,1,True,133615,1.0
DFL-MAT-J0422G,1,True,111740,0.9
DFL-MAT-J0422G,1,True,159715,0.7
DFL-MAT-J0422G,1,True,27825,0.9
DFL-MAT-J0422G,1,True,39850,0.9
DFL-MAT-J0422G,1,True,52600,0.6
DFL-MAT-J0422G,1,True,30475,0.6
DFL-MAT-J0422G,1,True,34225,0.7
DFL-MAT-J0422G,1,True,120765,0.6
DFL-MAT-J0422G,1,True,28750,0.6
DFL-MAT-J0422G,1,True,11675,0.9
DFL-MAT-J0422G,1,True,171890,0.8
DFL-MAT-J0422G,1,True,177315,0.7
DFL-MAT-J0422G,1,True,148615,0.6
DFL-MAT-J0422G,1,True,176090,0.9
DFL-MAT-J0422G,1,True,25100,0.8
DFL-MAT-J0422G,1,True,100740,1.0
DFL-MAT-J0422G,1,True,41975,0.6
DFL-MAT-J0422G,1,True,51125,0.7
DFL-MAT-J0422G,1,True,74825,0.8
DFL-MAT-J0422G,1,True,74575,0.8
DFL-MAT-J0422G,1,True,178665,0.8
DFL-MAT-J0422G,1,True,26650,1.0
DFL-MAT-J0422G,1,True,102015,1.0
DFL-MAT-J0422G,1,True,36275,0.5
DFL-MAT-J0422G,1,True,18900,0.7
DFL-MAT-J0422G,1,True,56725,0.7
DFL-MAT-J0422G,1,True,110590,0.9
DFL-MAT-J0422G,1,True,104390,0.7
DFL-MAT-J0422G,1,True,80400,0.7
DFL-MAT-J0422G,1,True,25000,1.0
DFL-MAT-J0422G,1,True,124965,0.9
DFL-MAT-J0422G,1,True,40775,0.7
DFL-MAT-J0422G,1,True,115290,0.5
DFL-MAT-J0422G,1,True,17600,0.6
DFL-MAT-J0422G,1,True,76025,0.6
DFL-MAT-J0422G,1,True,49175,0.5
DFL-MAT-J0422G,1,True,150615,0.9
DFL-MAT-J0422G,1,True,142415,0.6
DFL-MAT-J0422G,1,True,126590,0.7
DFL-MAT-J0422G,1,True,125690,0.9
DFL-MAT-J0422G,1,True,20275,0.9
DFL-MAT-J0422G,1,True,110565,0.6
DFL-MAT-J0422G,1,True,178715,0.6
DFL-MAT-J0422G,1,True,133590,0.8
DFL-MAT-J0422G,1,True,111665,0.8
DFL-MAT-J0422G,1,True,29875,0.7
DFL-MAT-J0422G,1,True,39550,1.0
DFL-MAT-J0422G,1,True,176815,0.9
DFL-MAT-J0422G,1,True,15500,1.0
DFL-MAT-J0422G,1,True,29325,0.8
DFL-MAT-J0422G,1,True,44150,1.0
DFL-MAT-J0422G,1,True,11150,1.0
