match_id,team,is_hsv,frame,directional_with_gk,coherence_with_gk,directional_no_gk,coherence_no_gk
DFL-MAT-J041UB,0,False,146014,0.6363636363636364,0.5917630171561012,0.6,0.5719233175715983
DFL-MAT-J041UB,0,False,16200,0.6363636363636364,0.6116805516492849,0.6,0.601682364937606
DFL-MAT-J041UB,0,False,52500,1.0,0.6128114345583724,1.0,0.6097175512840504
DFL-MAT-J041UB,0,False,69700,0.8181818181818182,0.5533375150418043,0.8,0.556819804311283
DFL-MAT-J041UB,0,False,134614,0.5454545454545454,0.7906053576341587,0.5,0.7809522124638197
DFL-MAT-J041UB,0,False,147264,0.5454545454545454,0.609551113722603,0.6,0.5928569223204472
DFL-MAT-J041UB,0,False,152539,0.8181818181818182,0.5046633548561368,0.8,0.48209710436239217
DFL-MAT-J041UB,0,False,78625,0.8181818181818182,0.32450166279700066,0.8,0.2928576460944242
DFL-MAT-J041UB,0,False,79725,0.8181818181818182,0.42302739199400097,0.8,0.39746378202223565
DFL-MAT-J041UB,0,False,105589,1.0,0.5351453659448276,1.0,0.5750209423440067
DFL-MAT-J041UB,0,False,171189,0.8181818181818182,0.3262347343231453,0.8,0.4528244231951991
DFL-MAT-J041UB,0,False,154989,0.5454545454545454,0.4349695374282728,0.6,0.4130834489358972
DFL-MAT-J041UB,0,False,36775,0.6363636363636364,0.16065069521383035,0.6,0.12029089094686629
DFL-MAT-J041UB,0,False,72200,0.5454545454545454,0.22083159309910783,0.5,0.18280427470033345
DFL-MAT-J041UB,0,False,170489,0.7272727272727273,0.8522771273451415,0.8,0.8569851200243324
DFL-MAT-J041UB,0,False,143114,0.6363636363636364,0.420794562845238,0.7,0.4098813707497002
DFL-MAT-J041UB,0,False,18900,0.8181818181818182,0.02085993006064102,0.8,0.0
DFL-MAT-J041UB,0,False,16500,0.5454545454545454,0.7085268196863802,0.5,0.6953942763359106
DFL-MAT-J041UB,0,False,112514,0.6363636363636364,0.33390607112396675,0.6,0.3149901242904133
DFL-MAT-J041UB,0,False,106439,0.7272727272727273,0.4172014261921543,0.8,0.41390102611113777
DFL-MAT-J041UB,0,False,130214,0.5454545454545454,0.4007968477992382,0.5,0.3747898580934964
DFL-MAT-J041UB,0,False,144814,0.6363636363636364,0.2675206756993017,0.6,0.2318267698976032
DFL-MAT-J041UB,0,False,147164,0.6363636363636364,0.5292845483653941,0.7,0.5590379159620491
DFL-MAT-J041UB,0,False,153689,1.0,0.5038874037965752,1.0,0.5862050591944994
DFL-MAT-J041UB,0,False,133764,0.9090909090909091,0.7041963060363337,0.9,0.6926331827722663
DFL-MAT-J041UB,0,False,32400,0.5454545454545454,0.40058019897470654,0.5,0.3733152961212073
DFL-MAT-J041UB,0,False,19175,0.6363636363636364,0.23599358093841105,0.7,0.20698075584052067
DFL-MAT-J041UB,0,False,109114,0.7272727272727273,0.6746493579653834,0.8,0.6723786365325406
DFL-MAT-J041UB,0,False,145664,0.6363636363636364,0.42792944672483524,0.7,0.40524688828448274
DFL-MAT-J041UB,0,False,145264,0.7272727272727273,0.5822748943225238,0.7,0.5810549256999087
DFL-MAT-J041UB,0,False,128214,0.5454545454545454,0.5704583664604442,0.6,0.5498089191220641
DFL-MAT-J041UB,0,False,159914,0.5454545454545454,0.7373503385387293,0.6,0.7341705246585073
DFL-MAT-J041UB,0,False,107364,0.8181818181818182,0.7037532369689969,0.8,0.6911119778916563
DFL-MAT-J041UB,0,False,35975,0.5454545454545454,0.6461700875440712,0.6,0.6389812567930089
DFL-MAT-J041UB,0,False,147014,0.7272727272727273,0.5289715350708499,0.7,0.5092983608580675
DFL-MAT-J041UB,0,False,160564,0.5454545454545454,0.7352074896265631,0.5,0.7223208349773612
DFL-MAT-J041UB,0,False,100314,0.6363636363636364,0.733416971410803,0.7,0.7280584439446729
DFL-MAT-J041UB,0,False,100089,0.9090909090909091,0.42915944706370845,0.9,0.4050678809958259
DFL-MAT-J041UB,0,False,105814,0.9090909090909091,0.2424275967180164,0.9,0.2583024385434003
DFL-MAT-J041UB,0,False,151889,0.7272727272727273,0.5921931024955309,0.7,0.583774787733104
DFL-MAT-J041UB,0,False,150814,0.5454545454545454,0.0,0.6,0.0
DFL-MAT-J041UB,0,False,145964,0.5454545454545454,0.5394544204711236,0.5,0.5179067121930004
DFL-MAT-J041UB,0,False,101739,1.0,0.5955083018789361,1.0,0.6401114984293852
DFL-MAT-J041UB,0,False,135614,0.7272727272727273,0.3324244344030238,0.8,0.30491343381282543
DFL-MAT-J041UB,0,False,30900,0.7272727272727273,0.7502235217134603,0.7,0.7429634575726745
DFL-MAT-J041UB,0,False,40500,0.8181818181818182,0.709581760193926,0.8,0.6967535366950205
DFL-MAT-J041UB,0,False,18675,0.9090909090909091,0.3592578070818372,0.9,0.35101083487787843
DFL-MAT-J041UB,0,False,34525,0.7272727272727273,0.7952987417535768,0.7,0.7905224081825476
DFL-MAT-J041UB,0,False,19250,0.7272727272727273,0.2524285300733352,0.8,0.23975912753462525
DFL-MAT-J041UB,0,False,126414,0.5454545454545454,0.224353192712211,0.6,0.18660145106264692
DFL-MAT-J041UB,0,False,111464,0.9090909090909091,0.5663807470937241,0.9,0.5784410071022513
DFL-MAT-J041UB,0,False,79125,0.7272727272727273,0.391444734922193,0.8,0.3906011989331296
DFL-MAT-J041UB,0,False,100114,0.5454545454545454,0.35320065380535637,0.5,0.3242297510366676
DFL-MAT-J041UB,0,False,133089,0.7272727272727273,0.8523848324330089,0.7,0.8460125096601728
DFL-MAT-J041UB,0,False,27075,0.5454545454545454,0.3590506607916175,0.6,0.3412155672556777
DFL-MAT-J041UB,0,False,162589,1.0,0.41958498540033984,1.0,0.46058758600718996
DFL-MAT-J041UB,0,False,133639,0.8181818181818182,0.07595108830455799,0.8,0.0578832682224949
DFL-MAT-J041UB,0,False,69900,0.6363636363636364,0.6833177737863193,0.6,0.6698984864053203
DFL-MAT-J041UB,0,False,68950,0.5454545454545454,0.6994420054726105,0.5,0.6875107617853304
DFL-MAT-J041UB,0,False,14725,0.8181818181818182,0.29695993228392825,0.9,0.3308391021607143
DFL-MAT-J041UB,1,True,57475,0.9090909090909091,0.4691081994798524,0.9,0.47896548266350225
DFL-MAT-J041UB,1,True,142314,0.5454545454545454,0.6286466359134426,0.6,0.6138681426678823
DFL-MAT-J041UB,1,True,129639,0.7272727272727273,0.6934332816936751,0.7,0.6798136632322408
DFL-MAT-J041UB,1,True,151264,1.0,0.5412308621472104,1.0,0.581598070511242
DFL-MAT-J041UB,1,True,27200,0.6363636363636364,0.6607945838025273,0.6,0.6857062715325184
DFL-MAT-J041UB,1,True,114789,1.0,0.1945450268828458,1.0,0.2501046296867453
DFL-MAT-J041UB,1,True,27900,0.8181818181818182,0.67585940126458,0.8,0.6600514002652298
DFL-MAT-J041UB,1,True,17300,1.0,0.43978812147730484,1.0,0.4926801704570488
DFL-MAT-J041UB,1,True,139639,1.0,0.6209146862790939,1.0,0.7208149294975428
DFL-MAT-J041UB,1,True,43800,0.6363636363636364,0.7800630579443049,0.6,0.769366885831501
DFL-MAT-J041UB,1,True,29425,1.0,0.7088759291154152,1.0,0.7054907221844328
DFL-MAT-J041UB,1,True,142539,0.6363636363636364,0.7040950044207814,0.7,0.6916494705322391
DFL-MAT-J041UB,1,True,77275,1.0,0.489872207283949,1.0,0.5901003245260394
DFL-MAT-J041UB,1,True,174514,0.5454545454545454,0.5890332368744156,0.5,0.5719081665486967
DFL-MAT-J041UB,1,True,119289,0.8181818181818182,0.33898346790442146,0.8,0.30693288661478546
DFL-MAT-J041UB,1,True,64700,0.5454545454545454,0.33282955411966497,0.6,0.30060808534246153
DFL-MAT-J041UB,1,True,50575,0.6363636363636364,0.7269608109527171,0.7,0.7139038008914362
DFL-MAT-J041UB,1,True,55150,0.9090909090909091,0.32439616522573245,0.9,0.3099518109590794
DFL-MAT-J041UB,1,True,152364,0.7272727272727273,0.6150764744320734,0.7,0.6023683834578273
DFL-MAT-J041UB,1,True,138964,0.9090909090909091,0.543814656328215,0.9,0.5232593133947674
DFL-MAT-J041UB,1,True,38200,0.7272727272727273,0.16720976858283987,0.7,0.13557107013895342
DFL-MAT-J041UB,1,True,121864,0.7272727272727273,0.5572932005062226,0.8,0.568818426112911
DFL-MAT-J041UB,1,True,67450,0.5454545454545454,0.309305571682285,0.6,0.2994057085564724
DFL-MAT-J041UB,1,True,110164,0.7272727272727273,0.4908848401730669,0.8,0.48074300453365726
DFL-MAT-J041UB,1,True,121939,1.0,0.5086853797110221,1.0,0.6230258320351989
DFL-MAT-J041UB,1,True,110264,1.0,0.7239809844352125,1.0,0.7730462720114374
DFL-MAT-J041UB,1,True,172189,0.9090909090909091,0.6114492075374014,0.9,0.6054310087647637
DFL-MAT-J041UB,1,True,67425,0.6363636363636364,0.25624150873292695,0.6,0.2264432396557975
DFL-MAT-J041UB,1,True,22950,0.9090909090909091,0.2879207533092183,0.9,0.2698358421561009
DFL-MAT-J041UB,1,True,50075,1.0,0.5577230529971335,1.0,0.5640702622944795
DFL-MAT-J041UB,1,True,23850,0.8181818181818182,0.13371965211502013,0.8,0.10004289315086257
DFL-MAT-J041UB,1,True,154239,0.9090909090909091,0.6987508744506995,0.9,0.68607723179687
DFL-MAT-J041UB,1,True,174639,1.0,0.4254315419700708,1.0,0.5178442415183471
DFL-MAT-J041UB,1,True,110914,0.8181818181818182,0.39898657362464074,0.8,0.37325776937827737
DFL-MAT-J041UB,1,True,65575,0.5454545454545454,0.5924990427935035,0.5,0.5751929092245649
DFL-MAT-J041UB,1,True,173114,0.6363636363636364,0.4560768164311835,0.6,0.4396664760824168
DFL-MAT-J041UB,1,True,17900,0.6363636363636364,0.5156044419825629,0.6,0.49580265193464057
DFL-MAT-J041UB,1,True,51500,0.8181818181818182,0.5713765699964488,0.8,0.5511056908793963
DFL-MAT-J041UB,1,True,122214,0.8181818181818182,0.4370375725055732,0.9,0.616462827443089
DFL-MAT-J041UB,1,True,36325,1.0,0.5736950945238628,1.0,0.6285807144300088
DFL-MAT-J041UB,1,True,23800,0.7272727272727273,0.7691179139177242,0.8,0.8033021092958528
DFL-MAT-J041UB,1,True,73750,0.7272727272727273,0.8560531380425698,0.7,0.8640313425865196
DFL-MAT-J041UB,1,True,109839,1.0,0.7967977184088316,1.0,0.7914158797205508
DFL-MAT-J041UB,1,True,120739,0.7272727272727273,0.8780389724923875,0.7,0.8735655194158342
DFL-MAT-J041UB,1,True,64900,0.6363636363636364,0.6153874442375917,0.6,0.5973521421008247
DFL-MAT-J041UB,1,True,52275,0.6363636363636364,0.5544349241192361,0.7,0.5783880536299637
DFL-MAT-J041UB,1,True,73675,0.5454545454545454,0.8183814221110502,0.6,0.8534985144867601
DFL-MAT-J041UB,1,True,164014,1.0,0.39342068400324737,1.0,0.49022122545001745
DFL-MAT-J041UB,1,True,165539,0.8181818181818182,0.7417842652858291,0.9,0.748887409686873
DFL-MAT-J041UB,1,True,139964,1.0,0.5731758968739389,1.0,0.6340419440876359
DFL-MAT-J041UB,1,True,109389,0.7272727272727273,0.5194265952544046,0.7,0.49892021538683096
DFL-MAT-J041UB,1,True,58675,1.0,0.671146503433708,1.0,0.6799989621981081
DFL-MAT-J041UB,1,True,129314,0.5454545454545454,0.5987030277209312,0.5,0.5795464504540622
DFL-MAT-J041UB,1,True,64675,0.6363636363636364,0.39260176770971444,0.7,0.3766392641476727
DFL-MAT-J041UB,1,True,19350,0.7272727272727273,0.4768269246869642,0.7,0.45859538159553725
DFL-MAT-J041UB,1,True,110014,0.9090909090909091,0.5360532515026053,0.9,0.5173287319987223
DFL-MAT-J041UB,1,True,45350,0.6363636363636364,0.5116059226220294,0.6,0.4880674129233682
DFL-MAT-J041UB,1,True,136914,0.8181818181818182,0.20843292462869645,0.8,0.17038267831743392
DFL-MAT-J041UB,1,True,127514,0.7272727272727273,0.0,0.8,0.0
DFL-MAT-J041UB,1,True,21250,0.9090909090909091,0.8137934058109828,0.9,0.8143820404069742
DFL-MAT-J041UN,0,True,106870,1.0,0.7008475554011178,1.0,0.6976463826769976
DFL-MAT-J041UN,0,True,63475,0.9090909090909091,0.3855097823225765,0.9,0.3706062048981732
DFL-MAT-J041UN,0,True,43775,0.6363636363636364,0.7161911355123456,0.6,0.7147659898612931
DFL-MAT-J041UN,0,True,106720,0.5454545454545454,0.7693397739978906,0.5,0.7596332474165128
DFL-MAT-J041UN,0,True,34250,0.7272727272727273,0.5556038842198979,0.7,0.5379078122214235
DFL-MAT-J041UN,0,True,172945,0.7,0.4943591438043866,0.7777777777777778,0.47891987859610285
DFL-MAT-J041UN,0,True,68925,0.6363636363636364,0.4024773353407177,0.7,0.39482664442441673
DFL-MAT-J041UN,0,True,58875,0.7272727272727273,0.7433701555029593,0.7,0.7351493661028579
DFL-MAT-J041UN,0,True,119270,0.9090909090909091,0.2000533063259634,0.9,0.20880179122896125
DFL-MAT-J041UN,0,True,26450,1.0,0.6493375935982824,1.0,0.6721431080602234
DFL-MAT-J041UN,0,True,180645,0.9,0.21315021751793495,1.0,0.27608325732524075
DFL-MAT-J041UN,0,True,102220,0.6363636363636364,0.4690006339022671,0.6,0.456880871191487
DFL-MAT-J041UN,0,True,100270,1.0,0.25846974243537957,1.0,0.30692900559728353
DFL-MAT-J041UN,0,True,155145,0.8,0.7055860349928139,0.7777777777777778,0.6973950464265266
DFL-MAT-J041UN,0,True,102495,0.7272727272727273,0.4272414399853076,0.8,0.42474212263015876
DFL-MAT-J041UN,0,True,78900,0.6363636363636364,0.49587321092287895,0.7,0.4802108254173759
DFL-MAT-J041UN,0,True,30300,1.0,0.7548522037578547,1.0,0.7706739114252519
DFL-MAT-J041UN,0,True,39425,0.8181818181818182,0.683697187776601,0.8,0.6822535074896303
DFL-MAT-J041UN,0,True,177620,0.6,0.7156722038232886,0.6666666666666666,0.7108811623008751
DFL-MAT-J041UN,0,True,104970,0.5454545454545454,0.8640591469779916,0.6,0.8592343467818488
DFL-MAT-J041UN,0,True,130445,0.7272727272727273,0.5659822363629247,0.7,0.5447986551332065
DFL-MAT-J041UN,0,True,112520,0.5454545454545454,0.6618414501208744,0.5,0.6916464567893854
DFL-MAT-J041UN,0,True,141770,0.5454545454545454,0.6136878083314687,0.6,0.5962898137797862
DFL-MAT-J041UN,0,True,17750,0.6363636363636364,0.5862504013853798,0.6,0.6106520832866604
DFL-MAT-J041UN,0,True,40575,1.0,0.7156013143738571,1.0,0.7358391797916152
DFL-MAT-J041UN,0,True,151970,0.5,0.6000278145011426,0.5555555555555556,0.580301502333129
DFL-MAT-J041UN,0,True,106520,0.6363636363636364,0.9083295697783471,0.7,0.9038562759876483
DFL-MAT-J041UN,0,True,177720,0.6,0.43658769252601237,0.6666666666666666,0.40775055305988883
DFL-MAT-J041UN,0,True,138245,0.8181818181818182,0.435746279543078,0.9,0.46321649312371016
DFL-MAT-J041UN,0,True,29550,1.0,0.8440866933003214,1.0,0.8372162960740461
DFL-MAT-J041UN,0,True,163345,1.0,0.33947146088059454,1.0,0.34640535079840606
DFL-MAT-J041UN,0,True,35275,0.9090909090909091,0.10437634750528002,1.0,0.11973571465563826
DFL-MAT-J041UN,0,True,158070,0.7,0.37816285911469816,0.6666666666666666,0.3453021727283955
DFL-MAT-J041UN,0,True,15850,0.7272727272727273,0.8468059741552957,0.8,0.8433851553634575
DFL-MAT-J041UN,0,True,62400,0.5454545454545454,0.38719968510926916,0.6,0.4053991604351367
DFL-MAT-J041UN,0,True,155945,0.8,0.5440702004529459,0.7777777777777778,0.5205285249806177
DFL-MAT-J041UN,0,True,119170,1.0,0.6142552158018066,1.0,0.62924570659432
DFL-MAT-J041UN,0,True,141695,0.7272727272727273,0.8332212262242868,0.8,0.8314407409690887
DFL-MAT-J041UN,0,True,22900,0.8181818181818182,0.25447779908429513,0.8,0.2378235171665708
DFL-MAT-J041UN,0,True,106120,0.6363636363636364,0.8769817653651815,0.7,0.872602453864929
DFL-MAT-J041UN,0,True,58275,0.8181818181818182,0.482343056965843,0.9,0.4912378693687951
DFL-MAT-J041UN,0,True,126545,1.0,0.4554987192757164,1.0,0.4712842312858334
DFL-MAT-J041UN,0,True,115495,0.6363636363636364,0.19431581525534813,0.6,0.15507205038704486
DFL-MAT-J041UN,0,True,154870,0.7,0.7131721858240161,0.7777777777777778,0.6994829292240701
DFL-MAT-J041UN,0,True,40850,0.9090909090909091,0.5405853788392976,0.9,0.5363860374206086
DFL-MAT-J041UN,0,True,36300,0.7272727272727273,0.394267595204693,0.8,0.5207024679644444
DFL-MAT-J041UN,0,True,115795,0.5454545454545454,0.23473304233223924,0.5,0.19742289993896112
DFL-MAT-J041UN,0,True,120095,0.8181818181818182,0.7428607452901164,0.9,0.7719246763347161
DFL-MAT-J041UN,0,True,135045,0.7272727272727273,0.5680063886054003,0.8,0.560503486821128
DFL-MAT-J041UN,0,True,105620,0.5454545454545454,0.9063422988108017,0.6,0.902693641339246
DFL-MAT-J041UN,0,True,103320,0.9090909090909091,0.2905448366815463,0.9,0.2956262815547356
DFL-MAT-J041UN,0,True,68475,0.9090909090909091,0.7218043833037712,0.9,0.7123392726859423
DFL-MAT-J041UN,0,True,26500,0.8181818181818182,0.3832754657116775,0.9,0.4672797330072439
DFL-MAT-J041UN,0,True,70450,0.7272727272727273,0.5257231612311009,0.7,0.5061214662960543
DFL-MAT-J041UN,0,True,117870,0.8181818181818182,0.9393562077782178,0.9,0.9400169028599533
DFL-MAT-J041UN,0,True,63975,0.7272727272727273,0.6423406473076898,0.7,0.6468690704568039
DFL-MAT-J041UN,0,True,174970,0.6,0.42519055185683396,0.5555555555555556,0.40515555772418455
DFL-MAT-J041UN,0,True,119695,0.5454545454545454,0.7818257426897868,0.5,0.806367956766932
DFL-MAT-J041UN,0,True,128870,0.6363636363636364,0.7902572439219614,0.7,0.7807227850519601
DFL-MAT-J041UN,0,True,34625,0.6363636363636364,0.6430696069420914,0.7,0.6446221413142876
DFL-MAT-J041UN,1,False,28400,0.7272727272727273,0.8310787752569555,0.8,0.855029412808024
DFL-MAT-J041UN,1,False,159470,0.8181818181818182,0.5331330733900581,0.9,0.5696064475814447
DFL-MAT-J041UN,1,False,135120,0.8181818181818182,0.6769439745151404,0.8,0.6614928657036867
DFL-MAT-J041UN,1,False,13575,0.5454545454545454,0.6983091518526223,0.6,0.6837772534251769
DFL-MAT-J041UN,1,False,40475,0.7272727272727273,0.7315143258187351,0.7,0.72106366846876
DFL-MAT-J041UN,1,False,77475,0.9090909090909091,0.7752179537499557,0.9,0.7647099115409081
DFL-MAT-J041UN,1,False,145595,1.0,0.756485010964191,1.0,0.7615120476890936
DFL-MAT-J041UN,1,False,175870,0.9090909090909091,0.6660119393347554,0.9,0.6651063118097541
DFL-MAT-J041UN,1,False,56750,0.7272727272727273,0.5010774681036251,0.7,0.47893620920629765
DFL-MAT-J041UN,1,False,25750,0.8181818181818182,0.8856360435337773,0.8,0.8833815892772902
DFL-MAT-J041UN,1,False,128895,0.7272727272727273,0.8351126302992591,0.7,0.8284957858470321
DFL-MAT-J041UN,1,False,126070,0.8181818181818182,0.3510698263175668,0.8,0.3281419765741812
DFL-MAT-J041UN,1,False,66125,0.6363636363636364,0.7014390536743283,0.6,0.6875545053891908
DFL-MAT-J041UN,1,False,46475,0.9090909090909091,0.7695837919447687,0.9,0.7742662897248089
DFL-MAT-J041UN,1,False,12725,0.6363636363636364,0.8094981912991981,0.6,0.8034730157942656
DFL-MAT-J041UN,1,False,134420,1.0,0.3701173068558353,1.0,0.4504763990241878
DFL-MAT-J041UN,1,False,133795,1.0,0.5769101253858104,1.0,0.5920163695866985
DFL-MAT-J041UN,1,False,78825,0.5454545454545454,0.2017935715253132,0.5,0.19082770034299212
DFL-MAT-J041UN,1,False,12425,0.7272727272727273,0.773911331338978,0.8,0.7793324335400972
DFL-MAT-J041UN,1,False,33500,0.9090909090909091,0.6166333615392194,0.9,0.6214751044954314
DFL-MAT-J041UN,1,False,46500,0.9090909090909091,0.7670141530178853,0.9,0.7556984225054688
DFL-MAT-J041UN,1,False,41750,0.6363636363636364,0.7751349414953463,0.6,0.7662988516743431
DFL-MAT-J041UN,1,False,52650,1.0,0.5954257731504096,1.0,0.6021908454910271
DFL-MAT-J041UN,1,False,158895,0.8181818181818182,0.46926965911182605,0.8,0.4455818329537323
DFL-MAT-J041UN,1,False,137820,0.5454545454545454,0.4325712993317792,0.6,0.4527622023683818
DFL-MAT-J041UN,1,False,168095,0.6363636363636364,0.5960571273039421,0.6,0.5773486440258768
DFL-MAT-J041UN,1,False,169145,1.0,0.4322173014062397,1.0,0.4702382668614281
DFL-MAT-J041UN,1,False,102945,1.0,0.4493792986278503,1.0,0.648222756859621
DFL-MAT-J041UN,1,False,14650,1.0,0.37608544634825336,1.0,0.4630828717382679
DFL-MAT-J041UN,1,False,25000,0.7272727272727273,0.7329615096525652,0.7,0.7683314365030751
DFL-MAT-J041UN,1,False,71625,0.9090909090909091,0.6892232104942029,0.9,0.6814533340481139
DFL-MAT-J041UN,1,False,59450,0.7272727272727273,0.4592001222331735,0.8,0.5177700873105517
DFL-MAT-J041UN,1,False,51800,0.6363636363636364,0.7690890644966453,0.6,0.758562821278035
DFL-MAT-J041UN,1,False,57050,0.6363636363636364,0.5338953127200238,0.6,0.5113473573588649
DFL-MAT-J041UN,1,False,158920,0.7272727272727273,0.6877657283147076,0.7,0.6734347590575387
DFL-MAT-J041UN,1,False,168545,0.7272727272727273,0.45788701578940694,0.7,0.43286159848973493
DFL-MAT-J041UN,1,False,121495,0.7272727272727273,0.6456965054349106,0.8,0.7193085978454345
DFL-MAT-J041UN,1,False,62850,0.6363636363636364,0.613634358958282,0.7,0.6143019499007825
DFL-MAT-J041UN,1,False,175445,0.6363636363636364,0.44782303303326554,0.6,0.4211123563838993
DFL-MAT-J041UN,1,False,27775,0.6363636363636364,0.4975407252500189,0.6,0.4792778713929491
DFL-MAT-J041UN,1,False,10800,0.9090909090909091,0.6430426154021717,0.9,0.6492433190413072
DFL-MAT-J041UN,1,False,178870,0.6363636363636364,0.7573891920384179,0.7,0.777303862213652
DFL-MAT-J041UN,1,False,21500,0.9090909090909091,0.4965457988247344,0.9,0.4855904507689133
DFL-MAT-J041UN,1,False,39075,0.8181818181818182,0.6760081219829908,0.8,0.6707726870036957
DFL-MAT-J041UN,1,False,132520,0.9090909090909091,0.5084980038849728,1.0,0.5676981870326612
DFL-MAT-J041UN,1,False,135370,0.5454545454545454,0.7016000379140017,0.5,0.6901652160595204
DFL-MAT-J041UN,1,False,146420,1.0,0.7122804833949583,1.0,0.7446461505293911
DFL-MAT-J041UN,1,False,33775,0.6363636363636364,0.7016421326631386,0.6,0.6875494059126638
DFL-MAT-J041UN,1,False,21200,0.5454545454545454,0.5356733309461308,0.6,0.5309785000673315
DFL-MAT-J041UN,1,False,37175,0.6363636363636364,0.9147761796186031,0.6,0.9107783747289001
DFL-MAT-J041UN,1,False,139270,1.0,0.6127845063864146,1.0,0.6301766344992213
DFL-MAT-J041UN,1,False,51175,0.8181818181818182,0.7282128808326866,0.8,0.7247939064451749
DFL-MAT-J041UN,1,False,43575,0.5454545454545454,0.5018579413708915,0.5,0.4857041236057362
DFL-MAT-J041UN,1,False,160170,0.9090909090909091,0.5746103642092977,0.9,0.5556577945368646
DFL-MAT-J041UN,1,False,51025,1.0,0.7077928266920424,1.0,0.763203824876758
DFL-MAT-J041UN,1,False,156545,0.9090909090909091,0.16414352863110848,0.9,0.13997483850895265
DFL-MAT-J041UN,1,False,11450,1.0,0.21880232247588927,1.0,0.3882100111291864
DFL-MAT-J041UN,1,False,19525,0.9090909090909091,0.4875588961265944,1.0,0.5326217829026704
DFL-MAT-J041UN,1,False,158870,0.8181818181818182,0.3467081098132673,0.8,0.3164475239764477
DFL-MAT-J041UN,1,False,23875,0.7272727272727273,0.7852312269960117,0.7,0.7747548589868624
DFL-MAT-J041UO,0,False,82476,0.5454545454545454,0.687478016515799,0.5,0.6729386070622261
DFL-MAT-J041UO,0,False,110058,0.7272727272727273,0.26838763701847224,0.8,0.2821020983233621
DFL-MAT-J041UO,0,False,154408,0.6363636363636364,0.0,0.7,0.0
DFL-MAT-J041UO,0,False,79551,1.0,0.5870042065412957,1.0,0.6432866496230394
DFL-MAT-J041UO,0,False,147183,0.7272727272727273,0.5526078081363237,0.7,0.5340645961093531
DFL-MAT-J041UO,0,False,100483,0.6363636363636364,0.26579488248346206,0.7,0.24156011039419445
DFL-MAT-J041UO,0,False,56301,0.5454545454545454,0.6683727666214792,0.6,0.6538408793883212
DFL-MAT-J041UO,0,False,128233,0.6363636363636364,0.4296333742703088,0.6,0.41304808874663623
DFL-MAT-J041UO,0,False,153933,0.8181818181818182,0.18136770862448326,0.8,0.16938073881422544
DFL-MAT-J041UO,0,False,72776,0.7272727272727273,0.23075343815038485,0.7,0.193575020098548
DFL-MAT-J041UO,0,False,117408,0.6363636363636364,0.5146368737349645,0.6,0.4922669291024243
DFL-MAT-J041UO,0,False,57351,0.9090909090909091,0.679483195479894,0.9,0.6677430071547061
DFL-MAT-J041UO,0,False,60351,0.8181818181818182,0.07474188743678856,0.8,0.04182358478923487
DFL-MAT-J041UO,0,False,159533,0.8181818181818182,0.2428095531671467,0.8,0.21866844596137214
DFL-MAT-J041UO,0,False,131458,0.6363636363636364,0.5952165364227738,0.6,0.5766286960486006
DFL-MAT-J041UO,0,False,40826,0.9090909090909091,0.7511169024316205,0.9,0.7394432533848774
DFL-MAT-J041UO,0,False,153683,1.0,0.6547284457967975,1.0,0.6380615956854745
DFL-MAT-J041UO,0,False,51301,0.5454545454545454,0.8507604043575918,0.6,0.8458468288428731
DFL-MAT-J041UO,0,False,153658,0.8181818181818182,0.5491375556442706,0.8,0.5341134428388534
DFL-MAT-J041UO,0,False,57551,0.5454545454545454,0.501872555471622,0.6,0.47756901312203437
DFL-MAT-J041UO,0,False,40176,0.8181818181818182,0.6140945732203575,0.8,0.5953981506452675
DFL-MAT-J041UO,0,False,142733,0.8181818181818182,0.13850419611282194,0.8,0.10361497796386265
DFL-MAT-J041UO,0,False,159808,0.6363636363636364,0.6675646947204744,0.6,0.6514149309141622
DFL-MAT-J041UO,0,False,42626,0.9090909090909091,0.805976510400535,0.9,0.7966118505492445
DFL-MAT-J041UO,0,False,154308,1.0,0.23552545412372783,1.0,0.19924967449449882
DFL-MAT-J041UO,0,False,141658,0.8181818181818182,0.8927721571250217,0.9,0.9016651046236762
DFL-MAT-J041UO,0,False,145558,0.5454545454545454,0.6424958051898417,0.5,0.6270445870979455
DFL-MAT-J041UO,0,False,65901,0.7272727272727273,0.38610601439781456,0.8,0.3976954256639734
DFL-MAT-J041UO,0,False,140933,0.8181818181818182,0.677487396797581,0.9,0.6957163514476479
DFL-MAT-J041UO,0,False,108583,0.6363636363636364,0.4106466218608652,0.6,0.38242505803726345
DFL-MAT-J041UO,0,False,137133,0.7272727272727273,0.6496867304032484,0.7,0.6340237556897124
DFL-MAT-J041UO,0,False,62576,0.5454545454545454,0.5483890835121533,0.5,0.7803692487937964
DFL-MAT-J041UO,0,False,141083,0.7272727272727273,0.783110571517306,0.7,0.7726462152863371
DFL-MAT-J041UO,0,False,128333,0.5454545454545454,0.4796237964584664,0.5,0.4567496694470199
DFL-MAT-J041UO,0,False,40951,0.5454545454545454,0.0,0.5,0.0
DFL-MAT-J041UO,0,False,71826,0.7272727272727273,0.4367850986574947,0.7,0.4163739899750424
DFL-MAT-J041UO,0,False,44326,0.5454545454545454,0.8073405574724092,0.5,0.81395228969576
DFL-MAT-J041UO,0,False,100758,0.9090909090909091,0.7109457471043934,0.9,0.7115638274601455
DFL-MAT-J041UO,0,False,166783,0.5454545454545454,0.6411710414914136,0.6,0.6236772081037394
DFL-MAT-J041UO,0,False,79201,0.6363636363636364,0.49100849841099514,0.6,0.46635517841625707
DFL-MAT-J041UO,0,False,36001,0.8181818181818182,0.5699921874856998,0.8,0.5490304370852281
DFL-MAT-J041UO,0,False,25776,0.6363636363636364,0.6200501825901852,0.7,0.6356541510975451
DFL-MAT-J041UO,0,False,109908,0.6363636363636364,0.5000552165314656,0.7,0.4790512049454442
DFL-MAT-J041UO,0,False,40301,1.0,0.35619855648465093,1.0,0.34068892520673455
DFL-MAT-J041UO,0,False,109783,0.5454545454545454,0.3688343192674912,0.6,0.34402777742215296
DFL-MAT-J041UO,0,False,143308,0.9090909090909091,0.2194596933124483,0.9,0.18311611291216234
DFL-MAT-J041UO,0,False,57526,0.5454545454545454,0.3891351300203282,0.6,0.3597262506205743
DFL-MAT-J041UO,0,False,35676,0.5454545454545454,0.5143601054172382,0.5,0.5007221053248176
DFL-MAT-J041UO,0,False,56626,0.6363636363636364,0.3794123885155144,0.6,0.3522782138945597
DFL-MAT-J041UO,0,False,66726,0.9090909090909091,0.4028175519009247,0.9,0.3819993972627086
DFL-MAT-J041UO,0,False,117758,0.5454545454545454,0.7937876087914815,0.6,0.7883740512373949
DFL-MAT-J041UO,0,False,109633,1.0,0.3649136457947709,1.0,0.3725147279448404
DFL-MAT-J041UO,0,False,50901,0.5454545454545454,0.6813300877132173,0.5,0.66726946750577
DFL-MAT-J041UO,0,False,63501,0.9090909090909091,0.29999706392196845,0.9,0.2936864887324142
DFL-MAT-J041UO,0,False,33576,0.9090909090909091,0.09669838536599484,0.9,0.07262119002814671
DFL-MAT-J041UO,0,False,33326,0.9090909090909091,0.16226832590587348,0.9,0.14055617911264529
DFL-MAT-J041UO,0,False,11776,0.6363636363636364,0.7066704181983273,0.7,0.7498000224783814
DFL-MAT-J041UO,0,False,168758,0.9090909090909091,0.08732657391094423,0.9,0.05634975772544748
DFL-MAT-J041UO,0,False,53951,0.9090909090909091,0.3070004123116986,0.9,0.2909466794101335
DFL-MAT-J041UO,0,False,145808,0.6363636363636364,0.7904614599179258,0.6,0.796114021704322
DFL-MAT-J041UO,1,True,61701,0.7272727272727273,0.6568701208813597,0.7,0.6417822871664882
DFL-MAT-J041UO,1,True,137733,0.8181818181818182,0.877804705944347,0.8,0.8766649351639499
DFL-MAT-J041UO,1,True,151483,0.6363636363636364,0.0,0.6,0.0
DFL-MAT-J041UO,1,True,151608,0.6363636363636364,0.3460274786048554,0.6,0.320899330691924
DFL-MAT-J041UO,1,True,143658,0.5454545454545454,0.7426557710828603,0.5,0.7304850130352074
DFL-MAT-J041UO,1,True,69801,0.7272727272727273,0.61697960950043,0.7,0.6011267019593665
DFL-MAT-J041UO,1,True,71326,0.5454545454545454,0.5742498734395488,0.6,0.5565842979311513
DFL-MAT-J041UO,1,True,133108,1.0,0.28476739973664744,1.0,0.3595112191665699
DFL-MAT-J041UO,1,True,163958,0.9090909090909091,0.2467009217561188,0.9,0.2149853439429369
DFL-MAT-J041UO,1,True,18526,1.0,0.5941226521527783,1.0,0.6646847209672508
DFL-MAT-J041UO,1,True,148083,0.6363636363636364,0.7961201257700061,0.6,0.8229675148465573
DFL-MAT-J041UO,1,True,77376,0.8181818181818182,0.6151351957598661,0.9,0.6209814716636755
DFL-MAT-J041UO,1,True,136758,0.6363636363636364,0.4262695567874709,0.7,0.4057692691045893
DFL-MAT-J041UO,1,True,24701,0.5454545454545454,0.7541773681384034,0.5,0.7447147173383346
DFL-MAT-J041UO,1,True,132733,0.6363636363636364,0.8132574699128999,0.6,0.8118456492248983
DFL-MAT-J041UO,1,True,61326,0.6363636363636364,0.32379601328643437,0.6,0.2914683121607111
DFL-MAT-J041UO,1,True,140108,0.5454545454545454,0.4294735086424438,0.5,0.41364852717364375
DFL-MAT-J041UO,1,True,76251,0.9090909090909091,0.5745189445590224,1.0,0.6776690954994604
DFL-MAT-J041UO,1,True,165133,1.0,0.5957856206638368,1.0,0.5876026959210607
DFL-MAT-J041UO,1,True,58701,0.7272727272727273,0.21037266516120512,0.8,0.1952782898561971
DFL-MAT-J041UO,1,True,102058,1.0,0.6512045973711211,1.0,0.6521466616337322
DFL-MAT-J041UO,1,True,137233,0.9090909090909091,0.643569479035655,0.9,0.6301939553971623
DFL-MAT-J041UO,1,True,38251,0.5454545454545454,0.36885059142969223,0.6,0.3380786548324315
DFL-MAT-J041UO,1,True,33476,0.5454545454545454,0.08853363288010441,0.5,0.06396449682741645
DFL-MAT-J041UO,1,True,165583,0.7272727272727273,0.4492322712289899,0.7,0.42869860557433814
DFL-MAT-J041UO,1,True,116333,0.5454545454545454,0.5409062660214781,0.6,0.5326217524123977
DFL-MAT-J041UO,1,True,81326,0.5454545454545454,0.5504365312347479,0.5,0.5286881604959172
DFL-MAT-J041UO,1,True,79651,0.7272727272727273,0.3082133358425686,0.8,0.29840534811990027
DFL-MAT-J041UO,1,True,51626,0.7272727272727273,0.34101755993086114,0.7,0.3089475328976823
DFL-MAT-J041UO,1,True,77876,0.6363636363636364,0.49287008332362914,0.7,0.475646630115917
DFL-MAT-J041UO,1,True,113083,0.5454545454545454,0.7085219202429593,0.6,0.6962622973782293
DFL-MAT-J041UO,1,True,52526,0.7272727272727273,0.7932012795802278,0.7,0.8210774244123384
DFL-MAT-J041UO,1,True,104008,0.6363636363636364,0.4020628404785579,0.7,0.38662145249141555
DFL-MAT-J041UO,1,True,119533,0.5454545454545454,0.4099217806433335,0.5,0.386510463935537
DFL-MAT-J041UO,1,True,122733,0.7272727272727273,0.1317495134132407,0.7,0.12064660888084378
DFL-MAT-J041UO,1,True,80851,1.0,0.4162965344792141,1.0,0.510053555548056
DFL-MAT-J041UO,1,True,122358,0.6363636363636364,0.3568926508469388,0.6,0.45700342717344566
DFL-MAT-J041UO,1,True,151958,1.0,0.5133041914125311,1.0,0.5827957723712217
DFL-MAT-J041UO,1,True,42076,0.7272727272727273,0.6465092756861119,0.8,0.6607897786602475
DFL-MAT-J041UO,1,True,112458,1.0,0.6253226460492092,1.0,0.6548707369251121
DFL-MAT-J041UO,1,True,71176,1.0,0.8753878430513096,1.0,0.8701886659456556
DFL-MAT-J041UO,1,True,114233,0.7272727272727273,0.7548309659604509,0.7,0.7468821410654356
DFL-MAT-J041UO,1,True,160958,1.0,0.5519852936625981,1.0,0.6511508422538987
DFL-MAT-J041UO,1,True,28401,1.0,0.49894609136182777,1.0,0.5655212102048133
DFL-MAT-J041UO,1,True,46951,0.5454545454545454,0.8734657660421719,0.6,0.8827113224333382
DFL-MAT-J041UO,1,True,136808,0.7272727272727273,0.45372676950779156,0.7,0.4273948000174659
DFL-MAT-J041UO,1,True,140233,0.5454545454545454,0.6361126435758653,0.6,0.6263956189839
DFL-MAT-J041UO,1,True,37126,0.8181818181818182,0.4628954031191477,0.8,0.45035128817464387
DFL-MAT-J041UO,1,True,25501,1.0,0.37987836463680824,1.0,0.4802790819251065
DFL-MAT-J041UO,1,True,58651,1.0,0.33059011637648383,1.0,0.35775875451372385
DFL-MAT-J041UO,1,True,36826,0.6363636363636364,0.14653251100120812,0.7,0.11310467220781983
DFL-MAT-J041UO,1,True,101433,0.7272727272727273,0.03433683499920359,0.7,0.0
DFL-MAT-J041UO,1,True,106758,0.6363636363636364,0.3022873300566803,0.6,0.2692719962878567
DFL-MAT-J041UO,1,True,30076,0.8181818181818182,0.33836161980646595,0.8,0.3064077836333732
DFL-MAT-J041UO,1,True,146683,0.7272727272727273,0.5206990863729745,0.7,0.49865585979504257
DFL-MAT-J041UO,1,True,76026,0.6363636363636364,0.631451078542892,0.6,0.6138801356348564
DFL-MAT-J041UO,1,True,116308,0.8181818181818182,0.5538245042048628,0.9,0.5642892578945463
DFL-MAT-J041UO,1,True,52326,0.5454545454545454,0.3864464811197097,0.6,0.35871948431795697
DFL-MAT-J041UO,1,True,121258,0.8181818181818182,0.6707230870230462,0.8,0.659545923810954
DFL-MAT-J041UO,1,True,53176,0.5454545454545454,0.8461180904188481,0.6,0.83969349628567
DFL-MAT-J041V5,0,True,28775,0.7272727272727273,0.5411105021274777,0.7,0.5194991978014585
DFL-MAT-J041V5,0,True,152422,0.6363636363636364,0.7551124522923389,0.7,0.7922617537804357
DFL-MAT-J041V5,0,True,103997,1.0,0.5872981527264798,1.0,0.7223487026115979
DFL-MAT-J041V5,0,True,74350,0.8181818181818182,0.7075455137319546,0.9,0.7045598459487319
DFL-MAT-J041V5,0,True,138272,1.0,0.5803612144362992,1.0,0.6157099215602493
DFL-MAT-J041V5,0,True,168222,0.8181818181818182,0.6960810124904248,0.8,0.6864521472866042
DFL-MAT-J041V5,0,True,26650,1.0,0.5212063064856718,1.0,0.583367020388383
DFL-MAT-J041V5,0,True,80450,0.7272727272727273,0.754406287211234,0.7,0.7434140346025868
DFL-MAT-J041V5,0,True,21925,1.0,0.6569265534696884,1.0,0.657297065226195
DFL-MAT-J041V5,0,True,140047,0.6363636363636364,0.7919318265774971,0.6,0.781840328249841
DFL-MAT-J041V5,0,True,168747,0.6363636363636364,0.5447542677467256,0.6,0.5261823167875406
DFL-MAT-J041V5,0,True,72250,0.7272727272727273,0.7510807913844112,0.7,0.73893140930042
DFL-MAT-J041V5,0,True,155447,0.6363636363636364,0.6262025528214263,0.7,0.6319890475345935
DFL-MAT-J041V5,0,True,170072,0.6363636363636364,0.37302167122470586,0.6,0.34836216502495176
DFL-MAT-J041V5,0,True,103822,0.8181818181818182,0.7469060834488268,0.9,0.7651385945580407
DFL-MAT-J041V5,0,True,140772,0.6363636363636364,0.8565275955862881,0.7,0.8580523033449696
DFL-MAT-J041V5,0,True,170322,0.7272727272727273,0.4435952799948243,0.8,0.4198564261139084
DFL-MAT-J041V5,0,True,113647,0.6363636363636364,0.29212007302895615,0.7,0.2719337638181655
DFL-MAT-J041V5,0,True,141547,1.0,0.8525473230487955,1.0,0.8554693356049807
DFL-MAT-J041V5,0,True,130572,0.6363636363636364,0.11591383822849355,0.6,0.07792137321114734
DFL-MAT-J041V5,0,True,120947,0.5454545454545454,0.4367583298751895,0.6,0.45584434518127526
DFL-MAT-J041V5,0,True,145522,1.0,0.560229612317402,1.0,0.6079781852719846
DFL-MAT-J041V5,0,True,36800,0.5454545454545454,0.43748122736254313,0.5,0.4102523317119795
DFL-MAT-J041V5,0,True,103572,1.0,0.6498886146021681,1.0,0.6717146832495335
DFL-MAT-J041V5,0,True,178922,0.5454545454545454,0.7421480590685452,0.6,0.7382795632699657
DFL-MAT-J041V5,0,True,148422,0.5454545454545454,0.6779909746916422,0.5,0.7343598521518051
DFL-MAT-J041V5,0,True,106322,0.5454545454545454,0.7659763392010019,0.5,0.790850194553805
DFL-MAT-J041V5,0,True,59650,0.6363636363636364,0.7493858073737145,0.6,0.7373868307954975
DFL-MAT-J041V5,0,True,50700,0.7272727272727273,0.38945524800188414,0.7,0.3731611307997603
DFL-MAT-J041V5,0,True,140422,0.5454545454545454,0.8365912429017497,0.6,0.8451871012936129
DFL-MAT-J041V5,0,True,173097,0.9090909090909091,0.5568238279605988,0.9,0.5372687015110781
DFL-MAT-J041V5,0,True,27275,0.6363636363636364,0.3780605574900724,0.6,0.3486413907025998
DFL-MAT-J041V5,0,True,24625,1.0,0.6482515159079858,1.0,0.7073700946052106
DFL-MAT-J041V5,0,True,25450,0.5454545454545454,0.8919376113183335,0.5,0.8935906992370453
DFL-MAT-J041V5,0,True,73475,0.8181818181818182,0.32781360180604124,0.8,0.3557051252175598
DFL-MAT-J041V5,0,True,21750,0.6363636363636364,0.5256474512863145,0.7,0.516720255362159
DFL-MAT-J041V5,0,True,140172,0.5454545454545454,0.8049497267921005,0.5,0.7963850390527051
DFL-MAT-J041V5,0,True,175047,1.0,0.7220619062891744,1.0,0.7620416709039308
DFL-MAT-J041V5,0,True,24425,0.9090909090909091,0.4606394009393745,1.0,0.6198653969038475
DFL-MAT-J041V5,0,True,77475,1.0,0.475182549182943,1.0,0.4709989431458752
DFL-MAT-J041V5,0,True,123472,0.7272727272727273,0.7346168882104391,0.7,0.7216689952157941
DFL-MAT-J041V5,0,True,149572,0.6363636363636364,0.7927744463234773,0.6,0.782808951817437
DFL-MAT-J041V5,0,True,147647,0.5454545454545454,0.5759311147509025,0.5,0.5822370402986756
DFL-MAT-J041V5,0,True,47450,0.5454545454545454,0.3850864012788243,0.6,0.361473947173267
DFL-MAT-J041V5,0,True,166897,0.5454545454545454,0.27794863910973644,0.5,0.2442348390502791
DFL-MAT-J041V5,0,True,163822,0.7272727272727273,0.38002439333403915,0.8,0.391723263866805
DFL-MAT-J041V5,0,True,107897,1.0,0.38728257657660126,1.0,0.5072979943736173
DFL-MAT-J041V5,0,True,149322,0.5454545454545454,0.7659177780627758,0.5,0.7545084825656216
DFL-MAT-J041V5,0,True,125222,0.6363636363636364,0.7513869982115111,0.6,0.745342350552711
DFL-MAT-J041V5,0,True,62425,0.7272727272727273,0.5180471225780401,0.8,0.5216015647726093
DFL-MAT-J041V5,0,True,148772,0.5454545454545454,0.7125874750979334,0.6,0.7204519721454845
DFL-MAT-J041V5,0,True,10650,0.8181818181818182,0.38666777277514097,0.8,0.3688143709001326
DFL-MAT-J041V5,0,True,59750,0.7272727272727273,0.6169458862240742,0.7,0.5982513330566107
DFL-MAT-J041V5,0,True,113572,0.6363636363636364,0.7294920954007817,0.6,0.7458522914105078
DFL-MAT-J041V5,0,True,33700,0.7272727272727273,0.49985931741674394,0.7,0.4763265681256087
DFL-MAT-J041V5,0,True,128172,0.8181818181818182,0.6747358110675825,0.9,0.825713029704268
DFL-MAT-J041V5,0,True,26400,0.7272727272727273,0.47583221555355326,0.8,0.47214585115846897
DFL-MAT-J041V5,0,True,141072,0.5454545454545454,0.725107061518437,0.5,0.7162000703272875
DFL-MAT-J041V5,0,True,129272,1.0,0.6193934544584891,1.0,0.6008528758418521
DFL-MAT-J041V5,0,True,72150,0.7272727272727273,0.7675181353421969,0.7,0.7578916908212548
DFL-MAT-J041V5,1,False,41425,0.5454545454545454,0.5647214334784177,0.5,0.5435130671397328
DFL-MAT-J041V5,1,False,81575,0.9090909090909091,0.8409535806736386,0.9,0.8436338092989787
DFL-MAT-J041V5,1,False,18850,0.5454545454545454,0.43744492054656237,0.5,0.40999515778373496
DFL-MAT-J041V5,1,False,122622,0.5454545454545454,0.14008813042543977,0.6,0.09844165212539535
DFL-MAT-J041V5,1,False,178047,1.0,0.44099294872976147,1.0,0.4608129584138271
DFL-MAT-J041V5,1,False,42900,0.5454545454545454,0.5599343395533471,0.6,0.5595556146590861
DFL-MAT-J041V5,1,False,173797,0.7272727272727273,0.645832913906105,0.7,0.632020430591737
DFL-MAT-J041V5,1,False,138622,0.5454545454545454,0.6587922932694876,0.6,0.6442815203307009
DFL-MAT-J041V5,1,False,157422,0.5454545454545454,0.3204168873409192,0.5,0.2873217264512661
DFL-MAT-J041V5,1,False,38450,0.8181818181818182,0.5078803377975639,0.9,0.5165449670508182
DFL-MAT-J041V5,1,False,20025,0.6363636363636364,0.47423290801897455,0.7,0.46803488475591604
DFL-MAT-J041V5,1,False,51225,0.7272727272727273,0.5693449315656536,0.7,0.5521815323450318
DFL-MAT-J041V5,1,False,157497,1.0,0.34240979171447816,1.0,0.3657421264551669
DFL-MAT-J041V5,1,False,128322,0.9090909090909091,0.7841072773382838,0.9,0.7764481456578004
DFL-MAT-J041V5,1,False,164647,0.5454545454545454,0.761137529781142,0.6,0.7567452374425498
DFL-MAT-J041V5,1,False,70925,0.5454545454545454,0.8716550275925145,0.5,0.8917549253695862
DFL-MAT-J041V5,1,False,151722,0.5454545454545454,0.5006451498077404,0.6,0.4805470386588395
DFL-MAT-J041V5,1,False,70550,0.6363636363636364,0.82287435067221,0.7,0.8208693052647823
DFL-MAT-J041V5,1,False,29675,0.6363636363636364,0.3597953979284364,0.6,0.3289997853075932
DFL-MAT-J041V5,1,False,158747,0.5454545454545454,0.6371827357563485,0.6,0.6686685689195137
DFL-MAT-J041V5,1,False,11550,0.9090909090909091,0.34458300465719316,1.0,0.4748563894710217
DFL-MAT-J041V5,1,False,33000,0.7272727272727273,0.2559976367303193,0.7,0.23105783356252207
DFL-MAT-J041V5,1,False,178122,1.0,0.17637864622883992,1.0,0.19515650418684816
DFL-MAT-J041V5,1,False,143022,0.6363636363636364,0.6398964485501385,0.7,0.6326569066477952
DFL-MAT-J041V5,1,False,17925,0.7272727272727273,0.11753773352417152,0.7,0.08618910126312596
DFL-MAT-J041V5,1,False,131897,0.8181818181818182,0.5151483462668519,0.9,0.515131682334617
DFL-MAT-J041V5,1,False,19625,1.0,0.5002990064175845,1.0,0.6609600103181995
DFL-MAT-J041V5,1,False,146572,0.5454545454545454,0.06685871620939043,0.5,0.025906517312136668
DFL-MAT-J041V5,1,False,132022,0.8181818181818182,0.038440181275237295,0.8,0.0
DFL-MAT-J041V5,1,False,109947,0.8181818181818182,0.5448536681942932,0.8,0.5233234662268781
DFL-MAT-J041V5,1,False,38375,0.9090909090909091,0.3422535467320639,1.0,0.6296976920238524
DFL-MAT-J041V5,1,False,146447,0.7272727272727273,0.5143142623592141,0.7,0.49309579063809916
DFL-MAT-J041V5,1,False,31300,1.0,0.4429797580335135,1.0,0.5065823353157474
DFL-MAT-J041V5,1,False,52225,0.7272727272727273,0.503688610866218,0.8,0.4961902647125723
DFL-MAT-J041V5,1,False,125897,0.9090909090909091,0.12676523329363587,0.9,0.09278939680218334
DFL-MAT-J041V5,1,False,167672,0.5454545454545454,0.6352099068879112,0.6,0.6178162395448226
DFL-MAT-J041V5,1,False,45500,1.0,0.5088717213560254,1.0,0.5248709813210655
DFL-MAT-J041V5,1,False,174372,0.8181818181818182,0.4431223825010735,0.9,0.4608677638117691
DFL-MAT-J041V5,1,False,45975,0.6363636363636364,0.1500708820863017,0.7,0.12776694884289386
DFL-MAT-J041V5,1,False,32225,0.6363636363636364,0.2943865255681888,0.6,0.2599619253491777
DFL-MAT-J041V5,1,False,151447,0.5454545454545454,0.7389087794081342,0.6,0.7304564359123285
DFL-MAT-J041V5,1,False,110947,0.9090909090909091,0.3255297809356884,0.9,0.3297720249321633
DFL-MAT-J041V5,1,False,19775,0.8181818181818182,0.41106207737691924,0.8,0.3824593857501585
DFL-MAT-J041V5,1,False,42500,0.8181818181818182,0.8297673692720215,0.9,0.835593220314322
DFL-MAT-J041V5,1,False,117322,0.5454545454545454,0.6523189575024049,0.5,0.6561619481172203
DFL-MAT-J041V5,1,False,52200,0.8181818181818182,0.29291979304750304,0.8,0.2884343089122816
DFL-MAT-J041V5,1,False,172922,0.8181818181818182,0.5072570911867409,0.8,0.4890800410269245
DFL-MAT-J041V5,1,False,154847,0.9090909090909091,0.1542840631115454,0.9,0.17916017264085138
DFL-MAT-J041V5,1,False,157522,1.0,0.14679625159585907,1.0,0.18015123430284352
DFL-MAT-J041V5,1,False,108822,1.0,0.5564755494690152,1.0,0.658951318359946
DFL-MAT-J041V5,1,False,10925,1.0,0.5906904689528119,1.0,0.7317071488512548
DFL-MAT-J041V5,1,False,142822,0.9090909090909091,0.8337198742532926,0.9,0.8272674491100362
DFL-MAT-J041V5,1,False,36925,0.8181818181818182,0.189508105318416,0.8,0.16680380799324368
DFL-MAT-J041V5,1,False,151797,0.8181818181818182,0.0,0.8,0.0
DFL-MAT-J041V5,1,False,11650,1.0,0.42271340591647744,1.0,0.5163673665701322
DFL-MAT-J041V5,1,False,146622,0.5454545454545454,0.5438460561654945,0.5,0.5229437707301852
DFL-MAT-J041V5,1,False,32650,0.9090909090909091,0.4726076190704406,0.9,0.4926453161845932
DFL-MAT-J041V5,1,False,70225,0.5454545454545454,0.908448511688253,0.6,0.908135759619403
DFL-MAT-J041V5,1,False,139222,0.5454545454545454,0.6844014004124452,0.5,0.669018802291774
DFL-MAT-J041V5,1,False,136272,0.7272727272727273,0.519435620411245,0.8,0.5317633560340902
DFL-MAT-J041VB,0,False,63275,0.5454545454545454,0.32720328574274615,0.6,0.32858335088984947
DFL-MAT-J041VB,0,False,146689,0.5454545454545454,0.4996895984280283,0.5,0.47530606756264393
DFL-MAT-J041VB,0,False,123039,0.7272727272727273,0.7435466235805323,0.8,0.7485561610143394
DFL-MAT-J041VB,0,False,128164,0.6363636363636364,0.40763660980038063,0.7,0.39621421553771285
DFL-MAT-J041VB,0,False,70525,0.6363636363636364,0.26077211688572044,0.6,0.22531462821831805
DFL-MAT-J041VB,0,False,120039,0.6363636363636364,0.6297284112321366,0.6,0.6116718954909997
DFL-MAT-J041VB,0,False,127689,0.7272727272727273,0.26423872304029095,0.8,0.29817579238065006
DFL-MAT-J041VB,0,False,34800,0.5454545454545454,0.7045529523142845,0.6,0.7074785402384199
DFL-MAT-J041VB,0,False,118714,0.7272727272727273,0.8266180907785031,0.7,0.8222534323136589
DFL-MAT-J041VB,0,False,13750,1.0,0.6714817885757163,1.0,0.6554805363177354
DFL-MAT-J041VB,0,False,146889,0.6363636363636364,0.0,0.7,0.0
DFL-MAT-J041VB,0,False,78250,1.0,0.5151559043022398,1.0,0.5356746931381728
DFL-MAT-J041VB,0,False,112814,0.5454545454545454,0.6870514755915129,0.5,0.6808256195673366
DFL-MAT-J041VB,0,False,124289,0.5454545454545454,0.8084510037940947,0.6,0.7993632793861176
DFL-MAT-J041VB,0,False,110564,0.5454545454545454,0.7736632016374921,0.5,0.7628187456981343
DFL-MAT-J041VB,0,False,158039,1.0,0.6764281379500608,1.0,0.7220586991606488
DFL-MAT-J041VB,0,False,47725,0.9090909090909091,0.8548377688919457,0.9,0.8480034419263034
DFL-MAT-J041VB,0,False,80400,0.7272727272727273,0.6814630882857997,0.7,0.6683425834560597
DFL-MAT-J041VB,0,False,57100,0.7272727272727273,0.6055808068936299,0.7,0.6943225412308005
DFL-MAT-J041VB,0,False,120389,0.7272727272727273,0.46425724876918506,0.7,0.4437130208741652
DFL-MAT-J041VB,0,False,43500,0.8181818181818182,0.4207001437150314,0.9,0.4206969649873227
DFL-MAT-J041VB,0,False,46900,0.6363636363636364,0.5329116635476412,0.7,0.515609286051544
DFL-MAT-J041VB,0,False,154014,0.5454545454545454,0.25570459932177514,0.6,0.2241932843763793
DFL-MAT-J041VB,0,False,170164,0.6363636363636364,0.39628603705687315,0.6,0.366969792818882
DFL-MAT-J041VB,0,False,63200,0.8181818181818182,0.292513383618776,0.8,0.2611884832421124
DFL-MAT-J041VB,0,False,28950,1.0,0.6654746491339033,1.0,0.7235907653051221
DFL-MAT-J041VB,0,False,77450,0.9090909090909091,0.4282750188523423,0.9,0.41370125203950237
DFL-MAT-J041VB,0,False,79275,0.9090909090909091,0.7879320582825049,1.0,0.8454145548240387
DFL-MAT-J041VB,0,False,160964,0.9090909090909091,0.7892958436042538,0.9,0.7880905019282736
DFL-MAT-J041VB,0,False,66625,0.7272727272727273,0.32070338265659015,0.8,0.3313062746025771
DFL-MAT-J041VB,0,False,67425,0.6363636363636364,0.5372361858968424,0.6,0.5172542441237419
DFL-MAT-J041VB,0,False,32475,0.7272727272727273,0.5102151026964081,0.8,0.4995306977385665
DFL-MAT-J041VB,0,False,51575,0.9090909090909091,0.4284694164445154,1.0,0.5052984569039362
DFL-MAT-J041VB,0,False,113539,0.8181818181818182,0.34129095308705093,0.8,0.31142219419184347
DFL-MAT-J041VB,0,False,122339,0.6363636363636364,0.5075152258226485,0.7,0.5105715402339808
DFL-MAT-J041VB,0,False,120214,0.6363636363636364,0.37938438381260786,0.7,0.36614798870824883
DFL-MAT-J041VB,0,False,163039,0.6363636363636364,0.7667855615082444,0.7,0.7695418826227323
DFL-MAT-J041VB,0,False,176489,0.8181818181818182,0.5003791936134487,0.9,0.5414874651116033
DFL-MAT-J041VB,0,False,113214,0.7272727272727273,0.5453804291096663,0.7,0.5253218006094087
DFL-MAT-J041VB,0,False,136064,0.5454545454545454,0.718800540183308,0.5,0.7052393748144568
DFL-MAT-J041VB,0,False,78525,1.0,0.5060323381193041,1.0,0.5421679274712274
DFL-MAT-J041VB,0,False,106714,1.0,0.28737083240235106,1.0,0.29313511943210613
DFL-MAT-J041VB,0,False,157464,0.7272727272727273,0.6069813161341189,0.8,0.5893111798667809
DFL-MAT-J041VB,0,False,25675,0.6363636363636364,0.6861132244092478,0.6,0.678644822036963
DFL-MAT-J041VB,0,False,173939,0.7272727272727273,0.3036245463737519,0.8,0.31554004696726745
DFL-MAT-J041VB,0,False,117714,0.5454545454545454,0.5966982259165758,0.5,0.5903986942025865
DFL-MAT-J041VB,0,False,167364,1.0,0.7362890044333692,1.0,0.7288564916795554
DFL-MAT-J041VB,0,False,116689,0.5454545454545454,0.7343777663908033,0.5,0.7240619524354059
DFL-MAT-J041VB,0,False,100789,0.9090909090909091,0.4953755816720584,0.9,0.471015771427594
DFL-MAT-J041VB,0,False,124064,0.5454545454545454,0.7812779095633174,0.6,0.801678788855957
DFL-MAT-J041VB,0,False,122039,0.5454545454545454,0.4230056201332869,0.6,0.4161993831401992
DFL-MAT-J041VB,0,False,172214,0.8181818181818182,0.2726291272745063,0.8,0.24127485365097823
DFL-MAT-J041VB,0,False,176439,1.0,0.610145108461498,1.0,0.6175771662229741
DFL-MAT-J041VB,0,False,153114,1.0,0.31666095434617136,1.0,0.3524565266633255
DFL-MAT-J041VB,0,False,118114,0.6363636363636364,0.7098858766681684,0.6,0.7096824693573844
DFL-MAT-J041VB,0,False,106439,0.7272727272727273,0.6756153054294187,0.7,0.6685758376872014
DFL-MAT-J041VB,0,False,111539,0.6363636363636364,0.6216823885649753,0.6,0.6070224490379377
DFL-MAT-J041VB,0,False,115539,0.9090909090909091,0.7007321134384104,0.9,0.7188911840057276
DFL-MAT-J041VB,0,False,61075,1.0,0.288889194856359,1.0,0.3224708894945739
DFL-MAT-J041VB,0,False,121314,0.8181818181818182,0.88682377820357,0.8,0.8831764488607965
DFL-MAT-J041VB,1,True,75500,0.6363636363636364,0.5626893401602997,0.6,0.5431313311166766
DFL-MAT-J041VB,1,True,19250,1.0,0.5135404091178896,1.0,0.5516310345782541
DFL-MAT-J041VB,1,True,143814,0.5454545454545454,0.8892936376287359,0.5,0.8899261369933452
DFL-MAT-J041VB,1,True,154964,0.5454545454545454,0.7415206641113345,0.5,0.7289358252703637
DFL-MAT-J041VB,1,True,174789,0.8181818181818182,0.4215664908099914,0.8,0.40819252140933304
DFL-MAT-J041VB,1,True,144989,0.5454545454545454,0.8321455139564025,0.6,0.8292420400393621
DFL-MAT-J041VB,1,True,38350,0.8181818181818182,0.518919160142792,0.8,0.5085829173359926
DFL-MAT-J041VB,1,True,158414,0.5454545454545454,0.443045728921462,0.5,0.4203637963775688
DFL-MAT-J041VB,1,True,177914,0.8181818181818182,0.7211228704806791,0.8,0.7077462998091371
DFL-MAT-J041VB,1,True,22775,0.6363636363636364,0.611915320796259,0.7,0.6157306931990107
DFL-MAT-J041VB,1,True,34200,1.0,0.6879355739034363,1.0,0.706627618722445
DFL-MAT-J041VB,1,True,19800,1.0,0.6503452925763833,1.0,0.7135989082293294
DFL-MAT-J041VB,1,True,133514,0.7272727272727273,0.7383936225054827,0.7,0.7572381642283634
DFL-MAT-J041VB,1,True,184539,0.6,0.47863919363590635,0.5555555555555556,0.4614470426001108
DFL-MAT-J041VB,1,True,180389,0.6,0.7617731222845056,0.6666666666666666,0.7499953955215852
DFL-MAT-J041VB,1,True,140814,0.7272727272727273,0.7427382498261613,0.7,0.7343848527185757
DFL-MAT-J041VB,1,True,38450,0.9090909090909091,0.5231279661969224,0.9,0.5357764856051666
DFL-MAT-J041VB,1,True,164114,0.9090909090909091,0.4284263586496935,0.9,0.40103286510080627
DFL-MAT-J041VB,1,True,69525,0.7272727272727273,0.840136137209507,0.7,0.8348894207935049
DFL-MAT-J041VB,1,True,33325,1.0,0.8004171452370598,1.0,0.8269594005369358
DFL-MAT-J041VB,1,True,145389,0.5454545454545454,0.6757175762829422,0.6,0.6660849600631795
DFL-MAT-J041VB,1,True,43825,0.7272727272727273,0.6212323935350086,0.7,0.6033684071806891
DFL-MAT-J041VB,1,True,100839,0.6363636363636364,0.4274991048372414,0.7,0.4350133252267636
DFL-MAT-J041VB,1,True,177439,0.6363636363636364,0.5719555814181899,0.7,0.5541212443589331
DFL-MAT-J041VB,1,True,40425,1.0,0.5466772322186713,1.0,0.5385484386554202
DFL-MAT-J041VB,1,True,105014,0.7272727272727273,0.3252187261625211,0.8,0.30387363934986855
DFL-MAT-J041VB,1,True,38675,0.9090909090909091,0.6347149696030223,0.9,0.6288831327615491
DFL-MAT-J041VB,1,True,51025,1.0,0.7845345324240829,1.0,0.798222849032359
DFL-MAT-J041VB,1,True,22475,0.5454545454545454,0.6485453909751586,0.6,0.636996284082864
DFL-MAT-J041VB,1,True,155264,0.5454545454545454,0.750457019500165,0.5,0.7386832006496542
DFL-MAT-J041VB,1,True,32725,1.0,0.1367075102218216,1.0,0.12564669983059384
DFL-MAT-J041VB,1,True,183414,0.7,0.8692618677362443,0.7777777777777778,0.8685372982779673
DFL-MAT-J041VB,1,True,112589,0.7272727272727273,0.30494227674471264,0.7,0.28033497426978937
DFL-MAT-J041VB,1,True,48800,1.0,0.46124268454349215,1.0,0.43759931633812466
DFL-MAT-J041VB,1,True,34050,0.7272727272727273,0.6527042469989288,0.8,0.6496032584434952
DFL-MAT-J041VB,1,True,155739,0.6363636363636364,0.6582815220028339,0.6,0.6419007466693469
DFL-MAT-J041VB,1,True,181564,0.9,0.8036753690448483,1.0,0.8140047640005312
DFL-MAT-J041VB,1,True,133314,0.7272727272727273,0.5624226445731837,0.7,0.550162656068659
DFL-MAT-J041VB,1,True,15125,0.7272727272727273,0.7077326362258567,0.7,0.6935738384826327
DFL-MAT-J041VB,1,True,73650,0.8181818181818182,0.6472988941641749,0.8,0.6301339778690027
DFL-MAT-J041VB,1,True,134064,0.5454545454545454,0.39221734175403355,0.6,0.5139038385428765
DFL-MAT-J041VB,1,True,43750,0.7272727272727273,0.5985001176422217,0.7,0.5818112532500861
DFL-MAT-J041VB,1,True,76175,0.5454545454545454,0.0,0.5,0.0
DFL-MAT-J041VB,1,True,52950,1.0,0.5365703072001254,1.0,0.5206494005445741
DFL-MAT-J041VB,1,True,54700,0.6363636363636364,0.5595490570591717,0.6,0.539290780561014
DFL-MAT-J041VB,1,True,64750,0.6363636363636364,0.6138994186553957,0.7,0.6007815259834104
DFL-MAT-J041VB,1,True,149914,0.5454545454545454,0.6188186981839481,0.5,0.6245940554882179
DFL-MAT-J041VB,1,True,69400,0.5454545454545454,0.7509111910899235,0.6,0.7449663401385086
DFL-MAT-J041VB,1,True,184789,0.7,0.9451829720984747,0.7777777777777778,0.946288624535825
DFL-MAT-J041VB,1,True,183639,0.8,0.8579762665930608,0.7777777777777778,0.8652033804541787
DFL-MAT-J041VB,1,True,115889,0.5454545454545454,0.14398581745550654,0.5,0.10241427986814544
DFL-MAT-J041VB,1,True,72175,0.5454545454545454,0.20787979761228825,0.6,0.17632557298225604
DFL-MAT-J041VB,1,True,160039,0.9090909090909091,0.33262092405484045,0.9,0.30005227181635263
DFL-MAT-J041VB,1,True,101089,0.9090909090909091,0.40570879826476647,0.9,0.39882990327077505
DFL-MAT-J041VB,1,True,132664,0.6363636363636364,0.7630494023455925,0.6,0.7604021814438198
DFL-MAT-J041VB,1,True,74650,0.5454545454545454,0.8008669641545932,0.5,0.8009194234305079
DFL-MAT-J041VB,1,True,35625,0.6363636363636364,0.7144169402902936,0.6,0.7310402430008547
DFL-MAT-J041VB,1,True,79825,0.7272727272727273,0.6561657127860967,0.7,0.6970620876026359
DFL-MAT-J041VB,1,True,126714,1.0,0.7151552805794452,1.0,0.7136811724923533
DFL-MAT-J041VB,1,True,43000,0.5454545454545454,0.5061400716895628,0.5,0.4822262801727365
DFL-MAT-J041VN,0,True,167701,0.5454545454545454,0.2633855618572123,0.5,0.22801328758880135
DFL-MAT-J041VN,0,True,154026,0.9090909090909091,0.803196087404792,0.9,0.7948039167616648
DFL-MAT-J041VN,0,True,55001,0.6363636363636364,0.12925300768545067,0.6,0.08904974319447889
DFL-MAT-J041VN,0,True,74851,0.8181818181818182,0.5568803068487009,0.9,0.5524272624257054
DFL-MAT-J041VN,0,True,167876,0.7272727272727273,0.3984836598294548,0.8,0.4832555780756338
DFL-MAT-J041VN,0,True,171701,0.9090909090909091,0.6649451114143383,0.9,0.6696823607154763
DFL-MAT-J041VN,0,True,172301,0.9090909090909091,0.5268435356276804,1.0,0.6671278481161956
DFL-MAT-J041VN,0,True,170076,1.0,0.7027809557067346,1.0,0.730294442608111
DFL-MAT-J041VN,0,True,120426,1.0,0.6024008135761898,1.0,0.6065252961060579
DFL-MAT-J041VN,0,True,53876,0.9090909090909091,0.0952534924266808,1.0,0.4559952393431024
DFL-MAT-J041VN,0,True,52676,0.7272727272727273,0.35483319746252817,0.8,0.48081751647591675
DFL-MAT-J041VN,0,True,131801,0.8181818181818182,0.5157465898845734,0.8,0.49239408634020176
DFL-MAT-J041VN,0,True,145126,0.8181818181818182,0.410009956877344,0.8,0.38121942019183264
DFL-MAT-J041VN,0,True,129976,0.5454545454545454,0.7719443840092208,0.6,0.7610546024887104
DFL-MAT-J041VN,0,True,134551,0.6363636363636364,0.8115409012248511,0.7,0.8092040607131714
DFL-MAT-J041VN,0,True,160501,1.0,0.5120280713989648,1.0,0.6440146270790168
DFL-MAT-J041VN,0,True,110676,0.9090909090909091,0.6991497940976823,1.0,0.7182844346383647
DFL-MAT-J041VN,0,True,171326,0.9090909090909091,0.44961030540126756,1.0,0.49876424487123894
DFL-MAT-J041VN,0,True,171026,0.5454545454545454,0.6196226426220213,0.5,0.6182914854276755
DFL-MAT-J041VN,0,True,10851,0.7272727272727273,0.7188684996409682,0.7,0.7051701053014422
DFL-MAT-J041VN,0,True,15676,1.0,0.49138641580023756,1.0,0.5087385202007588
DFL-MAT-J041VN,0,True,138401,1.0,0.4049819850495908,1.0,0.6052012890470942
DFL-MAT-J041VN,0,True,121101,0.6363636363636364,0.2110994901131672,0.6,0.1748563083406881
DFL-MAT-J041VN,0,True,123526,0.6363636363636364,0.6444186418231329,0.7,0.6459393640472182
DFL-MAT-J041VN,0,True,136951,0.6363636363636364,0.44892261179752313,0.6,0.47651606900576826
DFL-MAT-J041VN,0,True,119951,0.7272727272727273,0.38491900242333466,0.7,0.36373256223204287
DFL-MAT-J041VN,0,True,143401,0.9090909090909091,0.6361457850715977,0.9,0.6289858283078706
DFL-MAT-J041VN,0,True,102476,1.0,0.7849848077167356,1.0,0.7977109349014531
DFL-MAT-J041VN,0,True,28501,0.6363636363636364,0.2831387635457925,0.6,0.259786979012009
DFL-MAT-J041VN,0,True,123951,0.5454545454545454,0.8173779675457624,0.5,0.8279635928496654
DFL-MAT-J041VN,0,True,104451,0.7272727272727273,0.6836279599478136,0.7,0.6912277437248504
DFL-MAT-J041VN,0,True,74376,0.6363636363636364,0.17702516254607292,0.6,0.1398080051889633
DFL-MAT-J041VN,0,True,25351,0.7272727272727273,0.5472425219224561,0.7,0.5266246101554071
DFL-MAT-J041VN,0,True,80801,0.7272727272727273,0.15522505580867896,0.8,0.14540613768309152
DFL-MAT-J041VN,0,True,172826,0.5454545454545454,0.7655513583793161,0.5,0.7551032058446006
DFL-MAT-J041VN,0,True,135926,0.8181818181818182,0.42872776261991363,0.8,0.404512966426686
DFL-MAT-J041VN,0,True,59001,0.5454545454545454,0.2540997167432253,0.6,0.22736624023939012
DFL-MAT-J041VN,0,True,170226,1.0,0.48341520159253404,1.0,0.5059836215170778
DFL-MAT-J041VN,0,True,157001,1.0,0.4874132954984779,1.0,0.49269391635347326
DFL-MAT-J041VN,0,True,172251,1.0,0.6023542932419557,1.0,0.6508719639870445
DFL-MAT-J041VN,0,True,122251,1.0,0.5927873347751383,1.0,0.5956723132360697
DFL-MAT-J041VN,0,True,105151,0.6363636363636364,0.46544481660547243,0.7,0.4435602872927571
DFL-MAT-J041VN,0,True,105326,0.7272727272727273,0.7724705053855363,0.8,0.7753651639456961
DFL-MAT-J041VN,0,True,34876,0.7272727272727273,0.41148259478798643,0.7,0.3831126231722286
DFL-MAT-J041VN,0,True,51176,0.8181818181818182,0.17412920486162864,0.9,0.20078755034126605
DFL-MAT-J041VN,0,True,154801,0.6363636363636364,0.5299600105492726,0.6,0.5192328412533769
DFL-MAT-J041VN,0,True,32451,0.9090909090909091,0.5418668290204065,0.9,0.5238541910603944
DFL-MAT-J041VN,0,True,143226,0.8181818181818182,0.7983039920173175,0.9,0.7968857929824755
DFL-MAT-J041VN,0,True,154126,0.5454545454545454,0.7640670602047194,0.5,0.7525521913533778
DFL-MAT-J041VN,0,True,139176,0.5454545454545454,0.0863585905552986,0.5,0.04688805741197721
DFL-MAT-J041VN,0,True,149526,1.0,0.5137388355290785,1.0,0.5953486794366438
DFL-MAT-J041VN,0,True,147426,1.0,0.5195076008816683,1.0,0.5480779059599425
DFL-MAT-J041VN,0,True,77626,0.7272727272727273,0.6330508754185603,0.7,0.6155063700040868
DFL-MAT-J041VN,0,True,100601,0.7272727272727273,0.4428267623591714,0.7,0.4165004154259373
DFL-MAT-J041VN,0,True,83226,0.6363636363636364,0.7274949861150235,0.7,0.7237831609889691
DFL-MAT-J041VN,0,True,24776,0.5454545454545454,0.6880366995285868,0.5,0.6758808760977079
DFL-MAT-J041VN,0,True,61951,1.0,0.6440133427342793,1.0,0.6325152887664538
DFL-MAT-J041VN,0,True,107076,1.0,0.5409470712576456,1.0,0.6443060688399989
DFL-MAT-J041VN,0,True,20501,0.6363636363636364,0.7850672451718311,0.7,0.781278943756094
DFL-MAT-J041VN,0,True,123351,0.6363636363636364,0.6718201792863133,0.7,0.6606877885997315
DFL-MAT-J041VN,1,False,82351,0.6363636363636364,0.5809839344256369,0.7,0.5780086406195861
DFL-MAT-J041VN,1,False,169076,0.9090909090909091,0.7861652397477765,0.9,0.7779793907763882
DFL-MAT-J041VN,1,False,60476,0.8181818181818182,0.19287840105170706,0.8,0.1664720455166815
DFL-MAT-J041VN,1,False,104051,0.6363636363636364,0.49978242910875226,0.6,0.47734229147025264
DFL-MAT-J041VN,1,False,23326,0.7272727272727273,0.3753960206063065,0.8,0.37948506349166644
DFL-MAT-J041VN,1,False,26926,0.5454545454545454,0.7644768428973001,0.5,0.7537891547147573
DFL-MAT-J041VN,1,False,43901,0.5454545454545454,0.6389080087017991,0.5,0.6298387424498
DFL-MAT-J041VN,1,False,130151,0.7272727272727273,0.0,0.8,0.0
DFL-MAT-J041VN,1,False,150026,0.7272727272727273,0.5063308084447871,0.7,0.4872069288458486
DFL-MAT-J041VN,1,False,78601,0.6363636363636364,0.7122193520208147,0.6,0.7088341055661023
DFL-MAT-J041VN,1,False,69601,0.5454545454545454,0.7952196980260244,0.5,0.8042932463831176
DFL-MAT-J041VN,1,False,69801,0.5454545454545454,0.8058286093388072,0.5,0.7980246635550458
DFL-MAT-J041VN,1,False,155551,0.9090909090909091,0.7490921763055128,0.9,0.7373504253262642
DFL-MAT-J041VN,1,False,159126,0.9090909090909091,0.5735270215150052,0.9,0.5576961553413895
DFL-MAT-J041VN,1,False,63026,1.0,0.5148391450475489,1.0,0.5384160672365736
DFL-MAT-J041VN,1,False,50276,1.0,0.44682141374788165,1.0,0.43399423998555
DFL-MAT-J041VN,1,False,52076,0.7272727272727273,0.6574370785500709,0.7,0.6421397759935257
DFL-MAT-J041VN,1,False,78501,0.7272727272727273,0.7420250565812183,0.8,0.7407675316638773
DFL-MAT-J041VN,1,False,81351,0.8181818181818182,0.7276077260608405,0.9,0.727982878562083
DFL-MAT-J041VN,1,False,156426,0.6363636363636364,0.7878564206243981,0.7,0.7777735749582944
DFL-MAT-J041VN,1,False,67226,1.0,0.4690092345871898,1.0,0.49928286617017814
DFL-MAT-J041VN,1,False,53151,1.0,0.7617698015203062,1.0,0.7727583205224766
DFL-MAT-J041VN,1,False,106251,0.7272727272727273,0.5655154336758146,0.8,0.5766758877400053
DFL-MAT-J041VN,1,False,136551,1.0,0.24264752929656508,1.0,0.2709237297495304
DFL-MAT-J041VN,1,False,146951,0.8181818181818182,0.5692564322559799,0.9,0.5548309241789611
DFL-MAT-J041VN,1,False,38576,0.9090909090909091,0.7463250245863303,1.0,0.767437906369771
DFL-MAT-J041VN,1,False,136826,0.6363636363636364,0.4420601569455962,0.7,0.4756155111641297
DFL-MAT-J041VN,1,False,52051,0.6363636363636364,0.6357529465255176,0.6,0.6184821314458147
DFL-MAT-J041VN,1,False,66426,0.5454545454545454,0.7323474065999394,0.5,0.7196742155428839
DFL-MAT-J041VN,1,False,106776,0.6363636363636364,0.41349507318400647,0.6,0.3869950232645568
DFL-MAT-J041VN,1,False,146826,0.6363636363636364,0.741638021626524,0.7,0.7507424906619338
DFL-MAT-J041VN,1,False,30126,0.9090909090909091,0.13447689610545777,0.9,0.12258501988362314
DFL-MAT-J041VN,1,False,27851,0.8181818181818182,0.8093484027448921,0.8,0.8047158174407423
DFL-MAT-J041VN,1,False,149601,0.7272727272727273,0.3858303828741724,0.8,0.3802396221815918
DFL-MAT-J041VN,1,False,127351,0.5454545454545454,0.7861775665114118,0.5,0.7779398951474791
DFL-MAT-J041VN,1,False,170751,1.0,0.845894642024378,1.0,0.8537969059873081
DFL-MAT-J041VN,1,False,21151,0.8181818181818182,0.27825505578630416,0.8,0.244234160587808
DFL-MAT-J041VN,1,False,58251,0.7272727272727273,0.6253498274316918,0.8,0.6566564115331044
DFL-MAT-J041VN,1,False,27501,0.5454545454545454,0.8343276899836538,0.6,0.8292761938326592
DFL-MAT-J041VN,1,False,109101,0.5454545454545454,0.46854843454985784,0.5,0.4442565932173058
DFL-MAT-J041VN,1,False,171126,0.6363636363636364,0.13163521654339727,0.7,0.09194231985455903
DFL-MAT-J041VN,1,False,60626,0.6363636363636364,0.5813325453673762,0.6,0.5614181720196934
DFL-MAT-J041VN,1,False,141001,0.9090909090909091,0.5536983269253359,0.9,0.5453638988299527
DFL-MAT-J041VN,1,False,66376,0.5454545454545454,0.6608629350280419,0.5,0.6450254110777475
DFL-MAT-J041VN,1,False,122951,0.5454545454545454,0.7499968086198338,0.5,0.7406403058539011
DFL-MAT-J041VN,1,False,18501,0.5454545454545454,0.34941391768986607,0.6,0.31845591113234717
DFL-MAT-J041VN,1,False,38526,0.8181818181818182,0.7050370153842855,0.8,0.700043466747136
DFL-MAT-J041VN,1,False,100076,0.9090909090909091,0.35057990970991937,0.9,0.3190156641685743
DFL-MAT-J041VN,1,False,41551,1.0,0.4487833746521397,1.0,0.4539145519683673
DFL-MAT-J041VN,1,False,116101,0.9090909090909091,0.6338741183440153,0.9,0.6474988166150668
DFL-MAT-J041VN,1,False,12376,0.5454545454545454,0.6505716893756244,0.5,0.6338011624157086
DFL-MAT-J041VN,1,False,132626,0.5454545454545454,0.9026836649866582,0.5,0.9030014574077984
DFL-MAT-J041VN,1,False,61076,0.8181818181818182,0.6025205254325954,0.8,0.5862030702662161
DFL-MAT-J041VN,1,False,72451,1.0,0.24631302434246205,1.0,0.3206404476088942
DFL-MAT-J041VN,1,False,29426,0.7272727272727273,0.43167160257382386,0.7,0.4248597791892841
DFL-MAT-J041VN,1,False,68151,1.0,0.46422471937121346,1.0,0.5707974205871427
DFL-MAT-J041VN,1,False,82226,0.9090909090909091,0.7896862495800256,0.9,0.7833519311053974
DFL-MAT-J041VN,1,False,122726,0.9090909090909091,0.0,0.9,0.0
DFL-MAT-J041VN,1,False,23251,0.7272727272727273,0.5533871326322715,0.7,0.5361296380484686
DFL-MAT-J041VN,1,False,127376,0.6363636363636364,0.7864944621748434,0.7,0.7787385498295214
DFL-MAT-J041VR,0,False,128053,1.0,0.4910550660411017,1.0,0.5497544837799528
DFL-MAT-J041VR,0,False,56425,0.7272727272727273,0.32832306599191396,0.7,0.2961253093564886
DFL-MAT-J041VR,0,False,10900,0.6363636363636364,0.0,0.7,0.0
DFL-MAT-J041VR,0,False,57100,0.5454545454545454,0.5129592045554313,0.5,0.4892222126503719
DFL-MAT-J041VR,0,False,113128,0.5454545454545454,0.23128795696730686,0.6,0.36126123489681394
DFL-MAT-J041VR,0,False,26700,0.9090909090909091,0.42216392996639396,0.9,0.400916294208553
DFL-MAT-J041VR,0,False,163153,0.8181818181818182,0.6684769641769519,0.9,0.6762926248435088
DFL-MAT-J041VR,0,False,79025,0.6363636363636364,0.7985366265723824,0.6,0.7888191461453467
DFL-MAT-J041VR,0,False,118178,0.8181818181818182,0.6942358249899565,0.9,0.692308417926601
DFL-MAT-J041VR,0,False,24700,1.0,0.3996670255416883,1.0,0.5463779743922285
DFL-MAT-J041VR,0,False,79100,0.5454545454545454,0.8051283029901853,0.5,0.7973743472268932
DFL-MAT-J041VR,0,False,55575,0.7272727272727273,0.35289563060494444,0.7,0.3218755593395679
DFL-MAT-J041VR,0,False,29275,1.0,0.3886928924922498,1.0,0.418931372725587
DFL-MAT-J041VR,0,False,42525,0.8181818181818182,0.5404092600126205,0.8,0.5180295628731617
DFL-MAT-J041VR,0,False,142753,0.8181818181818182,0.5791039926049797,0.8,0.5600897805012975
DFL-MAT-J041VR,0,False,77375,0.8181818181818182,0.578102610708864,0.8,0.5682412307447009
DFL-MAT-J041VR,0,False,175553,0.7272727272727273,0.3620800082652368,0.7,0.3368024097135405
DFL-MAT-J041VR,0,False,32850,0.5454545454545454,0.0,0.5,0.0
DFL-MAT-J041VR,0,False,16700,0.5454545454545454,0.8055028575109923,0.5,0.8360210586849985
DFL-MAT-J041VR,0,False,50800,0.8181818181818182,0.6760511864077513,0.8,0.670230230787974
DFL-MAT-J041VR,0,False,103728,0.8181818181818182,0.4279442937038548,0.9,0.43727440440426135
DFL-MAT-J041VR,0,False,24600,0.7272727272727273,0.5485826188818874,0.8,0.546852652280218
DFL-MAT-J041VR,0,False,148678,0.5454545454545454,0.44776729440184115,0.6,0.471666114876073
DFL-MAT-J041VR,0,False,33725,1.0,0.5079941412366882,1.0,0.5302351036669264
DFL-MAT-J041VR,0,False,35275,0.5454545454545454,0.35329301710860816,0.6,0.32845784820931156
DFL-MAT-J041VR,0,False,34275,0.5454545454545454,0.6818515077417313,0.5,0.6670045101219819
DFL-MAT-J041VR,0,False,147903,0.7272727272727273,0.6391508159819674,0.8,0.6628456056792711
DFL-MAT-J041VR,0,False,18950,1.0,0.39223417661248516,1.0,0.43588116939062427
DFL-MAT-J041VR,0,False,111978,0.6363636363636364,0.3758296924784116,0.7,0.3706506665351804
DFL-MAT-J041VR,0,False,102028,0.6363636363636364,0.6541077433630853,0.7,0.6476021816967507
DFL-MAT-J041VR,0,False,26800,1.0,0.4974632908503982,1.0,0.52462026350434
DFL-MAT-J041VR,0,False,159303,0.8181818181818182,0.3296129856836676,0.9,0.3263864386045563
DFL-MAT-J041VR,0,False,50750,0.7272727272727273,0.6184815440488878,0.8,0.6586814759917223
DFL-MAT-J041VR,0,False,156928,0.9090909090909091,0.2534955949877091,0.9,0.22074988354688974
DFL-MAT-J041VR,0,False,169078,1.0,0.13077469292649024,1.0,0.1809650219230251
DFL-MAT-J041VR,0,False,108653,0.9090909090909091,0.5269270074507821,1.0,0.6823808493240298
DFL-MAT-J041VR,0,False,79425,0.9090909090909091,0.4886564799355846,1.0,0.6190574589769341
DFL-MAT-J041VR,0,False,172053,0.5454545454545454,0.16704893372540008,0.6,0.13016382667333048
DFL-MAT-J041VR,0,False,135653,1.0,0.26657302612171807,1.0,0.32514951866721464
DFL-MAT-J041VR,0,False,18600,0.8181818181818182,0.3184284152993946,0.8,0.30590771165299924
DFL-MAT-J041VR,0,False,169653,1.0,0.3699062428766582,1.0,0.4182453098952069
DFL-MAT-J041VR,0,False,127228,1.0,0.6217370106314251,1.0,0.6585810427062146
DFL-MAT-J041VR,0,False,40600,0.6363636363636364,0.4456888835060192,0.7,0.4412386632475883
DFL-MAT-J041VR,0,False,121153,0.7272727272727273,0.5267548171061396,0.7,0.7007209280666518
DFL-MAT-J041VR,0,False,166403,0.6363636363636364,0.8716986679502648,0.7,0.867744735613862
DFL-MAT-J041VR,0,False,57375,1.0,0.4444197714702116,1.0,0.49231660838302826
DFL-MAT-J041VR,0,False,147528,0.9090909090909091,0.33261369820876996,1.0,0.6119530634927564
DFL-MAT-J041VR,0,False,43600,0.7272727272727273,0.6941748333120886,0.7,0.6834028843392046
DFL-MAT-J041VR,0,False,20075,0.9090909090909091,0.5010013264224933,1.0,0.5533555485214864
DFL-MAT-J041VR,0,False,18000,0.7272727272727273,0.6286500362932091,0.8,0.644329523765774
DFL-MAT-J041VR,0,False,74075,0.6363636363636364,0.012100722899825223,0.6,0.0
DFL-MAT-J041VR,0,False,172153,0.7272727272727273,0.4934075790876772,0.7,0.47079800822503204
DFL-MAT-J041VR,0,False,10925,0.6363636363636364,0.0,0.7,0.0
DFL-MAT-J041VR,0,False,55625,0.7272727272727273,0.27828723645413744,0.7,0.24719869258709593
DFL-MAT-J041VR,0,False,167778,0.6363636363636364,0.17735625445437908,0.6,0.13741828350935437
DFL-MAT-J041VR,0,False,147878,0.8181818181818182,0.6283597905258058,0.8,0.6255052831605885
DFL-MAT-J041VR,0,False,20400,1.0,0.24541408012174348,1.0,0.3190982708928358
DFL-MAT-J041VR,0,False,100228,0.8181818181818182,0.011037802857664314,0.8,0.0
DFL-MAT-J041VR,0,False,102303,0.7272727272727273,0.7396463081634085,0.7,0.7277987388573257
DFL-MAT-J041VR,0,False,57400,0.6363636363636364,0.2846476804001966,0.7,0.31838689452272917
DFL-MAT-J041VR,1,True,54075,0.9090909090909091,0.6012253531284759,0.9,0.585009599799563
DFL-MAT-J041VR,1,True,134378,1.0,0.4539943139917242,1.0,0.5201227231636185
DFL-MAT-J041VR,1,True,118303,0.5454545454545454,0.4574357152010421,0.5,0.43096327974300774
DFL-MAT-J041VR,1,True,138728,0.9090909090909091,0.7674630068669881,0.9,0.7578112737846058
DFL-MAT-J041VR,1,True,143703,0.7272727272727273,0.42587864512491147,0.7,0.3978568063312298
DFL-MAT-J041VR,1,True,159203,0.9090909090909091,0.3280041410558294,0.9,0.2956540745049536
DFL-MAT-J041VR,1,True,53050,0.5454545454545454,0.4865577849334666,0.5,0.4616868242286941
DFL-MAT-J041VR,1,True,59300,0.6363636363636364,0.8023545531996618,0.7,0.8073594923707852
DFL-MAT-J041VR,1,True,109678,0.7272727272727273,0.28847954144422683,0.7,0.2597274927716249
DFL-MAT-J041VR,1,True,142003,0.9090909090909091,0.5622859820911271,0.9,0.5495506664360216
DFL-MAT-J041VR,1,True,155128,0.6363636363636364,0.6039424137303355,0.7,0.603338875587806
DFL-MAT-J041VR,1,True,12575,0.6363636363636364,0.5303572361135191,0.7,0.5601044875789485
DFL-MAT-J041VR,1,True,10375,1.0,0.5478467040635296,1.0,0.5715230336460728
DFL-MAT-J041VR,1,True,149928,1.0,0.23167555590190403,1.0,0.2546301598694325
DFL-MAT-J041VR,1,True,25975,1.0,0.4791918355859819,1.0,0.5391134659156999
DFL-MAT-J041VR,1,True,133028,0.7272727272727273,0.13483671143762765,0.8,0.17477023436876482
DFL-MAT-J041VR,1,True,173178,0.6363636363636364,0.6175269480111772,0.6,0.6035562421438834
DFL-MAT-J041VR,1,True,54100,0.8181818181818182,0.31799998549842345,0.8,0.2936103668251684
DFL-MAT-J041VR,1,True,50575,1.0,0.19681585398131163,1.0,0.17675740667680429
DFL-MAT-J041VR,1,True,31800,0.8181818181818182,0.3149228011681635,0.8,0.3123357598708002
DFL-MAT-J041VR,1,True,31525,0.6363636363636364,0.3692349083360942,0.7,0.3505019425585155
DFL-MAT-J041VR,1,True,110803,1.0,0.6123327868991275,1.0,0.6322079678325576
DFL-MAT-J041VR,1,True,43900,0.7272727272727273,0.21977275298663168,0.7,0.18466638731764917
DFL-MAT-J041VR,1,True,47125,0.6363636363636364,0.867318319056176,0.6,0.8747852152863481
DFL-MAT-J041VR,1,True,173703,0.6363636363636364,0.4454870258385294,0.7,0.4329035711162237
DFL-MAT-J041VR,1,True,73250,1.0,0.3736210763088198,1.0,0.4489459901106817
DFL-MAT-J041VR,1,True,167403,0.8181818181818182,0.7569340429237529,0.8,0.7469144878870303
DFL-MAT-J041VR,1,True,27975,0.7272727272727273,0.0,0.8,0.0
DFL-MAT-J041VR,1,True,141078,0.6363636363636364,0.5548140311270007,0.7,0.5494508863950842
DFL-MAT-J041VR,1,True,69225,1.0,0.496685861145012,1.0,0.5560629979731079
DFL-MAT-J041VR,1,True,35825,0.6363636363636364,0.7333993905913483,0.6,0.7204621929649342
DFL-MAT-J041VR,1,True,103328,1.0,0.6268761649959936,1.0,0.6545194436699756
DFL-MAT-J041VR,1,True,156853,0.7272727272727273,0.4330986313926194,0.7,0.40547547427899877
DFL-MAT-J041VR,1,True,102728,0.9090909090909091,0.3049660647382484,0.9,0.28612021718449154
DFL-MAT-J041VR,1,True,130078,0.7272727272727273,0.22146393383736518,0.7,0.1917211831100849
DFL-MAT-J041VR,1,True,174553,0.7272727272727273,0.1866671291601132,0.7,0.1614664358700405
DFL-MAT-J041VR,1,True,157928,1.0,0.5763718357516787,1.0,0.6001066633425576
DFL-MAT-J041VR,1,True,146278,1.0,0.24229845094283642,1.0,0.27776257444296304
DFL-MAT-J041VR,1,True,46725,0.5454545454545454,0.6014716284372805,0.5,0.5823290697115827
DFL-MAT-J041VR,1,True,132328,0.5454545454545454,0.7205823156874962,0.5,0.7519047713663011
DFL-MAT-J041VR,1,True,13350,0.6363636363636364,0.3210718111905285,0.6,0.2880466104347521
DFL-MAT-J041VR,1,True,54200,0.8181818181818182,0.5316029141010168,0.8,0.508751361270206
DFL-MAT-J041VR,1,True,20700,0.8181818181818182,0.5484860701448679,0.8,0.5264587082834817
DFL-MAT-J041VR,1,True,61500,0.7272727272727273,0.3931684571050722,0.7,0.3636511100319342
DFL-MAT-J041VR,1,True,153053,0.6363636363636364,0.7120589911086799,0.6,0.6989311811334751
DFL-MAT-J041VR,1,True,145903,0.6363636363636364,0.3799307384895545,0.7,0.3872622667646065
DFL-MAT-J041VR,1,True,149853,1.0,0.40187078516683206,1.0,0.3969281920240967
DFL-MAT-J041VR,1,True,126428,0.5454545454545454,0.43598977344617773,0.6,0.4291156128261493
DFL-MAT-J041VR,1,True,76725,0.7272727272727273,0.18477099481777903,0.8,0.19378997125295383
DFL-MAT-J041VR,1,True,132528,0.6363636363636364,0.839210968716033,0.7,0.8573384981239709
DFL-MAT-J041VR,1,True,20650,0.7272727272727273,0.3248443018193816,0.8,0.34733329090836507
DFL-MAT-J041VR,1,True,145378,0.5454545454545454,0.5385977742899254,0.5,0.518191790799554
DFL-MAT-J041VR,1,True,49150,1.0,0.470998996192608,1.0,0.5435351479859076
DFL-MAT-J041VR,1,True,114853,0.9090909090909091,0.27087858927271624,0.9,0.2535592207827829
DFL-MAT-J041VR,1,True,66525,0.5454545454545454,0.7398194291020279,0.5,0.7281083312502553
DFL-MAT-J041VR,1,True,32825,0.5454545454545454,0.5609847099433825,0.6,0.5547822524606703
DFL-MAT-J041VR,1,True,58400,0.5454545454545454,0.5058864616818646,0.5,0.5145644690699174
DFL-MAT-J041VR,1,True,69325,0.8181818181818182,0.151598732915444,0.8,0.1180097301419697
DFL-MAT-J041VR,1,True,50050,0.9090909090909091,0.748394063391125,0.9,0.7362045157934651
DFL-MAT-J041VR,1,True,75675,0.6363636363636364,0.3196609230107199,0.6,0.288409871211759
DFL-MAT-J041W5,0,True,79901,0.5454545454545454,0.2841288980300172,0.5,0.26804719942872535
DFL-MAT-J041W5,0,True,48951,0.9090909090909091,0.6605188335042185,0.9,0.644796884177703
DFL-MAT-J041W5,0,True,139669,0.9090909090909091,0.48232893537322274,0.9,0.46119665627037754
DFL-MAT-J041W5,0,True,33276,0.6363636363636364,0.6601804486204323,0.6,0.6438868173401806
DFL-MAT-J041W5,0,True,63376,0.6363636363636364,0.23897272123974655,0.6,0.21144101618298128
DFL-MAT-J041W5,0,True,24001,0.7272727272727273,0.7683893335237948,0.8,0.8142808439751287
DFL-MAT-J041W5,0,True,125644,0.5454545454545454,0.3101128738189626,0.5,0.2909786699134892
DFL-MAT-J041W5,0,True,111119,0.6363636363636364,0.4613279924005679,0.7,0.48546692766024546
DFL-MAT-J041W5,0,True,49051,0.7272727272727273,0.6562592085468324,0.8,0.6566972376733842
DFL-MAT-J041W5,0,True,15126,0.5454545454545454,0.27858920989090863,0.5,0.24561837814544119
DFL-MAT-J041W5,0,True,32076,0.6363636363636364,0.7870660151079696,0.6,0.776892987458132
DFL-MAT-J041W5,0,True,110169,0.7272727272727273,0.6690069284239564,0.8,0.7365075266401717
DFL-MAT-J041W5,0,True,176269,0.7272727272727273,0.589273514415527,0.8,0.5878949846079047
DFL-MAT-J041W5,0,True,167794,0.7272727272727273,0.5989667478385735,0.7,0.5794900509996092
DFL-MAT-J041W5,0,True,134469,0.9090909090909091,0.4797144372711921,0.9,0.4600125525684077
DFL-MAT-J041W5,0,True,177219,0.9090909090909091,0.687936967198979,0.9,0.7200153847511408
DFL-MAT-J041W5,0,True,137294,0.5454545454545454,0.7618610498998378,0.5,0.8123869328077743
DFL-MAT-J041W5,0,True,129844,1.0,0.7721052040939012,1.0,0.7611756403320752
DFL-MAT-J041W5,0,True,165169,0.7272727272727273,0.39852201821488054,0.8,0.5044519828404788
DFL-MAT-J041W5,0,True,141919,0.7272727272727273,0.5444575094127659,0.8,0.5370278248291049
DFL-MAT-J041W5,0,True,80076,0.5454545454545454,0.615965279966656,0.5,0.5981345997460209
DFL-MAT-J041W5,0,True,166394,0.7272727272727273,0.6454020867702891,0.7,0.6280954744603048
DFL-MAT-J041W5,0,True,64176,0.5454545454545454,0.5456446252272136,0.5,0.5235025575261554
DFL-MAT-J041W5,0,True,47626,1.0,0.39661615124230243,1.0,0.4252391515826488
DFL-MAT-J041W5,0,True,23726,0.7272727272727273,0.7291326735023627,0.7,0.7159318311425465
DFL-MAT-J041W5,0,True,134394,1.0,0.24503559727634272,1.0,0.22421810823915633
DFL-MAT-J041W5,0,True,71626,0.7272727272727273,0.8133839318933855,0.7,0.8065968769477763
DFL-MAT-J041W5,0,True,12251,0.5454545454545454,0.3493742179175654,0.6,0.3294065883980508
DFL-MAT-J041W5,0,True,147969,0.6363636363636364,0.6109817850760899,0.7,0.6010239338320573
DFL-MAT-J041W5,0,True,31351,0.8181818181818182,0.2577940593437945,0.8,0.22471878722408678
DFL-MAT-J041W5,0,True,162269,1.0,0.3827935756694627,1.0,0.37637615952668946
DFL-MAT-J041W5,0,True,139494,1.0,0.838687891879625,1.0,0.8381997647104218
DFL-MAT-J041W5,0,True,107469,1.0,0.5409207149439204,1.0,0.623077669110819
DFL-MAT-J041W5,0,True,72401,0.5454545454545454,0.0749021494404164,0.5,0.029910020149447103
DFL-MAT-J041W5,0,True,31401,0.9090909090909091,0.3017242748426544,0.9,0.27389884089667715
DFL-MAT-J041W5,0,True,70826,0.8181818181818182,0.5658513074735095,0.8,0.553675526945723
DFL-MAT-J041W5,0,True,126494,1.0,0.5065993361367315,1.0,0.518216570793576
DFL-MAT-J041W5,0,True,101569,0.7272727272727273,0.8191609016170751,0.7,0.8165003296898111
DFL-MAT-J041W5,0,True,170244,0.7272727272727273,0.658221706676735,0.7,0.6622646263584804
DFL-MAT-J041W5,0,True,158644,0.5454545454545454,0.5346330103235573,0.6,0.5150451531352154
DFL-MAT-J041W5,0,True,126144,0.8181818181818182,0.670520408586402,0.8,0.6656559042978589
DFL-MAT-J041W5,0,True,136869,0.5454545454545454,0.6990879720211001,0.6,0.8029590938320605
DFL-MAT-J041W5,0,True,138594,0.9090909090909091,0.8452887408680227,0.9,0.8415924012265336
DFL-MAT-J041W5,0,True,80851,1.0,0.6016826725843858,1.0,0.6090569857724721
DFL-MAT-J041W5,0,True,112369,1.0,0.2519180487203727,1.0,0.2654235765536427
DFL-MAT-J041W5,0,True,109894,1.0,0.6493546048435992,1.0,0.6578100340976187
DFL-MAT-J041W5,0,True,174719,0.5454545454545454,0.7932771007431912,0.6,0.7925617284020133
DFL-MAT-J041W5,0,True,139119,1.0,0.7763438283160183,1.0,0.766563184695948
DFL-MAT-J041W5,0,True,140019,0.8181818181818182,0.1645851294437669,0.8,0.12918497200079504
DFL-MAT-J041W5,0,True,138619,0.9090909090909091,0.7486954353136537,0.9,0.744615352737984
DFL-MAT-J041W5,0,True,175619,0.7272727272727273,0.7790683816530571,0.7,0.7695085296285421
DFL-MAT-J041W5,0,True,60226,0.9090909090909091,0.39598866548419775,0.9,0.3717874659512682
DFL-MAT-J041W5,0,True,101894,0.6363636363636364,0.47928135875305233,0.6,0.46269456385412044
DFL-MAT-J041W5,0,True,36476,0.6363636363636364,0.7481683773186412,0.6,0.7440306187155677
DFL-MAT-J041W5,0,True,162244,0.9090909090909091,0.5019311627572531,0.9,0.5143554929434292
DFL-MAT-J041W5,0,True,37851,1.0,0.4987169497557631,1.0,0.505646027358301
DFL-MAT-J041W5,0,True,113844,0.6363636363636364,0.38173651634960226,0.7,0.3576617921194505
DFL-MAT-J041W5,0,True,162444,0.8181818181818182,0.31210943861998164,0.8,0.28686849931914116
DFL-MAT-J041W5,0,True,173894,0.7272727272727273,0.17079137056510119,0.7,0.27018172352684355
DFL-MAT-J041W5,0,True,126669,1.0,0.7315492378595249,1.0,0.7382864325335643
DFL-MAT-J041W5,1,False,41326,0.7272727272727273,0.7671689583004182,0.8,0.7778756577973539
DFL-MAT-J041W5,1,False,45401,0.9090909090909091,0.4192892885479327,0.9,0.39103194560392185
DFL-MAT-J041W5,1,False,115269,0.6363636363636364,0.4221433528936609,0.6,0.39883012832174725
DFL-MAT-J041W5,1,False,77501,0.5454545454545454,0.8810609999992081,0.5,0.8755062801376285
DFL-MAT-J041W5,1,False,26651,1.0,0.3458113924195432,1.0,0.4341630989686348
DFL-MAT-J041W5,1,False,81776,0.8181818181818182,0.7408216638647126,0.8,0.7486789563845788
DFL-MAT-J041W5,1,False,166994,0.5454545454545454,0.6941231715519194,0.5,0.6876875472962001
DFL-MAT-J041W5,1,False,151544,1.0,0.29842834318361655,1.0,0.29731364280498507
DFL-MAT-J041W5,1,False,33351,1.0,0.41298836026622565,1.0,0.39747394699915306
DFL-MAT-J041W5,1,False,11526,0.5454545454545454,0.39624180047090185,0.5,0.3706131285721763
DFL-MAT-J041W5,1,False,141769,0.9090909090909091,0.5887717085994084,1.0,0.6551450769813261
DFL-MAT-J041W5,1,False,165919,0.6363636363636364,0.7761111675983753,0.6,0.7653523392317712
DFL-MAT-J041W5,1,False,168919,0.5454545454545454,0.6166245274103016,0.6,0.5979301613990919
DFL-MAT-J041W5,1,False,121394,0.9090909090909091,0.1470581255008513,0.9,0.11801601331321221
DFL-MAT-J041W5,1,False,57951,0.9090909090909091,0.5875398145695474,0.9,0.6032783743856618
DFL-MAT-J041W5,1,False,74926,0.5454545454545454,0.8253562577850709,0.6,0.8201873083572879
DFL-MAT-J041W5,1,False,158994,0.5454545454545454,0.2492216137712423,0.6,0.21264437585233797
DFL-MAT-J041W5,1,False,170894,0.5454545454545454,0.22883761499154798,0.5,0.19578014628983487
DFL-MAT-J041W5,1,False,16776,0.7272727272727273,0.8791973825181257,0.7,0.8736262286018509
DFL-MAT-J041W5,1,False,26001,0.7272727272727273,0.539691874557539,0.7,0.5185056073194347
DFL-MAT-J041W5,1,False,146844,0.7272727272727273,0.6727696847101474,0.7,0.6568647314536182
DFL-MAT-J041W5,1,False,21076,1.0,0.6194777710784852,1.0,0.6371190746811672
DFL-MAT-J041W5,1,False,154369,0.9090909090909091,0.7166878248130639,1.0,0.7378663465169588
DFL-MAT-J041W5,1,False,133869,0.7272727272727273,0.6588779621046142,0.8,0.6808594275204829
DFL-MAT-J041W5,1,False,72651,0.5454545454545454,0.474424853708888,0.5,0.45003267049399465
DFL-MAT-J041W5,1,False,26026,0.7272727272727273,0.6172508233741393,0.8,0.6074180299708744
DFL-MAT-J041W5,1,False,46726,1.0,0.18251574972508489,1.0,0.2817858852521883
DFL-MAT-J041W5,1,False,46026,0.6363636363636364,0.7827192935556461,0.7,0.7721869530473846
DFL-MAT-J041W5,1,False,154044,0.8181818181818182,0.660822753733229,0.8,0.7066798304674412
DFL-MAT-J041W5,1,False,76551,0.5454545454545454,0.8683162815894818,0.5,0.8740207156445586
DFL-MAT-J041W5,1,False,39901,0.9090909090909091,0.01753869753512005,0.9,0.0
DFL-MAT-J041W5,1,False,27501,0.5454545454545454,0.5920749756150854,0.6,0.5762339625716307
DFL-MAT-J041W5,1,False,30426,0.8181818181818182,0.8995889554316144,0.8,0.894975122845475
DFL-MAT-J041W5,1,False,61951,1.0,0.4155575915526124,1.0,0.4554238026999281
DFL-MAT-J041W5,1,False,69651,0.6363636363636364,0.4667968347316376,0.6,0.44209025430599513
DFL-MAT-J041W5,1,False,124069,0.7272727272727273,0.7366610688991556,0.7,0.7272476949352779
DFL-MAT-J041W5,1,False,40951,0.5454545454545454,0.5605878040685377,0.5,0.5465676863150701
DFL-MAT-J041W5,1,False,110594,0.5454545454545454,0.7430798973130806,0.6,0.7521590605897326
DFL-MAT-J041W5,1,False,105994,0.5454545454545454,0.8477359293827667,0.6,0.8410770703525707
DFL-MAT-J041W5,1,False,76326,0.6363636363636364,0.8818913456769796,0.6,0.9067561326000476
DFL-MAT-J041W5,1,False,55801,0.7272727272727273,0.48764831194850433,0.8,0.47135375287250103
DFL-MAT-J041W5,1,False,17976,0.6363636363636364,0.749172142963666,0.6,0.7376437422094988
DFL-MAT-J041W5,1,False,140719,0.8181818181818182,0.7478675333785525,0.8,0.7389158358784795
DFL-MAT-J041W5,1,False,43701,0.9090909090909091,0.4026057901901031,0.9,0.3880510028484022
DFL-MAT-J041W5,1,False,63226,0.7272727272727273,0.3626042773191095,0.7,0.3541010142061767
DFL-MAT-J041W5,1,False,31101,0.6363636363636364,0.4880494485366583,0.7,0.47456891789084077
DFL-MAT-J041W5,1,False,57301,0.6363636363636364,0.8773263217643326,0.6,0.8726555552425773
DFL-MAT-J041W5,1,False,78776,0.7272727272727273,0.7634142402705195,0.7,0.8145344602135336
DFL-MAT-J041W5,1,False,50001,1.0,0.4731458824271908,1.0,0.4491843349137883
DFL-MAT-J041W5,1,False,171044,0.9090909090909091,0.6232697041675566,0.9,0.6470863621562642
DFL-MAT-J041W5,1,False,108869,0.6363636363636364,0.7352182200584745,0.7,0.7231705931400099
DFL-MAT-J041W5,1,False,52026,0.9090909090909091,0.14331244852040792,1.0,0.3482444896734509
DFL-MAT-J041W5,1,False,167019,0.6363636363636364,0.7991083793905855,0.6,0.7895701284276931
DFL-MAT-J041W5,1,False,77176,0.7272727272727273,0.8612839048751929,0.7,0.8546440500956125
DFL-MAT-J041W5,1,False,133744,1.0,0.43027954510199595,1.0,0.4764720807607522
DFL-MAT-J041W5,1,False,77076,0.5454545454545454,0.9300791397924861,0.6,0.9267918426531545
DFL-MAT-J041W5,1,False,154944,1.0,0.21313933323407952,1.0,0.30460705372532726
DFL-MAT-J041W5,1,False,44626,0.7272727272727273,0.5495196880667217,0.7,0.5444803375745066
DFL-MAT-J041W5,1,False,22601,0.6363636363636364,0.6513054153974718,0.6,0.670091615715528
DFL-MAT-J041W5,1,False,56926,0.9090909090909091,0.6226716889803505,0.9,0.6049084995680476
DFL-MAT-J041WE,0,False,36800,0.5454545454545454,0.7504246146444841,0.5,0.7432269246034946
DFL-MAT-J041WE,0,False,178079,1.0,0.8002670544016868,1.0,0.8022651488182836
DFL-MAT-J041WE,0,False,180379,0.8181818181818182,0.7440043950312324,0.8,0.732566046186492
DFL-MAT-J041WE,0,False,109429,0.6363636363636364,0.7305466114580387,0.6,0.7347926603302865
DFL-MAT-J041WE,0,False,32025,0.8181818181818182,0.46477886307580907,0.9,0.5004226304110723
DFL-MAT-J041WE,0,False,16700,0.6363636363636364,0.400687852905418,0.6,0.37344559093796925
DFL-MAT-J041WE,0,False,164729,0.7272727272727273,0.7544774758571628,0.7,0.7429389598687952
DFL-MAT-J041WE,0,False,38425,0.9090909090909091,0.3072594776361197,0.9,0.2751607852031338
DFL-MAT-J041WE,0,False,41600,0.9090909090909091,0.5319269462747069,0.9,0.529746180561824
DFL-MAT-J041WE,0,False,107154,0.7272727272727273,0.8508783250362899,0.7,0.8473963602092107
DFL-MAT-J041WE,0,False,59350,0.6363636363636364,0.6191414006421676,0.7,0.6340924830112419
DFL-MAT-J041WE,0,False,177404,0.8181818181818182,0.7249427970340041,0.8,0.7122501390466152
DFL-MAT-J041WE,0,False,172104,0.7272727272727273,0.78643520949258,0.7,0.7772309140967342
DFL-MAT-J041WE,0,False,23450,0.6363636363636364,0.644542382110321,0.7,0.6347688608969067
DFL-MAT-J041WE,0,False,68000,1.0,0.46509388817392905,1.0,0.4391202838867132
DFL-MAT-J041WE,0,False,53550,0.7272727272727273,0.4670155568196074,0.7,0.4452121617571382
DFL-MAT-J041WE,0,False,112829,0.8181818181818182,0.8038096647601226,0.8,0.8057302640492735
DFL-MAT-J041WE,0,False,41000,0.6363636363636364,0.6647664085206313,0.6,0.6484318925311243
DFL-MAT-J041WE,0,False,31275,1.0,0.06082537278178346,1.0,0.02172387052920499
DFL-MAT-J041WE,0,False,150529,0.9090909090909091,0.6354695305754512,0.9,0.6482015628516244
DFL-MAT-J041WE,0,False,50825,1.0,0.4884585291131238,1.0,0.48394010496016004
DFL-MAT-J041WE,0,False,128954,1.0,0.44294057206007464,1.0,0.4444629185767637
DFL-MAT-J041WE,0,False,49775,1.0,0.22944849860029337,1.0,0.29397869840254487
DFL-MAT-J041WE,0,False,182604,0.9090909090909091,0.7333058707780815,1.0,0.7602989288743167
DFL-MAT-J041WE,0,False,14425,0.9090909090909091,0.2789537855926928,0.9,0.24413053329124645
DFL-MAT-J041WE,0,False,122429,1.0,0.383012079878148,1.0,0.4334797070275317
DFL-MAT-J041WE,0,False,38225,1.0,0.5365074690505217,1.0,0.5621954484571212
DFL-MAT-J041WE,0,False,110504,0.5454545454545454,0.7153235619535916,0.6,0.7188974955455484
DFL-MAT-J041WE,0,False,59675,0.5454545454545454,0.4718154560564952,0.6,0.5019476712281639
DFL-MAT-J041WE,0,False,67875,1.0,0.49715558860340103,1.0,0.5317362606494951
DFL-MAT-J041WE,0,False,79375,0.5454545454545454,0.7985774275282008,0.5,0.8113506297302782
DFL-MAT-J041WE,0,False,140954,1.0,0.8687639128496364,1.0,0.8676944546800314
DFL-MAT-J041WE,0,False,100229,0.6363636363636364,0.0,0.6,0.0
DFL-MAT-J041WE,0,False,149379,0.6363636363636364,0.6962320293755779,0.6,0.692433873475256
DFL-MAT-J041WE,0,False,70225,0.9090909090909091,0.3269691648176102,0.9,0.3235347706853343
DFL-MAT-J041WE,0,False,38825,0.8181818181818182,0.4220453365621115,0.8,0.39851353041615756
DFL-MAT-J041WE,0,False,165254,1.0,0.569725094013088,1.0,0.6506938806519847
DFL-MAT-J041WE,0,False,38725,1.0,0.5755054517660919,1.0,0.5752885786036394
DFL-MAT-J041WE,0,False,72975,0.6363636363636364,0.4280194277588635,0.6,0.400804810876799
DFL-MAT-J041WE,0,False,177204,0.8181818181818182,0.6640612231033935,0.8,0.6649696228836242
DFL-MAT-J041WE,0,False,37150,0.7272727272727273,0.7767283119130285,0.8,0.7870532492622404
DFL-MAT-J041WE,0,False,59050,0.9090909090909091,0.6652843973936311,0.9,0.6582780256859251
DFL-MAT-J041WE,0,False,156079,1.0,0.8003735126455149,1.0,0.8042775555578536
DFL-MAT-J041WE,0,False,155029,0.9090909090909091,0.7509445163038359,1.0,0.8869451521907884
DFL-MAT-J041WE,0,False,75250,0.9090909090909091,0.499836220801816,0.9,0.4757142820816136
DFL-MAT-J041WE,0,False,110879,0.8181818181818182,0.8625090588918061,0.8,0.8642388461677479
DFL-MAT-J041WE,0,False,73850,0.9090909090909091,0.42799394314493344,0.9,0.4394570127348514
DFL-MAT-J041WE,0,False,111179,0.7272727272727273,0.7085817572753683,0.7,0.7027349123345401
DFL-MAT-J041WE,0,False,56325,0.7272727272727273,0.43212519508434466,0.7,0.42083636174722416
DFL-MAT-J041WE,0,False,106604,0.6363636363636364,0.5614680214590442,0.7,0.6031455194618001
DFL-MAT-J041WE,0,False,111104,0.5454545454545454,0.7647700662858763,0.5,0.7534306308309242
DFL-MAT-J041WE,0,False,45400,0.8181818181818182,0.6022955709762519,0.8,0.5828854843554553
DFL-MAT-J041WE,0,False,23325,0.6363636363636364,0.3990012181736541,0.7,0.4305713268868945
DFL-MAT-J041WE,0,False,11850,1.0,0.40721866451419353,1.0,0.47224756369257204
DFL-MAT-J041WE,0,False,11975,1.0,0.2593964299850119,1.0,0.3009057876255583
DFL-MAT-J041WE,0,False,170104,0.5454545454545454,0.25013192904248827,0.6,0.21364754340217273
DFL-MAT-J041WE,0,False,27175,0.8181818181818182,0.7792867981880819,0.9,0.7898350518077903
DFL-MAT-J041WE,0,False,35025,0.7272727272727273,0.056556561989965504,0.8,0.05902634806323814
DFL-MAT-J041WE,0,False,170229,0.5454545454545454,0.4597326942082147,0.6,0.45137145228152065
DFL-MAT-J041WE,0,False,105179,0.8181818181818182,0.6630275121830744,0.8,0.6567495536855203
DFL-MAT-J041WE,1,True,62200,0.6363636363636364,0.6187465794685804,0.6,0.6161293929552394
DFL-MAT-J041WE,1,True,63675,0.6363636363636364,0.5952060755558224,0.7,0.587390767556695
DFL-MAT-J041WE,1,True,106054,0.6363636363636364,0.18927652871749534,0.7,0.1607887683785164
DFL-MAT-J041WE,1,True,185404,0.8888888888888888,0.7572322239437187,0.875,0.7493579764806122
DFL-MAT-J041WE,1,True,81250,0.7272727272727273,0.6443070221540665,0.7,0.6305528057948483
DFL-MAT-J041WE,1,True,167654,0.8888888888888888,0.5272792212881283,1.0,0.5262745913503813
DFL-MAT-J041WE,1,True,33525,0.6363636363636364,0.692339338380451,0.6,0.6773825603816777
DFL-MAT-J041WE,1,True,182179,1.0,0.3293972725528559,1.0,0.3567940910062817
DFL-MAT-J041WE,1,True,151354,0.6,0.7391728593141705,0.5555555555555556,0.7294879381502315
DFL-MAT-J041WE,1,True,125279,0.6363636363636364,0.8827310336986122,0.7,0.8804734502416289
DFL-MAT-J041WE,1,True,78200,0.5454545454545454,0.19048280221059488,0.6,0.15097206801077112
DFL-MAT-J041WE,1,True,181754,0.7777777777777778,0.018536002044412636,0.75,0.0
DFL-MAT-J041WE,1,True,65600,0.7272727272727273,0.4833901919867494,0.7,0.45920075995442755
DFL-MAT-J041WE,1,True,183229,0.8888888888888888,0.8348198919282792,0.875,0.8284911601608479
DFL-MAT-J041WE,1,True,120429,0.6363636363636364,0.6242235716601456,0.7,0.6088723964429572
DFL-MAT-J041WE,1,True,71300,0.5454545454545454,0.8492415804294862,0.5,0.8428297668663179
DFL-MAT-J041WE,1,True,65200,0.8181818181818182,0.3718010217036345,0.8,0.3484734949478425
DFL-MAT-J041WE,1,True,69675,0.6363636363636364,0.7038717770102547,0.6,0.730596552746063
DFL-MAT-J041WE,1,True,138279,0.7272727272727273,0.5988869021977177,0.8,0.585786183432044
DFL-MAT-J041WE,1,True,175029,0.5555555555555556,0.7158220117219463,0.5,0.7399878744903541
DFL-MAT-J041WE,1,True,161729,1.0,0.15574963078232829,1.0,0.17571407240633774
DFL-MAT-J041WE,1,True,151579,0.8,0.7787775320965636,0.7777777777777778,0.7759718071585153
DFL-MAT-J041WE,1,True,55500,0.8181818181818182,0.5539826779286703,0.9,0.5698124935649631
DFL-MAT-J041WE,1,True,146404,0.6363636363636364,0.6157108556833466,0.6,0.6129531849821659
DFL-MAT-J041WE,1,True,118904,0.7272727272727273,0.7417540297251135,0.8,0.7445162422586262
DFL-MAT-J041WE,1,True,15575,1.0,0.665381460693688,1.0,0.7210012738376385
DFL-MAT-J041WE,1,True,151779,0.6,0.7500326097462057,0.5555555555555556,0.7365694319217833
DFL-MAT-J041WE,1,True,103204,0.7272727272727273,0.8290243841668112,0.7,0.8223829518031268
DFL-MAT-J041WE,1,True,147454,0.7272727272727273,0.5578641521924532,0.7,0.5378212136245879
DFL-MAT-J041WE,1,True,33075,0.6363636363636364,0.632401872473844,0.6,0.6146796397797765
DFL-MAT-J041WE,1,True,70775,0.7272727272727273,0.3437303884167061,0.7,0.3263861136303884
DFL-MAT-J041WE,1,True,53700,0.5454545454545454,0.18379887480079715,0.6,0.1567962914180291
DFL-MAT-J041WE,1,True,161329,1.0,0.7002314551073431,1.0,0.7535947622249024
DFL-MAT-J041WE,1,True,150704,0.9090909090909091,0.7441963383476956,0.9,0.7382895125193474
DFL-MAT-J041WE,1,True,70875,0.6363636363636364,0.5791941152884206,0.6,0.5625395876299524
DFL-MAT-J041WE,1,True,174579,0.5555555555555556,0.7311652453260029,0.625,0.7249430068716184
DFL-MAT-J041WE,1,True,64025,1.0,0.26222865426834274,1.0,0.2667750187639445
DFL-MAT-J041WE,1,True,149704,0.5454545454545454,0.7994975651703057,0.6,0.7908462083956631
DFL-MAT-J041WE,1,True,72100,0.6363636363636364,0.28369600592575794,0.6,0.2510309407157907
DFL-MAT-J041WE,1,True,103904,0.5454545454545454,0.8973524116070862,0.6,0.9482707352450491
DFL-MAT-J041WE,1,True,137704,0.5454545454545454,0.5369890623285812,0.6,0.5528719669847608
DFL-MAT-J041WE,1,True,59425,1.0,0.5099124461701576,1.0,0.5526605737798913
DFL-MAT-J041WE,1,True,63125,1.0,0.7977990633115131,1.0,0.7926664530019563
DFL-MAT-J041WE,1,True,142354,0.6363636363636364,0.0,0.6,0.0
DFL-MAT-J041WE,1,True,150229,0.8181818181818182,0.4430124811652787,0.9,0.508323066055842
DFL-MAT-J041WE,1,True,30825,0.5454545454545454,0.5796412510206097,0.6,0.5625003839932121
DFL-MAT-J041WE,1,True,172429,0.5555555555555556,0.43777590383196086,0.5,0.40533177627673744
DFL-MAT-J041WE,1,True,49025,0.9090909090909091,0.7377507606859948,1.0,0.7704712289031916
DFL-MAT-J041WE,1,True,22700,0.7272727272727273,0.4928108175175687,0.7,0.4682042345141595
DFL-MAT-J041WE,1,True,22525,1.0,0.7620846700542792,1.0,0.7954613672511301
DFL-MAT-J041WE,1,True,26250,0.6363636363636364,0.3216944282513795,0.6,0.3063798740193314
DFL-MAT-J041WE,1,True,76175,0.8181818181818182,0.09699458356303581,0.9,0.11470511234843328
DFL-MAT-J041WE,1,True,34775,1.0,0.8398012925604614,1.0,0.8670314999446399
DFL-MAT-J041WE,1,True,20950,0.6363636363636364,0.6570515076704933,0.7,0.6581772683774807
DFL-MAT-J041WE,1,True,76425,0.5454545454545454,0.3642993048294523,0.5,0.3346750770938146
DFL-MAT-J041WE,1,True,169254,0.5555555555555556,0.26025266020784865,0.5,0.42018142450819174
DFL-MAT-J041WE,1,True,120329,0.6363636363636364,0.5789310885234714,0.7,0.5688817936402115
DFL-MAT-J041WE,1,True,116904,0.6363636363636364,0.6160714326238325,0.7,0.6224024321185766
DFL-MAT-J041WE,1,True,115579,0.5454545454545454,0.9179064783032818,0.5,0.9139353361904945
DFL-MAT-J041WE,1,True,148079,0.6363636363636364,0.5179092280622861,0.6,0.4952749210683991
DFL-MAT-J041WN,0,True,115174,0.7272727272727273,0.0,0.7,0.0
DFL-MAT-J041WN,0,True,56200,0.6363636363636364,0.913275839790343,0.6,0.9091683019310604
DFL-MAT-J041WN,0,True,117224,0.7272727272727273,0.5822883621778105,0.7,0.5681461576730427
DFL-MAT-J041WN,0,True,165949,1.0,0.5561898420416866,1.0,0.5647551387754879
DFL-MAT-J041WN,0,True,70950,0.8181818181818182,0.8879594964951999,0.8,0.8966412902194334
DFL-MAT-J041WN,0,True,149124,0.6363636363636364,0.8045957028230918,0.6,0.7981915339318167
DFL-MAT-J041WN,0,True,113174,0.5454545454545454,0.5871240393017587,0.5,0.568573183583698
DFL-MAT-J041WN,0,True,74900,0.8181818181818182,0.6458762580269668,0.8,0.6328607763529194
DFL-MAT-J041WN,0,True,33725,0.7272727272727273,0.647070200240045,0.7,0.6302374883921515
DFL-MAT-J041WN,0,True,41675,0.9090909090909091,0.41899411769440664,0.9,0.421632321461223
DFL-MAT-J041WN,0,True,160424,0.5454545454545454,0.44493219674645634,0.5,0.4178681629787119
DFL-MAT-J041WN,0,True,53950,1.0,0.7002665086260524,1.0,0.7688756008691373
DFL-MAT-J041WN,0,True,108374,0.5454545454545454,0.5715310469126791,0.5,0.5508877681321344
DFL-MAT-J041WN,0,True,171124,0.7272727272727273,0.6402884199916785,0.7,0.6416330137197607
DFL-MAT-J041WN,0,True,50825,0.9090909090909091,0.4496026463422812,0.9,0.44390563318893206
DFL-MAT-J041WN,0,True,61125,0.5454545454545454,0.7137137909187097,0.6,0.7010532275486916
DFL-MAT-J041WN,0,True,70975,0.6363636363636364,0.8877635525278678,0.6,0.882303710893638
DFL-MAT-J041WN,0,True,50650,1.0,0.31969431543257176,1.0,0.3230517311286234
DFL-MAT-J041WN,0,True,66225,0.9090909090909091,0.7859063159839625,0.9,0.7804679623911445
DFL-MAT-J041WN,0,True,131899,0.8181818181818182,0.942025361163916,0.8,0.9402488435478717
DFL-MAT-J041WN,0,True,100449,0.6363636363636364,0.41775552437031793,0.7,0.4443914024358414
DFL-MAT-J041WN,0,True,127424,0.6363636363636364,0.8689017544362558,0.7,0.8674775736019253
DFL-MAT-J041WN,0,True,78875,0.7272727272727273,0.7228332562962041,0.8,0.7181085123087987
DFL-MAT-J041WN,0,True,104624,0.5454545454545454,0.8060416163879461,0.6,0.7985082737908917
DFL-MAT-J041WN,0,True,148399,0.8181818181818182,0.5958243700155774,0.9,0.6179742815320695
DFL-MAT-J041WN,0,True,110624,0.9090909090909091,0.7661868745117577,0.9,0.7554725934800391
DFL-MAT-J041WN,0,True,159174,0.6363636363636364,0.7307677694041265,0.6,0.7177173990542696
DFL-MAT-J041WN,0,True,123149,0.6363636363636364,0.7073654505033251,0.6,0.6944211963320459
DFL-MAT-J041WN,0,True,34400,0.9090909090909091,0.5167873567040954,0.9,0.5052965990563558
DFL-MAT-J041WN,0,True,12800,0.7272727272727273,0.0,0.7,0.0
DFL-MAT-J041WN,0,True,11275,0.9090909090909091,0.3208427598677934,1.0,0.3815980496415112
DFL-MAT-J041WN,0,True,107324,0.5454545454545454,0.8184475164891281,0.6,0.814587641408941
DFL-MAT-J041WN,0,True,24075,1.0,0.31695305273364527,1.0,0.331710387409182
DFL-MAT-J041WN,0,True,54800,0.9090909090909091,0.46618478398298857,0.9,0.4544817462393391
DFL-MAT-J041WN,0,True,42925,0.6363636363636364,0.6084515069870748,0.6,0.5898167319241516
DFL-MAT-J041WN,0,True,132024,0.5454545454545454,0.0,0.5,0.0
DFL-MAT-J041WN,0,True,165874,0.8181818181818182,0.6375070852679546,0.9,0.6413677890451712
DFL-MAT-J041WN,0,True,112599,0.9090909090909091,0.3100494816871737,1.0,0.3485183913862955
DFL-MAT-J041WN,0,True,142924,1.0,0.44705249926006063,1.0,0.44208128730124274
DFL-MAT-J041WN,0,True,109974,0.6363636363636364,0.0,0.7,0.0
DFL-MAT-J041WN,0,True,148324,0.9090909090909091,0.7245601081646411,0.9,0.7122760043957225
DFL-MAT-J041WN,0,True,50475,0.7272727272727273,0.6336190192248874,0.7,0.6161095291324707
DFL-MAT-J041WN,0,True,55250,0.7272727272727273,0.6891589576016237,0.7,0.8307510857280334
DFL-MAT-J041WN,0,True,145799,0.7272727272727273,0.5904999955295616,0.7,0.5875792424004536
DFL-MAT-J041WN,0,True,52700,0.5454545454545454,0.5942857737740027,0.5,0.5760653454250352
DFL-MAT-J041WN,0,True,64950,1.0,0.5054831788919953,1.0,0.5207254900711873
DFL-MAT-J041WN,0,True,139624,0.9090909090909091,0.6146247196769906,0.9,0.5987256947545322
DFL-MAT-J041WN,0,True,60700,0.6363636363636364,0.5866212415298143,0.6,0.566458668373934
DFL-MAT-J041WN,0,True,162349,0.6363636363636364,0.7530110390734945,0.7,0.7466216733303956
DFL-MAT-J041WN,0,True,172749,0.7272727272727273,0.5903540841986872,0.7,0.5707520714488835
DFL-MAT-J041WN,0,True,43575,0.6363636363636364,0.7514508344779215,0.6,0.7395117498976329
DFL-MAT-J041WN,0,True,112474,0.5454545454545454,0.582917988680559,0.6,0.5704698400918167
DFL-MAT-J041WN,0,True,150699,0.5454545454545454,0.716665195926807,0.6,0.7147788092901595
DFL-MAT-J041WN,0,True,123074,0.5454545454545454,0.742704520175167,0.6,0.7403736180903495
DFL-MAT-J041WN,0,True,76300,0.6363636363636364,0.4381842587409207,0.7,0.4406761540174088
DFL-MAT-J041WN,0,True,148849,0.7272727272727273,0.4189992630315299,0.7,0.3906693647476499
DFL-MAT-J041WN,0,True,44975,0.6363636363636364,0.9126282737202536,0.6,0.9089026783265044
DFL-MAT-J041WN,0,True,162849,0.5454545454545454,0.7672572212285099,0.6,0.7662289984251797
DFL-MAT-J041WN,0,True,43750,0.6363636363636364,0.8322102377046352,0.7,0.8260652311491955
DFL-MAT-J041WN,0,True,60275,0.5454545454545454,0.658383426743377,0.6,0.6450431638312817
DFL-MAT-J041WN,1,False,119899,0.7272727272727273,0.73941022024131,0.8,0.7304447356946453
DFL-MAT-J041WN,1,False,153924,0.5454545454545454,0.6258127485969031,0.6,0.6075658056321791
DFL-MAT-J041WN,1,False,155349,0.9090909090909091,0.5713260116732244,0.9,0.5504178344668118
DFL-MAT-J041WN,1,False,144099,0.5454545454545454,0.6212009298307627,0.6,0.6924786203342619
DFL-MAT-J041WN,1,False,149699,1.0,0.5247294389815362,1.0,0.5086546402355969
DFL-MAT-J041WN,1,False,72475,0.8181818181818182,0.5221552304691981,0.8,0.49883370788975123
DFL-MAT-J041WN,1,False,54625,0.7272727272727273,0.11691333188990227,0.8,0.09132946517340468
DFL-MAT-J041WN,1,False,129049,0.7272727272727273,0.5601466362794607,0.8,0.5486667464271531
DFL-MAT-J041WN,1,False,61900,0.7272727272727273,0.4932311176778593,0.7,0.4741436230374435
DFL-MAT-J041WN,1,False,156624,0.6363636363636364,0.5954397355598819,0.7,0.5835531175085211
DFL-MAT-J041WN,1,False,177899,0.5454545454545454,0.8793818516576851,0.6,0.8741169421503531
DFL-MAT-J041WN,1,False,61450,0.6363636363636364,0.7755348326958333,0.7,0.7654994857861964
DFL-MAT-J041WN,1,False,163799,0.7272727272727273,0.3999858527346939,0.7,0.3707077406423118
DFL-MAT-J041WN,1,False,32350,0.5454545454545454,0.2929906082218078,0.5,0.42965819480265155
DFL-MAT-J041WN,1,False,141049,1.0,0.7363549921628778,1.0,0.7536591215556504
DFL-MAT-J041WN,1,False,78000,0.6363636363636364,0.7617597307140279,0.6,0.7520658455231218
DFL-MAT-J041WN,1,False,108799,0.9090909090909091,0.48540880833746336,0.9,0.47290100067214536
DFL-MAT-J041WN,1,False,28475,0.9090909090909091,0.5641296824803191,1.0,0.5885858941161373
DFL-MAT-J041WN,1,False,10275,0.9090909090909091,0.7771142697579007,0.9,0.7689484589938116
DFL-MAT-J041WN,1,False,59475,0.5454545454545454,0.48522942688156845,0.5,0.4663462546854601
DFL-MAT-J041WN,1,False,173799,0.8181818181818182,0.49553353182168336,0.8,0.4721652569445969
DFL-MAT-J041WN,1,False,25750,0.5454545454545454,0.3416010792034616,0.5,0.319426077456754
DFL-MAT-J041WN,1,False,75325,0.5454545454545454,0.757881160354749,0.6,0.7691588474793599
DFL-MAT-J041WN,1,False,140899,1.0,0.6155653438382194,1.0,0.6112859167455407
DFL-MAT-J041WN,1,False,60175,0.8181818181818182,0.5325138760703023,0.8,0.5135431978704315
DFL-MAT-J041WN,1,False,36275,0.5454545454545454,0.24294364360672882,0.5,0.20626866737099503
DFL-MAT-J041WN,1,False,176449,0.7272727272727273,0.7832193069897551,0.7,0.7928369089684899
DFL-MAT-J041WN,1,False,122249,0.6363636363636364,0.5340086290021631,0.7,0.522686451618025
DFL-MAT-J041WN,1,False,28250,1.0,0.21932523052649633,1.0,0.19585631729391395
DFL-MAT-J041WN,1,False,154149,0.5454545454545454,0.7603002342953308,0.6,0.8329624060694275
DFL-MAT-J041WN,1,False,48575,1.0,0.5278527078686593,1.0,0.5301801760520117
DFL-MAT-J041WN,1,False,18350,0.6363636363636364,0.8777397831155216,0.7,0.8746710036541743
DFL-MAT-J041WN,1,False,144999,0.8181818181818182,0.5115453230796878,0.8,0.4879850554913552
DFL-MAT-J041WN,1,False,25075,1.0,0.3375189423058632,1.0,0.4317456933201228
DFL-MAT-J041WN,1,False,57400,1.0,0.7706901768718895,1.0,0.7598512684941435
DFL-MAT-J041WN,1,False,48100,0.9090909090909091,0.706984137685629,0.9,0.6950260667039567
DFL-MAT-J041WN,1,False,168524,1.0,0.7708005757799268,1.0,0.7984094527202332
DFL-MAT-J041WN,1,False,74275,0.5454545454545454,0.3905777659712313,0.5,0.3783430102289316
DFL-MAT-J041WN,1,False,61525,0.7272727272727273,0.3843972071321822,0.8,0.3724047352219325
DFL-MAT-J041WN,1,False,42000,0.5454545454545454,0.22333636602157914,0.5,0.18694400673154699
DFL-MAT-J041WN,1,False,68600,0.5454545454545454,0.797266424351528,0.5,0.8001833736534646
DFL-MAT-J041WN,1,False,21200,0.8181818181818182,0.6811179955541921,0.8,0.6760709423129959
DFL-MAT-J041WN,1,False,18500,0.7272727272727273,0.7122953168732606,0.8,0.7283248710655055
DFL-MAT-J041WN,1,False,115499,0.7272727272727273,0.5556445699324508,0.7,0.5362016751702101
DFL-MAT-J041WN,1,False,67550,0.9090909090909091,0.6354564053400896,0.9,0.628205874412082
DFL-MAT-J041WN,1,False,160799,0.6363636363636364,0.5901695017742633,0.6,0.585665475046432
DFL-MAT-J041WN,1,False,169149,0.9090909090909091,0.488744769099986,0.9,0.49795792059372856
DFL-MAT-J041WN,1,False,52975,0.5454545454545454,0.3101145355009822,0.6,0.28078405386785443
DFL-MAT-J041WN,1,False,37300,0.8181818181818182,0.2521354327593004,0.8,0.22981343583379488
DFL-MAT-J041WN,1,False,170399,0.9090909090909091,0.3637386813532787,0.9,0.3626546967005517
DFL-MAT-J041WN,1,False,28850,0.8181818181818182,0.43378831792506567,0.9,0.4194102524133224
DFL-MAT-J041WN,1,False,30375,0.8181818181818182,0.4084410027115206,0.8,0.4165585216487494
DFL-MAT-J041WN,1,False,14800,0.6363636363636364,0.5757145726648047,0.6,0.5569784825212358
DFL-MAT-J041WN,1,False,60875,0.8181818181818182,0.446478369579815,0.8,0.4263522095621526
DFL-MAT-J041WN,1,False,140274,0.6363636363636364,0.6909411946110863,0.6,0.6761092308806427
DFL-MAT-J041WN,1,False,35325,0.6363636363636364,0.535576271522331,0.6,0.5130127728887128
DFL-MAT-J041WN,1,False,167424,0.5454545454545454,0.5100534183343015,0.6,0.5008682164675304
DFL-MAT-J041WN,1,False,46250,1.0,0.6840906101132556,1.0,0.679044337188101
DFL-MAT-J041WN,1,False,152074,1.0,0.28422579622687205,1.0,0.30601146765907183
DFL-MAT-J041WN,1,False,118074,0.6363636363636364,0.0,0.6,0.01745928513188344
DFL-MAT-J041WT,0,False,132660,0.9090909090909091,0.5889840849585802,0.9,0.5710381950271435
DFL-MAT-J041WT,0,False,108360,0.5454545454545454,0.4964938697850374,0.5,0.4722564077637569
DFL-MAT-J041WT,0,False,78950,0.9090909090909091,0.7424594431104725,0.9,0.7511649158469458
DFL-MAT-J041WT,0,False,154660,0.7,0.7182706245007853,0.6666666666666666,0.705339673957551
DFL-MAT-J041WT,0,False,141485,0.5454545454545454,0.6389545487465342,0.5,0.6261159147461908
DFL-MAT-J041WT,0,False,109485,0.8181818181818182,0.07495339400202528,0.8,0.030320148252495516
DFL-MAT-J041WT,0,False,163985,0.8,0.7486503088286902,0.7777777777777778,0.7350555852133467
DFL-MAT-J041WT,0,False,169260,0.9,0.7749868257741096,1.0,0.862799895004834
DFL-MAT-J041WT,0,False,11875,0.6363636363636364,0.6857246143576665,0.7,0.8122450655044013
DFL-MAT-J041WT,0,False,69925,0.9090909090909091,0.6365864039477996,0.9,0.627641395788362
DFL-MAT-J041WT,0,False,76175,0.5454545454545454,0.6564271986404392,0.6,0.6398007879259453
DFL-MAT-J041WT,0,False,103085,0.8181818181818182,0.7631457068229031,0.8,0.7576531051909119
DFL-MAT-J041WT,0,False,21675,0.6363636363636364,0.540042290191924,0.6,0.5175935647178568
DFL-MAT-J041WT,0,False,60000,1.0,0.4083284618080839,1.0,0.43646894757995625
DFL-MAT-J041WT,0,False,124610,1.0,0.2569695118826324,1.0,0.22392842029766669
DFL-MAT-J041WT,0,False,53200,0.6363636363636364,0.4352964154716772,0.7,0.41940970507997943
DFL-MAT-J041WT,0,False,19325,0.5454545454545454,0.7761583074825709,0.5,0.766095733484391
DFL-MAT-J041WT,0,False,70425,0.5454545454545454,0.7219755690860086,0.6,0.715679451112291
DFL-MAT-J041WT,0,False,80850,0.5454545454545454,0.7617576559005865,0.6,0.756222977093743
DFL-MAT-J041WT,0,False,73025,0.9090909090909091,0.5661297659155878,0.9,0.5823071240094939
DFL-MAT-J041WT,0,False,150635,1.0,0.6536049572876286,1.0,0.6444001886425406
DFL-MAT-J041WT,0,False,75100,0.8181818181818182,0.027164464632005392,0.8,0.0
DFL-MAT-J041WT,0,False,70275,0.5454545454545454,0.19782894184448963,0.6,0.15884840103380016
DFL-MAT-J041WT,0,False,121710,0.8181818181818182,0.5557531507863223,0.8,0.5341440918800769
DFL-MAT-J041WT,0,False,110510,0.5454545454545454,0.0900016517421508,0.5,0.04665209006899118
DFL-MAT-J041WT,0,False,77900,0.9090909090909091,0.3230407323359161,0.9,0.3162527833618525
DFL-MAT-J041WT,0,False,154760,0.5,0.9346635745709617,0.5555555555555556,0.9317136982593491
DFL-MAT-J041WT,0,False,46350,0.7272727272727273,0.48776982597924823,0.7,0.46392585333180936
DFL-MAT-J041WT,0,False,32125,0.5454545454545454,0.6582485817083019,0.6,0.7197454227696385
DFL-MAT-J041WT,0,False,68250,1.0,0.459183624987886,1.0,0.5731081049632731
DFL-MAT-J041WT,0,False,39900,1.0,0.49069837234265823,1.0,0.47891613812614764
DFL-MAT-J041WT,0,False,129585,1.0,0.31928979730812523,1.0,0.3652101811572933
DFL-MAT-J041WT,0,False,38700,0.8181818181818182,0.28878896575541413,0.9,0.27087401066265915
DFL-MAT-J041WT,0,False,76000,0.5454545454545454,0.9055234948540652,0.6,0.9042402233302569
DFL-MAT-J041WT,0,False,166210,1.0,0.21453235292543782,1.0,0.19051110086887335
DFL-MAT-J041WT,0,False,164985,0.7,0.2902557113645159,0.6666666666666666,0.25949232162777136
DFL-MAT-J041WT,0,False,66625,0.5454545454545454,0.8305166723435891,0.6,0.8223634396262978
DFL-MAT-J041WT,0,False,51700,1.0,0.6760083265124069,1.0,0.6922345484098464
DFL-MAT-J041WT,0,False,35675,0.6363636363636364,0.17480674973651544,0.7,0.15436202857291748
DFL-MAT-J041WT,0,False,48925,0.7272727272727273,0.7526509546568941,0.7,0.7409145910880433
DFL-MAT-J041WT,0,False,162035,0.5,0.7268719896908733,0.5555555555555556,0.7307365196974667
DFL-MAT-J041WT,0,False,138860,0.7272727272727273,0.7234973497647905,0.7,0.7114480193693777
DFL-MAT-J041WT,0,False,102685,1.0,0.6093810737223421,1.0,0.6094704482478698
DFL-MAT-J041WT,0,False,117410,0.6363636363636364,0.7375557365571012,0.6,0.7247462154744597
DFL-MAT-J041WT,0,False,24950,0.7272727272727273,0.6932841898481267,0.7,0.6795516863820513
DFL-MAT-J041WT,0,False,60100,1.0,0.5480689190503512,1.0,0.5307475474801248
DFL-MAT-J041WT,0,False,139785,1.0,0.4439305666587041,1.0,0.46579591126622677
DFL-MAT-J041WT,0,False,45450,0.9090909090909091,0.508604605837758,0.9,0.4906496550960212
DFL-MAT-J041WT,0,False,150860,0.7272727272727273,0.5673163666569657,0.8,0.5684996766220385
DFL-MAT-J041WT,0,False,62450,0.7272727272727273,0.803000771252492,0.7,0.7934944314099077
DFL-MAT-J041WT,0,False,167585,1.0,0.22823592212916421,1.0,0.3546972992724333
DFL-MAT-J041WT,0,False,52825,0.9090909090909091,0.3279238892190687,0.9,0.3624551149019799
DFL-MAT-J041WT,0,False,68400,0.9090909090909091,0.4734613683496578,0.9,0.4544972427505589
DFL-MAT-J041WT,0,False,141610,0.7272727272727273,0.5323037098780143,0.7,0.5135505352914582
DFL-MAT-J041WT,0,False,56625,0.6363636363636364,0.6510355091202795,0.6,0.6343279695265976
DFL-MAT-J041WT,0,False,114910,0.5454545454545454,0.18727106109640412,0.6,0.15166081588618463
DFL-MAT-J041WT,0,False,116760,0.5454545454545454,0.5202447254588144,0.6,0.5080574335332346
DFL-MAT-J041WT,0,False,153460,0.6,0.7221909015331573,0.6666666666666666,0.7596295030563954
DFL-MAT-J041WT,0,False,44125,0.8181818181818182,0.2204555987475706,0.8,0.19042154233984665
DFL-MAT-J041WT,0,False,109535,1.0,0.40997697824988333,1.0,0.42871593916262574
DFL-MAT-J041WT,1,True,122585,0.8181818181818182,0.641683089898167,0.9,0.6441589114877502
DFL-MAT-J041WT,1,True,19100,0.5454545454545454,0.613980933264615,0.5,0.688505959775631
DFL-MAT-J041WT,1,True,159060,0.7272727272727273,0.5832085624560867,0.7,0.572006144364146
DFL-MAT-J041WT,1,True,15950,0.9090909090909091,0.3788027002136105,0.9,0.367898838237946
DFL-MAT-J041WT,1,True,158535,0.9090909090909091,0.5017483385573236,0.9,0.47851208783010213
DFL-MAT-J041WT,1,True,46475,0.6363636363636364,0.19442189541020416,0.7,0.1770731780137511
DFL-MAT-J041WT,1,True,125860,0.5454545454545454,0.16377580781627799,0.6,0.12384616731929354
DFL-MAT-J041WT,1,True,22425,0.7272727272727273,0.8168219013710486,0.7,0.8081390559986601
DFL-MAT-J041WT,1,True,65475,0.7272727272727273,0.6386237680970814,0.7,0.6276960365543925
DFL-MAT-J041WT,1,True,116985,0.7272727272727273,0.0,0.8,0.0
DFL-MAT-J041WT,1,True,14550,1.0,0.525104929950347,1.0,0.5027454338880915
DFL-MAT-J041WT,1,True,47950,0.6363636363636364,0.6268629340527709,0.6,0.6215059417127917
DFL-MAT-J041WT,1,True,20750,1.0,0.45782626980073726,1.0,0.446423919562117
DFL-MAT-J041WT,1,True,77250,0.5454545454545454,0.5839045965163583,0.6,0.5666989152643064
DFL-MAT-J041WT,1,True,101210,0.6363636363636364,0.4312016644426424,0.7,0.4041828361262454
DFL-MAT-J041WT,1,True,58600,0.9090909090909091,0.3380328599337509,0.9,0.3410479722685098
DFL-MAT-J041WT,1,True,165385,0.7272727272727273,0.6688120650265241,0.7,0.6638557157742939
DFL-MAT-J041WT,1,True,13300,0.6363636363636364,0.6393878391462684,0.7,0.6389163026757452
DFL-MAT-J041WT,1,True,142585,0.5454545454545454,0.31355653983601395,0.6,0.2818289343438898
DFL-MAT-J041WT,1,True,30450,0.6363636363636364,0.2746087337711117,0.7,0.2498390916457054
DFL-MAT-J041WT,1,True,172085,0.6363636363636364,0.31888642936735057,0.6,0.6327231037065802
DFL-MAT-J041WT,1,True,18850,0.7272727272727273,0.5720328945473481,0.8,0.7427666464172844
DFL-MAT-J041WT,1,True,171960,0.9090909090909091,0.45404392595606746,0.9,0.44036015634465486
DFL-MAT-J041WT,1,True,133110,1.0,0.8054256890821434,1.0,0.7994064181243696
DFL-MAT-J041WT,1,True,73950,0.5454545454545454,0.5740634485105129,0.5,0.5551750662173047
DFL-MAT-J041WT,1,True,163835,0.9090909090909091,0.4682118826905368,0.9,0.6930065975377413
DFL-MAT-J041WT,1,True,18950,0.5454545454545454,0.3940602498136112,0.5,0.3699689685099763
DFL-MAT-J041WT,1,True,17600,0.5454545454545454,0.9006229150671285,0.5,0.8958028097707511
DFL-MAT-J041WT,1,True,18600,0.6363636363636364,0.47162194305663985,0.6,0.44684549165604404
DFL-MAT-J041WT,1,True,158335,0.8181818181818182,0.6374683815247909,0.9,0.7245918563090007
DFL-MAT-J041WT,1,True,110860,0.9090909090909091,0.6490294828601288,0.9,0.657730260693483
DFL-MAT-J041WT,1,True,167335,0.7272727272727273,0.428141211717874,0.7,0.40292267400435144
DFL-MAT-J041WT,1,True,138235,0.8181818181818182,0.42540259738807296,0.8,0.40634610319885456
DFL-MAT-J041WT,1,True,43125,0.7272727272727273,0.5848899370727725,0.7,0.5676938148293706
DFL-MAT-J041WT,1,True,146435,0.6363636363636364,0.775288656828769,0.7,0.7653128019351993
DFL-MAT-J041WT,1,True,33300,0.5454545454545454,0.5935308208865935,0.5,0.57379441057579
DFL-MAT-J041WT,1,True,21900,0.7272727272727273,0.786974754284069,0.7,0.7804481845173382
DFL-MAT-J041WT,1,True,125660,0.7272727272727273,0.6495346456831262,0.7,0.6330107574370203
DFL-MAT-J041WT,1,True,165710,0.8181818181818182,0.8250254065080129,0.9,0.8305310756110561
DFL-MAT-J041WT,1,True,170285,0.7272727272727273,0.6786745635453479,0.7,0.6645773948751761
DFL-MAT-J041WT,1,True,111660,1.0,0.4645846824582963,1.0,0.660343832599029
DFL-MAT-J041WT,1,True,140360,0.8181818181818182,0.7002154609606999,0.8,0.6882647776453372
DFL-MAT-J041WT,1,True,30675,1.0,0.40965537996789025,1.0,0.5129199589741893
DFL-MAT-J041WT,1,True,133385,0.9090909090909091,0.38396239705282087,0.9,0.3862305132037047
DFL-MAT-J041WT,1,True,77625,1.0,0.49653661642928515,1.0,0.5403155693751536
DFL-MAT-J041WT,1,True,104760,0.5454545454545454,0.496625329749127,0.5,0.47584890578287076
DFL-MAT-J041WT,1,True,151610,0.6363636363636364,0.8021320265498146,0.6,0.7927293156339716
DFL-MAT-J041WT,1,True,56975,0.9090909090909091,0.5819533756336375,0.9,0.5811675621114427
DFL-MAT-J041WT,1,True,105935,1.0,0.3875525659224609,1.0,0.40511427179290727
DFL-MAT-J041WT,1,True,58325,0.6363636363636364,0.4036034287235899,0.7,0.37953796153135366
DFL-MAT-J041WT,1,True,23750,0.5454545454545454,0.3582213397944656,0.5,0.3270404793004803
DFL-MAT-J041WT,1,True,138685,0.6363636363636364,0.8138052901853908,0.7,0.8075130099654805
DFL-MAT-J041WT,1,True,166935,0.9090909090909091,0.766780727967878,1.0,0.8156305107227413
DFL-MAT-J041WT,1,True,31725,0.9090909090909091,0.691596443571386,1.0,0.7291192243652098
DFL-MAT-J041WT,1,True,58350,0.5454545454545454,0.4656430957990849,0.6,0.44500574609141086
DFL-MAT-J041WT,1,True,14125,0.6363636363636364,0.7683487258140086,0.6,0.7618472147146801
DFL-MAT-J041WT,1,True,101535,0.5454545454545454,0.6745615417939538,0.5,0.6684018898526877
DFL-MAT-J041WT,1,True,170410,0.8181818181818182,0.4127997697635456,0.8,0.38496938980503137
DFL-MAT-J041WT,1,True,26825,0.5454545454545454,0.45788929672316947,0.6,0.4515149438454331
DFL-MAT-J041WT,1,True,138435,0.7272727272727273,0.2969580750777294,0.8,0.3422935649590346
DFL-MAT-J041X5,0,True,108854,1.0,0.5566058329411574,1.0,0.5749781444678794
DFL-MAT-J041X5,0,True,113154,0.8181818181818182,0.26528005523771336,0.9,0.3140953843928763
DFL-MAT-J041X5,0,True,172054,0.5,0.6769828065253434,0.5555555555555556,0.6672852454220966
DFL-MAT-J041X5,0,True,80075,0.6363636363636364,0.15498033263591215,0.6,0.1138434097461678
DFL-MAT-J041X5,0,True,41375,1.0,0.5996018508653009,1.0,0.6689531833196027
DFL-MAT-J041X5,0,True,159429,0.7,0.6207683503933191,0.6666666666666666,0.6003205733953507
DFL-MAT-J041X5,0,True,59225,0.8181818181818182,0.44311987214312487,0.8,0.42414774167374236
DFL-MAT-J041X5,0,True,104729,0.7272727272727273,0.6378514484068598,0.8,0.6338980057794616
DFL-MAT-J041X5,0,True,17000,0.9090909090909091,0.4895415015212642,0.9,0.4846553661984099
DFL-MAT-J041X5,0,True,33200,0.6363636363636364,0.8182032030598374,0.6,0.8168059270413717
DFL-MAT-J041X5,0,True,74450,0.8181818181818182,0.7225955926167937,0.8,0.7120046394160005
DFL-MAT-J041X5,0,True,73100,0.6363636363636364,0.7050899023356121,0.7,0.7102650462079791
DFL-MAT-J041X5,0,True,172229,0.8,0.876362176923422,0.7777777777777778,0.870491227293155
DFL-MAT-J041X5,0,True,19900,0.9090909090909091,0.3845616635027591,0.9,0.43427002219153044
DFL-MAT-J041X5,0,True,52200,0.5454545454545454,0.7492689334629241,0.6,0.73725867155889
DFL-MAT-J041X5,0,True,156279,0.9,0.47354885121041457,0.8888888888888888,0.5338446315519845
DFL-MAT-J041X5,0,True,124179,0.5454545454545454,0.7811135979028762,0.5,0.7706958569424068
DFL-MAT-J041X5,0,True,155929,0.8,0.35199937354857114,0.7777777777777778,0.3177896012648851
DFL-MAT-J041X5,0,True,65775,0.9090909090909091,0.2630852389904206,0.9,0.25312768178791456
DFL-MAT-J041X5,0,True,15200,0.9090909090909091,0.6808500402840474,0.9,0.6850485208905542
DFL-MAT-J041X5,0,True,164079,0.9,0.6327560172875225,0.8888888888888888,0.6245690903700036
DFL-MAT-J041X5,0,True,167954,1.0,0.7974162199375816,1.0,0.7887625756638609
DFL-MAT-J041X5,0,True,116954,0.5454545454545454,0.6646103652152697,0.5,0.7897897274897112
DFL-MAT-J041X5,0,True,171954,0.5,0.7827142359502649,0.5555555555555556,0.8914518995936291
DFL-MAT-J041X5,0,True,124454,0.5454545454545454,0.18595480679695697,0.5,0.1560911287421871
DFL-MAT-J041X5,0,True,39475,1.0,0.6506056646941144,1.0,0.6569974744108193
DFL-MAT-J041X5,0,True,122079,0.7272727272727273,0.8069699552001817,0.7,0.7979727918154947
DFL-MAT-J041X5,0,True,168079,1.0,0.6435662853230537,1.0,0.673408359996261
DFL-MAT-J041X5,0,True,148129,0.9090909090909091,0.1816119429093278,0.9,0.16732966586679143
DFL-MAT-J041X5,0,True,37900,1.0,0.6445615154189732,1.0,0.6434213202391963
DFL-MAT-J041X5,0,True,159054,0.8,0.38569183050295164,0.7777777777777778,0.3532151750677689
DFL-MAT-J041X5,0,True,172004,0.5,0.861255944589545,0.5555555555555556,0.8888530707968414
DFL-MAT-J041X5,0,True,10500,0.7272727272727273,0.17115431157491945,0.7,0.14469523090786496
DFL-MAT-J041X5,0,True,154404,0.6,0.5443788689039781,0.6666666666666666,0.5670257144400832
DFL-MAT-J041X5,0,True,155454,0.7,0.0,0.6666666666666666,0.0
DFL-MAT-J041X5,0,True,109754,1.0,0.5610977475641905,1.0,0.5513075091479511
DFL-MAT-J041X5,0,True,145429,0.5454545454545454,0.5370012744184465,0.5,0.5193047239833692
DFL-MAT-J041X5,0,True,158929,0.6,0.8312484165429028,0.5555555555555556,0.8221365346166304
DFL-MAT-J041X5,0,True,23875,1.0,0.4464477890318974,1.0,0.5248936350227058
DFL-MAT-J041X5,0,True,144654,0.6363636363636364,0.7274200727775147,0.6,0.7713450355257969
DFL-MAT-J041X5,0,True,14175,0.7272727272727273,0.8214509042614896,0.7,0.8167954806532104
DFL-MAT-J041X5,0,True,168129,0.7,0.5875491229999042,0.7777777777777778,0.5846799653231682
DFL-MAT-J041X5,0,True,108254,1.0,0.6259504546549197,1.0,0.6973232929825848
DFL-MAT-J041X5,0,True,80375,0.7272727272727273,0.8728785306819693,0.7,0.8668718020012857
DFL-MAT-J041X5,0,True,130979,0.9090909090909091,0.23018928129041205,0.9,0.23537925336877275
DFL-MAT-J041X5,0,True,34850,0.6363636363636364,0.0,0.7,0.0
DFL-MAT-J041X5,0,True,19375,1.0,0.5852182268417861,1.0,0.5832546702445208
DFL-MAT-J041X5,0,True,63975,0.8181818181818182,0.35429653605660993,0.8,0.32831426146700915
DFL-MAT-J041X5,0,True,48925,0.5454545454545454,0.3188245366530593,0.5,0.3429859151592771
DFL-MAT-J041X5,0,True,58900,0.9090909090909091,0.6735268333380245,0.9,0.6771977623349427
DFL-MAT-J041X5,0,True,108954,1.0,0.285080355207885,1.0,0.3245347265921741
DFL-MAT-J041X5,0,True,167404,1.0,0.4959163469388329,1.0,0.5013460306391111
DFL-MAT-J041X5,0,True,75725,0.9090909090909091,0.2975657669901943,0.9,0.3286279272951179
DFL-MAT-J041X5,0,True,10600,0.5454545454545454,0.3232778289325282,0.6,0.29165686111248956
DFL-MAT-J041X5,0,True,175329,0.6,0.6543186944707073,0.6666666666666666,0.6361706053921343
DFL-MAT-J041X5,0,True,155254,0.8,0.7472971170604806,0.8888888888888888,0.7500273739843822
DFL-MAT-J041X5,0,True,165704,0.9,0.3212293258333436,0.8888888888888888,0.29303271949462273
DFL-MAT-J041X5,0,True,165504,0.6,0.41488272953916083,0.5555555555555556,0.38553419993533966
DFL-MAT-J041X5,0,True,48650,0.5454545454545454,0.5165453882831861,0.6,0.4930488943301272
DFL-MAT-J041X5,0,True,174004,0.6,0.5941154260105762,0.6666666666666666,0.6064159666985339
DFL-MAT-J041X5,1,False,22300,1.0,0.6141760426312498,1.0,0.6271900980060396
DFL-MAT-J041X5,1,False,142354,1.0,0.4631592359216876,1.0,0.45750129486958024
DFL-MAT-J041X5,1,False,11700,0.6363636363636364,0.0,0.6,0.0
DFL-MAT-J041X5,1,False,171704,0.8181818181818182,0.7180403018622001,0.9,0.7078481322541285
DFL-MAT-J041X5,1,False,35200,0.9090909090909091,0.42953157439058554,0.9,0.4018372451811848
DFL-MAT-J041X5,1,False,130379,0.7272727272727273,0.49733377138917734,0.7,0.4767476206231698
DFL-MAT-J041X5,1,False,101329,1.0,0.34332871557864864,1.0,0.34745870897784015
DFL-MAT-J041X5,1,False,76275,0.7272727272727273,0.6775458439902218,0.7,0.6619227729621562
DFL-MAT-J041X5,1,False,60200,0.8181818181818182,0.39849228864031894,0.8,0.3777223192960245
DFL-MAT-J041X5,1,False,157804,0.6363636363636364,0.5069133014913794,0.6,0.4862899152505653
DFL-MAT-J041X5,1,False,159604,0.8181818181818182,0.3515145349574692,0.9,0.355802802896545
DFL-MAT-J041X5,1,False,164829,0.7272727272727273,0.3545304700903745,0.7,0.32885561865902313
DFL-MAT-J041X5,1,False,106154,1.0,0.2973196783356963,1.0,0.27464754364057986
DFL-MAT-J041X5,1,False,162429,0.7272727272727273,0.19151114211936426,0.7,0.1546253305182742
DFL-MAT-J041X5,1,False,46750,0.5454545454545454,0.3947881127372799,0.6,0.37075634125492873
DFL-MAT-J041X5,1,False,63600,1.0,0.25535547289177385,1.0,0.26808199835370683
DFL-MAT-J041X5,1,False,100829,0.9090909090909091,0.43951385949060184,0.9,0.42004958424838224
DFL-MAT-J041X5,1,False,151954,0.8181818181818182,0.2092457770843893,0.8,0.18839059698765792
DFL-MAT-J041X5,1,False,107429,0.8181818181818182,0.5904120684561956,0.8,0.5706487065915027
DFL-MAT-J041X5,1,False,167829,0.8181818181818182,0.20394140703680752,0.8,0.16715552757647434
DFL-MAT-J041X5,1,False,64900,1.0,0.3038271235309796,1.0,0.3023667208638465
DFL-MAT-J041X5,1,False,171204,0.6363636363636364,0.5883469028459961,0.7,0.6014058367248963
DFL-MAT-J041X5,1,False,52100,0.8181818181818182,0.6234459092148299,0.8,0.6079839214834701
DFL-MAT-J041X5,1,False,110479,0.5454545454545454,0.7354795998995384,0.5,0.728206943544839
DFL-MAT-J041X5,1,False,39325,0.8181818181818182,0.18196219602387642,0.8,0.16349918856649648
DFL-MAT-J041X5,1,False,163729,0.9090909090909091,0.41890327784740244,0.9,0.4298334342249994
DFL-MAT-J041X5,1,False,147129,0.7272727272727273,0.7905941760400144,0.8,0.818918943473829
DFL-MAT-J041X5,1,False,161604,0.7272727272727273,0.4442955661891904,0.7,0.4256980113501124
DFL-MAT-J041X5,1,False,149504,0.5454545454545454,0.7009593500426596,0.5,0.6879493400721148
DFL-MAT-J041X5,1,False,109654,0.6363636363636364,0.37457497349653446,0.7,0.3514520159345189
DFL-MAT-J041X5,1,False,71425,0.6363636363636364,0.5649628934215902,0.6,0.5438868918482846
DFL-MAT-J041X5,1,False,111979,1.0,0.24976406226550918,1.0,0.25314757222472606
DFL-MAT-J041X5,1,False,135279,0.8181818181818182,0.6621014589755824,0.8,0.6456548782192464
DFL-MAT-J041X5,1,False,132404,0.6363636363636364,0.7235273317997395,0.6,0.7385054300721943
DFL-MAT-J041X5,1,False,29375,0.8181818181818182,0.3549675475521319,0.8,0.3272234774290027
DFL-MAT-J041X5,1,False,66600,1.0,0.4784023769263803,1.0,0.4693448262687303
DFL-MAT-J041X5,1,False,123454,1.0,0.1520441352878542,1.0,0.15735030025600227
DFL-MAT-J041X5,1,False,18050,0.6363636363636364,0.6323197211609328,0.6,0.6151738265447038
DFL-MAT-J041X5,1,False,27325,0.9090909090909091,0.299715893518663,0.9,0.2656374392017402
DFL-MAT-J041X5,1,False,152304,0.6363636363636364,0.7561418252637292,0.7,0.755197264620153
DFL-MAT-J041X5,1,False,40375,0.8181818181818182,0.7688524058030262,0.8,0.7603988925057034
DFL-MAT-J041X5,1,False,162929,0.6363636363636364,0.7758923286675101,0.7,0.7875000847275356
DFL-MAT-J041X5,1,False,162654,0.8181818181818182,0.7947623252373549,0.8,0.7919058746270224
DFL-MAT-J041X5,1,False,20550,0.5454545454545454,0.5344045680527062,0.5,0.51564271480634
DFL-MAT-J041X5,1,False,68750,0.6363636363636364,0.6537512092715879,0.6,0.6637187470378506
DFL-MAT-J041X5,1,False,44275,0.6363636363636364,0.5693165257174555,0.6,0.70063984844339
DFL-MAT-J041X5,1,False,137629,0.7272727272727273,0.515084941525561,0.8,0.5205897600689019
DFL-MAT-J041X5,1,False,147079,0.6363636363636364,0.7303871030322533,0.6,0.7174631869678281
DFL-MAT-J041X5,1,False,49075,0.5454545454545454,0.6737338337136021,0.5,0.6633102704497706
DFL-MAT-J041X5,1,False,114554,0.9090909090909091,0.624237569097819,1.0,0.6484243509580475
DFL-MAT-J041X5,1,False,22950,0.8181818181818182,0.14248985964809846,0.9,0.20609684603674827
DFL-MAT-J041X5,1,False,21725,0.6363636363636364,0.7609837553845019,0.6,0.7534729658147231
DFL-MAT-J041X5,1,False,42900,0.9090909090909091,0.2801741903817081,0.9,0.2620766587673492
DFL-MAT-J041X5,1,False,35050,0.5454545454545454,0.21437444237448644,0.6,0.20227740282986306
DFL-MAT-J041X5,1,False,32225,0.9090909090909091,0.23083121934306217,0.9,0.23629988368739363
DFL-MAT-J041X5,1,False,76425,0.8181818181818182,0.7413086355275262,0.8,0.7286997934622617
DFL-MAT-J041X5,1,False,140129,0.5454545454545454,0.41854478218171176,0.5,0.40156568416366023
DFL-MAT-J041X5,1,False,30825,1.0,0.3869271774941896,1.0,0.37921549911806873
DFL-MAT-J041X5,1,False,67900,0.8181818181818182,0.42329444545234995,0.8,0.3955004953206436
DFL-MAT-J041X5,1,False,18525,0.9090909090909091,0.4239540032559932,0.9,0.40283247679478573
DFL-MAT-J041XE,0,True,115048,0.8181818181818182,0.7644457144486542,0.8,0.7613165149064378
DFL-MAT-J041XE,0,True,174573,0.5454545454545454,0.8014635553355157,0.6,0.7952495081654709
DFL-MAT-J041XE,0,True,44775,0.9090909090909091,0.5693499134952358,0.9,0.567366626752686
DFL-MAT-J041XE,0,True,35225,0.6363636363636364,0.8269314996244239,0.6,0.819996017844487
DFL-MAT-J041XE,0,True,18400,0.6363636363636364,0.7479740968554321,0.7,0.85649351692875
DFL-MAT-J041XE,0,True,116723,0.7272727272727273,0.14414811098431346,0.8,0.18032625649614187
DFL-MAT-J041XE,0,True,43800,0.8181818181818182,0.3609540581960935,0.8,0.3414850067993054
DFL-MAT-J041XE,0,True,168823,0.6363636363636364,0.29526606483229545,0.6,0.27178464684528325
DFL-MAT-J041XE,0,True,35050,0.6363636363636364,0.8326435620056507,0.6,0.8248426434535233
DFL-MAT-J041XE,0,True,139773,0.5454545454545454,0.9101439586977655,0.5,0.9371698840112429
DFL-MAT-J041XE,0,True,131098,0.9090909090909091,0.31635409611424936,1.0,0.44671172813977145
DFL-MAT-J041XE,0,True,159223,0.7272727272727273,0.7014255660192812,0.7,0.6973532360595813
DFL-MAT-J041XE,0,True,128548,1.0,0.5767211562453172,1.0,0.6208770800579808
DFL-MAT-J041XE,0,True,44875,0.5454545454545454,0.536107053876856,0.6,0.5207162076326457
DFL-MAT-J041XE,0,True,172398,1.0,0.43250871485067033,1.0,0.4942813631588354
DFL-MAT-J041XE,0,True,22975,0.7272727272727273,0.7304366106913807,0.7,0.7173020699140537
DFL-MAT-J041XE,0,True,158648,0.8181818181818182,0.8345554609302914,0.8,0.8759241880107147
DFL-MAT-J041XE,0,True,30425,0.6363636363636364,0.26114513892531444,0.7,0.2253588667228308
DFL-MAT-J041XE,0,True,131648,1.0,0.6822620367262326,1.0,0.7006781023739524
DFL-MAT-J041XE,0,True,152373,0.6363636363636364,0.7000655352820466,0.6,0.6868861777113626
DFL-MAT-J041XE,0,True,131573,1.0,0.6769167162659466,1.0,0.7890019103949967
DFL-MAT-J041XE,0,True,101673,0.5454545454545454,0.7816954622310996,0.6,0.7817985381089987
DFL-MAT-J041XE,0,True,55300,0.7272727272727273,0.7602582059995788,0.7,0.7499291062894986
DFL-MAT-J041XE,0,True,163198,0.7272727272727273,0.7428508030450232,0.8,0.7471206256581479
DFL-MAT-J041XE,0,True,161948,0.6363636363636364,0.6070328746172508,0.7,0.5891154043694442
DFL-MAT-J041XE,0,True,119023,0.9090909090909091,0.5774091574995215,1.0,0.6168353948578706
DFL-MAT-J041XE,0,True,20150,0.9090909090909091,0.5616904959634723,0.9,0.5503089519387439
DFL-MAT-J041XE,0,True,50950,0.8181818181818182,0.7032963312174658,0.8,0.6944030538526738
DFL-MAT-J041XE,0,True,52350,0.6363636363636364,0.8251787175897083,0.6,0.8176499629410465
DFL-MAT-J041XE,0,True,45775,0.6363636363636364,0.5529629838168573,0.7,0.5399719366241784
DFL-MAT-J041XE,0,True,101573,0.6363636363636364,0.699387682138545,0.6,0.685676824147563
DFL-MAT-J041XE,0,True,119048,0.6363636363636364,0.2733922152872772,0.6,0.2826930024472337
DFL-MAT-J041XE,0,True,69300,0.9090909090909091,0.4300261373512325,0.9,0.4440543929131585
DFL-MAT-J041XE,0,True,119548,0.5454545454545454,0.8434769029304521,0.5,0.8485430427991232
DFL-MAT-J041XE,0,True,34725,0.6363636363636364,0.6828601368187492,0.7,0.730414063915124
DFL-MAT-J041XE,0,True,49275,0.5454545454545454,0.7845469132374863,0.6,0.782161379358853
DFL-MAT-J041XE,0,True,66050,0.7272727272727273,0.6207932601247039,0.7,0.6043049422391289
DFL-MAT-J041XE,0,True,176648,0.6363636363636364,0.38472163796757397,0.7,0.38777078719716185
DFL-MAT-J041XE,0,True,32625,1.0,0.6961754774436764,1.0,0.7128503421104913
DFL-MAT-J041XE,0,True,114823,0.6363636363636364,0.6580450522811145,0.6,0.6501473752656854
DFL-MAT-J041XE,0,True,128598,1.0,0.331675679181339,1.0,0.3909333407940514
DFL-MAT-J041XE,0,True,44025,0.6363636363636364,0.10226850002142729,0.6,0.06128516118771887
DFL-MAT-J041XE,0,True,79425,1.0,0.5160994179607099,1.0,0.5270050404630704
DFL-MAT-J041XE,0,True,124273,0.5454545454545454,0.8570718986599943,0.5,0.8508684640620413
DFL-MAT-J041XE,0,True,177123,0.8181818181818182,0.5017784655459312,0.8,0.4803633671115719
DFL-MAT-J041XE,0,True,125723,0.6363636363636364,0.7235988428644029,0.7,0.7195649020806105
DFL-MAT-J041XE,0,True,48250,1.0,0.366665575431821,1.0,0.3645901918895351
DFL-MAT-J041XE,0,True,24525,1.0,0.45958075539284826,1.0,0.49835096635583553
DFL-MAT-J041XE,0,True,174273,0.9090909090909091,0.5268703603939342,0.9,0.5284864568631379
DFL-MAT-J041XE,0,True,176423,0.7272727272727273,0.2909622214328723,0.7,0.25747721943636537
DFL-MAT-J041XE,0,True,18025,0.5454545454545454,0.8098094937889404,0.5,0.8045078501497662
DFL-MAT-J041XE,0,True,110198,0.5454545454545454,0.3184119169975329,0.5,0.288106959053836
DFL-MAT-J041XE,0,True,66300,0.8181818181818182,0.518137726813594,0.9,0.5805513142748795
DFL-MAT-J041XE,0,True,160098,0.8181818181818182,0.7244741062083242,0.9,0.734778265999523
DFL-MAT-J041XE,0,True,157473,0.6363636363636364,0.7229548008240461,0.6,0.7112703557296157
DFL-MAT-J041XE,0,True,73125,0.8181818181818182,0.26968338516761126,0.8,0.2355677673867025
DFL-MAT-J041XE,0,True,169773,0.9090909090909091,0.5594470142018407,0.9,0.5379449483122537
DFL-MAT-J041XE,0,True,163348,0.5454545454545454,0.8156817488103447,0.6,0.8293959976656852
DFL-MAT-J041XE,0,True,28700,0.8181818181818182,0.009762837510907896,0.8,0.0
DFL-MAT-J041XE,0,True,167398,1.0,0.6331959073969149,1.0,0.6362598915543916
DFL-MAT-J041XE,1,False,37100,0.6363636363636364,0.3224729112074961,0.7,0.316768745766679
DFL-MAT-J041XE,1,False,73250,1.0,0.7508810707795854,1.0,0.7892253643016931
DFL-MAT-J041XE,1,False,60975,0.5454545454545454,0.4042178306068639,0.5,0.37513838951184253
DFL-MAT-J041XE,1,False,122373,0.9090909090909091,0.3742689864175367,0.9,0.3666986646628829
DFL-MAT-J041XE,1,False,63225,0.7272727272727273,0.7855427308887879,0.7,0.7765065409559702
DFL-MAT-J041XE,1,False,153948,1.0,0.45798795727045916,1.0,0.5057007267570401
DFL-MAT-J041XE,1,False,100398,0.6363636363636364,0.5601941010486693,0.6,0.538858676412326
DFL-MAT-J041XE,1,False,143298,0.7272727272727273,0.8601043427025263,0.7,0.854186867973166
DFL-MAT-J041XE,1,False,138773,0.5454545454545454,0.7399262923755768,0.5,0.7303652803376588
DFL-MAT-J041XE,1,False,167048,0.6363636363636364,0.4878831147411721,0.7,0.4629700912441296
DFL-MAT-J041XE,1,False,113373,0.6363636363636364,0.878026824898658,0.7,0.8751899826449057
DFL-MAT-J041XE,1,False,147798,0.7272727272727273,0.5357623726942801,0.7,0.5131035717128012
DFL-MAT-J041XE,1,False,127473,0.5454545454545454,0.7610609195426485,0.5,0.7507686497989844
DFL-MAT-J041XE,1,False,69950,0.8181818181818182,0.3542889671880307,0.8,0.32433771778764564
DFL-MAT-J041XE,1,False,17175,0.6363636363636364,0.03283280530005839,0.6,0.0
DFL-MAT-J041XE,1,False,108523,0.8181818181818182,0.6063973733107453,0.8,0.5963964852478967
DFL-MAT-J041XE,1,False,47725,0.8181818181818182,0.5063082616185792,0.8,0.48681855702640564
DFL-MAT-J041XE,1,False,25250,0.5454545454545454,0.8274348885233866,0.5,0.8190549831209377
DFL-MAT-J041XE,1,False,151648,0.9090909090909091,0.34048677139414096,0.9,0.3375492451167973
DFL-MAT-J041XE,1,False,25050,0.5454545454545454,0.7787828179843266,0.6,0.7698183452654207
DFL-MAT-J041XE,1,False,72725,0.5454545454545454,0.6299477521245918,0.6,0.620761719161426
DFL-MAT-J041XE,1,False,136123,0.5454545454545454,0.659100918299705,0.5,0.6454618773607201
DFL-MAT-J041XE,1,False,63675,0.8181818181818182,0.42478548972733665,0.8,0.4167254322822076
DFL-MAT-J041XE,1,False,134723,0.7272727272727273,0.5531676642887348,0.7,0.5318182732198489
DFL-MAT-J041XE,1,False,113423,0.5454545454545454,0.8767046189947867,0.5,0.8710922316350337
DFL-MAT-J041XE,1,False,76975,0.5454545454545454,0.5922993165097026,0.6,0.572470064465527
DFL-MAT-J041XE,1,False,134748,0.6363636363636364,0.6120288063830845,0.6,0.5967421048213941
DFL-MAT-J041XE,1,False,77075,0.7272727272727273,0.4094016032267761,0.7,0.3857995672538026
DFL-MAT-J041XE,1,False,120948,0.6363636363636364,0.7070718037876718,0.6,0.693042332075534
DFL-MAT-J041XE,1,False,46950,0.5454545454545454,0.6648661690099169,0.6,0.6876442827693382
DFL-MAT-J041XE,1,False,154148,0.9090909090909091,0.6370666764675141,0.9,0.6385738881003775
DFL-MAT-J041XE,1,False,73850,0.7272727272727273,0.618861003437758,0.7,0.6005227920271121
DFL-MAT-J041XE,1,False,138823,0.6363636363636364,0.7732887190785332,0.7,0.7749645734958742
DFL-MAT-J041XE,1,False,117898,0.6363636363636364,0.7050162591209409,0.7,0.6999520624959685
DFL-MAT-J041XE,1,False,21975,0.6363636363636364,0.4755813812175351,0.6,0.4499866980683579
DFL-MAT-J041XE,1,False,113498,0.5454545454545454,0.9039355975089336,0.5,0.9001371340880889
DFL-MAT-J041XE,1,False,68875,0.6363636363636364,0.3440185276929367,0.6,0.31419933727186833
DFL-MAT-J041XE,1,False,128048,0.6363636363636364,0.7900949698678401,0.7,0.7803010184848662
DFL-MAT-J041XE,1,False,108423,0.6363636363636364,0.38433833159497643,0.6,0.3549389633546456
DFL-MAT-J041XE,1,False,137948,0.7272727272727273,0.7788918750672743,0.7,0.7750954324375978
DFL-MAT-J041XE,1,False,39600,0.7272727272727273,0.8427908245669089,0.7,0.8353985461066895
DFL-MAT-J041XE,1,False,40425,0.5454545454545454,0.4119806283228624,0.5,0.3846991594414175
DFL-MAT-J041XE,1,False,61325,0.7272727272727273,0.33362796488535285,0.7,0.3064013306365563
DFL-MAT-J041XE,1,False,26700,0.6363636363636364,0.139989471369524,0.6,0.10902399738441804
DFL-MAT-J041XE,1,False,15950,0.8181818181818182,0.5294319866411752,0.9,0.5250809785636976
DFL-MAT-J041XE,1,False,68800,0.5454545454545454,0.8118702085009549,0.5,0.8027630505413731
DFL-MAT-J041XE,1,False,141723,0.5454545454545454,0.7537003549101532,0.6,0.7436119623613693
DFL-MAT-J041XE,1,False,78575,1.0,0.7395187295097603,1.0,0.7529779786165324
DFL-MAT-J041XE,1,False,63150,0.9090909090909091,0.8912081593744277,0.9,0.8885700609667506
DFL-MAT-J041XE,1,False,135573,0.7272727272727273,0.3775510111995246,0.8,0.3914078246331263
DFL-MAT-J041XE,1,False,128673,0.6363636363636364,0.0,0.6,0.0
DFL-MAT-J041XE,1,False,157123,0.9090909090909091,0.4391599365317258,0.9,0.4208503969935419
DFL-MAT-J041XE,1,False,36475,0.6363636363636364,0.34451733840552723,0.7,0.34038380797883083
DFL-MAT-J041XE,1,False,72150,0.6363636363636364,0.16446455718496045,0.6,0.1282998424892401
DFL-MAT-J041XE,1,False,54500,0.7272727272727273,0.6425871203567701,0.7,0.6273850422538254
DFL-MAT-J041XE,1,False,135148,1.0,0.5699801175491779,1.0,0.6004551594382714
DFL-MAT-J041XE,1,False,113873,0.6363636363636364,0.8173304139271336,0.7,0.8171020015088936
DFL-MAT-J041XE,1,False,143598,0.5454545454545454,0.8665686890664097,0.5,0.8609485784667783
DFL-MAT-J041XE,1,False,64750,0.5454545454545454,0.5397797006452896,0.5,0.792623842682552
DFL-MAT-J041XE,1,False,105198,0.7272727272727273,0.3535152676590262,0.8,0.3423541624489188
DFL-MAT-J041XN,0,False,139943,0.9090909090909091,0.3478067945015879,1.0,0.43543772194628605
DFL-MAT-J041XN,0,False,110393,0.5454545454545454,0.6910066718134376,0.6,0.6778694485011365
DFL-MAT-J041XN,0,False,161918,0.5454545454545454,0.6742706512130643,0.5,0.6586514654404394
DFL-MAT-J041XN,0,False,174268,1.0,0.4932010118417759,1.0,0.5747405561282829
DFL-MAT-J041XN,0,False,121968,0.6363636363636364,0.6080132670433617,0.6,0.5895183868853684
DFL-MAT-J041XN,0,False,41875,0.6363636363636364,0.6695999024400052,0.6,0.6539019489144089
DFL-MAT-J041XN,0,False,104693,0.5454545454545454,0.40775297774782804,0.6,0.3851691578138091
DFL-MAT-J041XN,0,False,165243,0.6363636363636364,0.7535362512852619,0.6,0.7757011765724238
DFL-MAT-J041XN,0,False,151143,0.6363636363636364,0.2598613584133286,0.7,0.23087661271607696
DFL-MAT-J041XN,0,False,39950,0.8181818181818182,0.5725079635323513,0.8,0.556483002986454
DFL-MAT-J041XN,0,False,158093,0.9090909090909091,0.5575126140822744,0.9,0.5433772716656663
DFL-MAT-J041XN,0,False,74275,0.7272727272727273,0.41691537461092754,0.7,0.3963161149096973
DFL-MAT-J041XN,0,False,58350,0.5454545454545454,0.6305471055189298,0.5,0.616236642357096
DFL-MAT-J041XN,0,False,103968,0.9090909090909091,0.49880878150611285,0.9,0.4982320216306795
DFL-MAT-J041XN,0,False,120043,0.7272727272727273,0.18231312754456008,0.8,0.15702778744209822
DFL-MAT-J041XN,0,False,122243,0.8181818181818182,0.3740495882152556,0.8,0.34349769227925986
DFL-MAT-J041XN,0,False,65750,1.0,0.4992982787311978,1.0,0.5169167154147412
DFL-MAT-J041XN,0,False,14350,0.7272727272727273,0.7238301887118335,0.7,0.7104505023283845
DFL-MAT-J041XN,0,False,59100,0.9090909090909091,0.7220764451058095,0.9,0.7177598740702192
DFL-MAT-J041XN,0,False,100343,0.5454545454545454,0.5347008311177304,0.5,0.5132651917722586
DFL-MAT-J041XN,0,False,143568,0.6363636363636364,0.6171713396305878,0.7,0.6113563869473768
DFL-MAT-J041XN,0,False,114868,0.7272727272727273,0.7231437363024269,0.7,0.7125429965406826
DFL-MAT-J041XN,0,False,47700,0.5454545454545454,0.6626784143551362,0.5,0.6501994727842648
DFL-MAT-J041XN,0,False,162843,0.9090909090909091,0.26492493130946937,0.9,0.2592536385754617
DFL-MAT-J041XN,0,False,65400,1.0,0.2516351419291205,1.0,0.3011713532091512
DFL-MAT-J041XN,0,False,74825,0.5454545454545454,0.5679084349631283,0.5,0.5469749460030183
DFL-MAT-J041XN,0,False,64700,0.5454545454545454,0.3360103393046028,0.5,0.34238996501814667
DFL-MAT-J041XN,0,False,140118,0.6363636363636364,0.4441237199360978,0.6,0.4203490724239263
DFL-MAT-J041XN,0,False,102768,0.6363636363636364,0.488690234498796,0.7,0.4841335648098678
DFL-MAT-J041XN,0,False,13800,0.5454545454545454,0.8318276623370777,0.5,0.8276594502583732
DFL-MAT-J041XN,0,False,136793,0.5454545454545454,0.5272836365467796,0.5,0.5086531967269248
DFL-MAT-J041XN,0,False,104143,1.0,0.518762150823685,1.0,0.49874275721748074
DFL-MAT-J041XN,0,False,112593,0.8181818181818182,0.6694323620578355,0.9,0.6634232215993303
DFL-MAT-J041XN,0,False,126118,0.7272727272727273,0.27523685897694417,0.7,0.2506401732148872
DFL-MAT-J041XN,0,False,50400,0.5454545454545454,0.5073264873459532,0.6,0.48334047664636304
DFL-MAT-J041XN,0,False,33400,0.7272727272727273,0.7343010173618314,0.7,0.7264479659028903
DFL-MAT-J041XN,0,False,131868,0.5454545454545454,0.7221136257010695,0.5,0.7110479288006127
DFL-MAT-J041XN,0,False,125693,0.8181818181818182,0.730595450859874,0.9,0.7530957236974716
DFL-MAT-J041XN,0,False,104093,0.9090909090909091,0.3848934977423384,0.9,0.35487505458088664
DFL-MAT-J041XN,0,False,21200,0.5454545454545454,0.607199911881656,0.5,0.5927093745161618
DFL-MAT-J041XN,0,False,162518,0.7272727272727273,0.3730712485576464,0.8,0.35953178714882805
DFL-MAT-J041XN,0,False,17750,0.5454545454545454,0.415900965109695,0.5,0.38739369561024595
DFL-MAT-J041XN,0,False,133068,1.0,0.8147825643669495,1.0,0.8328070051180716
DFL-MAT-J041XN,0,False,46775,0.5454545454545454,0.6464137596375622,0.5,0.662318701199811
DFL-MAT-J041XN,0,False,174243,1.0,0.5488907026996401,1.0,0.6626760422997479
DFL-MAT-J041XN,0,False,28500,0.7272727272727273,0.5411789358027141,0.7,0.5266637684017041
DFL-MAT-J041XN,0,False,157043,0.7272727272727273,0.6204301513194576,0.7,0.606222680912425
DFL-MAT-J041XN,0,False,142943,1.0,0.596478992441198,1.0,0.6505045270104342
DFL-MAT-J041XN,0,False,166418,0.7272727272727273,0.7862547781267291,0.8,0.7758244778987042
DFL-MAT-J041XN,0,False,153218,0.7272727272727273,0.11185072645926153,0.7,0.0732630361023826
DFL-MAT-J041XN,0,False,108893,0.8181818181818182,0.5898762921231019,0.8,0.569942940732403
DFL-MAT-J041XN,0,False,13625,0.7272727272727273,0.6886433463394335,0.8,0.7190300173748283
DFL-MAT-J041XN,0,False,72200,0.8181818181818182,0.8004291807660235,0.9,0.8065450198238822
DFL-MAT-J041XN,0,False,65300,0.7272727272727273,0.12322096058234211,0.7,0.08176705176710697
DFL-MAT-J041XN,0,False,75750,0.5454545454545454,0.826528921083503,0.6,0.8268580317684684
DFL-MAT-J041XN,0,False,77100,0.7272727272727273,0.4931254795555824,0.8,0.4886079856343907
DFL-MAT-J041XN,0,False,133768,0.7272727272727273,0.638041138700411,0.7,0.6229799131865155
DFL-MAT-J041XN,0,False,174743,0.9090909090909091,0.3545948842124662,0.9,0.32926151152777083
DFL-MAT-J041XN,0,False,140593,0.9090909090909091,0.8295091588503298,0.9,0.8229390249402226
DFL-MAT-J041XN,0,False,40600,1.0,0.4839343605721026,1.0,0.45905185954989325
DFL-MAT-J041XN,1,True,27600,0.6363636363636364,0.7057423960753912,0.6,0.7281985341626519
DFL-MAT-J041XN,1,True,44925,1.0,0.8568577978455906,1.0,0.8646248677166123
DFL-MAT-J041XN,1,True,78625,0.6363636363636364,0.9012709753621894,0.6,0.9198875061463152
DFL-MAT-J041XN,1,True,147393,0.5454545454545454,0.8770571179723434,0.5,0.8710572188705793
DFL-MAT-J041XN,1,True,169718,1.0,0.560352006226166,1.0,0.6146171228394943
DFL-MAT-J041XN,1,True,55575,0.6363636363636364,0.7161933554768973,0.7,0.7312174399335314
DFL-MAT-J041XN,1,True,57700,0.9090909090909091,0.46245150130229906,0.9,0.46754226313713354
DFL-MAT-J041XN,1,True,60100,0.9090909090909091,0.181857360646821,0.9,0.14346218118675114
DFL-MAT-J041XN,1,True,68325,0.6363636363636364,0.7154893431056697,0.6,0.7061274303585445
DFL-MAT-J041XN,1,True,33025,0.7272727272727273,0.4150652070447455,0.7,0.3883068417972466
DFL-MAT-J041XN,1,True,28000,0.8181818181818182,0.600880971207693,0.8,0.582523735655605
DFL-MAT-J041XN,1,True,139443,0.5454545454545454,0.20919396075546148,0.6,0.1721639334798789
DFL-MAT-J041XN,1,True,106718,0.6363636363636364,0.4231642016182361,0.7,0.44434671814456006
DFL-MAT-J041XN,1,True,122343,0.5454545454545454,0.0,0.5,0.0
DFL-MAT-J041XN,1,True,154118,0.9090909090909091,0.522680624569383,0.9,0.5183869978080603
DFL-MAT-J041XN,1,True,68075,0.8181818181818182,0.7655277753234231,0.8,0.7564927793206468
DFL-MAT-J041XN,1,True,139743,0.9090909090909091,0.5265637924554046,1.0,0.5362686006873866
DFL-MAT-J041XN,1,True,135818,0.6363636363636364,0.3534344551519194,0.7,0.346955839826917
DFL-MAT-J041XN,1,True,15675,0.7272727272727273,0.5655900093550505,0.8,0.6019404569261246
DFL-MAT-J041XN,1,True,152943,0.7272727272727273,0.6366144941127272,0.7,0.61888461086989
DFL-MAT-J041XN,1,True,39725,1.0,0.48240147514927123,1.0,0.49221435384036705
DFL-MAT-J041XN,1,True,155693,0.7272727272727273,0.6653298975286818,0.8,0.6521687200749453
DFL-MAT-J041XN,1,True,102318,1.0,0.22891256123486547,1.0,0.30745647572676726
DFL-MAT-J041XN,1,True,70250,0.9090909090909091,0.8148808048305081,0.9,0.8073511922656608
DFL-MAT-J041XN,1,True,163843,0.6363636363636364,0.2904753079495451,0.6,0.25598812989821307
DFL-MAT-J041XN,1,True,35475,1.0,0.3193747842983441,1.0,0.35079428317504646
DFL-MAT-J041XN,1,True,139568,0.5454545454545454,0.5388474383260247,0.5,0.5164156024449233
DFL-MAT-J041XN,1,True,63050,0.6363636363636364,0.41544468104710075,0.7,0.4390541946984625
DFL-MAT-J041XN,1,True,11225,1.0,0.8254905717065074,1.0,0.8628845809051146
DFL-MAT-J041XN,1,True,134518,1.0,0.5533690550409949,1.0,0.5749042024840287
DFL-MAT-J041XN,1,True,22425,0.7272727272727273,0.9038543432526619,0.8,0.9005202105619967
DFL-MAT-J041XN,1,True,31450,0.7272727272727273,0.5198851712732416,0.8,0.5493632000658157
DFL-MAT-J041XN,1,True,111468,0.5454545454545454,0.5123093646219601,0.5,0.5106855391182279
DFL-MAT-J041XN,1,True,35550,0.8181818181818182,0.7775950703798327,0.9,0.7846619076944807
DFL-MAT-J041XN,1,True,35800,1.0,0.5749867121857484,1.0,0.6131737703623215
DFL-MAT-J041XN,1,True,145793,0.8181818181818182,0.7285095350318318,0.8,0.7163694341642239
DFL-MAT-J041XN,1,True,137793,0.5454545454545454,0.665496759383369,0.5,0.6494071431232424
DFL-MAT-J041XN,1,True,101043,0.9090909090909091,0.20865266840726737,0.9,0.23280733986701607
DFL-MAT-J041XN,1,True,34400,0.8181818181818182,0.6142071603640014,0.8,0.6154352648613097
DFL-MAT-J041XN,1,True,115418,0.5454545454545454,0.4408065742894658,0.6,0.41654722668201916
DFL-MAT-J041XN,1,True,111193,1.0,0.4396237773520777,1.0,0.4604834723968182
DFL-MAT-J041XN,1,True,123868,0.6363636363636364,0.358312238390874,0.7,0.3409437729460688
DFL-MAT-J041XN,1,True,147868,0.5454545454545454,0.9383097850724297,0.6,0.9502242428979341
DFL-MAT-J041XN,1,True,43100,0.5454545454545454,0.22372602976808764,0.5,0.18644882739120194
DFL-MAT-J041XN,1,True,126768,0.5454545454545454,0.5447718134376041,0.5,0.5259647697797265
DFL-MAT-J041XN,1,True,139693,0.5454545454545454,0.0,0.6,0.0
DFL-MAT-J041XN,1,True,69550,0.9090909090909091,0.669811089478682,0.9,0.6730431902760211
DFL-MAT-J041XN,1,True,111418,0.5454545454545454,0.661678805811416,0.5,0.6781336541097183
DFL-MAT-J041XN,1,True,11125,0.5454545454545454,0.23382668250826355,0.6,0.20397062467808202
DFL-MAT-J041XN,1,True,120793,1.0,0.3663423661123908,1.0,0.4139668981957797
DFL-MAT-J041XN,1,True,137543,0.5454545454545454,0.6981730863927889,0.5,0.6839903809834981
DFL-MAT-J041XN,1,True,30325,0.6363636363636364,0.9310010023948497,0.6,0.9278354985389907
DFL-MAT-J041XN,1,True,172118,0.6363636363636364,0.5392929601143651,0.6,0.517441140012299
DFL-MAT-J041XN,1,True,29625,0.7272727272727273,0.66154672537901,0.7,0.6596430482180902
DFL-MAT-J041XN,1,True,126893,0.9090909090909091,0.5676055184240436,0.9,0.5524929397362492
DFL-MAT-J041XN,1,True,111868,0.6363636363636364,0.5308204881386196,0.6,0.5119294441204638
DFL-MAT-J041XN,1,True,69325,0.8181818181818182,0.7095904728863354,0.9,0.7143631904579092
DFL-MAT-J041XN,1,True,137443,0.6363636363636364,0.701767444159141,0.6,0.6872980653495782
DFL-MAT-J041XN,1,True,60350,0.6363636363636364,0.703374855801025,0.7,0.7102172164270062
DFL-MAT-J041XN,1,True,172243,0.9090909090909091,0.3351668530952332,0.9,0.31516975352208776
DFL-MAT-J041XW,0,True,148666,1.0,0.37669158585060425,1.0,0.4388673609924497
DFL-MAT-J041XW,0,True,147666,0.7272727272727273,0.22061896524143731,0.7,0.1969854382174998
DFL-MAT-J041XW,0,True,145966,1.0,0.4812424537215132,1.0,0.4638594812680893
DFL-MAT-J041XW,0,True,101116,0.5454545454545454,0.7055768721874793,0.5,0.8331780297420439
DFL-MAT-J041XW,0,True,109916,1.0,0.6568806266237068,1.0,0.6502827202411507
DFL-MAT-J041XW,0,True,46950,0.5454545454545454,0.6736451785384154,0.5,0.6697579141588916
DFL-MAT-J041XW,0,True,119916,0.5454545454545454,0.2586908663783606,0.6,0.23058712981802687
DFL-MAT-J041XW,0,True,152691,0.5454545454545454,0.7041640622285257,0.6,0.6914081484362773
DFL-MAT-J041XW,0,True,156741,0.8181818181818182,0.8479313167122376,0.9,0.8571446371403983
DFL-MAT-J041XW,0,True,81275,0.5454545454545454,0.5988767387851249,0.5,0.5800244626960082
DFL-MAT-J041XW,0,True,48525,0.9090909090909091,0.5679214172289375,1.0,0.6323221219169838
DFL-MAT-J041XW,0,True,179566,0.7272727272727273,0.7278324997119162,0.8,0.7229551798580176
DFL-MAT-J041XW,0,True,167366,1.0,0.3332391067197996,1.0,0.404783428879698
DFL-MAT-J041XW,0,True,149141,0.7272727272727273,0.5332367919580947,0.8,0.5259264526503412
DFL-MAT-J041XW,0,True,37375,0.8181818181818182,0.33776563104113255,0.9,0.39543458471337545
DFL-MAT-J041XW,0,True,112666,0.7272727272727273,0.3900837884900874,0.7,0.3607311853915841
DFL-MAT-J041XW,0,True,22775,0.6363636363636364,0.49775412181820533,0.7,0.530829637440994
DFL-MAT-J041XW,0,True,139491,0.7272727272727273,0.14538727425195008,0.8,0.1321786417264369
DFL-MAT-J041XW,0,True,124941,1.0,0.5472619539133304,1.0,0.5548775486812296
DFL-MAT-J041XW,0,True,111116,0.7272727272727273,0.4396741053379136,0.8,0.4615519854208535
DFL-MAT-J041XW,0,True,155091,0.5454545454545454,0.827413213278615,0.5,0.8195404385111328
DFL-MAT-J041XW,0,True,18025,0.9090909090909091,0.3781683504883575,1.0,0.5131199453735642
DFL-MAT-J041XW,0,True,157666,0.5454545454545454,0.8585166086997427,0.6,0.8516647515453959
DFL-MAT-J041XW,0,True,110141,1.0,0.5368191035527128,1.0,0.5316467165886439
DFL-MAT-J041XW,0,True,60850,0.5454545454545454,0.6381886297171477,0.5,0.6730128972306066
DFL-MAT-J041XW,0,True,113316,0.6363636363636364,0.8186358332540514,0.6,0.8103008343379348
DFL-MAT-J041XW,0,True,39500,0.5454545454545454,0.20844474469676755,0.6,0.17116916601994514
DFL-MAT-J041XW,0,True,151166,0.5454545454545454,0.6206495401381394,0.5,0.6036651530632784
DFL-MAT-J041XW,0,True,51775,0.9090909090909091,0.5253508424752875,0.9,0.5073676995648753
DFL-MAT-J041XW,0,True,112741,0.5454545454545454,0.23183253334435572,0.6,0.19455421436065745
DFL-MAT-J041XW,0,True,18775,0.5454545454545454,0.10045654124614534,0.5,0.057862088540390766
DFL-MAT-J041XW,0,True,61150,0.6363636363636364,0.6461396093656899,0.6,0.6374465517284567
DFL-MAT-J041XW,0,True,62150,0.9090909090909091,0.6536032721677759,0.9,0.6799746404194025
DFL-MAT-J041XW,0,True,151341,0.9090909090909091,0.5064082663838283,1.0,0.5799604498002413
DFL-MAT-J041XW,0,True,17725,0.5454545454545454,0.6426923225373133,0.6,0.6343985009037432
DFL-MAT-J041XW,0,True,30825,0.8181818181818182,0.462739357920698,0.8,0.4493750854544001
DFL-MAT-J041XW,0,True,32075,0.9090909090909091,0.6743779120936799,1.0,0.7140442924657535
DFL-MAT-J041XW,0,True,174891,0.6363636363636364,0.6629732125560448,0.7,0.6691354837212165
DFL-MAT-J041XW,0,True,45875,0.6363636363636364,0.4748286668281495,0.6,0.45014431180364445
DFL-MAT-J041XW,0,True,113566,0.7272727272727273,0.7020912437724942,0.7,0.6879843917583748
DFL-MAT-J041XW,0,True,62700,1.0,0.3006877470203553,1.0,0.3381611266945316
DFL-MAT-J041XW,0,True,20050,0.5454545454545454,0.20149336161243736,0.6,0.171549628685417
DFL-MAT-J041XW,0,True,25825,0.6363636363636364,0.6238636978960217,0.6,0.6255631969718363
DFL-MAT-J041XW,0,True,148216,0.5454545454545454,0.654547034631796,0.5,0.645113865770037
DFL-MAT-J041XW,0,True,176066,0.7272727272727273,0.25769110782666105,0.8,0.23697931015728302
DFL-MAT-J041XW,0,True,174416,0.5454545454545454,0.6718958629074154,0.5,0.6563613127889134
DFL-MAT-J041XW,0,True,31075,0.5454545454545454,0.6835540263195907,0.5,0.6774237702626889
DFL-MAT-J041XW,0,True,37050,0.5454545454545454,0.6726203844755927,0.5,0.6679239253740408
DFL-MAT-J041XW,0,True,156416,0.7272727272727273,0.7150696749069376,0.7,0.7088514461017807
DFL-MAT-J041XW,0,True,158441,1.0,0.5717178328003654,1.0,0.5632415344540525
DFL-MAT-J041XW,0,True,158466,1.0,0.5951536350630493,1.0,0.5917598226350573
DFL-MAT-J041XW,0,True,137541,0.5454545454545454,0.0,0.6,0.0
DFL-MAT-J041XW,0,True,176491,0.8181818181818182,0.707718241904512,0.9,0.708466016158825
DFL-MAT-J041XW,0,True,48325,0.9090909090909091,0.6070602214084408,0.9,0.5888777693887932
DFL-MAT-J041XW,0,True,153666,0.5454545454545454,0.7300204770408405,0.6,0.7168609256117919
DFL-MAT-J041XW,0,True,160541,1.0,0.6249443594189033,1.0,0.640709970311917
DFL-MAT-J041XW,0,True,118116,1.0,0.5931793139722463,1.0,0.6554624158459452
DFL-MAT-J041XW,0,True,168716,0.6363636363636364,0.6952945869561156,0.6,0.68319018804504
DFL-MAT-J041XW,0,True,124416,0.7272727272727273,0.442700747962669,0.7,0.41550082917767517
DFL-MAT-J041XW,0,True,78825,0.5454545454545454,0.802862193503046,0.5,0.7934184083833056
DFL-MAT-J041XW,1,False,11650,0.7272727272727273,0.6072659787750503,0.7,0.5892740693639367
DFL-MAT-J041XW,1,False,123766,0.7272727272727273,0.6021369048023562,0.8,0.6116794214616139
DFL-MAT-J041XW,1,False,74250,0.9090909090909091,0.4650598428456624,1.0,0.5615583531229835
DFL-MAT-J041XW,1,False,51950,0.9090909090909091,0.5472382276122484,1.0,0.5523482528288071
DFL-MAT-J041XW,1,False,161541,0.6363636363636364,0.40671846954486446,0.6,0.3828044260089073
DFL-MAT-J041XW,1,False,135716,0.5454545454545454,0.8404064527968983,0.6,0.849366205918668
DFL-MAT-J041XW,1,False,160516,0.7272727272727273,0.3012587556490294,0.8,0.32002751392523254
DFL-MAT-J041XW,1,False,12750,0.6363636363636364,0.7024465955771095,0.7,0.6942797958655201
DFL-MAT-J041XW,1,False,177366,0.5454545454545454,0.7241729874504593,0.5,0.7114908174446304
DFL-MAT-J041XW,1,False,140191,0.5454545454545454,0.7436740141007807,0.5,0.7319293018140296
DFL-MAT-J041XW,1,False,17625,0.9090909090909091,0.42046173965486355,0.9,0.39777009649156536
DFL-MAT-J041XW,1,False,59525,0.6363636363636364,0.5609497021825847,0.7,0.5416586692888148
DFL-MAT-J041XW,1,False,138841,0.5454545454545454,0.7211354057574342,0.6,0.7075412704703865
DFL-MAT-J041XW,1,False,64575,0.7272727272727273,0.4594859901770503,0.8,0.45326373436565404
DFL-MAT-J041XW,1,False,42750,0.9090909090909091,0.04007580511482545,0.9,0.0
DFL-MAT-J041XW,1,False,105891,0.6363636363636364,0.5609905426270847,0.7,0.5539030663497311
DFL-MAT-J041XW,1,False,47200,0.8181818181818182,0.7561386681242634,0.9,0.7661169604104127
DFL-MAT-J041XW,1,False,17350,0.9090909090909091,0.12499120028545208,0.9,0.15767527090299593
DFL-MAT-J041XW,1,False,140391,0.5454545454545454,0.7916486109493939,0.5,0.7825059486566991
DFL-MAT-J041XW,1,False,41925,1.0,0.5567134995837758,1.0,0.5751957729420651
DFL-MAT-J041XW,1,False,26400,1.0,0.7507895823181017,1.0,0.7549217817816121
DFL-MAT-J041XW,1,False,144841,0.6363636363636364,0.7019687525722158,0.7,0.6943939130393233
DFL-MAT-J041XW,1,False,57825,0.9090909090909091,0.672331135141055,0.9,0.6635115388671053
DFL-MAT-J041XW,1,False,64650,0.8181818181818182,0.5952106282859437,0.8,0.5813411273951723
DFL-MAT-J041XW,1,False,171491,0.6363636363636364,0.835596686849898,0.7,0.8315606274881199
DFL-MAT-J041XW,1,False,21175,0.7272727272727273,0.3000832202949941,0.7,0.27258923600972873
DFL-MAT-J041XW,1,False,179141,0.6363636363636364,0.32995859724932064,0.6,0.3335799032833988
DFL-MAT-J041XW,1,False,132566,0.5454545454545454,0.7526102373521129,0.6,0.7479007682244789
DFL-MAT-J041XW,1,False,40950,0.5454545454545454,0.3366764646442624,0.6,0.3129886335686356
DFL-MAT-J041XW,1,False,43650,0.9090909090909091,0.4699522115331186,0.9,0.45810496248819
DFL-MAT-J041XW,1,False,163416,0.7272727272727273,0.9005611988900091,0.7,0.8961177211561941
DFL-MAT-J041XW,1,False,103541,0.7272727272727273,0.683021640773569,0.8,0.6761284936657737
DFL-MAT-J041XW,1,False,81925,0.5454545454545454,0.5198905444425888,0.5,0.5073710721435017
DFL-MAT-J041XW,1,False,159766,0.9090909090909091,0.7918503924494935,0.9,0.788486913179204
DFL-MAT-J041XW,1,False,71175,0.9090909090909091,0.16920881681004052,0.9,0.1589611815190649
DFL-MAT-J041XW,1,False,131116,0.5454545454545454,0.7098586043691469,0.6,0.6998115719584448
DFL-MAT-J041XW,1,False,171066,0.6363636363636364,0.8321226597880614,0.6,0.8243391110744264
DFL-MAT-J041XW,1,False,70850,0.6363636363636364,0.3776474432093334,0.6,0.347369333894892
DFL-MAT-J041XW,1,False,26750,0.9090909090909091,0.8636160933012034,1.0,0.8915594422015831
DFL-MAT-J041XW,1,False,56975,0.6363636363636364,0.7067518723831667,0.6,0.6925134092359397
DFL-MAT-J041XW,1,False,103941,0.6363636363636364,0.3751054367958657,0.6,0.3513075207314925
DFL-MAT-J041XW,1,False,103816,1.0,0.6343478734598218,1.0,0.6326461178690899
DFL-MAT-J041XW,1,False,54225,0.6363636363636364,0.650933114785889,0.6,0.6351045425850239
DFL-MAT-J041XW,1,False,143066,0.6363636363636364,0.21755565836442292,0.6,0.18092989356595202
DFL-MAT-J041XW,1,False,135741,0.5454545454545454,0.7980190119731172,0.5,0.7890026667117271
DFL-MAT-J041XW,1,False,151641,1.0,0.4929205181649339,1.0,0.47918667248307734
DFL-MAT-J041XW,1,False,58150,0.8181818181818182,0.44893765308730194,0.8,0.4246033393342368
DFL-MAT-J041XW,1,False,20825,0.7272727272727273,0.2921726590900239,0.7,0.2627089188413392
DFL-MAT-J041XW,1,False,123266,0.5454545454545454,0.8559328103246903,0.5,0.8627998367888566
DFL-MAT-J041XW,1,False,47950,0.9090909090909091,0.2851344187284226,0.9,0.28076487226890834
DFL-MAT-J041XW,1,False,135991,0.5454545454545454,0.8813530709890993,0.5,0.8785064070894825
DFL-MAT-J041XW,1,False,27850,0.6363636363636364,0.7327876387367445,0.7,0.7280813283430296
DFL-MAT-J041XW,1,False,56725,0.6363636363636364,0.5812966225716727,0.7,0.6186616709519291
DFL-MAT-J041XW,1,False,71625,0.7272727272727273,0.3977277611463088,0.8,0.40009082455774436
DFL-MAT-J041XW,1,False,64975,1.0,0.48065193329256006,1.0,0.522283923206053
DFL-MAT-J041XW,1,False,165066,0.6363636363636364,0.6794326630930326,0.7,0.6656272877909575
DFL-MAT-J041XW,1,False,135866,0.5454545454545454,0.8389596902187006,0.5,0.8313599374955843
DFL-MAT-J041XW,1,False,63550,0.5454545454545454,0.8376064932098992,0.6,0.8310408245485241
DFL-MAT-J041XW,1,False,147691,0.6363636363636364,0.46177915674637904,0.6,0.43977010583503207
DFL-MAT-J041XW,1,False,12500,0.6363636363636364,0.7540216309345663,0.7,0.7484452724127233
DFL-MAT-J041Y0,0,False,32200,0.6363636363636364,0.2648641670471099,0.6,0.233997440085294
DFL-MAT-J041Y0,0,False,63125,1.0,0.4390348997561009,1.0,0.505214608509819
DFL-MAT-J041Y0,0,False,22750,1.0,0.5048343269067881,1.0,0.5971062948637074
DFL-MAT-J041Y0,0,False,25850,0.7272727272727273,0.2817071810164582,0.7,0.2504893045430491
DFL-MAT-J041Y0,0,False,47050,0.7272727272727273,0.8227415195019708,0.7,0.8159447206172519
DFL-MAT-J041Y0,0,False,70000,0.5454545454545454,0.0899594772674821,0.5,0.0467652513848249
DFL-MAT-J041Y0,0,False,69550,0.7272727272727273,0.6712960894265252,0.7,0.6591482598242466
DFL-MAT-J041Y0,0,False,132335,0.7272727272727273,0.8335446580446675,0.7,0.8270520304997248
DFL-MAT-J041Y0,0,False,148085,0.9090909090909091,0.4253438968879474,1.0,0.45642964894245397
DFL-MAT-J041Y0,0,False,159160,0.6363636363636364,0.836779505828786,0.7,0.8551021404275817
DFL-MAT-J041Y0,0,False,161510,0.7272727272727273,0.574391661493199,0.8,0.5931252326139068
DFL-MAT-J041Y0,0,False,108960,0.5454545454545454,0.7663816341376096,0.6,0.7584222763788158
DFL-MAT-J041Y0,0,False,159460,0.5454545454545454,0.27750721442728576,0.5,0.2422514514869073
DFL-MAT-J041Y0,0,False,137860,1.0,0.36990153734951514,1.0,0.39562888140165087
DFL-MAT-J041Y0,0,False,131810,0.7272727272727273,0.7771574684171192,0.7,0.8355453182350927
DFL-MAT-J041Y0,0,False,130685,0.5454545454545454,0.7539723345618543,0.5,0.7420383240880591
DFL-MAT-J041Y0,0,False,151960,1.0,0.5192146505291909,1.0,0.5055118103614507
DFL-MAT-J041Y0,0,False,182885,0.9090909090909091,0.4766790154422379,1.0,0.48220016067938076
DFL-MAT-J041Y0,0,False,158035,0.6363636363636364,0.808550119402263,0.7,0.8099835367954107
DFL-MAT-J041Y0,0,False,130335,0.6363636363636364,0.6102290676202455,0.7,0.5927296301928375
DFL-MAT-J041Y0,0,False,180735,1.0,0.5414447881478603,1.0,0.5215271845654831
DFL-MAT-J041Y0,0,False,21200,1.0,0.48274521571889184,1.0,0.5023059632250312
DFL-MAT-J041Y0,0,False,137360,1.0,0.6611175671810896,1.0,0.6571928031858086
DFL-MAT-J041Y0,0,False,148010,0.7272727272727273,0.6480149663486843,0.8,0.6484786924796411
DFL-MAT-J041Y0,0,False,148810,0.7272727272727273,0.18346173418293776,0.8,0.32824700159722253
DFL-MAT-J041Y0,0,False,150085,0.5454545454545454,0.4809204373230578,0.6,0.45697997892840414
DFL-MAT-J041Y0,0,False,129835,0.6363636363636364,0.8146082434379076,0.6,0.8065892135212844
DFL-MAT-J041Y0,0,False,158385,0.7272727272727273,0.786190330779863,0.8,0.7914869782071127
DFL-MAT-J041Y0,0,False,67575,0.8181818181818182,0.5193049415912527,0.8,0.4993243945974989
DFL-MAT-J041Y0,0,False,167485,0.5454545454545454,0.86644202322675,0.5,0.860477988474349
DFL-MAT-J041Y0,0,False,140760,0.8181818181818182,0.6098008882596029,0.8,0.5965961098141614
DFL-MAT-J041Y0,0,False,161810,0.6363636363636364,0.5911412777379392,0.6,0.5718989251399107
DFL-MAT-J041Y0,0,False,121785,0.9090909090909091,0.28197519999373855,0.9,0.30855149694686457
DFL-MAT-J041Y0,0,False,140085,0.5454545454545454,0.38119890511861354,0.5,0.3529122481855399
DFL-MAT-J041Y0,0,False,109810,0.6363636363636364,0.7931524553247455,0.6,0.7831261057024705
DFL-MAT-J041Y0,0,False,56350,1.0,0.8121554942366124,1.0,0.8235668294436512
DFL-MAT-J041Y0,0,False,165560,0.6363636363636364,0.7862164075025075,0.7,0.7791826403059134
DFL-MAT-J041Y0,0,False,49200,0.7272727272727273,0.46902701578309236,0.7,0.44333051929499145
DFL-MAT-J041Y0,0,False,55750,0.5454545454545454,0.5667512283745462,0.5,0.5460564249822633
DFL-MAT-J041Y0,0,False,49800,0.6363636363636364,0.7608201947748293,0.6,0.7496024927427931
DFL-MAT-J041Y0,0,False,109460,0.5454545454545454,0.8727789498285099,0.5,0.8718202390891217
DFL-MAT-J041Y0,0,False,140060,0.5454545454545454,0.44199115155059876,0.5,0.41708304809276275
DFL-MAT-J041Y0,0,False,158460,0.5454545454545454,0.7543337941989682,0.5,0.7664057870923645
DFL-MAT-J041Y0,0,False,61400,0.6363636363636364,0.7043517212887966,0.6,0.6899381899254562
DFL-MAT-J041Y0,0,False,17775,0.8181818181818182,0.2178189622827027,0.9,0.20371091279763232
DFL-MAT-J041Y0,0,False,104860,0.8181818181818182,0.7722113503829096,0.9,0.7864893187674102
DFL-MAT-J041Y0,0,False,122185,1.0,0.7542092033916897,1.0,0.749750521989736
DFL-MAT-J041Y0,0,False,148485,0.5454545454545454,0.5530654399698915,0.6,0.5784201235500603
DFL-MAT-J041Y0,0,False,109735,0.5454545454545454,0.8265509303962298,0.5,0.8180853535438805
DFL-MAT-J041Y0,0,False,69625,0.7272727272727273,0.7104971911979068,0.7,0.7015616872021977
DFL-MAT-J041Y0,0,False,129735,0.5454545454545454,0.5552318051873628,0.6,0.5363336035570543
DFL-MAT-J041Y0,0,False,169410,0.5454545454545454,0.2118915149005306,0.5,0.6703442115103593
DFL-MAT-J041Y0,0,False,70375,0.8181818181818182,0.5393494437716946,0.8,0.5190233625082326
DFL-MAT-J041Y0,0,False,130510,0.5454545454545454,0.7076376941229348,0.6,0.6940609371509103
DFL-MAT-J041Y0,0,False,62800,0.6363636363636364,0.6096933170816501,0.6,0.5947707221109828
DFL-MAT-J041Y0,0,False,109410,0.5454545454545454,0.7798723534091361,0.5,0.7726813745929246
DFL-MAT-J041Y0,0,False,21000,0.7272727272727273,0.7112579212037045,0.8,0.7136126059110188
DFL-MAT-J041Y0,0,False,138510,1.0,0.4492058678253409,1.0,0.4494932043489357
DFL-MAT-J041Y0,0,False,38450,0.9090909090909091,0.35227066283094743,0.9,0.35948568673143344
DFL-MAT-J041Y0,0,False,121235,0.5454545454545454,0.41491635513460134,0.5,0.38917215086888224
DFL-MAT-J041Y0,1,True,127785,0.7,0.8545268080605457,0.6666666666666666,0.847074711518828
DFL-MAT-J041Y0,1,True,174460,0.9,0.664488792191603,1.0,0.6982607395303297
DFL-MAT-J041Y0,1,True,51775,0.6363636363636364,0.586399829344446,0.6,0.570497923922286
DFL-MAT-J041Y0,1,True,171010,0.9,0.23009412444343835,0.8888888888888888,0.198963262714697
DFL-MAT-J041Y0,1,True,137635,0.5,0.6374410526170853,0.5555555555555556,0.6281578950698248
DFL-MAT-J041Y0,1,True,48850,0.9090909090909091,0.4876054441386638,0.9,0.49855752643767426
DFL-MAT-J041Y0,1,True,63850,0.5454545454545454,0.6536038372232731,0.5,0.639583268064659
DFL-MAT-J041Y0,1,True,100410,0.9090909090909091,0.7504976223469122,0.9,0.7516947249614382
DFL-MAT-J041Y0,1,True,27575,0.5454545454545454,0.6066162499069849,0.6,0.5894424507517411
DFL-MAT-J041Y0,1,True,184485,0.9,0.7157159730388583,0.8888888888888888,0.7266542749824711
DFL-MAT-J041Y0,1,True,32725,0.9090909090909091,0.4925458876140586,0.9,0.5267790172940372
DFL-MAT-J041Y0,1,True,59900,1.0,0.669836554018264,1.0,0.8064725286593287
DFL-MAT-J041Y0,1,True,100810,0.6363636363636364,0.5467016025117278,0.6,0.5246260977652311
DFL-MAT-J041Y0,1,True,108610,0.8181818181818182,0.6587626636758918,0.8,0.6626775505502343
DFL-MAT-J041Y0,1,True,152385,1.0,0.6030412510663041,1.0,0.5836735036881416
DFL-MAT-J041Y0,1,True,141835,0.5,0.6454762981220143,0.5555555555555556,0.6264256496571617
DFL-MAT-J041Y0,1,True,183060,0.9,0.3673234945948086,0.8888888888888888,0.3419676984395449
DFL-MAT-J041Y0,1,True,36900,0.9090909090909091,0.36718549326918537,0.9,0.33844229288022887
DFL-MAT-J041Y0,1,True,48750,1.0,0.8692484200868886,1.0,0.9264399267864757
DFL-MAT-J041Y0,1,True,137610,0.7,0.37358519987016947,0.6666666666666666,0.35159624973230086
DFL-MAT-J041Y0,1,True,161560,0.5,0.2302553666600511,0.5555555555555556,0.18905031084004675
DFL-MAT-J041Y0,1,True,34425,1.0,0.6747543828786741,1.0,0.6726204789254296
DFL-MAT-J041Y0,1,True,12050,0.7272727272727273,0.688327846733153,0.8,0.6937887833479286
DFL-MAT-J041Y0,1,True,163835,0.7,0.30715528719387986,0.6666666666666666,0.2869777546143517
DFL-MAT-J041Y0,1,True,62125,0.8181818181818182,0.5468602876411739,0.8,0.5370508879842006
DFL-MAT-J041Y0,1,True,181760,0.9,0.06432277547417042,0.8888888888888888,0.014877806392310178
DFL-MAT-J041Y0,1,True,182335,0.9,0.5121923410744476,0.8888888888888888,0.4941179013368552
DFL-MAT-J041Y0,1,True,124535,0.9,0.6779275090438508,0.8888888888888888,0.6675106777395993
DFL-MAT-J041Y0,1,True,64350,0.7272727272727273,0.640561184548669,0.7,0.6253050427188023
DFL-MAT-J041Y0,1,True,54800,0.8181818181818182,0.28133176899278267,0.9,0.2744346749482902
DFL-MAT-J041Y0,1,True,45850,1.0,0.7447896240901706,1.0,0.8012572075860658
DFL-MAT-J041Y0,1,True,72475,0.6363636363636364,0.5468540408662197,0.6,0.5249243809225448
DFL-MAT-J041Y0,1,True,64800,1.0,0.8704392871341396,1.0,0.8702935143447317
DFL-MAT-J041Y0,1,True,123435,0.7,0.13153387441424624,0.6666666666666666,0.08711458223063318
DFL-MAT-J041Y0,1,True,42350,0.6363636363636364,0.36877003151479837,0.6,0.3389399766862792
DFL-MAT-J041Y0,1,True,155835,0.8,0.5277356323198588,0.8888888888888888,0.5267662415119096
DFL-MAT-J041Y0,1,True,75875,0.5454545454545454,0.8375442734349164,0.5,0.8302338537797173
DFL-MAT-J041Y0,1,True,40200,1.0,0.5440185104177628,1.0,0.5553918387305098
DFL-MAT-J041Y0,1,True,77475,0.9090909090909091,0.6119192499717556,0.9,0.6322692109373977
DFL-MAT-J041Y0,1,True,42950,0.5454545454545454,0.571550530217318,0.6,0.5511511119804864
DFL-MAT-J041Y0,1,True,51725,0.7272727272727273,0.5222872844098914,0.7,0.5063368506685391
DFL-MAT-J041Y0,1,True,124385,0.9,0.6668942529487469,0.8888888888888888,0.65327209120949
DFL-MAT-J041Y0,1,True,184160,1.0,0.7600484835267897,1.0,0.7470811411676757
DFL-MAT-J041Y0,1,True,175760,0.8,0.7473516153000566,0.7777777777777778,0.7387374328880589
DFL-MAT-J041Y0,1,True,141685,1.0,0.48025140347260786,1.0,0.4984476704284698
DFL-MAT-J041Y0,1,True,128885,0.7,0.7686601222026432,0.6666666666666666,0.7561573963460083
DFL-MAT-J041Y0,1,True,59100,0.6363636363636364,0.2784524494679256,0.6,0.24342627560084695
DFL-MAT-J041Y0,1,True,39700,0.7272727272727273,0.6610258383911823,0.8,0.6764779892989319
DFL-MAT-J041Y0,1,True,65300,0.6363636363636364,0.566872186126708,0.7,0.5732320685307766
DFL-MAT-J041Y0,1,True,39925,0.9090909090909091,0.7158526108078215,0.9,0.7073161544902478
DFL-MAT-J041Y0,1,True,53275,0.8181818181818182,0.917217994820449,0.8,0.9362772516633447
DFL-MAT-J041Y0,1,True,43075,0.7272727272727273,0.584479446566452,0.7,0.5643253303668546
DFL-MAT-J041Y0,1,True,141510,0.6,0.6412501568296282,0.6666666666666666,0.6438292911011999
DFL-MAT-J041Y0,1,True,33500,1.0,0.5950592065769362,1.0,0.6655798892025402
DFL-MAT-J041Y0,1,True,117185,0.6,0.7528241322471141,0.6666666666666666,0.7750884741515747
DFL-MAT-J041Y0,1,True,174760,0.6,0.7397202938034917,0.5555555555555556,0.7293911676081615
DFL-MAT-J041Y0,1,True,173360,0.5,0.8531416009577658,0.5555555555555556,0.8513382989576632
DFL-MAT-J041Y0,1,True,37900,0.7272727272727273,0.8512537548720007,0.8,0.859288741156027
DFL-MAT-J041Y0,1,True,182685,0.6,0.6023737754186622,0.5555555555555556,0.6237388609157326
DFL-MAT-J041Y0,1,True,71500,0.7272727272727273,0.7188978272600068,0.8,0.7199367458139827
DFL-MAT-J041YE,0,True,82800,0.7272727272727273,0.6971570973982485,0.7,0.6875615036024773
DFL-MAT-J041YE,0,True,82000,1.0,0.46445103189737313,1.0,0.5257522268566625
DFL-MAT-J041YE,0,True,62800,0.6363636363636364,0.7692093907542114,0.6,0.8241012712526883
DFL-MAT-J041YE,0,True,67550,0.9090909090909091,0.48464194019027396,0.9,0.46402271075445156
DFL-MAT-J041YE,0,True,139344,0.9090909090909091,0.44517890619567047,0.9,0.4266565590228194
DFL-MAT-J041YE,0,True,118644,0.5454545454545454,0.7123153415052041,0.5,0.6989080545891753
DFL-MAT-J041YE,0,True,63525,0.6363636363636364,0.745499675823531,0.7,0.7493757037962926
DFL-MAT-J041YE,0,True,76450,0.7272727272727273,0.49812228805170655,0.7,0.48970572338685225
DFL-MAT-J041YE,0,True,65650,0.6363636363636364,0.5050897357238675,0.6,0.48813403456990845
DFL-MAT-J041YE,0,True,42925,0.5454545454545454,0.7460064921713698,0.5,0.7599137820589029
DFL-MAT-J041YE,0,True,116019,0.5454545454545454,0.5107406738286171,0.6,0.4911784175411116
DFL-MAT-J041YE,0,True,150144,0.9090909090909091,0.6050352679499769,0.9,0.5895693632773418
DFL-MAT-J041YE,0,True,116194,0.5454545454545454,0.5470504126373568,0.5,0.5253388051771951
DFL-MAT-J041YE,0,True,161169,0.7272727272727273,0.2783173376206274,0.7,0.24608889363274944
DFL-MAT-J041YE,0,True,13050,0.6363636363636364,0.3021146346116198,0.7,0.342848752256495
DFL-MAT-J041YE,0,True,109994,0.7272727272727273,0.31619781646183187,0.7,0.28411141480839686
DFL-MAT-J041YE,0,True,115119,0.8181818181818182,0.8067318438648223,0.8,0.84667604273955
DFL-MAT-J041YE,0,True,129594,1.0,0.46057062263609105,1.0,0.4845597487443495
DFL-MAT-J041YE,0,True,161994,0.7272727272727273,0.6279051794817385,0.7,0.6100167879279088
DFL-MAT-J041YE,0,True,136269,0.8181818181818182,0.6527130908956529,0.8,0.6757936787486984
DFL-MAT-J041YE,0,True,43775,1.0,0.29448032192314144,1.0,0.26619022556984673
DFL-MAT-J041YE,0,True,57925,0.7272727272727273,0.5432764297277106,0.8,0.5813388463056537
DFL-MAT-J041YE,0,True,109944,0.6363636363636364,0.34212024653115647,0.6,0.3103009521198439
DFL-MAT-J041YE,0,True,127644,0.8181818181818182,0.4597925011112678,0.9,0.4794971306226746
DFL-MAT-J041YE,0,True,145994,0.7272727272727273,0.35428125272839184,0.7,0.3262634064966319
DFL-MAT-J041YE,0,True,151769,0.6363636363636364,0.80963484478552,0.7,0.8010583119539363
DFL-MAT-J041YE,0,True,128669,0.6363636363636364,0.610757571091157,0.6,0.5929711471312098
DFL-MAT-J041YE,0,True,109794,1.0,0.3246377111361024,1.0,0.3263247152318146
DFL-MAT-J041YE,0,True,65050,0.5454545454545454,0.8354128293302077,0.6,0.8273795938057259
DFL-MAT-J041YE,0,True,148394,0.6363636363636364,0.6203031677812427,0.7,0.6118224525614087
DFL-MAT-J041YE,0,True,103469,1.0,0.5980110605807145,1.0,0.6351739470088384
DFL-MAT-J041YE,0,True,141244,0.8181818181818182,0.36778057052980706,0.8,0.3747966945200547
DFL-MAT-J041YE,0,True,171919,0.6363636363636364,0.33174673247895403,0.6,0.2996834382045732
DFL-MAT-J041YE,0,True,27750,0.8181818181818182,0.595410890875248,0.8,0.5935161964312086
DFL-MAT-J041YE,0,True,141769,0.6363636363636364,0.8350645623410456,0.6,0.8385656361462351
DFL-MAT-J041YE,0,True,41225,0.7272727272727273,0.43449489134240915,0.7,0.40968633165109114
DFL-MAT-J041YE,0,True,111394,1.0,0.8629107716998001,1.0,0.8735954599670024
DFL-MAT-J041YE,0,True,36175,0.5454545454545454,0.644701144597541,0.5,0.6454132426871863
DFL-MAT-J041YE,0,True,158019,1.0,0.5682590014096363,1.0,0.5898928756816331
DFL-MAT-J041YE,0,True,124894,0.7272727272727273,0.5865209968472922,0.7,0.5739084136584953
DFL-MAT-J041YE,0,True,17650,0.8181818181818182,0.4352960821955443,0.8,0.6017408225678869
DFL-MAT-J041YE,0,True,76375,0.6363636363636364,0.3954128487363947,0.6,0.37846843101712757
DFL-MAT-J041YE,0,True,162444,0.6363636363636364,0.7277705271796904,0.6,0.7144855495946552
DFL-MAT-J041YE,0,True,23275,0.5454545454545454,0.4185158942066003,0.5,0.3921578328599499
DFL-MAT-J041YE,0,True,130869,0.9090909090909091,0.7242935064773237,0.9,0.7113057154525702
DFL-MAT-J041YE,0,True,51250,0.6363636363636364,0.9688606774318134,0.6,0.9867383844074322
DFL-MAT-J041YE,0,True,122919,0.7272727272727273,0.67846071302043,0.7,0.6627713996025884
DFL-MAT-J041YE,0,True,104494,0.7272727272727273,0.6989908869575996,0.8,0.6920846093675022
DFL-MAT-J041YE,0,True,146969,0.6363636363636364,0.09058651416158459,0.6,0.051691341425313175
DFL-MAT-J041YE,0,True,78475,0.7272727272727273,0.38131552618327247,0.7,0.35128796643882376
DFL-MAT-J041YE,0,True,33700,0.7272727272727273,0.9110199039870441,0.8,0.9066797107809297
DFL-MAT-J041YE,0,True,167244,0.7272727272727273,0.659370620938091,0.7,0.6456827304279924
DFL-MAT-J041YE,0,True,171369,0.7272727272727273,0.7115433053007532,0.8,0.7263642507650866
DFL-MAT-J041YE,0,True,100544,0.5454545454545454,0.7219974006099953,0.5,0.7090446843125289
DFL-MAT-J041YE,0,True,35375,0.6363636363636364,0.6602264650410777,0.6,0.7378712978920627
DFL-MAT-J041YE,0,True,65675,0.5454545454545454,0.4293052347547589,0.5,0.40840144613233886
DFL-MAT-J041YE,0,True,76250,0.6363636363636364,0.5116650366157212,0.7,0.5517966116578268
DFL-MAT-J041YE,0,True,47400,0.7272727272727273,0.39682820584167955,0.7,0.3675220302367158
DFL-MAT-J041YE,0,True,47225,0.8181818181818182,0.4355652225672024,0.9,0.43834678362460144
DFL-MAT-J041YE,0,True,11875,0.8181818181818182,0.7724084057342787,0.8,0.7816056996071118
DFL-MAT-J041YE,1,False,168794,0.9090909090909091,0.3201364751464648,0.9,0.29760367154190537
DFL-MAT-J041YE,1,False,46400,0.6363636363636364,0.8134765221037197,0.6,0.8070722183835288
DFL-MAT-J041YE,1,False,133969,0.9090909090909091,0.6623887615617197,0.9,0.6484836821202487
DFL-MAT-J041YE,1,False,133344,0.9090909090909091,0.5213319353372713,0.9,0.5141855233516257
DFL-MAT-J041YE,1,False,105144,0.8181818181818182,0.6375811705800309,0.8,0.6292025550441723
DFL-MAT-J041YE,1,False,134144,0.9090909090909091,0.5064636127950526,0.9,0.4998006114369984
DFL-MAT-J041YE,1,False,31175,0.5454545454545454,0.7415454264636526,0.5,0.7289896525998958
DFL-MAT-J041YE,1,False,79600,0.8181818181818182,0.4114147044535639,0.8,0.3826940973314883
DFL-MAT-J041YE,1,False,134294,0.9090909090909091,0.7264680013217614,1.0,0.7403856886286391
DFL-MAT-J041YE,1,False,66750,0.8181818181818182,0.4166122630377427,0.8,0.402982117224957
DFL-MAT-J041YE,1,False,108519,0.8181818181818182,0.8046883069144221,0.8,0.7959977381218317
DFL-MAT-J041YE,1,False,29550,0.9090909090909091,0.6660386688983339,0.9,0.6527814382096857
DFL-MAT-J041YE,1,False,168194,0.9090909090909091,0.4795886574669126,0.9,0.4566371863335811
DFL-MAT-J041YE,1,False,172469,0.9090909090909091,0.08808781477138683,0.9,0.0862332451149308
DFL-MAT-J041YE,1,False,61475,0.7272727272727273,0.618136421491552,0.7,0.6053827772171976
DFL-MAT-J041YE,1,False,29575,1.0,0.5646917326106797,1.0,0.5693268426259525
DFL-MAT-J041YE,1,False,38025,0.5454545454545454,0.757615688128952,0.5,0.7594202148342919
DFL-MAT-J041YE,1,False,26375,0.5454545454545454,0.6786700556013654,0.6,0.6734974533994504
DFL-MAT-J041YE,1,False,122419,0.5454545454545454,0.7811678825611026,0.5,0.7721338630330891
DFL-MAT-J041YE,1,False,134444,0.8181818181818182,0.6493136230203436,0.8,0.634808265195284
DFL-MAT-J041YE,1,False,106819,0.8181818181818182,0.748913267783187,0.8,0.7385690580842701
DFL-MAT-J041YE,1,False,143294,1.0,0.493807102440428,1.0,0.5003780634153976
DFL-MAT-J041YE,1,False,116869,0.8181818181818182,0.7250087358298389,0.8,0.7133829951787269
DFL-MAT-J041YE,1,False,133719,0.6363636363636364,0.84421074915405,0.7,0.8411726300978402
DFL-MAT-J041YE,1,False,67775,0.7272727272727273,0.6237724621213815,0.7,0.6438033794989014
DFL-MAT-J041YE,1,False,166344,0.7272727272727273,0.4893998064540803,0.8,0.47923075052038033
DFL-MAT-J041YE,1,False,130794,0.5454545454545454,0.6387592475189139,0.5,0.677275671053571
DFL-MAT-J041YE,1,False,125769,0.9090909090909091,0.5183886631307604,0.9,0.517880077744209
DFL-MAT-J041YE,1,False,127944,1.0,0.46680280843072797,1.0,0.4676356599717413
DFL-MAT-J041YE,1,False,130519,0.8181818181818182,0.17377910002111097,0.8,0.15591571504225799
DFL-MAT-J041YE,1,False,152669,0.8181818181818182,0.6308510050923213,0.8,0.6201861517719003
DFL-MAT-J041YE,1,False,35975,0.9090909090909091,0.531881455790522,0.9,0.5206647944589045
DFL-MAT-J041YE,1,False,106744,0.5454545454545454,0.8333004192035726,0.5,0.8261330440902839
DFL-MAT-J041YE,1,False,172319,0.8181818181818182,0.7345222123308259,0.8,0.7423854839608253
DFL-MAT-J041YE,1,False,22250,1.0,0.6188673997869498,1.0,0.6155411114333142
DFL-MAT-J041YE,1,False,22400,0.8181818181818182,0.6810559642972475,0.8,0.6664906919434801
DFL-MAT-J041YE,1,False,108169,0.5454545454545454,0.8277596412903896,0.6,0.8276667308043182
DFL-MAT-J041YE,1,False,53925,0.5454545454545454,0.34568658854864154,0.5,0.3186496108035408
DFL-MAT-J041YE,1,False,21825,0.9090909090909091,0.7559481458741031,0.9,0.7444675343236193
DFL-MAT-J041YE,1,False,80150,0.9090909090909091,0.7918365057161342,0.9,0.7903555347214686
DFL-MAT-J041YE,1,False,82150,0.9090909090909091,0.3437846453317088,0.9,0.3198255928776432
DFL-MAT-J041YE,1,False,43325,1.0,0.5572015830349011,1.0,0.5572128545830152
DFL-MAT-J041YE,1,False,156669,1.0,0.5193483374265832,1.0,0.5279278218017688
DFL-MAT-J041YE,1,False,13300,1.0,0.5312998039247991,1.0,0.509292466896743
DFL-MAT-J041YE,1,False,174969,0.6363636363636364,0.7754744308964922,0.7,0.7752315050951986
DFL-MAT-J041YE,1,False,153494,1.0,0.33744256608066947,1.0,0.34193686892620334
DFL-MAT-J041YE,1,False,53650,0.8181818181818182,0.3305367883656065,0.8,0.3117008019587011
DFL-MAT-J041YE,1,False,58725,0.8181818181818182,0.5471421704031372,0.8,0.5284338407588868
DFL-MAT-J041YE,1,False,123194,0.6363636363636364,0.6869927012029408,0.6,0.672112014200595
DFL-MAT-J041YE,1,False,125544,0.9090909090909091,0.2641424830992096,0.9,0.24741571963543352
DFL-MAT-J041YE,1,False,122869,0.6363636363636364,0.3185502214510286,0.7,0.28888217267118266
DFL-MAT-J041YE,1,False,27275,0.6363636363636364,0.5249462071567108,0.6,0.5044661690550457
DFL-MAT-J041YE,1,False,159144,1.0,0.36904119355670184,1.0,0.3568057765374517
DFL-MAT-J041YE,1,False,165744,0.7272727272727273,0.6687227010554169,0.7,0.6625720587706536
DFL-MAT-J041YE,1,False,32025,0.6363636363636364,0.7692048403276528,0.6,0.7580493950379814
DFL-MAT-J041YE,1,False,120594,0.5454545454545454,0.7206334100022898,0.6,0.7129480814866351
DFL-MAT-J041YE,1,False,83450,0.5454545454545454,0.7312891875632881,0.6,0.7337822521366766
DFL-MAT-J041YE,1,False,116894,0.7272727272727273,0.7146065350378071,0.7,0.7006775908317254
DFL-MAT-J041YE,1,False,38875,0.6363636363636364,0.873499245834592,0.7,0.8690824266879099
DFL-MAT-J041YE,1,False,20250,0.6363636363636364,0.09675653222298108,0.6,0.055123073535853995
DFL-MAT-J041YN,0,True,24150,0.9090909090909091,0.5220102009632375,0.9,0.5341830211630989
DFL-MAT-J041YN,0,True,56500,0.7272727272727273,0.6193872575694508,0.7,0.6014487280975429
DFL-MAT-J041YN,0,True,155700,0.6363636363636364,0.0,0.7,0.0
DFL-MAT-J041YN,0,True,110725,1.0,0.558784750087735,1.0,0.5949265416393767
DFL-MAT-J041YN,0,True,102400,0.6363636363636364,0.0,0.6,0.0
DFL-MAT-J041YN,0,True,62625,0.9090909090909091,0.7627064755974398,0.9,0.7645114765697125
DFL-MAT-J041YN,0,True,49875,0.6363636363636364,0.5156646262582123,0.6,0.49350781626380946
DFL-MAT-J041YN,0,True,136525,0.7272727272727273,0.47646162423156735,0.7,0.4523468628023778
DFL-MAT-J041YN,0,True,148250,0.9090909090909091,0.7868619249646165,0.9,0.7862316010020198
DFL-MAT-J041YN,0,True,29425,1.0,0.553351137670759,1.0,0.5574629375746698
DFL-MAT-J041YN,0,True,148650,0.6363636363636364,0.6625816904799324,0.7,0.6502643950478174
DFL-MAT-J041YN,0,True,171625,0.6363636363636364,0.2781453349955898,0.6,0.24381658607966683
DFL-MAT-J041YN,0,True,23625,0.6363636363636364,0.528417957341146,0.7,0.5260326411541517
DFL-MAT-J041YN,0,True,38425,1.0,0.3378918604419625,1.0,0.3651424633172087
DFL-MAT-J041YN,0,True,56875,0.7272727272727273,0.3612083608087171,0.8,0.35437540755160823
DFL-MAT-J041YN,0,True,156350,0.8181818181818182,0.8740232389944774,0.9,0.8765648855420565
DFL-MAT-J041YN,0,True,174650,0.6363636363636364,0.8962837058645922,0.6,0.8912218542240156
DFL-MAT-J041YN,0,True,153250,1.0,0.39420394146932736,1.0,0.39462448668189565
DFL-MAT-J041YN,0,True,166625,0.9090909090909091,0.30872188117084887,0.9,0.3181274739907545
DFL-MAT-J041YN,0,True,58725,0.5454545454545454,0.45556378979727874,0.6,0.42899096586002683
DFL-MAT-J041YN,0,True,69925,0.8181818181818182,0.5188209359727518,0.8,0.5011821093485367
DFL-MAT-J041YN,0,True,65350,0.7272727272727273,0.4564354927267301,0.8,0.46553198470296797
DFL-MAT-J041YN,0,True,160100,0.5454545454545454,0.8610511281481427,0.5,0.8565236864614736
DFL-MAT-J041YN,0,True,110025,0.5454545454545454,0.7282391084521285,0.6,0.7154700490938581
DFL-MAT-J041YN,0,True,75200,0.6363636363636364,0.8335121095707214,0.7,0.8904489710990385
DFL-MAT-J041YN,0,True,35375,0.9090909090909091,0.7741998270989374,0.9,0.7682288066396209
DFL-MAT-J041YN,0,True,124925,0.7272727272727273,0.7052041687757051,0.7,0.6928551141685886
DFL-MAT-J041YN,0,True,171000,0.6363636363636364,0.4949781445874124,0.7,0.48391304901058074
DFL-MAT-J041YN,0,True,157400,0.6363636363636364,0.9371236823494834,0.7,0.9443463709228519
DFL-MAT-J041YN,0,True,12100,0.9090909090909091,0.7661285021412536,0.9,0.7606038165323669
DFL-MAT-J041YN,0,True,176225,0.8181818181818182,0.5145344243846217,0.9,0.5367278828737707
DFL-MAT-J041YN,0,True,127800,0.6363636363636364,0.5139241695625828,0.7,0.49386831144764487
DFL-MAT-J041YN,0,True,136075,0.7272727272727273,0.7484090876174141,0.8,0.76546946868
DFL-MAT-J041YN,0,True,117200,0.5454545454545454,0.1780041159847957,0.5,0.13874048085624058
DFL-MAT-J041YN,0,True,44975,0.9090909090909091,0.7481597340786753,0.9,0.7365854304471741
DFL-MAT-J041YN,0,True,22425,0.5454545454545454,0.665398704857465,0.6,0.7856917021782786
DFL-MAT-J041YN,0,True,157100,0.6363636363636364,0.8275115008403154,0.7,0.8262451921798832
DFL-MAT-J041YN,0,True,47525,0.7272727272727273,0.7765803508782079,0.7,0.8038389587474182
DFL-MAT-J041YN,0,True,103200,0.5454545454545454,0.0,0.5,0.0
DFL-MAT-J041YN,0,True,44700,0.5454545454545454,0.5359469498753013,0.6,0.5154509460779572
DFL-MAT-J041YN,0,True,160850,0.8181818181818182,0.29057141540296816,0.9,0.2736233647666563
DFL-MAT-J041YN,0,True,16400,0.7272727272727273,0.8023753028186282,0.7,0.8449847724199824
DFL-MAT-J041YN,0,True,115275,0.8181818181818182,0.624639197176529,0.8,0.6991317542380676
DFL-MAT-J041YN,0,True,176625,0.6363636363636364,0.7531687668176065,0.7,0.7829722717342962
DFL-MAT-J041YN,0,True,176850,0.7272727272727273,0.8060218924781677,0.7,0.7972540580666281
DFL-MAT-J041YN,0,True,152750,1.0,0.4195521609206646,1.0,0.4644031262016235
DFL-MAT-J041YN,0,True,58200,0.5454545454545454,0.7087319708466167,0.6,0.7005040942816882
DFL-MAT-J041YN,0,True,66675,0.7272727272727273,0.5627520814275944,0.7,0.5447656509963996
DFL-MAT-J041YN,0,True,103725,0.6363636363636364,0.7378515636672109,0.6,0.7420244107619614
DFL-MAT-J041YN,0,True,178000,1.0,0.24313297018002478,1.0,0.2064958419565326
DFL-MAT-J041YN,0,True,23925,0.9090909090909091,0.6996307470609295,1.0,0.7188959951173051
DFL-MAT-J041YN,0,True,12500,0.8181818181818182,0.5642058823392639,0.8,0.5897864904788467
DFL-MAT-J041YN,0,True,29700,1.0,0.5982378147007701,1.0,0.6876710477516181
DFL-MAT-J041YN,0,True,11150,0.7272727272727273,0.415282221499528,0.7,0.3873128835090701
DFL-MAT-J041YN,0,True,159525,0.6363636363636364,0.6739840406615234,0.7,0.6647321626343415
DFL-MAT-J041YN,0,True,102425,0.6363636363636364,0.0,0.6,0.0
DFL-MAT-J041YN,0,True,150250,0.7272727272727273,0.6315208312700844,0.7,0.6176567086556373
DFL-MAT-J041YN,0,True,12525,0.8181818181818182,0.5838025480290754,0.9,0.589564127268813
DFL-MAT-J041YN,0,True,118750,0.9090909090909091,0.618219029927477,0.9,0.6133971000829435
DFL-MAT-J041YN,0,True,150650,0.8181818181818182,0.6428309318705954,0.8,0.6334059394470388
DFL-MAT-J041YN,1,False,165950,0.8181818181818182,0.6205576873204647,0.8,0.6052717745173231
DFL-MAT-J041YN,1,False,15700,1.0,0.4314677817699135,1.0,0.43584797519575036
DFL-MAT-J041YN,1,False,117500,0.7272727272727273,0.18439099144672777,0.7,0.14495450515654307
DFL-MAT-J041YN,1,False,48050,1.0,0.2725452561161614,1.0,0.28592861041661255
DFL-MAT-J041YN,1,False,132275,0.5454545454545454,0.7283623462140723,0.6,0.7658685962720259
DFL-MAT-J041YN,1,False,15475,1.0,0.27232973720958054,1.0,0.31694571051787035
DFL-MAT-J041YN,1,False,164775,0.5454545454545454,0.16881391491358766,0.5,0.1321358381605009
DFL-MAT-J041YN,1,False,151475,1.0,0.8312034812366524,1.0,0.824941991461452
DFL-MAT-J041YN,1,False,102050,1.0,0.49951987449893553,1.0,0.5422623864366236
DFL-MAT-J041YN,1,False,132900,0.7272727272727273,0.6850349301315883,0.7,0.6697426032279109
DFL-MAT-J041YN,1,False,27075,1.0,0.8290200694130166,1.0,0.8371244173285641
DFL-MAT-J041YN,1,False,102950,1.0,0.4410320122588316,1.0,0.46398631812727364
DFL-MAT-J041YN,1,False,113125,0.9090909090909091,0.4393362406930358,0.9,0.4245574983243636
DFL-MAT-J041YN,1,False,60800,0.8181818181818182,0.6393529352488552,0.8,0.6359123982185336
DFL-MAT-J041YN,1,False,54875,0.9090909090909091,0.5014826211174835,0.9,0.47937749126749585
DFL-MAT-J041YN,1,False,61400,0.8181818181818182,0.7451610873583439,0.9,0.7464259688737034
DFL-MAT-J041YN,1,False,71250,0.8181818181818182,0.8395953031434551,0.8,0.8411430155284096
DFL-MAT-J041YN,1,False,52125,1.0,0.1289695851293179,1.0,0.19960506392094368
DFL-MAT-J041YN,1,False,42925,1.0,0.6293853948839885,1.0,0.6875123734157513
DFL-MAT-J041YN,1,False,106875,1.0,0.48907278918086594,1.0,0.48205436264555634
DFL-MAT-J041YN,1,False,45875,0.6363636363636364,0.6445741552838946,0.7,0.6422792443877667
DFL-MAT-J041YN,1,False,108375,1.0,0.4771805920636689,1.0,0.5007732750322266
DFL-MAT-J041YN,1,False,51850,0.6363636363636364,0.6800961809524896,0.6,0.6646665210165177
DFL-MAT-J041YN,1,False,36775,0.7272727272727273,0.5903408222523456,0.7,0.5721423208216329
DFL-MAT-J041YN,1,False,68800,1.0,0.4113949351586047,1.0,0.4027275708487046
DFL-MAT-J041YN,1,False,27975,0.6363636363636364,0.10134052644613112,0.6,0.06372267653584063
DFL-MAT-J041YN,1,False,61925,0.7272727272727273,0.7471340597292007,0.8,0.7482473352762169
DFL-MAT-J041YN,1,False,37950,1.0,0.5141391341115451,1.0,0.5554011338247504
DFL-MAT-J041YN,1,False,112375,0.6363636363636364,0.47366018564802614,0.7,0.5468527139604498
DFL-MAT-J041YN,1,False,67250,0.7272727272727273,0.897871003815839,0.7,0.8936392626817934
DFL-MAT-J041YN,1,False,111550,1.0,0.48992718350975106,1.0,0.5406710983250771
DFL-MAT-J041YN,1,False,31400,0.7272727272727273,0.28626236092876733,0.8,0.3394371650588812
DFL-MAT-J041YN,1,False,60750,0.6363636363636364,0.6661773712086487,0.6,0.6568689707577516
DFL-MAT-J041YN,1,False,170825,0.9090909090909091,0.21637008215769493,0.9,0.20679781585659074
DFL-MAT-J041YN,1,False,143800,0.6363636363636364,0.5018115565556394,0.7,0.4831969898215325
DFL-MAT-J041YN,1,False,107825,0.6363636363636364,0.7086348462341685,0.6,0.6947960781962134
DFL-MAT-J041YN,1,False,172700,0.7272727272727273,0.15085898980568802,0.7,0.11058357023072263
DFL-MAT-J041YN,1,False,102975,1.0,0.5892142180749695,1.0,0.6142022087255274
DFL-MAT-J041YN,1,False,138300,0.5454545454545454,0.12045701001131692,0.6,0.07794572900190244
DFL-MAT-J041YN,1,False,35850,0.9090909090909091,0.15732613937008355,0.9,0.16974380513303156
DFL-MAT-J041YN,1,False,75725,0.5454545454545454,0.49754666644506973,0.6,0.47529448848908284
DFL-MAT-J041YN,1,False,128450,0.7272727272727273,0.3700077255508504,0.8,0.35790913528782353
DFL-MAT-J041YN,1,False,130575,0.7272727272727273,0.7031895784443374,0.7,0.6894443019180587
DFL-MAT-J041YN,1,False,130175,0.5454545454545454,0.6957898232001734,0.5,0.7416104462129793
DFL-MAT-J041YN,1,False,122350,0.5454545454545454,0.9136511348568531,0.6,0.9102342379062524
DFL-MAT-J041YN,1,False,55200,0.6363636363636364,0.28835632370064457,0.7,0.2656691723993404
DFL-MAT-J041YN,1,False,148950,0.5454545454545454,0.8136547868855131,0.6,0.8064378084362543
DFL-MAT-J041YN,1,False,63500,0.7272727272727273,0.5673750009210095,0.7,0.5463520239217612
DFL-MAT-J041YN,1,False,130300,0.5454545454545454,0.6753496998043887,0.6,0.7481423501941065
DFL-MAT-J041YN,1,False,73950,0.8181818181818182,0.7122334523116702,0.9,0.724391649343787
DFL-MAT-J041YN,1,False,101850,1.0,0.46911859697082614,1.0,0.5266242036890103
DFL-MAT-J041YN,1,False,180475,1.0,0.3591397486726209,1.0,0.3676934111357947
DFL-MAT-J041YN,1,False,30325,0.6363636363636364,0.6037609949813041,0.6,0.5851575068819965
DFL-MAT-J041YN,1,False,180875,0.5454545454545454,0.19831717897175039,0.5,0.15990037924489842
DFL-MAT-J041YN,1,False,126125,0.6363636363636364,0.6779057774499124,0.7,0.6736311624757519
DFL-MAT-J041YN,1,False,126450,0.8181818181818182,0.5178217979260296,0.8,0.5056358871518797
DFL-MAT-J041YN,1,False,19500,0.8181818181818182,0.4972484698625286,0.8,0.472854430184379
DFL-MAT-J041YN,1,False,126925,0.5454545454545454,0.3271575144328349,0.5,0.29498984794506045
DFL-MAT-J041YN,1,False,60600,0.9090909090909091,0.3019678210569158,1.0,0.3462830313561076
DFL-MAT-J041YN,1,False,60950,0.6363636363636364,0.6427480354241577,0.6,0.6567425590099378
DFL-MAT-J041YV,0,False,13700,1.0,0.5144152987805517,1.0,0.6571318074036172
DFL-MAT-J041YV,0,False,132128,0.6363636363636364,0.33100230192643376,0.7,0.3019637089718702
DFL-MAT-J041YV,0,False,135028,0.6363636363636364,0.5964206694967125,0.6,0.5774824442038036
DFL-MAT-J041YV,0,False,76550,0.6363636363636364,0.6467720152730289,0.6,0.6299812479211824
DFL-MAT-J041YV,0,False,138728,1.0,0.3130821705794373,1.0,0.36018677422023093
DFL-MAT-J041YV,0,False,51775,0.8181818181818182,0.737199126892673,0.9,0.7539115095525525
DFL-MAT-J041YV,0,False,73975,0.7272727272727273,0.7052476155201752,0.7,0.6912371453376904
DFL-MAT-J041YV,0,False,14200,0.7272727272727273,0.34684978134160727,0.8,0.32481663519788884
DFL-MAT-J041YV,0,False,121903,1.0,0.5620872080604298,1.0,0.5779240153924844
DFL-MAT-J041YV,0,False,26725,0.5454545454545454,0.6091826280343783,0.6,0.7514777969326534
DFL-MAT-J041YV,0,False,67525,0.9090909090909091,0.61672144648098,0.9,0.6121070110594198
DFL-MAT-J041YV,0,False,15050,0.9090909090909091,0.46656375744211664,1.0,0.5936523477506896
DFL-MAT-J041YV,0,False,158403,0.9090909090909091,0.6738370061289111,1.0,0.7279267828959377
DFL-MAT-J041YV,0,False,154978,0.9090909090909091,0.0662113525562864,0.9,0.045767914791498
DFL-MAT-J041YV,0,False,148403,0.9090909090909091,0.794360080867153,1.0,0.8137021628026473
DFL-MAT-J041YV,0,False,78625,0.9090909090909091,0.6312259762665339,0.9,0.7735814482056125
DFL-MAT-J041YV,0,False,133353,0.5454545454545454,0.6779782597739712,0.5,0.6663169855402644
DFL-MAT-J041YV,0,False,151478,1.0,0.36236476982339927,1.0,0.38400477354373885
DFL-MAT-J041YV,0,False,135578,0.6363636363636364,0.777819241594422,0.6,0.7669958258983807
DFL-MAT-J041YV,0,False,169628,1.0,0.5499793889390434,1.0,0.552613082711439
DFL-MAT-J041YV,0,False,168078,0.9090909090909091,0.5630487013150824,1.0,0.6155210905871535
DFL-MAT-J041YV,0,False,105953,0.9090909090909091,0.004384216025942744,0.9,0.0
DFL-MAT-J041YV,0,False,73400,1.0,0.38504680795206636,1.0,0.4392592420770045
DFL-MAT-J041YV,0,False,48575,1.0,0.48468724362118965,1.0,0.5040458077556508
DFL-MAT-J041YV,0,False,149353,0.7272727272727273,0.7461312243780245,0.8,0.7581308618736807
DFL-MAT-J041YV,0,False,133103,0.8181818181818182,0.6480713418268739,0.8,0.6373937845227435
DFL-MAT-J041YV,0,False,52125,0.6363636363636364,0.4889072772020012,0.7,0.5501961836132069
DFL-MAT-J041YV,0,False,18000,0.6363636363636364,0.2691092022613055,0.6,0.3178656215199591
DFL-MAT-J041YV,0,False,52075,0.5454545454545454,0.764733241328143,0.6,0.7732728041260464
DFL-MAT-J041YV,0,False,26800,0.6363636363636364,0.6219991403623135,0.6,0.7519399499786209
DFL-MAT-J041YV,0,False,115078,1.0,0.6683753317258223,1.0,0.6835748758618418
DFL-MAT-J041YV,0,False,158503,1.0,0.5438131868490017,1.0,0.5844750632690712
DFL-MAT-J041YV,0,False,122528,0.6363636363636364,0.6591936474547128,0.6,0.6760241088227626
DFL-MAT-J041YV,0,False,148153,0.9090909090909091,0.3401581250075083,1.0,0.4693972619756547
DFL-MAT-J041YV,0,False,29900,0.9090909090909091,0.7860244883860513,0.9,0.7904582234700368
DFL-MAT-J041YV,0,False,104328,0.6363636363636364,0.6911107969720766,0.6,0.7603797530304139
DFL-MAT-J041YV,0,False,55275,0.9090909090909091,0.349939778588479,0.9,0.31968512288658146
DFL-MAT-J041YV,0,False,23525,0.8181818181818182,0.30343553783647303,0.8,0.2726276031273688
DFL-MAT-J041YV,0,False,60300,0.9090909090909091,0.48094012187853186,0.9,0.4862899420512826
DFL-MAT-J041YV,0,False,138553,1.0,0.36038587636106023,1.0,0.36812004115424335
DFL-MAT-J041YV,0,False,49250,0.9090909090909091,0.37986260000874816,0.9,0.37534068388002917
DFL-MAT-J041YV,0,False,123428,0.9090909090909091,0.40226442978285204,0.9,0.4149416797002642
DFL-MAT-J041YV,0,False,70725,0.9090909090909091,0.4780335793508719,0.9,0.4845572810640201
DFL-MAT-J041YV,0,False,28950,0.5454545454545454,0.6363270530751037,0.5,0.6251163311643533
DFL-MAT-J041YV,0,False,73825,0.9090909090909091,0.3481223088148514,0.9,0.3312527450835364
DFL-MAT-J041YV,0,False,132603,0.6363636363636364,0.5767995784230133,0.6,0.5562881380134514
DFL-MAT-J041YV,0,False,76050,0.6363636363636364,0.5720430342989165,0.6,0.5519127574079759
DFL-MAT-J041YV,0,False,37050,1.0,0.3767107366059137,1.0,0.46319577303867554
DFL-MAT-J041YV,0,False,166878,0.9090909090909091,0.4643157384340316,1.0,0.5600629980961989
DFL-MAT-J041YV,0,False,138853,0.9090909090909091,0.27804292842970735,1.0,0.3598872124071718
DFL-MAT-J041YV,0,False,135878,0.7272727272727273,0.7341080388614518,0.7,0.88380182408257
DFL-MAT-J041YV,0,False,61850,0.6363636363636364,0.9244208261893374,0.6,0.9232616103858011
DFL-MAT-J041YV,0,False,79350,1.0,0.6086295679143698,1.0,0.6158881213320455
DFL-MAT-J041YV,0,False,167278,0.5454545454545454,0.6398686983384165,0.5,0.6243457900711155
DFL-MAT-J041YV,0,False,13525,0.9090909090909091,0.7773481671462233,0.9,0.7684336002585689
DFL-MAT-J041YV,0,False,148203,0.9090909090909091,0.5558051925142298,1.0,0.6258587930517312
DFL-MAT-J041YV,0,False,84675,0.7272727272727273,0.6219964066161112,0.7,0.6042919670883609
DFL-MAT-J041YV,0,False,128853,0.5454545454545454,0.7283079118573138,0.5,0.7211700608662626
DFL-MAT-J041YV,0,False,27125,0.5454545454545454,0.5028054518730878,0.5,0.5689890643233033
DFL-MAT-J041YV,0,False,131428,0.8181818181818182,0.5866237431258331,0.8,0.5851852340812156
DFL-MAT-J041YV,1,True,170528,0.9090909090909091,0.7987412089146027,1.0,0.8376285903800728
DFL-MAT-J041YV,1,True,106628,0.8181818181818182,0.5186665900637482,0.8,0.6995601839145094
DFL-MAT-J041YV,1,True,154428,0.6363636363636364,0.541870352217009,0.6,0.519887463794538
DFL-MAT-J041YV,1,True,135678,0.6363636363636364,0.6366708954637799,0.6,0.6387302050050255
DFL-MAT-J041YV,1,True,16575,0.9090909090909091,0.21100493194661563,0.9,0.20368131826412905
DFL-MAT-J041YV,1,True,58575,0.7272727272727273,0.6491512114532575,0.8,0.7111737332189908
DFL-MAT-J041YV,1,True,154853,0.5454545454545454,0.09853337875161783,0.6,0.05531814638670984
DFL-MAT-J041YV,1,True,22075,0.5454545454545454,0.6960996432577271,0.6,0.6896578204900037
DFL-MAT-J041YV,1,True,22325,0.6363636363636364,0.8424158432814552,0.6,0.8520939094929515
DFL-MAT-J041YV,1,True,134678,0.7272727272727273,0.8384471455609931,0.7,0.8307342087066426
DFL-MAT-J041YV,1,True,46375,0.7272727272727273,0.7450595439282235,0.7,0.7326213827987389
DFL-MAT-J041YV,1,True,156953,0.7272727272727273,0.30454772348060555,0.7,0.2881794815152826
DFL-MAT-J041YV,1,True,55600,0.7272727272727273,0.678765587041877,0.8,0.67783670695462
DFL-MAT-J041YV,1,True,115453,0.7272727272727273,0.235360134565349,0.7,0.46208684475953143
DFL-MAT-J041YV,1,True,46225,0.8181818181818182,0.6982641340748547,0.9,0.7302541325029255
DFL-MAT-J041YV,1,True,56900,0.5454545454545454,0.4960926398155142,0.5,0.4716008252328797
DFL-MAT-J041YV,1,True,35075,0.6363636363636364,0.7619521991348834,0.6,0.7543193553420406
DFL-MAT-J041YV,1,True,125028,1.0,0.6533993078364041,1.0,0.6937196598290345
DFL-MAT-J041YV,1,True,157503,0.5454545454545454,0.6134820601481109,0.6,0.5958191208459485
DFL-MAT-J041YV,1,True,151503,0.8181818181818182,0.3238326483119418,0.8,0.29194594342095515
DFL-MAT-J041YV,1,True,53350,0.6363636363636364,0.5257230647885918,0.6,0.5204699853449526
DFL-MAT-J041YV,1,True,77950,0.9090909090909091,0.3934048198322815,0.9,0.3788969100924503
DFL-MAT-J041YV,1,True,150428,1.0,0.3564036959205207,1.0,0.3563709828580969
DFL-MAT-J041YV,1,True,56750,0.6363636363636364,0.5907535158461894,0.7,0.721792497010483
DFL-MAT-J041YV,1,True,102228,0.6363636363636364,0.7517010444475356,0.6,0.7396241468172258
DFL-MAT-J041YV,1,True,125153,0.6363636363636364,0.6591751476808427,0.7,0.652129028638226
DFL-MAT-J041YV,1,True,20375,0.6363636363636364,0.5400803353854448,0.7,0.7193388052985856
DFL-MAT-J041YV,1,True,125578,0.8181818181818182,0.695239152223079,0.8,0.6806413400741982
DFL-MAT-J041YV,1,True,102103,0.5454545454545454,0.8837833781502616,0.5,0.8785718121487043
DFL-MAT-J041YV,1,True,22450,0.7272727272727273,0.5776856556992134,0.8,0.683193768243564
DFL-MAT-J041YV,1,True,19025,0.8181818181818182,0.7916958518441848,0.8,0.7837133952662444
DFL-MAT-J041YV,1,True,157878,0.6363636363636364,0.6957313684026614,0.6,0.6936015794130599
DFL-MAT-J041YV,1,True,170328,0.7272727272727273,0.7556778041729166,0.7,0.7451761386337634
DFL-MAT-J041YV,1,True,75200,0.9090909090909091,0.725623769777485,0.9,0.7313585522335353
DFL-MAT-J041YV,1,True,51300,1.0,0.5272809068532132,1.0,0.5861091709724378
DFL-MAT-J041YV,1,True,55825,1.0,0.5608424437485673,1.0,0.5396182568093428
DFL-MAT-J041YV,1,True,69175,0.5454545454545454,0.6511857214287853,0.5,0.7968866486276976
DFL-MAT-J041YV,1,True,32000,0.5454545454545454,0.8471910131741331,0.5,0.8782481754660636
DFL-MAT-J041YV,1,True,166478,0.7272727272727273,0.7109712894394912,0.7,0.7026770077257524
DFL-MAT-J041YV,1,True,152478,1.0,0.25731933733782,1.0,0.3549677803095156
DFL-MAT-J041YV,1,True,161778,1.0,0.41380204555708233,1.0,0.42298265404566426
DFL-MAT-J041YV,1,True,71625,0.9090909090909091,0.6225764325531737,0.9,0.6042803556229028
DFL-MAT-J041YV,1,True,72525,0.8181818181818182,0.6513705614058559,0.8,0.6345784650644958
DFL-MAT-J041YV,1,True,46250,0.7272727272727273,0.7452181434891738,0.8,0.7805501615509907
DFL-MAT-J041YV,1,True,102903,0.5454545454545454,0.7609476876427742,0.5,0.7495423136731958
DFL-MAT-J041YV,1,True,21400,0.7272727272727273,0.8668990689158041,0.7,0.8635196479358183
DFL-MAT-J041YV,1,True,37750,1.0,0.6721273992828558,1.0,0.6575126779856999
DFL-MAT-J041YV,1,True,124903,0.5454545454545454,0.4957781615760193,0.6,0.4888329007936474
DFL-MAT-J041YV,1,True,133278,0.9090909090909091,0.3587449471857589,0.9,0.3486648053674215
DFL-MAT-J041YV,1,True,53650,0.8181818181818182,0.0,0.8,0.0
DFL-MAT-J041YV,1,True,77150,0.8181818181818182,0.7135329700032564,0.8,0.7007308173420264
DFL-MAT-J041YV,1,True,116103,0.5454545454545454,0.1932186391204428,0.6,0.15606936288803308
DFL-MAT-J041YV,1,True,53200,0.5454545454545454,0.4176557333372092,0.5,0.4044230192301004
DFL-MAT-J041YV,1,True,72575,0.5454545454545454,0.6035649677396564,0.5,0.5873885598254651
DFL-MAT-J041YV,1,True,46150,1.0,0.762355021569433,1.0,0.750820121225279
DFL-MAT-J041YV,1,True,102978,1.0,0.742760789243712,1.0,0.7539220763067102
DFL-MAT-J041YV,1,True,84875,0.5454545454545454,0.14769999974696946,0.6,0.1089563193163321
DFL-MAT-J041YV,1,True,46350,0.5454545454545454,0.7304314675903127,0.6,0.7213138354129759
DFL-MAT-J041YV,1,True,157003,0.9090909090909091,0.2068077408069091,0.9,0.25923632827529675
DFL-MAT-J041YV,1,True,119078,1.0,0.5766315512434342,1.0,0.5992923428181285
DFL-MAT-J041Z5,0,True,50200,0.9090909090909091,0.5421617574982827,1.0,0.6167070700043565
DFL-MAT-J041Z5,0,True,136226,0.9090909090909091,0.19303436714372024,0.9,0.24176172672179963
DFL-MAT-J041Z5,0,True,123601,1.0,0.5609680325984912,1.0,0.6771459073989052
DFL-MAT-J041Z5,0,True,125276,0.5454545454545454,0.00913524142161748,0.6,0.0
DFL-MAT-J041Z5,0,True,177601,0.7272727272727273,0.5131979067540162,0.8,0.5108687422433629
DFL-MAT-J041Z5,0,True,79200,0.5454545454545454,0.6261945495082046,0.6,0.6176708752778151
DFL-MAT-J041Z5,0,True,24525,0.9090909090909091,0.6951497533312856,0.9,0.6940367615061467
DFL-MAT-J041Z5,0,True,41525,0.9090909090909091,0.5316633794431449,0.9,0.5133540912384327
DFL-MAT-J041Z5,0,True,106451,0.6363636363636364,0.3217968392682117,0.6,0.2887312036430102
DFL-MAT-J041Z5,0,True,121601,0.7272727272727273,0.6247261830225506,0.8,0.6143673995031322
DFL-MAT-J041Z5,0,True,24700,0.9090909090909091,0.582890309819845,1.0,0.6748789021132837
DFL-MAT-J041Z5,0,True,122176,0.5454545454545454,0.9263225807480109,0.5,0.9240401326523932
DFL-MAT-J041Z5,0,True,12150,1.0,0.32181318969449135,1.0,0.41294418099785934
DFL-MAT-J041Z5,0,True,25700,0.5454545454545454,0.6132388814485422,0.6,0.6184091456197972
DFL-MAT-J041Z5,0,True,61875,0.5454545454545454,0.7218670295622864,0.6,0.7112131125534031
DFL-MAT-J041Z5,0,True,137501,0.5454545454545454,0.7146802622465456,0.6,0.7051409313163604
DFL-MAT-J041Z5,0,True,81150,1.0,0.5435785275719136,1.0,0.6661531355945733
DFL-MAT-J041Z5,0,True,154726,0.5454545454545454,0.789185240975713,0.6,0.8143358631310649
DFL-MAT-J041Z5,0,True,177251,0.8181818181818182,0.122291407135525,0.8,0.10476455350202651
DFL-MAT-J041Z5,0,True,23200,1.0,0.4762842509928388,1.0,0.5594200547470505
DFL-MAT-J041Z5,0,True,81550,1.0,0.38779925060057296,1.0,0.4254460002522943
DFL-MAT-J041Z5,0,True,103351,1.0,0.5422135664904677,1.0,0.6212179702464581
DFL-MAT-J041Z5,0,True,168126,0.6363636363636364,0.7734963065806224,0.6,0.7674736294537409
DFL-MAT-J041Z5,0,True,157401,0.7272727272727273,0.5351274301872748,0.8,0.5215854873466866
DFL-MAT-J041Z5,0,True,145276,0.5454545454545454,0.8583697818368503,0.6,0.851737515985434
DFL-MAT-J041Z5,0,True,115426,0.9090909090909091,0.6362629010971549,1.0,0.7087986667970763
DFL-MAT-J041Z5,0,True,142351,0.9090909090909091,0.49263156453989476,0.9,0.47477305777962864
DFL-MAT-J041Z5,0,True,15425,0.7272727272727273,0.7390300799607791,0.7,0.7310626618108158
DFL-MAT-J041Z5,0,True,138801,0.7272727272727273,0.32277971989906673,0.7,0.2897377687046707
DFL-MAT-J041Z5,0,True,143776,0.8181818181818182,0.6757063919515771,0.8,0.6617737548106297
DFL-MAT-J041Z5,0,True,136876,0.6363636363636364,0.6358333482865912,0.6,0.6407214780414501
DFL-MAT-J041Z5,0,True,53500,0.9090909090909091,0.6029686737006361,1.0,0.6176342984748204
DFL-MAT-J041Z5,0,True,22850,0.6363636363636364,0.7086514729711573,0.6,0.7051950243917671
DFL-MAT-J041Z5,0,True,12325,0.8181818181818182,0.26544704415206377,0.8,0.2610793742495282
DFL-MAT-J041Z5,0,True,163201,1.0,0.15860814457514305,1.0,0.19894265171490777
DFL-MAT-J041Z5,0,True,127701,1.0,0.5274945478909014,1.0,0.5388269334370319
DFL-MAT-J041Z5,0,True,157201,0.7272727272727273,0.22125247250753488,0.7,0.18324353354394385
DFL-MAT-J041Z5,0,True,13875,0.6363636363636364,0.7617673790283109,0.7,0.7572838271167643
DFL-MAT-J041Z5,0,True,39075,0.7272727272727273,0.15136141875912112,0.8,0.12848770687284938
DFL-MAT-J041Z5,0,True,38700,1.0,0.5304518769020525,1.0,0.595843092618913
DFL-MAT-J041Z5,0,True,101526,0.6363636363636364,0.7762699086718411,0.7,0.8158568232897585
DFL-MAT-J041Z5,0,True,137426,0.7272727272727273,0.7563473284262024,0.7,0.7474869693812641
DFL-MAT-J041Z5,0,True,115226,0.9090909090909091,0.3431638914630166,0.9,0.35496763382545415
DFL-MAT-J041Z5,0,True,164301,0.7272727272727273,0.4201983420137533,0.8,0.4386372613795416
DFL-MAT-J041Z5,0,True,108951,0.8181818181818182,0.5389122906853652,0.8,0.5195396404469589
DFL-MAT-J041Z5,0,True,37925,0.7272727272727273,0.7699107137114214,0.8,0.769743262656812
DFL-MAT-J041Z5,0,True,102251,0.6363636363636364,0.8334429740483488,0.7,0.8290420339358848
DFL-MAT-J041Z5,0,True,14450,0.8181818181818182,0.5782367946186173,0.8,0.5588553091225552
DFL-MAT-J041Z5,0,True,156776,0.6363636363636364,0.7470189168798163,0.6,0.7429800401445368
DFL-MAT-J041Z5,0,True,84475,0.5454545454545454,0.37290923029943823,0.6,0.3457127153560827
DFL-MAT-J041Z5,0,True,148001,1.0,0.3324904361318862,1.0,0.3411261162368926
DFL-MAT-J041Z5,0,True,143651,0.7272727272727273,0.3998839083876423,0.7,0.3715381934833786
DFL-MAT-J041Z5,0,True,139226,0.9090909090909091,0.5635192234037504,1.0,0.6039946923164605
DFL-MAT-J041Z5,0,True,137676,0.5454545454545454,0.7638546229257419,0.6,0.7532586868438187
DFL-MAT-J041Z5,0,True,153776,0.5454545454545454,0.8885271799323076,0.5,0.8859660773059423
DFL-MAT-J041Z5,0,True,13850,0.6363636363636364,0.7288965301318895,0.7,0.7163606665958676
DFL-MAT-J041Z5,0,True,51775,0.8181818181818182,0.38090309188729143,0.8,0.36797596037660196
DFL-MAT-J041Z5,0,True,34175,0.6363636363636364,0.5658369860330896,0.7,0.5677624579869678
DFL-MAT-J041Z5,0,True,37300,0.8181818181818182,0.4032847012413907,0.8,0.38138601273763817
DFL-MAT-J041Z5,0,True,28975,0.8181818181818182,0.5252607602467094,0.8,0.522892051963402
DFL-MAT-J041Z5,1,False,109701,0.7272727272727273,0.4413064268238148,0.7,0.4151191145970605
DFL-MAT-J041Z5,1,False,48250,0.5454545454545454,0.47270088021513457,0.6,0.4493709276100951
DFL-MAT-J041Z5,1,False,85900,1.0,0.14330017079846968,1.0,0.17088002449390927
DFL-MAT-J041Z5,1,False,159026,0.6363636363636364,0.8917643693287356,0.6,0.8914914249456072
DFL-MAT-J041Z5,1,False,19575,1.0,0.3689846399876392,1.0,0.38432322340608815
DFL-MAT-J041Z5,1,False,20400,0.7272727272727273,0.4782290938732421,0.7,0.4537917332717525
DFL-MAT-J041Z5,1,False,158051,0.5454545454545454,0.698671485304603,0.5,0.6900230048112753
DFL-MAT-J041Z5,1,False,24025,0.9090909090909091,0.20075360159231048,0.9,0.18780896654802282
DFL-MAT-J041Z5,1,False,133976,1.0,0.36836703938324655,1.0,0.3724662374362121
DFL-MAT-J041Z5,1,False,157801,0.7272727272727273,0.6799044715294009,0.8,0.6747029647193068
DFL-MAT-J041Z5,1,False,16275,0.9090909090909091,0.0442733115631756,0.9,0.019932045330619097
DFL-MAT-J041Z5,1,False,32050,0.9090909090909091,0.4879076823210312,0.9,0.4902919091994776
DFL-MAT-J041Z5,1,False,19625,1.0,0.46526923021524924,1.0,0.47067234768947896
DFL-MAT-J041Z5,1,False,15725,0.6363636363636364,0.8019501417755687,0.6,0.7932251796416674
DFL-MAT-J041Z5,1,False,110701,1.0,0.33981279676698295,1.0,0.3536287768716423
DFL-MAT-J041Z5,1,False,73350,0.7272727272727273,0.9603384461548891,0.8,0.9716516639544946
DFL-MAT-J041Z5,1,False,48450,0.6363636363636364,0.49829557260881385,0.6,0.47956913160150594
DFL-MAT-J041Z5,1,False,132501,0.7272727272727273,0.39449514559526067,0.7,0.36628458581459566
DFL-MAT-J041Z5,1,False,32500,0.5454545454545454,0.3814093652374324,0.5,0.3512182812275816
DFL-MAT-J041Z5,1,False,73000,1.0,0.6851298303275322,1.0,0.6707219749211972
DFL-MAT-J041Z5,1,False,135226,1.0,0.1437019695992252,1.0,0.11954996500087756
DFL-MAT-J041Z5,1,False,64775,0.7272727272727273,0.8047749599017255,0.7,0.7955484874526781
DFL-MAT-J041Z5,1,False,133726,0.5454545454545454,0.3736605971894853,0.5,0.34695162491661624
DFL-MAT-J041Z5,1,False,56900,0.7272727272727273,0.7933647635941052,0.7,0.8411125065104753
DFL-MAT-J041Z5,1,False,119651,0.5454545454545454,0.11682808377911147,0.5,0.07385753097436609
DFL-MAT-J041Z5,1,False,19775,1.0,0.5627654681952228,1.0,0.5711188202686809
DFL-MAT-J041Z5,1,False,59800,0.6363636363636364,0.9691956104451157,0.7,0.9678740019267388
DFL-MAT-J041Z5,1,False,58900,0.6363636363636364,0.7705622148015782,0.6,0.7892665394749598
DFL-MAT-J041Z5,1,False,181726,0.6363636363636364,0.7311341090801942,0.6,0.7183252643404201
DFL-MAT-J041Z5,1,False,111201,0.5454545454545454,0.7479924246963843,0.6,0.7361725877895149
DFL-MAT-J041Z5,1,False,75300,0.9090909090909091,0.5984798985539581,0.9,0.588790714710492
DFL-MAT-J041Z5,1,False,38600,0.6363636363636364,0.29380749284125274,0.7,0.26307262740987003
DFL-MAT-J041Z5,1,False,69825,0.8181818181818182,0.332829479177873,0.8,0.3097585168702044
DFL-MAT-J041Z5,1,False,129151,0.7272727272727273,0.4295838041800988,0.7,0.43234983385622217
DFL-MAT-J041Z5,1,False,167426,0.6363636363636364,0.019898651880934315,0.6,0.0
DFL-MAT-J041Z5,1,False,182126,1.0,0.7243936757500281,1.0,0.7634431288657827
DFL-MAT-J041Z5,1,False,179526,1.0,0.26532537020762204,1.0,0.5460998795227854
DFL-MAT-J041Z5,1,False,58875,0.8181818181818182,0.7656145939315201,0.8,0.7795535921347299
DFL-MAT-J041Z5,1,False,110576,0.5454545454545454,0.28297463521308686,0.5,0.2514945008975512
DFL-MAT-J041Z5,1,False,158376,0.6363636363636364,0.762627040828449,0.6,0.7577886252643651
DFL-MAT-J041Z5,1,False,175776,0.8181818181818182,0.8051453859424198,0.8,0.7972789634070947
DFL-MAT-J041Z5,1,False,20750,0.6363636363636364,0.23159355850010632,0.7,0.224687695896306
DFL-MAT-J041Z5,1,False,74625,0.6363636363636364,0.3137448601243763,0.6,0.2929209257369224
DFL-MAT-J041Z5,1,False,133526,1.0,0.42963075279318286,1.0,0.4324961307071963
DFL-MAT-J041Z5,1,False,162426,1.0,0.8524171880160077,1.0,0.8490376613370509
DFL-MAT-J041Z5,1,False,13150,0.7272727272727273,0.8347547896616914,0.7,0.8282163527982118
DFL-MAT-J041Z5,1,False,174626,1.0,0.8385359812726405,1.0,0.8494278663163308
DFL-MAT-J041Z5,1,False,60350,0.6363636363636364,0.925948024268106,0.6,0.9231982878230363
DFL-MAT-J041Z5,1,False,105151,0.6363636363636364,0.6995579373463761,0.6,0.6862282907600431
DFL-MAT-J041Z5,1,False,64575,0.8181818181818182,0.8016445651212747,0.9,0.8027859008894295
DFL-MAT-J041Z5,1,False,45175,0.5454545454545454,0.49562250387397133,0.6,0.48153243655586164
DFL-MAT-J041Z5,1,False,70575,0.7272727272727273,0.355247115009918,0.7,0.32423549284751274
DFL-MAT-J041Z5,1,False,40425,1.0,0.47007223843062185,1.0,0.44952767891223955
DFL-MAT-J041Z5,1,False,25300,1.0,0.28457108762164296,1.0,0.28111237917427134
DFL-MAT-J041Z5,1,False,59975,0.5454545454545454,0.9287382701716184,0.6,0.9261615699052231
DFL-MAT-J041Z5,1,False,31325,0.7272727272727273,0.7712828105044697,0.7,0.82305183756033
DFL-MAT-J041Z5,1,False,130076,0.9090909090909091,0.496062978071264,0.9,0.4780858607390279
DFL-MAT-J041Z5,1,False,10375,0.8181818181818182,0.04210404621041508,0.8,0.05742592535542912
DFL-MAT-J041Z5,1,False,162401,1.0,0.8684083931943831,1.0,0.8710090574905768
DFL-MAT-J041Z5,1,False,15875,0.5454545454545454,0.38674126235811834,0.5,0.3683193270953832
DFL-MAT-J041ZD,0,False,84925,1.0,0.7108264405107232,1.0,0.7348110975140574
DFL-MAT-J041ZD,0,False,103183,0.5454545454545454,0.8394560200111341,0.6,0.8337562981505754
DFL-MAT-J041ZD,0,False,172783,0.8181818181818182,0.3289676938012802,0.8,0.31307992486864156
DFL-MAT-J041ZD,0,False,46600,0.5454545454545454,0.7925102235094076,0.6,0.7955928723682903
DFL-MAT-J041ZD,0,False,166283,0.9090909090909091,0.8413067935780258,0.9,0.8365849802120042
DFL-MAT-J041ZD,0,False,18875,0.5454545454545454,0.5698591946547937,0.6,0.5489835210949128
DFL-MAT-J041ZD,0,False,40200,1.0,0.8380601815894912,1.0,0.8850249972509275
DFL-MAT-J041ZD,0,False,168958,0.9090909090909091,0.3746411375011516,0.9,0.3620811881902084
DFL-MAT-J041ZD,0,False,45650,0.8181818181818182,0.6836705491643367,0.8,0.6734156666044977
DFL-MAT-J041ZD,0,False,23575,0.8181818181818182,0.27982920686928925,0.8,0.2760414468564255
DFL-MAT-J041ZD,0,False,77525,0.5454545454545454,0.7399041956858023,0.5,0.7599223485316329
DFL-MAT-J041ZD,0,False,72700,0.9090909090909091,0.0,0.9,0.0
DFL-MAT-J041ZD,0,False,173533,0.7272727272727273,0.7517778861834317,0.8,0.7515838477982458
DFL-MAT-J041ZD,0,False,144733,0.5454545454545454,0.6652353317828741,0.6,0.6542571532584456
DFL-MAT-J041ZD,0,False,28650,0.7272727272727273,0.45044372065503513,0.7,0.42369536821560716
DFL-MAT-J041ZD,0,False,135583,0.8181818181818182,0.7480352088539549,0.8,0.7368155707705114
DFL-MAT-J041ZD,0,False,37725,0.7272727272727273,0.1227890409742598,0.7,0.0800957116446338
DFL-MAT-J041ZD,0,False,58575,0.5454545454545454,0.7970213429520487,0.6,0.8037998859130534
DFL-MAT-J041ZD,0,False,135958,0.6363636363636364,0.8788924355112507,0.7,0.8800853982180157
DFL-MAT-J041ZD,0,False,62075,0.6363636363636364,0.8135908485580061,0.6,0.8045225619592036
DFL-MAT-J041ZD,0,False,18475,0.5454545454545454,0.22387911277753403,0.5,0.1860213727496246
DFL-MAT-J041ZD,0,False,175458,0.6363636363636364,0.7003558713877513,0.6,0.6870669060754054
DFL-MAT-J041ZD,0,False,47425,0.7272727272727273,0.7939421570875687,0.7,0.7900259224684041
DFL-MAT-J041ZD,0,False,149983,0.7272727272727273,0.8251453780703953,0.7,0.8169067957485472
DFL-MAT-J041ZD,0,False,146183,0.6363636363636364,0.4028204896127672,0.7,0.38805652867450124
DFL-MAT-J041ZD,0,False,66100,0.6363636363636364,0.4105122793900079,0.6,0.38200712526120195
DFL-MAT-J041ZD,0,False,149433,0.6363636363636364,0.7503479469967094,0.6,0.7391815601581957
DFL-MAT-J041ZD,0,False,43400,0.6363636363636364,0.33020981896711077,0.6,0.29752135243247213
DFL-MAT-J041ZD,0,False,102833,0.5454545454545454,0.7575092546363428,0.5,0.7563031967787898
DFL-MAT-J041ZD,0,False,84675,0.8181818181818182,0.7031498439394941,0.8,0.692603944845515
DFL-MAT-J041ZD,0,False,104108,0.5454545454545454,0.2743864536347612,0.5,0.24255401491336992
DFL-MAT-J041ZD,0,False,80950,0.5454545454545454,0.761367992728495,0.6,0.8264588738720376
DFL-MAT-J041ZD,0,False,30100,0.9090909090909091,0.39893981893438957,0.9,0.3926201886115538
DFL-MAT-J041ZD,0,False,58450,0.7272727272727273,0.5798917086018784,0.7,0.579322697004287
DFL-MAT-J041ZD,0,False,100008,0.6363636363636364,0.6774552489111482,0.7,0.6712505329946159
DFL-MAT-J041ZD,0,False,159258,1.0,0.2228017236596581,1.0,0.2585955941759235
DFL-MAT-J041ZD,0,False,11150,0.5454545454545454,0.2469451161502617,0.5,0.21580220484210255
DFL-MAT-J041ZD,0,False,44600,0.5454545454545454,0.3063025138961929,0.5,0.27347237648279954
DFL-MAT-J041ZD,0,False,69750,0.7272727272727273,0.7602273557090745,0.8,0.7726987703607507
DFL-MAT-J041ZD,0,False,39400,0.8181818181818182,0.763534652082392,0.9,0.7553082303521526
DFL-MAT-J041ZD,0,False,65075,1.0,0.5675992080044555,1.0,0.5649212521676729
DFL-MAT-J041ZD,0,False,38825,0.5454545454545454,0.7408440077672971,0.6,0.7349522984953464
DFL-MAT-J041ZD,0,False,26900,0.8181818181818182,0.21714025884827004,0.8,0.17893097163564586
DFL-MAT-J041ZD,0,False,100858,0.8181818181818182,0.6006732422459342,0.8,0.5846695499925365
DFL-MAT-J041ZD,0,False,135783,0.7272727272727273,0.577639380718475,0.7,0.5584161940510672
DFL-MAT-J041ZD,0,False,124808,0.7272727272727273,0.2917956399313262,0.7,0.2574321772716668
DFL-MAT-J041ZD,0,False,136033,0.7272727272727273,0.4499628977920831,0.7,0.4347423782285069
DFL-MAT-J041ZD,0,False,28150,1.0,0.6232781717844653,1.0,0.6825781831696515
DFL-MAT-J041ZD,0,False,35400,1.0,0.6485375500825783,1.0,0.67319677584508
DFL-MAT-J041ZD,0,False,135033,0.9090909090909091,0.41924969704231707,0.9,0.3916153537246775
DFL-MAT-J041ZD,0,False,149658,0.6363636363636364,0.8125995408637097,0.6,0.8034694819117942
DFL-MAT-J041ZD,0,False,160983,0.7272727272727273,0.7394375663114097,0.7,0.7267238442056796
DFL-MAT-J041ZD,0,False,55175,1.0,0.7003966432052662,1.0,0.7276797222367289
DFL-MAT-J041ZD,0,False,53425,0.7272727272727273,0.1651735470985206,0.7,0.13329948478189946
DFL-MAT-J041ZD,0,False,60800,0.7272727272727273,0.35779145850249405,0.7,0.3314208007199423
DFL-MAT-J041ZD,0,False,11350,0.9090909090909091,0.2991923031365077,0.9,0.3205917566683638
DFL-MAT-J041ZD,0,False,54500,0.6363636363636364,0.8387827151162274,0.6,0.8313721087307635
DFL-MAT-J041ZD,0,False,79825,0.8181818181818182,0.4359360544736215,0.8,0.4506542331114006
DFL-MAT-J041ZD,0,False,105583,0.9090909090909091,0.3712644117087447,0.9,0.35082162489018964
DFL-MAT-J041ZD,0,False,171308,0.8181818181818182,0.7759476613770877,0.9,0.78134255677361
DFL-MAT-J041ZD,1,True,115883,0.5454545454545454,0.23528203988995378,0.6,0.20559678923605984
DFL-MAT-J041ZD,1,True,124183,1.0,0.5563018179788859,1.0,0.5719090303669734
DFL-MAT-J041ZD,1,True,52675,0.6363636363636364,0.32674098554791087,0.6,0.430052396165722
DFL-MAT-J041ZD,1,True,127008,0.5454545454545454,0.7883836919217742,0.5,0.7818457271347516
DFL-MAT-J041ZD,1,True,63900,0.6363636363636364,0.2538540380947687,0.6,0.21752845547857336
DFL-MAT-J041ZD,1,True,130183,0.5454545454545454,0.4211731946379331,0.5,0.39319196177929394
DFL-MAT-J041ZD,1,True,172258,1.0,0.4555824257023433,1.0,0.5371291113230008
DFL-MAT-J041ZD,1,True,31550,0.6363636363636364,0.8444545555549456,0.6,0.8442012139475115
DFL-MAT-J041ZD,1,True,11975,0.8181818181818182,0.42709785167613956,0.8,0.39982761742831274
DFL-MAT-J041ZD,1,True,141608,0.6363636363636364,0.8960209871869464,0.6,0.8910348424429627
DFL-MAT-J041ZD,1,True,12600,0.7272727272727273,0.755314976872367,0.7,0.8053499742377567
DFL-MAT-J041ZD,1,True,153708,0.7272727272727273,0.59360677570761,0.7,0.5797751788072842
DFL-MAT-J041ZD,1,True,143108,0.8181818181818182,0.7746457446655426,0.8,0.7638730890558402
DFL-MAT-J041ZD,1,True,139258,0.7272727272727273,0.45313557968365425,0.7,0.4275529884245257
DFL-MAT-J041ZD,1,True,65500,0.6363636363636364,0.6781853817956325,0.6,0.699998938289796
DFL-MAT-J041ZD,1,True,122083,0.7272727272727273,0.838520954341072,0.7,0.8326031510611078
DFL-MAT-J041ZD,1,True,122908,0.8181818181818182,0.8017568964244438,0.8,0.8146774702912192
DFL-MAT-J041ZD,1,True,33300,0.7272727272727273,0.5559727243255406,0.8,0.5479467283300896
DFL-MAT-J041ZD,1,True,154708,0.5454545454545454,0.6780110475790866,0.6,0.6630472463500385
DFL-MAT-J041ZD,1,True,118758,0.6363636363636364,0.7796811964151303,0.6,0.7694485748197005
DFL-MAT-J041ZD,1,True,123833,0.6363636363636364,0.3244651576122797,0.6,0.29396202460688614
DFL-MAT-J041ZD,1,True,122208,0.6363636363636364,0.8369871130960508,0.6,0.8290666689325588
DFL-MAT-J041ZD,1,True,43525,0.9090909090909091,0.5370723558086985,0.9,0.7491327582864054
DFL-MAT-J041ZD,1,True,159033,0.9090909090909091,0.07188483875207552,0.9,0.03410148088803311
DFL-MAT-J041ZD,1,True,170233,0.8181818181818182,0.3084170311176305,0.8,0.27514810870322093
DFL-MAT-J041ZD,1,True,55950,0.8181818181818182,0.36870232418627635,0.8,0.33911480217537116
DFL-MAT-J041ZD,1,True,128083,1.0,0.40570286183674964,1.0,0.4295948879185637
DFL-MAT-J041ZD,1,True,167433,1.0,0.4204866939817038,1.0,0.44279597917381686
DFL-MAT-J041ZD,1,True,144883,0.5454545454545454,0.5886902796709873,0.6,0.5874248709713839
DFL-MAT-J041ZD,1,True,136858,0.5454545454545454,0.1623789266756751,0.5,0.1216085141745944
DFL-MAT-J041ZD,1,True,153833,0.9090909090909091,0.3482972380922099,0.9,0.3203445695181085
DFL-MAT-J041ZD,1,True,108158,0.9090909090909091,0.5394012881798231,0.9,0.5306158888144679
DFL-MAT-J041ZD,1,True,130408,0.8181818181818182,0.6147092796824435,0.8,0.5971290195729333
DFL-MAT-J041ZD,1,True,109983,0.6363636363636364,0.7646722608657531,0.6,0.7623034534148581
DFL-MAT-J041ZD,1,True,13325,0.5454545454545454,0.756724987807919,0.5,0.7454014379824592
DFL-MAT-J041ZD,1,True,117983,0.5454545454545454,0.41867331878551206,0.5,0.4013528721937226
DFL-MAT-J041ZD,1,True,20400,0.7272727272727273,0.9439878335202206,0.7,0.9461472200993202
DFL-MAT-J041ZD,1,True,138633,0.5454545454545454,0.6680968477602203,0.6,0.6572824177512171
DFL-MAT-J041ZD,1,True,15100,1.0,0.6130733705280583,1.0,0.6839085797444426
DFL-MAT-J041ZD,1,True,114558,1.0,0.5977907357930985,1.0,0.6585780068123853
DFL-MAT-J041ZD,1,True,21425,0.8181818181818182,0.2610098092370725,0.8,0.22880149088255408
DFL-MAT-J041ZD,1,True,108258,0.9090909090909091,0.2947134686521621,0.9,0.2734590394052373
DFL-MAT-J041ZD,1,True,60725,1.0,0.5288112870589556,1.0,0.5447349470341263
DFL-MAT-J041ZD,1,True,115058,0.8181818181818182,0.7200753769152849,0.8,0.7219322267625394
DFL-MAT-J041ZD,1,True,75125,0.9090909090909091,0.5895453366399566,0.9,0.5863995130446646
DFL-MAT-J041ZD,1,True,41475,1.0,0.5852738649059924,1.0,0.6549542330768696
DFL-MAT-J041ZD,1,True,21150,0.7272727272727273,0.7341449262685918,0.7,0.7223778467912976
DFL-MAT-J041ZD,1,True,174708,0.5454545454545454,0.3149871109842496,0.5,0.2951914405190127
DFL-MAT-J041ZD,1,True,81175,0.5454545454545454,0.3544297624123979,0.6,0.6137001764822794
DFL-MAT-J041ZD,1,True,120658,0.9090909090909091,0.7336174582457862,0.9,0.7495404511649084
DFL-MAT-J041ZD,1,True,16025,0.7272727272727273,0.23298384373238779,0.7,0.19570306607322285
DFL-MAT-J041ZD,1,True,53650,0.7272727272727273,0.25038294306532705,0.7,0.22191757694865766
DFL-MAT-J041ZD,1,True,139733,1.0,0.5888396411118668,1.0,0.6239273487615269
DFL-MAT-J041ZD,1,True,154733,0.5454545454545454,0.7137857942754909,0.6,0.7075044535405437
DFL-MAT-J041ZD,1,True,74300,0.8181818181818182,0.52015994100521,0.8,0.49807960785775496
DFL-MAT-J041ZD,1,True,122008,0.9090909090909091,0.45913887775985873,1.0,0.4630036712404795
DFL-MAT-J041ZD,1,True,81075,0.7272727272727273,0.3186429794552147,0.8,0.6265062357740567
DFL-MAT-J041ZD,1,True,33700,1.0,0.49272110823963766,1.0,0.5828994151916103
DFL-MAT-J041ZD,1,True,156883,0.7272727272727273,0.8939183366102251,0.8,0.8898969755606839
DFL-MAT-J041ZD,1,True,120908,0.7272727272727273,0.6557234137660488,0.8,0.6917160286168164
DFL-MAT-J041ZN,0,True,131579,0.5454545454545454,0.7483685673506277,0.6,0.737384718938984
DFL-MAT-J041ZN,0,True,171804,0.5454545454545454,0.1672884877711589,0.6,0.13499348609053352
DFL-MAT-J041ZN,0,True,115079,0.6363636363636364,0.49982582526151476,0.6,0.500504030796068
DFL-MAT-J041ZN,0,True,150179,0.8181818181818182,0.0013929681555151507,0.8,0.0
DFL-MAT-J041ZN,0,True,76725,0.5454545454545454,0.3202092623187991,0.5,0.29589669359258897
DFL-MAT-J041ZN,0,True,166529,0.6363636363636364,0.6880038035665867,0.7,0.7075510155136806
DFL-MAT-J041ZN,0,True,127954,0.8181818181818182,0.14626980600033124,0.8,0.10848124357524691
DFL-MAT-J041ZN,0,True,26350,0.7272727272727273,0.6470658074696534,0.7,0.636537396007028
DFL-MAT-J041ZN,0,True,37975,0.9090909090909091,0.7984308748918292,0.9,0.7887326310567387
DFL-MAT-J041ZN,0,True,47075,1.0,0.5627018761687645,1.0,0.5722297867735262
DFL-MAT-J041ZN,0,True,100779,0.5454545454545454,0.37617193821612604,0.6,0.3459345703535611
DFL-MAT-J041ZN,0,True,67025,0.6363636363636364,0.9099429989539035,0.6,0.9149829631146107
DFL-MAT-J041ZN,0,True,120279,1.0,0.7092849319397138,1.0,0.7568068745577438
DFL-MAT-J041ZN,0,True,80225,0.9090909090909091,0.5958722014658573,0.9,0.5840535272647069
DFL-MAT-J041ZN,0,True,141079,1.0,0.3835936315384959,1.0,0.3555347208917098
DFL-MAT-J041ZN,0,True,161504,0.7272727272727273,0.7074057257012185,0.7,0.6931420059622775
DFL-MAT-J041ZN,0,True,155929,0.9090909090909091,0.6157087112654778,0.9,0.6302496448692323
DFL-MAT-J041ZN,0,True,154929,0.6363636363636364,0.7630506936952686,0.6,0.7685220091980961
DFL-MAT-J041ZN,0,True,136079,0.9090909090909091,0.0,0.9,0.0
DFL-MAT-J041ZN,0,True,81475,0.8181818181818182,0.7906670813053913,0.8,0.7849964474443664
DFL-MAT-J041ZN,0,True,70225,1.0,0.15177837311383346,1.0,0.16919727037401955
DFL-MAT-J041ZN,0,True,42425,0.7272727272727273,0.5696373702057504,0.8,0.5707431544919839
DFL-MAT-J041ZN,0,True,17550,0.7272727272727273,0.23549946244229547,0.7,0.1985807536500933
DFL-MAT-J041ZN,0,True,164429,1.0,0.28457629722440514,1.0,0.28283031501346056
DFL-MAT-J041ZN,0,True,150129,0.8181818181818182,0.6965547641221148,0.8,0.6833549112192192
DFL-MAT-J041ZN,0,True,130929,1.0,0.5439651293899599,1.0,0.5303228135518212
DFL-MAT-J041ZN,0,True,141729,0.5454545454545454,0.4001947160489724,0.5,0.3743292912030779
DFL-MAT-J041ZN,0,True,138379,0.7272727272727273,0.47074546749812807,0.7,0.4564756543823193
DFL-MAT-J041ZN,0,True,166829,0.6363636363636364,0.809749197170907,0.7,0.804722277423116
DFL-MAT-J041ZN,0,True,129679,0.6363636363636364,0.7884785298121842,0.6,0.7812158046532344
DFL-MAT-J041ZN,0,True,169029,0.5454545454545454,0.8191039942374588,0.5,0.8290449573220147
DFL-MAT-J041ZN,0,True,160954,1.0,0.504892012536877,1.0,0.49050918831799484
DFL-MAT-J041ZN,0,True,57850,0.7272727272727273,0.5638915901526111,0.7,0.5484740208689076
DFL-MAT-J041ZN,0,True,168379,0.6363636363636364,0.7530890360443545,0.6,0.7411707002883625
DFL-MAT-J041ZN,0,True,155954,0.9090909090909091,0.6758039567937312,1.0,0.7055372687905084
DFL-MAT-J041ZN,0,True,175479,1.0,0.507558419943914,1.0,0.5365358003382716
DFL-MAT-J041ZN,0,True,20875,0.7272727272727273,0.536332786624639,0.7,0.5158073354381464
DFL-MAT-J041ZN,0,True,156029,0.8181818181818182,0.6663260373216653,0.9,0.711590817029169
DFL-MAT-J041ZN,0,True,110454,0.5454545454545454,0.45941238690627595,0.6,0.4517875064363496
DFL-MAT-J041ZN,0,True,63300,0.7272727272727273,0.7647662469508988,0.8,0.7589292916383779
DFL-MAT-J041ZN,0,True,61675,0.5454545454545454,0.32570181087001326,0.6,0.31635693730762515
DFL-MAT-J041ZN,0,True,19350,0.5454545454545454,0.6390743584849561,0.6,0.6240191522270753
DFL-MAT-J041ZN,0,True,133454,0.5454545454545454,0.5689011169454676,0.5,0.5554560837767775
DFL-MAT-J041ZN,0,True,149379,0.5454545454545454,0.7649016186902733,0.5,0.757182593428321
DFL-MAT-J041ZN,0,True,173254,1.0,0.0,1.0,0.0
DFL-MAT-J041ZN,0,True,175004,1.0,0.35194269436837866,1.0,0.39411083872771957
DFL-MAT-J041ZN,0,True,166654,0.5454545454545454,0.8914269110633305,0.6,0.8924743299300371
DFL-MAT-J041ZN,0,True,35450,0.6363636363636364,0.8717207847546002,0.6,0.8664283419529941
DFL-MAT-J041ZN,0,True,153779,0.6363636363636364,0.4367123930099899,0.7,0.4795644763679042
DFL-MAT-J041ZN,0,True,106354,0.6363636363636364,0.4426948987462136,0.7,0.43656869160949974
DFL-MAT-J041ZN,0,True,135629,0.8181818181818182,0.49981410505017765,0.8,0.4922241862653052
DFL-MAT-J041ZN,0,True,34650,0.5454545454545454,0.40271132660394326,0.6,0.3738797842124568
DFL-MAT-J041ZN,0,True,15200,0.7272727272727273,0.49504267553299564,0.8,0.5193225214320454
DFL-MAT-J041ZN,0,True,28575,0.6363636363636364,0.824219642149016,0.7,0.8244134569961072
DFL-MAT-J041ZN,0,True,19175,0.5454545454545454,0.6996200601178623,0.5,0.6852322031612639
DFL-MAT-J041ZN,0,True,68250,0.5454545454545454,0.5579037384550364,0.6,0.6444091079911114
DFL-MAT-J041ZN,0,True,32300,0.7272727272727273,0.5728549155970344,0.8,0.5590807018355943
DFL-MAT-J041ZN,0,True,44250,1.0,0.08144397885987376,1.0,0.06991809481192357
DFL-MAT-J041ZN,0,True,43250,0.9090909090909091,0.5583133799533759,0.9,0.5450272684238979
DFL-MAT-J041ZN,0,True,168554,0.8181818181818182,0.7931921407459364,0.8,0.7877155344067932
DFL-MAT-J041ZN,1,False,83675,0.9090909090909091,0.18533915827898195,1.0,0.39751232475375464
DFL-MAT-J041ZN,1,False,51700,0.6363636363636364,0.74851454200909,0.7,0.7368145288857249
DFL-MAT-J041ZN,1,False,114079,1.0,0.5195399653840689,1.0,0.5619308266544685
DFL-MAT-J041ZN,1,False,112954,1.0,0.39219833219620925,1.0,0.36693726646356817
DFL-MAT-J041ZN,1,False,151054,0.5454545454545454,0.36639228764813203,0.5,0.6216332048249777
DFL-MAT-J041ZN,1,False,48100,0.5454545454545454,0.6846192209782216,0.5,0.6701138581959694
DFL-MAT-J041ZN,1,False,129929,1.0,0.48495663447111215,1.0,0.4987493649211866
DFL-MAT-J041ZN,1,False,105129,0.7272727272727273,0.18263636788091053,0.7,0.14438472837423066
DFL-MAT-J041ZN,1,False,147004,0.6363636363636364,0.7863242392902307,0.7,0.7777060099054783
DFL-MAT-J041ZN,1,False,26100,1.0,0.6428181588868167,1.0,0.6923285998796195
DFL-MAT-J041ZN,1,False,118354,0.5454545454545454,0.7137446548776988,0.6,0.7140169902477875
DFL-MAT-J041ZN,1,False,117929,1.0,0.5866899794254251,1.0,0.6257667197731935
DFL-MAT-J041ZN,1,False,104179,0.7272727272727273,0.6708438743538644,0.8,0.6769258796887079
DFL-MAT-J041ZN,1,False,12050,0.6363636363636364,0.6144139364251442,0.7,0.6164691665891675
DFL-MAT-J041ZN,1,False,74275,1.0,0.5695206414731018,1.0,0.5846562090141076
DFL-MAT-J041ZN,1,False,41725,0.6363636363636364,0.5348611677195313,0.7,0.5126512927291214
DFL-MAT-J041ZN,1,False,143254,0.8181818181818182,0.7581098860854598,0.8,0.7628479149023734
DFL-MAT-J041ZN,1,False,126529,0.5454545454545454,0.6445556967775027,0.6,0.640438454840975
DFL-MAT-J041ZN,1,False,41350,0.7272727272727273,0.7601455288054877,0.7,0.7596300367511305
DFL-MAT-J041ZN,1,False,55050,0.9090909090909091,0.4358099510633153,0.9,0.4144355411580122
DFL-MAT-J041ZN,1,False,165454,0.7272727272727273,0.7904833609176,0.7,0.7968014908782701
DFL-MAT-J041ZN,1,False,34225,0.6363636363636364,0.8268994874887107,0.7,0.8190702194762757
DFL-MAT-J041ZN,1,False,24500,1.0,0.37037500395547074,1.0,0.40752492585400113
DFL-MAT-J041ZN,1,False,132254,0.5454545454545454,0.8084092623946325,0.6,0.8142098483233708
DFL-MAT-J041ZN,1,False,120729,0.5454545454545454,0.8005313547749927,0.5,0.7909545656250068
DFL-MAT-J041ZN,1,False,63675,0.9090909090909091,0.7325625644847026,0.9,0.7195147801126794
DFL-MAT-J041ZN,1,False,13300,0.8181818181818182,0.7185518708576745,0.8,0.705836498449387
DFL-MAT-J041ZN,1,False,74475,0.6363636363636364,0.5240683054322117,0.6,0.5150614117140542
DFL-MAT-J041ZN,1,False,60100,0.9090909090909091,0.7182519094145507,0.9,0.7254652948717808
DFL-MAT-J041ZN,1,False,58650,0.7272727272727273,0.6052395198767763,0.8,0.6254635500942312
DFL-MAT-J041ZN,1,False,20400,1.0,0.5568137060290602,1.0,0.5401387774644597
DFL-MAT-J041ZN,1,False,73550,0.9090909090909091,0.5525761482104059,1.0,0.6413083598823268
DFL-MAT-J041ZN,1,False,10500,1.0,0.32143504805594636,1.0,0.3806735629015314
DFL-MAT-J041ZN,1,False,113429,0.6363636363636364,0.0829820158574166,0.7,0.08781912574683415
DFL-MAT-J041ZN,1,False,76900,0.7272727272727273,0.7217281281387418,0.8,0.7259707244373026
DFL-MAT-J041ZN,1,False,58800,0.9090909090909091,0.04526405449753779,0.9,0.002969378395928035
DFL-MAT-J041ZN,1,False,14175,0.7272727272727273,0.10370419266333353,0.7,0.1652365396165193
DFL-MAT-J041ZN,1,False,123154,0.6363636363636364,0.34205401165792126,0.7,0.3410996842530889
DFL-MAT-J041ZN,1,False,40825,0.6363636363636364,0.8192736029774637,0.7,0.8120292499431204
DFL-MAT-J041ZN,1,False,139379,0.6363636363636364,0.7692521047845159,0.7,0.7655163975046566
DFL-MAT-J041ZN,1,False,150404,1.0,0.41172762385868245,1.0,0.4234307212729008
DFL-MAT-J041ZN,1,False,126004,0.6363636363636364,0.08687318016238843,0.6,0.045596208302051466
DFL-MAT-J041ZN,1,False,76800,0.6363636363636364,0.6132671900794635,0.7,0.5979326300942033
DFL-MAT-J041ZN,1,False,140279,0.6363636363636364,0.0,0.6,0.0
DFL-MAT-J041ZN,1,False,176754,0.9090909090909091,0.28114097392015924,0.9,0.25666945555827325
DFL-MAT-J041ZN,1,False,152954,0.9090909090909091,0.22435327508870284,0.9,0.1878757557474643
DFL-MAT-J041ZN,1,False,114829,0.6363636363636364,0.23900424571983592,0.6,0.20192645331201775
DFL-MAT-J041ZN,1,False,64900,0.5454545454545454,0.6038268916438451,0.6,0.6089394199140188
DFL-MAT-J041ZN,1,False,28225,0.9090909090909091,0.42624720053263687,0.9,0.4460962626824603
DFL-MAT-J041ZN,1,False,120779,0.7272727272727273,0.8277070485645529,0.7,0.8193177446279176
DFL-MAT-J041ZN,1,False,12925,0.9090909090909091,0.3132841374240901,0.9,0.28810390280874654
DFL-MAT-J041ZN,1,False,33500,0.7272727272727273,0.8279673920407362,0.7,0.819639735652899
DFL-MAT-J041ZN,1,False,31175,0.9090909090909091,0.6690244073822131,0.9,0.689799391407752
DFL-MAT-J041ZN,1,False,56650,0.6363636363636364,0.8740087331306556,0.6,0.8691132528931556
DFL-MAT-J041ZN,1,False,49400,0.6363636363636364,0.8386935509568028,0.7,0.8321760533260483
DFL-MAT-J041ZN,1,False,165279,0.5454545454545454,0.8181824679949268,0.6,0.8591124251066933
DFL-MAT-J041ZN,1,False,20125,0.8181818181818182,0.5462213420394064,0.9,0.5533874348879573
DFL-MAT-J041ZN,1,False,60925,0.8181818181818182,0.542817195169664,0.8,0.529043392070008
DFL-MAT-J041ZN,1,False,113879,0.5454545454545454,0.5788093755209027,0.5,0.5590132999218971
DFL-MAT-J041ZN,1,False,116629,0.8181818181818182,0.9041255349747503,0.8,0.9002442040468532
DFL-MAT-J041ZQ,0,False,66600,0.5454545454545454,0.5561898766022924,0.6,0.5453111173517382
DFL-MAT-J041ZQ,0,False,158521,0.8181818181818182,0.3536133611436799,0.9,0.374705556285005
DFL-MAT-J041ZQ,0,False,104746,0.6363636363636364,0.8050061289207767,0.7,0.795729713345444
DFL-MAT-J041ZQ,0,False,142571,0.5454545454545454,0.8420222448568613,0.5,0.8343662777199703
DFL-MAT-J041ZQ,0,False,160796,0.9090909090909091,0.49057864127729656,0.9,0.4903893890626485
DFL-MAT-J041ZQ,0,False,43650,0.5454545454545454,0.2816443161749115,0.6,0.25810948387121124
DFL-MAT-J041ZQ,0,False,56900,0.7272727272727273,0.07837260469365492,0.7,0.043457599832820604
DFL-MAT-J041ZQ,0,False,158796,0.5454545454545454,0.7578216998674135,0.6,0.7527913948789593
DFL-MAT-J041ZQ,0,False,108996,0.5454545454545454,0.0,0.6,0.0
DFL-MAT-J041ZQ,0,False,57125,0.9090909090909091,0.20955865370341964,0.9,0.18721889270320047
DFL-MAT-J041ZQ,0,False,65825,0.6363636363636364,0.6902832700045007,0.6,0.6788998697676498
DFL-MAT-J041ZQ,0,False,136671,1.0,0.775325520065471,1.0,0.7649910215366975
DFL-MAT-J041ZQ,0,False,79350,0.8181818181818182,0.9133817347943347,0.8,0.9111428961295134
DFL-MAT-J041ZQ,0,False,117196,0.9090909090909091,0.6552782661939928,1.0,0.679063631187456
DFL-MAT-J041ZQ,0,False,100296,0.6363636363636364,0.0,0.6,0.0
DFL-MAT-J041ZQ,0,False,115896,0.7272727272727273,0.5429189686514169,0.7,0.5223534672911769
DFL-MAT-J041ZQ,0,False,130946,0.6363636363636364,0.7293054418746792,0.7,0.7163831240589505
DFL-MAT-J041ZQ,0,False,75000,0.8181818181818182,0.34393958490683607,0.9,0.38699148810316075
DFL-MAT-J041ZQ,0,False,109421,0.5454545454545454,0.6930438576024645,0.5,0.6786108177358019
DFL-MAT-J041ZQ,0,False,22325,1.0,0.8325037751217996,1.0,0.8457547217344037
DFL-MAT-J041ZQ,0,False,143396,0.5454545454545454,0.8655156577174851,0.5,0.8602316381628248
DFL-MAT-J041ZQ,0,False,112196,0.5454545454545454,0.7991926288183463,0.6,0.7902561157431346
DFL-MAT-J041ZQ,0,False,172821,0.5454545454545454,0.8032589902921147,0.6,0.8077404669276878
DFL-MAT-J041ZQ,0,False,36925,0.9090909090909091,0.8345983311596897,0.9,0.8269068568051678
DFL-MAT-J041ZQ,0,False,19975,0.5454545454545454,0.6970876989021397,0.5,0.6834322550541506
DFL-MAT-J041ZQ,0,False,29700,0.9090909090909091,0.788152219904787,1.0,0.8633657793935864
DFL-MAT-J041ZQ,0,False,126921,0.6363636363636364,0.9064615579503548,0.7,0.9042914116999486
DFL-MAT-J041ZQ,0,False,154071,0.8181818181818182,0.4812964897144729,0.8,0.47427849054803295
DFL-MAT-J041ZQ,0,False,164146,0.8181818181818182,0.36227261209866013,0.9,0.43554993756546867
DFL-MAT-J041ZQ,0,False,60825,0.5454545454545454,0.9562879504447883,0.5,0.9551072180263387
DFL-MAT-J041ZQ,0,False,153871,1.0,0.5772329911983778,1.0,0.6183846371497155
DFL-MAT-J041ZQ,0,False,35775,1.0,0.6375626295506424,1.0,0.6727819288764684
DFL-MAT-J041ZQ,0,False,106871,0.6363636363636364,0.28787224946300005,0.7,0.26946659247419746
DFL-MAT-J041ZQ,0,False,42250,0.6363636363636364,0.6392333796103149,0.7,0.6345468125791935
DFL-MAT-J041ZQ,0,False,156171,0.5454545454545454,0.5848606070235449,0.6,0.5738277026147942
DFL-MAT-J041ZQ,0,False,160471,0.6363636363636364,0.23418785796010166,0.6,0.20267110967900193
DFL-MAT-J041ZQ,0,False,57525,0.9090909090909091,0.7510301719107739,0.9,0.754085486796424
DFL-MAT-J041ZQ,0,False,148221,0.7272727272727273,0.6045209918759451,0.7,0.5956697158918414
DFL-MAT-J041ZQ,0,False,57475,0.7272727272727273,0.5151330414866792,0.7,0.5069554524612874
DFL-MAT-J041ZQ,0,False,147096,0.6363636363636364,0.7464376391139715,0.6,0.7355861361594365
DFL-MAT-J041ZQ,0,False,41200,0.7272727272727273,0.5311505205952901,0.8,0.8092785564979752
DFL-MAT-J041ZQ,0,False,105971,0.6363636363636364,0.7174728011239924,0.7,0.7053564325555517
DFL-MAT-J041ZQ,0,False,130521,0.7272727272727273,0.7313405571148545,0.8,0.7344863179225871
DFL-MAT-J041ZQ,0,False,49875,0.8181818181818182,0.28013101902904536,0.9,0.3067121224945848
DFL-MAT-J041ZQ,0,False,131246,0.8181818181818182,0.5852364643615564,0.8,0.5806433744678994
DFL-MAT-J041ZQ,0,False,49500,0.6363636363636364,0.8092184500330423,0.6,0.8009282617901913
DFL-MAT-J041ZQ,0,False,49425,0.6363636363636364,0.8337732559416838,0.6,0.8256605741516787
DFL-MAT-J041ZQ,0,False,156271,0.9090909090909091,0.44606710183710174,1.0,0.5007980284373165
DFL-MAT-J041ZQ,0,False,41300,0.7272727272727273,0.4252221503427954,0.7,0.3977876597474429
DFL-MAT-J041ZQ,0,False,56850,0.6363636363636364,0.47754822009432496,0.6,0.45210126405458007
DFL-MAT-J041ZQ,0,False,144221,0.5454545454545454,0.7216255188850218,0.6,0.717050597322188
DFL-MAT-J041ZQ,0,False,157221,0.6363636363636364,0.614311540503605,0.7,0.6118086329854697
DFL-MAT-J041ZQ,0,False,123846,0.6363636363636364,0.42647732521063786,0.7,0.40595880905443726
DFL-MAT-J041ZQ,0,False,132771,0.5454545454545454,0.764869598944337,0.5,0.7956580774947526
DFL-MAT-J041ZQ,0,False,148571,0.8181818181818182,0.1090682764965899,0.8,0.06595110501517398
DFL-MAT-J041ZQ,0,False,157121,0.8181818181818182,0.6526601441693877,0.8,0.6370036611333059
DFL-MAT-J041ZQ,0,False,173296,0.7272727272727273,0.8944042140366,0.7,0.8893038027228857
DFL-MAT-J041ZQ,0,False,40000,0.5454545454545454,0.7851147617315126,0.6,0.781102979748599
DFL-MAT-J041ZQ,0,False,37850,1.0,0.48035243001541017,1.0,0.5300195059061663
DFL-MAT-J041ZQ,0,False,105546,0.6363636363636364,0.752273491058139,0.6,0.7405866858065714
DFL-MAT-J041ZQ,1,True,11600,0.6363636363636364,0.10677583137304181,0.6,0.06745077108790454
DFL-MAT-J041ZQ,1,True,139621,0.7272727272727273,0.1794865490188441,0.8,0.16972573378983125
DFL-MAT-J041ZQ,1,True,101621,1.0,0.35954938664476954,1.0,0.385110242776578
DFL-MAT-J041ZQ,1,True,11875,0.7272727272727273,0.5533777167395453,0.7,0.5334415420455361
DFL-MAT-J041ZQ,1,True,109896,0.9090909090909091,0.5728278833131769,0.9,0.5575397397386372
DFL-MAT-J041ZQ,1,True,129821,0.5454545454545454,0.5165173816098905,0.5,0.4932787346279506
DFL-MAT-J041ZQ,1,True,166321,0.7272727272727273,0.3579668615209861,0.7,0.33669429350790425
DFL-MAT-J041ZQ,1,True,16675,0.5454545454545454,0.7818272837388941,0.5,0.8002584769204182
DFL-MAT-J041ZQ,1,True,35250,0.5454545454545454,0.5664530185965165,0.5,0.5492349669516422
DFL-MAT-J041ZQ,1,True,123521,0.6363636363636364,0.7872815913982809,0.6,0.7769012793401912
DFL-MAT-J041ZQ,1,True,50400,0.9090909090909091,0.5549665389612384,0.9,0.5381369698496348
DFL-MAT-J041ZQ,1,True,155496,0.6363636363636364,0.4855138611233315,0.7,0.8235049025068591
DFL-MAT-J041ZQ,1,True,135146,0.6363636363636364,0.6660020788865002,0.7,0.6497304366921591
DFL-MAT-J041ZQ,1,True,146821,0.9090909090909091,0.7288864775974422,0.9,0.7592055783289606
DFL-MAT-J041ZQ,1,True,61425,0.6363636363636364,0.34903661129236807,0.6,0.31771262019113733
DFL-MAT-J041ZQ,1,True,72900,0.7272727272727273,0.7308017007191938,0.8,0.7280814180382029
DFL-MAT-J041ZQ,1,True,150696,0.5454545454545454,0.6388242038709272,0.6,0.6278598287762691
DFL-MAT-J041ZQ,1,True,169596,0.6363636363636364,0.7424773162052254,0.7,0.744834047973008
DFL-MAT-J041ZQ,1,True,111746,0.6363636363636364,0.686662017814837,0.6,0.6713911711292927
DFL-MAT-J041ZQ,1,True,139746,0.5454545454545454,0.15253754035433242,0.5,0.11746064185501348
DFL-MAT-J041ZQ,1,True,107146,0.8181818181818182,0.6258991156154137,0.8,0.6135343494911607
DFL-MAT-J041ZQ,1,True,102546,1.0,0.5880147969917271,1.0,0.5799677893339348
DFL-MAT-J041ZQ,1,True,72025,0.9090909090909091,0.39223301795235066,0.9,0.3680765574464888
DFL-MAT-J041ZQ,1,True,103296,0.5454545454545454,0.8895685051359329,0.6,0.8847130464280857
DFL-MAT-J041ZQ,1,True,128871,0.7272727272727273,0.7348262613119343,0.7,0.7233823763190634
DFL-MAT-J041ZQ,1,True,64250,0.5454545454545454,0.43757112280893895,0.5,0.41033765715163173
DFL-MAT-J041ZQ,1,True,72475,1.0,0.4694595102515384,1.0,0.47872404245442857
DFL-MAT-J041ZQ,1,True,21500,0.9090909090909091,0.653935998049745,0.9,0.6573080175728314
DFL-MAT-J041ZQ,1,True,139921,0.5454545454545454,0.5984123154904382,0.6,0.5788236741218411
DFL-MAT-J041ZQ,1,True,32925,1.0,0.5695185634279682,1.0,0.5952726271416828
DFL-MAT-J041ZQ,1,True,114646,0.9090909090909091,0.4514405768220118,1.0,0.47045375494307273
DFL-MAT-J041ZQ,1,True,35200,0.6363636363636364,0.6457779882748207,0.7,0.6356988292305208
DFL-MAT-J041ZQ,1,True,155021,1.0,0.5115263337520497,1.0,0.5050048876580204
DFL-MAT-J041ZQ,1,True,68475,0.5454545454545454,0.8449062271899934,0.6,0.8876989998604049
DFL-MAT-J041ZQ,1,True,48325,0.5454545454545454,0.6735899641772383,0.5,0.6642192403717107
DFL-MAT-J041ZQ,1,True,161271,0.7272727272727273,0.6491697696815958,0.7,0.6509877669634986
DFL-MAT-J041ZQ,1,True,148196,0.5454545454545454,0.5227702535161436,0.6,0.5105401009544516
DFL-MAT-J041ZQ,1,True,147296,0.6363636363636364,0.2238366576166101,0.7,0.45896484473671506
DFL-MAT-J041ZQ,1,True,72650,0.7272727272727273,0.6881311138247048,0.8,0.6945882358184918
DFL-MAT-J041ZQ,1,True,152746,0.5454545454545454,0.07185490778379744,0.6,0.030706188183977634
DFL-MAT-J041ZQ,1,True,166371,0.6363636363636364,0.08147980194802895,0.7,0.038341517961325566
DFL-MAT-J041ZQ,1,True,38675,0.8181818181818182,0.6485597740465605,0.8,0.651631777730973
DFL-MAT-J041ZQ,1,True,53200,0.7272727272727273,0.45842103121268907,0.7,0.4432594027524782
DFL-MAT-J041ZQ,1,True,107346,0.5454545454545454,0.6438292282467682,0.6,0.6274886514799428
DFL-MAT-J041ZQ,1,True,165796,0.5454545454545454,0.3474016701112618,0.5,0.318548392880038
DFL-MAT-J041ZQ,1,True,110421,0.6363636363636364,0.8292911969669304,0.6,0.8351162926437162
DFL-MAT-J041ZQ,1,True,129396,0.5454545454545454,0.24135113934020713,0.6,0.31824256708098064
DFL-MAT-J041ZQ,1,True,146171,0.9090909090909091,0.5844623494134566,1.0,0.6650170111289455
DFL-MAT-J041ZQ,1,True,12350,0.8181818181818182,0.23977715492277807,0.8,0.20430170350487553
DFL-MAT-J041ZQ,1,True,139721,0.5454545454545454,0.4473136050162845,0.5,0.4203392694185536
DFL-MAT-J041ZQ,1,True,145096,0.6363636363636364,0.540756247532439,0.7,0.5452970227690118
DFL-MAT-J041ZQ,1,True,114696,1.0,0.46546078894726706,1.0,0.4654742105740284
DFL-MAT-J041ZQ,1,True,16975,0.6363636363636364,0.47887118887311875,0.6,0.45649699535114074
DFL-MAT-J041ZQ,1,True,148021,0.5454545454545454,0.3265677690679909,0.5,0.29446562365153905
DFL-MAT-J041ZQ,1,True,170971,1.0,0.7822511530205011,1.0,0.7763442927002833
DFL-MAT-J041ZQ,1,True,39250,0.5454545454545454,0.20649160662288646,0.6,0.16829409171555232
DFL-MAT-J041ZQ,1,True,47750,0.5454545454545454,0.46482721330582244,0.6,0.44024181707479026
DFL-MAT-J041ZQ,1,True,51750,0.5454545454545454,0.5057082924061739,0.6,0.4830441074952937
DFL-MAT-J041ZQ,1,True,128296,0.6363636363636364,0.7297132147752267,0.6,0.7166447758592435
DFL-MAT-J041ZQ,1,True,127796,0.5454545454545454,0.7717131945581113,0.5,0.7720960709680497
DFL-MAT-J04205,0,True,103310,0.8181818181818182,0.23201322862614915,0.8,0.1994354385967929
DFL-MAT-J04205,0,True,128610,0.6363636363636364,0.7272752682874826,0.7,0.7505138109580345
DFL-MAT-J04205,0,True,134260,0.8181818181818182,0.22696232207724676,0.9,0.223876804184039
DFL-MAT-J04205,0,True,44275,0.8181818181818182,0.5307334464250502,0.9,0.5531643336512639
DFL-MAT-J04205,0,True,43725,0.9090909090909091,0.6320333294901971,0.9,0.6153054452791545
DFL-MAT-J04205,0,True,116860,0.8181818181818182,0.7378095024267142,0.8,0.7358942144018992
DFL-MAT-J04205,0,True,39625,0.6363636363636364,0.2763610951687798,0.6,0.25645209501677013
DFL-MAT-J04205,0,True,102410,0.5454545454545454,0.739542658665743,0.6,0.7353485072784061
DFL-MAT-J04205,0,True,125360,0.6363636363636364,0.7450942112932724,0.6,0.7336971263586525
DFL-MAT-J04205,0,True,110110,0.7272727272727273,0.7382762250595178,0.7,0.725829646531985
DFL-MAT-J04205,0,True,19800,0.8181818181818182,0.6244824428391347,0.8,0.6644068116475479
DFL-MAT-J04205,0,True,144810,1.0,0.45702798609411055,1.0,0.4886339396104762
DFL-MAT-J04205,0,True,136060,0.5454545454545454,0.7097203767216806,0.5,0.7205434413361032
DFL-MAT-J04205,0,True,110235,0.5454545454545454,0.7382303308165465,0.5,0.727279340475153
DFL-MAT-J04205,0,True,41625,0.7272727272727273,0.5706245766802729,0.7,0.5575685497815641
DFL-MAT-J04205,0,True,113610,0.5454545454545454,0.17588163328129425,0.6,0.16278479056679596
DFL-MAT-J04205,0,True,83375,0.8181818181818182,0.6171318022762715,0.8,0.5991744752680103
DFL-MAT-J04205,0,True,81750,0.9090909090909091,0.8616860044550405,0.9,0.8568661995579354
DFL-MAT-J04205,0,True,22350,0.8181818181818182,0.7716416406991601,0.8,0.7650963018141509
DFL-MAT-J04205,0,True,156385,0.6363636363636364,0.7964118554428932,0.7,0.7869324424171766
DFL-MAT-J04205,0,True,148660,0.5454545454545454,0.6216227134042069,0.5,0.6206316559577323
DFL-MAT-J04205,0,True,170235,0.7272727272727273,0.41229876436233803,0.7,0.3884059938463258
DFL-MAT-J04205,0,True,102610,0.5454545454545454,0.7576672799857811,0.5,0.7523890379689269
DFL-MAT-J04205,0,True,17000,1.0,0.5559240146936929,1.0,0.622532523924247
DFL-MAT-J04205,0,True,76350,0.9090909090909091,0.7352830361666485,0.9,0.7307036371545754
DFL-MAT-J04205,0,True,113160,0.5454545454545454,0.679286548912459,0.5,0.6636473756797786
DFL-MAT-J04205,0,True,72000,0.5454545454545454,0.8894294354940651,0.5,0.8873905202182907
DFL-MAT-J04205,0,True,169185,0.5454545454545454,0.5686403789315954,0.6,0.5556105462082161
DFL-MAT-J04205,0,True,153235,1.0,0.6080241191023188,1.0,0.6150072350773723
DFL-MAT-J04205,0,True,75425,0.5454545454545454,0.643403169249879,0.5,0.6460748181226317
DFL-MAT-J04205,0,True,30525,0.9090909090909091,0.4025081583153153,0.9,0.4027221957624597
DFL-MAT-J04205,0,True,16800,0.6363636363636364,0.5208928580033454,0.6,0.507209519722521
DFL-MAT-J04205,0,True,137735,0.5454545454545454,0.5323523669164378,0.6,0.5483307105519566
DFL-MAT-J04205,0,True,79475,0.9090909090909091,0.4757375614178321,0.9,0.46312146758903827
DFL-MAT-J04205,0,True,28800,0.6363636363636364,0.7839000011672608,0.7,0.7760788039697043
DFL-MAT-J04205,0,True,39825,0.9090909090909091,0.7142231094393845,0.9,0.7034555251731835
DFL-MAT-J04205,0,True,144960,0.9090909090909091,0.6680791977421696,0.9,0.6795267965211069
DFL-MAT-J04205,0,True,161860,0.5454545454545454,0.6364255639632415,0.6,0.6210875491360784
DFL-MAT-J04205,0,True,135210,0.9090909090909091,0.5660666467764257,0.9,0.5835834352148941
DFL-MAT-J04205,0,True,134935,1.0,0.5040890812184355,1.0,0.5917463509384879
DFL-MAT-J04205,0,True,133710,0.9090909090909091,0.47751737158691443,1.0,0.59051085645458
DFL-MAT-J04205,0,True,45950,0.5454545454545454,0.34660531587543475,0.6,0.33062299541099904
DFL-MAT-J04205,0,True,29525,0.6363636363636364,0.8417273775149384,0.6,0.8344074458651032
DFL-MAT-J04205,0,True,159560,1.0,0.6555955248931034,1.0,0.6572014517884595
DFL-MAT-J04205,0,True,23600,0.7272727272727273,0.6400166253047479,0.8,0.6794103236651952
DFL-MAT-J04205,0,True,157735,0.8181818181818182,0.5308719836126257,0.8,0.5108947088288021
DFL-MAT-J04205,0,True,50950,1.0,0.4267368355799881,1.0,0.43670256032475363
DFL-MAT-J04205,0,True,28775,0.6363636363636364,0.8187237046541123,0.7,0.8242699639109021
DFL-MAT-J04205,0,True,123310,0.6363636363636364,0.9708328433772189,0.6,0.9695670375701512
DFL-MAT-J04205,0,True,102860,1.0,0.30698045927557005,1.0,0.35547534458750973
DFL-MAT-J04205,0,True,100035,0.8181818181818182,0.50230430794231,0.8,0.48508155113009443
DFL-MAT-J04205,0,True,59475,0.6363636363636364,0.4358813318483994,0.7,0.4628575244955522
DFL-MAT-J04205,0,True,57750,0.7272727272727273,0.8547018917394396,0.7,0.8494416792754944
DFL-MAT-J04205,0,True,64425,0.5454545454545454,0.8600703924844476,0.6,0.9107276029492218
DFL-MAT-J04205,0,True,16225,0.8181818181818182,0.09103119022150652,0.8,0.04996016604952336
DFL-MAT-J04205,0,True,175560,0.9090909090909091,0.4744329829632973,0.9,0.45006577064652786
DFL-MAT-J04205,0,True,121535,0.6363636363636364,0.7737009740669454,0.7,0.7789614130492407
DFL-MAT-J04205,0,True,125410,0.9090909090909091,0.2503881138905083,0.9,0.2433637602666553
DFL-MAT-J04205,0,True,152235,0.6363636363636364,0.6420864056608904,0.6,0.6252759641368579
DFL-MAT-J04205,0,True,110385,0.5454545454545454,0.7610494588294512,0.6,0.7727928722694123
DFL-MAT-J04205,1,False,169885,0.5454545454545454,0.17996836018661777,0.6,0.14009001841820212
DFL-MAT-J04205,1,False,77700,1.0,0.671142769299051,1.0,0.6797959157174296
DFL-MAT-J04205,1,False,127185,0.5454545454545454,0.8036671313206981,0.6,0.7944234877426433
DFL-MAT-J04205,1,False,146635,0.6363636363636364,0.8157306113407781,0.6,0.8165684672882537
DFL-MAT-J04205,1,False,56325,0.6363636363636364,0.7711007457956665,0.7,0.7654021548939496
DFL-MAT-J04205,1,False,24775,0.7272727272727273,0.6928802894361732,0.8,0.7052766922497977
DFL-MAT-J04205,1,False,173560,0.5454545454545454,0.9690244486863622,0.5,0.968237390051028
DFL-MAT-J04205,1,False,33675,0.5454545454545454,0.7055714605117428,0.5,0.6929376445199895
DFL-MAT-J04205,1,False,59525,0.6363636363636364,0.44609626366274746,0.6,0.4208816823622672
DFL-MAT-J04205,1,False,50225,0.6363636363636364,0.8480144871901126,0.7,0.8485346254729467
DFL-MAT-J04205,1,False,106485,1.0,0.7139272301444253,1.0,0.7000573692924886
DFL-MAT-J04205,1,False,11975,0.5454545454545454,0.7115048898376997,0.5,0.698490369121308
DFL-MAT-J04205,1,False,175310,0.8181818181818182,0.37937784579523826,0.8,0.36152227624171274
DFL-MAT-J04205,1,False,151635,0.8181818181818182,0.5694901293000214,0.9,0.5661870916591487
DFL-MAT-J04205,1,False,100460,0.8181818181818182,0.7327290675790366,0.8,0.720773930211801
DFL-MAT-J04205,1,False,75950,0.8181818181818182,0.4349910925972321,0.9,0.43576026256139877
DFL-MAT-J04205,1,False,47850,0.5454545454545454,0.8061576555044327,0.6,0.8157637710105723
DFL-MAT-J04205,1,False,69825,1.0,0.4428391712837454,1.0,0.4728844562670629
DFL-MAT-J04205,1,False,139660,0.7272727272727273,0.38046954385773046,0.8,0.36037583850835286
DFL-MAT-J04205,1,False,135760,0.9090909090909091,0.5762709197787552,0.9,0.5654624916578328
DFL-MAT-J04205,1,False,32100,0.6363636363636364,0.6910432341171984,0.6,0.6878448478482166
DFL-MAT-J04205,1,False,150035,0.5454545454545454,0.001319711914963384,0.6,0.0
DFL-MAT-J04205,1,False,175235,0.9090909090909091,0.3303991016815747,0.9,0.35295643074966865
DFL-MAT-J04205,1,False,146560,0.8181818181818182,0.8210793415992245,0.8,0.8129860991010178
DFL-MAT-J04205,1,False,41075,1.0,0.469379082681459,1.0,0.48399493220607603
DFL-MAT-J04205,1,False,140285,1.0,0.3471328460443591,1.0,0.34555009924090574
DFL-MAT-J04205,1,False,55900,0.5454545454545454,0.7181005394808757,0.6,0.706415783083794
DFL-MAT-J04205,1,False,33225,0.6363636363636364,0.8197020207079563,0.6,0.8124134745193486
DFL-MAT-J04205,1,False,117735,1.0,0.2791820737089725,1.0,0.25663179662865143
DFL-MAT-J04205,1,False,171210,0.9090909090909091,0.340429366858475,0.9,0.3291077834786138
DFL-MAT-J04205,1,False,125535,0.9090909090909091,0.4234380909888863,0.9,0.3974093323379043
DFL-MAT-J04205,1,False,49850,0.5454545454545454,0.3596669690915738,0.5,0.3287170834506904
DFL-MAT-J04205,1,False,14200,0.5454545454545454,0.6522755249270143,0.6,0.649147471173235
DFL-MAT-J04205,1,False,161035,1.0,0.5045945522795334,1.0,0.6315609806409359
DFL-MAT-J04205,1,False,113635,0.6363636363636364,0.1540122700456622,0.7,0.11456983677899946
DFL-MAT-J04205,1,False,77900,1.0,0.43198023131790086,1.0,0.423763598753511
DFL-MAT-J04205,1,False,174760,0.7272727272727273,0.6599222023273996,0.7,0.6512641635617344
DFL-MAT-J04205,1,False,102910,0.5454545454545454,0.09471395638575486,0.6,0.061772949997217386
DFL-MAT-J04205,1,False,129035,0.8181818181818182,0.4798933244067777,0.8,0.5434514898740433
DFL-MAT-J04205,1,False,167410,0.9090909090909091,0.0,0.9,0.0
DFL-MAT-J04205,1,False,165285,0.8181818181818182,0.27151427874747436,0.9,0.27323307069912994
DFL-MAT-J04205,1,False,14525,0.6363636363636364,0.693363254491115,0.7,0.6784543403195329
DFL-MAT-J04205,1,False,118260,1.0,0.23369549738445106,1.0,0.22983053754829852
DFL-MAT-J04205,1,False,164360,0.8181818181818182,0.18481622428815614,0.8,0.1455499851354738
DFL-MAT-J04205,1,False,13050,0.8181818181818182,0.5041493219653608,0.8,0.48939479890897364
DFL-MAT-J04205,1,False,111410,0.8181818181818182,0.5620683296175284,0.8,0.559599860562925
DFL-MAT-J04205,1,False,10775,0.8181818181818182,0.7392935214974337,0.9,0.7491166948925366
DFL-MAT-J04205,1,False,139385,0.6363636363636364,0.36856590978698656,0.6,0.3383226195987129
DFL-MAT-J04205,1,False,28100,1.0,0.5666004916496172,1.0,0.5506894254704774
DFL-MAT-J04205,1,False,142535,0.5454545454545454,0.5298085808361075,0.5,0.5271898626724918
DFL-MAT-J04205,1,False,45250,0.6363636363636364,0.6142671490647541,0.6,0.6035094619546981
DFL-MAT-J04205,1,False,118285,0.8181818181818182,0.2929855350853876,0.8,0.2797915396152669
DFL-MAT-J04205,1,False,147660,0.8181818181818182,0.587322578870143,0.8,0.574403578854533
DFL-MAT-J04205,1,False,106160,1.0,0.3226904336530836,1.0,0.3492959453776844
DFL-MAT-J04205,1,False,13375,0.6363636363636364,0.9009215179587895,0.6,0.896648365692092
DFL-MAT-J04205,1,False,24025,0.9090909090909091,0.41494182161313353,0.9,0.39943756229993144
DFL-MAT-J04205,1,False,147335,0.8181818181818182,0.3809987481633227,0.8,0.3521255716175026
DFL-MAT-J04205,1,False,16275,0.9090909090909091,0.0,0.9,0.0
DFL-MAT-J04205,1,False,117235,0.6363636363636364,0.3942907327723997,0.7,0.40687800903822213
DFL-MAT-J04205,1,False,11550,0.5454545454545454,0.7213307167404455,0.5,0.70973630365222
DFL-MAT-J0420A,0,False,165134,0.7272727272727273,0.7772833710148441,0.7,0.7709290417610376
DFL-MAT-J0420A,0,False,177784,0.7272727272727273,0.621308364298585,0.7,0.6029019344269457
DFL-MAT-J0420A,0,False,73150,0.9090909090909091,0.5033678679348446,0.9,0.5190077485029023
DFL-MAT-J0420A,0,False,76750,0.6363636363636364,0.7254237128312554,0.7,0.719803464872818
DFL-MAT-J0420A,0,False,27225,0.5454545454545454,0.746602015814726,0.6,0.7354012916189164
DFL-MAT-J0420A,0,False,73275,0.7272727272727273,0.8349878442727057,0.7,0.8276413452682664
DFL-MAT-J0420A,0,False,47200,0.6363636363636364,0.5285187188755739,0.6,0.5135851470456558
DFL-MAT-J0420A,0,False,43700,0.9090909090909091,0.7439821648798566,1.0,0.8075394505879572
DFL-MAT-J0420A,0,False,63825,1.0,0.8200299563576654,1.0,0.8141966883688909
DFL-MAT-J0420A,0,False,179459,0.7272727272727273,0.6034001764459984,0.7,0.5841666704302231
DFL-MAT-J0420A,0,False,72300,1.0,0.132115892707374,1.0,0.13200078998396447
DFL-MAT-J0420A,0,False,42850,0.6363636363636364,0.0,0.6,0.0
DFL-MAT-J0420A,0,False,160084,0.5454545454545454,0.707508579672264,0.6,0.695241326798491
DFL-MAT-J0420A,0,False,12950,0.7272727272727273,0.30921018738546335,0.8,0.3001508572683599
DFL-MAT-J0420A,0,False,149559,0.9090909090909091,0.23774942642238417,0.9,0.20111576143143595
DFL-MAT-J0420A,0,False,61550,0.5454545454545454,0.8269130291667101,0.5,0.8222874612113436
DFL-MAT-J0420A,0,False,78925,0.6363636363636364,0.5391752277110328,0.7,0.5332963261108942
DFL-MAT-J0420A,0,False,22575,0.6363636363636364,0.4862648625453011,0.6,0.4674714707667682
DFL-MAT-J0420A,0,False,148859,0.7272727272727273,0.35452068624284394,0.7,0.32958248000076584
DFL-MAT-J0420A,0,False,61125,0.5454545454545454,0.6988823883927693,0.6,0.6986963467144538
DFL-MAT-J0420A,0,False,101484,0.7272727272727273,0.7329608545244797,0.7,0.7202865584129382
DFL-MAT-J0420A,0,False,100334,1.0,0.0,1.0,0.004257814741622901
DFL-MAT-J0420A,0,False,104109,1.0,0.7306279504237121,1.0,0.727594318836529
DFL-MAT-J0420A,0,False,160484,0.6363636363636364,0.8328961276341799,0.6,0.8247802401801478
DFL-MAT-J0420A,0,False,43675,1.0,0.7392218145896132,1.0,0.752226888494455
DFL-MAT-J0420A,0,False,49350,0.5454545454545454,0.6325137544240569,0.6,0.6184068829148901
DFL-MAT-J0420A,0,False,41350,0.5454545454545454,0.8616598040354382,0.5,0.8563022471476787
DFL-MAT-J0420A,0,False,171459,0.6363636363636364,0.6118698954052164,0.7,0.5930015393236326
DFL-MAT-J0420A,0,False,33300,0.8181818181818182,0.3567583841068853,0.8,0.352004928548468
DFL-MAT-J0420A,0,False,12675,0.7272727272727273,0.7118885400826438,0.7,0.7025419424343822
DFL-MAT-J0420A,0,False,100759,0.9090909090909091,0.21279295436872203,0.9,0.2138411429930055
DFL-MAT-J0420A,0,False,27325,0.5454545454545454,0.7691788111523377,0.5,0.7638428212070688
DFL-MAT-J0420A,0,False,61500,0.7272727272727273,0.9117311040763914,0.8,0.9105885139010588
DFL-MAT-J0420A,0,False,28050,0.6363636363636364,0.6225656313986703,0.6,0.6060094529747065
DFL-MAT-J0420A,0,False,72875,0.5454545454545454,0.3796240508798022,0.6,0.3509564485500314
DFL-MAT-J0420A,0,False,78825,0.8181818181818182,0.3253107494836831,0.8,0.3084188094603424
DFL-MAT-J0420A,0,False,41175,0.6363636363636364,0.6798394018043888,0.7,0.672675516481365
DFL-MAT-J0420A,0,False,43175,0.5454545454545454,0.6769186311135433,0.5,0.6677645744994849
DFL-MAT-J0420A,0,False,80675,0.7272727272727273,0.8516750386486021,0.8,0.8448099576585497
DFL-MAT-J0420A,0,False,25225,0.8181818181818182,0.27176789741845386,0.8,0.23871250540529043
DFL-MAT-J0420A,0,False,76275,1.0,0.4075393629837393,1.0,0.40098554273245834
DFL-MAT-J0420A,0,False,156734,0.7272727272727273,0.8307738352008566,0.8,0.8290877774093204
DFL-MAT-J0420A,0,False,31775,0.9090909090909091,0.4473624035457311,0.9,0.4520010162890068
DFL-MAT-J0420A,0,False,104484,0.6363636363636364,0.6539683280787723,0.7,0.6474916372075533
DFL-MAT-J0420A,0,False,10350,0.8181818181818182,0.8185745125530347,0.8,0.8119111553177403
DFL-MAT-J0420A,0,False,102159,0.8181818181818182,0.26511448727722653,0.8,0.23659650659956522
DFL-MAT-J0420A,0,False,113034,0.7272727272727273,0.7186320627457865,0.7,0.7061247131443287
DFL-MAT-J0420A,0,False,14325,0.9090909090909091,0.7727282024750805,0.9,0.7627606209232273
DFL-MAT-J0420A,0,False,28225,0.7272727272727273,0.24430674829936616,0.7,0.20853375359550452
DFL-MAT-J0420A,0,False,62975,0.9090909090909091,0.5549810628497193,0.9,0.5332670297885911
DFL-MAT-J0420A,0,False,78550,0.9090909090909091,0.20155468967109502,1.0,0.34008659710509714
DFL-MAT-J0420A,0,False,123259,0.7272727272727273,0.4422513426675426,0.7,0.42167999993672545
DFL-MAT-J0420A,0,False,10900,1.0,0.2575389218655707,1.0,0.24652958898353827
DFL-MAT-J0420A,0,False,156134,0.7272727272727273,0.7020765056540175,0.7,0.6891397687393267
DFL-MAT-J0420A,0,False,133109,0.7272727272727273,0.45823448153395674,0.8,0.4474425768289124
DFL-MAT-J0420A,0,False,116859,0.6363636363636364,0.9102028908932518,0.7,0.9092477243503401
DFL-MAT-J0420A,0,False,104334,1.0,0.8026180943245744,1.0,0.793371282436448
DFL-MAT-J0420A,0,False,136334,0.7272727272727273,0.2908019472151666,0.7,0.273571379886704
DFL-MAT-J0420A,0,False,117259,0.7272727272727273,0.7476202338553479,0.7,0.7464704323235455
DFL-MAT-J0420A,0,False,60000,0.9090909090909091,0.7772410412446065,0.9,0.7760281896177389
DFL-MAT-J0420A,1,True,35750,0.5454545454545454,0.7739182154249522,0.6,0.7685620572176373
DFL-MAT-J0420A,1,True,147209,0.7272727272727273,0.6965894012754698,0.8,0.7032997116945332
DFL-MAT-J0420A,1,True,120809,0.7272727272727273,0.7056793766018654,0.8,0.7028477384401195
DFL-MAT-J0420A,1,True,52925,0.5454545454545454,0.9280742377748961,0.5,0.9617486742305228
DFL-MAT-J0420A,1,True,129534,0.7272727272727273,0.3626750999039082,0.7,0.3343587243035525
DFL-MAT-J0420A,1,True,138209,0.8181818181818182,0.808367735518375,0.9,0.8144328549846784
DFL-MAT-J0420A,1,True,149759,0.5454545454545454,0.6931318653465613,0.6,0.6839633155336378
DFL-MAT-J0420A,1,True,121809,0.7272727272727273,0.8661228932591654,0.7,0.8600583765555603
DFL-MAT-J0420A,1,True,153834,0.9090909090909091,0.7000042875802915,1.0,0.7501552796572716
DFL-MAT-J0420A,1,True,30575,0.6363636363636364,0.2924048486396478,0.6,0.2578684201212015
DFL-MAT-J0420A,1,True,58250,0.9090909090909091,0.23067770681600086,1.0,0.33172289997938986
DFL-MAT-J0420A,1,True,129734,1.0,0.2928975533804743,1.0,0.3381214834241453
DFL-MAT-J0420A,1,True,11450,1.0,0.6033101176358858,1.0,0.6292380151108724
DFL-MAT-J0420A,1,True,168034,0.5454545454545454,0.7967181427279988,0.6,0.786838280185956
DFL-MAT-J0420A,1,True,41950,0.6363636363636364,0.8256862149136176,0.7,0.8383269388028445
DFL-MAT-J0420A,1,True,37350,0.7272727272727273,0.596716718203647,0.8,0.5928701866005396
DFL-MAT-J0420A,1,True,120009,0.7272727272727273,0.8207370263376084,0.7,0.8530513631176053
DFL-MAT-J0420A,1,True,142109,0.9090909090909091,0.8137823635317432,1.0,0.8515750157507872
DFL-MAT-J0420A,1,True,31475,0.8181818181818182,0.718479758882836,0.8,0.7059568427147408
DFL-MAT-J0420A,1,True,176809,0.6363636363636364,0.9094140230782184,0.7,0.9374644834150274
DFL-MAT-J0420A,1,True,135284,0.5454545454545454,0.8143534848637639,0.5,0.8160011544561323
DFL-MAT-J0420A,1,True,179009,0.8181818181818182,0.5084621791749213,0.8,0.48474229155628334
DFL-MAT-J0420A,1,True,143759,0.9090909090909091,0.7689944969122702,1.0,0.8280914857052644
DFL-MAT-J0420A,1,True,36000,0.7272727272727273,0.8197209898301625,0.8,0.815567038632448
DFL-MAT-J0420A,1,True,129634,1.0,0.2845929346721635,1.0,0.2949886181164062
DFL-MAT-J0420A,1,True,52075,0.5454545454545454,0.8981632743166613,0.5,0.8990336399490427
DFL-MAT-J0420A,1,True,120734,1.0,0.7869370541328042,1.0,0.7796442262368076
DFL-MAT-J0420A,1,True,59700,0.5454545454545454,0.5172155326368539,0.5,0.5182759450384957
DFL-MAT-J0420A,1,True,165309,0.6363636363636364,0.5309486035079507,0.7,0.5210347430509032
DFL-MAT-J0420A,1,True,74400,0.8181818181818182,0.4683516669809419,0.8,0.4505879089994351
DFL-MAT-J0420A,1,True,11750,0.8181818181818182,0.42142808284744104,0.8,0.3931887026030243
DFL-MAT-J0420A,1,True,109709,0.5454545454545454,0.30078803449821423,0.6,0.31742990428425244
DFL-MAT-J0420A,1,True,134184,1.0,0.2762019250540608,1.0,0.32945703472860244
DFL-MAT-J0420A,1,True,137859,1.0,0.6972270933063215,1.0,0.6824695318237186
DFL-MAT-J0420A,1,True,115209,0.8181818181818182,0.3399190457302613,0.8,0.344214064867577
DFL-MAT-J0420A,1,True,35500,0.9090909090909091,0.556781213891278,0.9,0.5577710397946563
DFL-MAT-J0420A,1,True,37225,0.5454545454545454,0.054567225157532095,0.5,0.008633756012745963
DFL-MAT-J0420A,1,True,163584,0.8181818181818182,0.7196255798716855,0.9,0.7210927959577138
DFL-MAT-J0420A,1,True,64275,0.9090909090909091,0.5353231544891928,0.9,0.5648242266904836
DFL-MAT-J0420A,1,True,163484,0.5454545454545454,0.6973987646532475,0.6,0.6929469494553087
DFL-MAT-J0420A,1,True,52375,0.7272727272727273,0.847158444335182,0.7,0.8409221462347911
DFL-MAT-J0420A,1,True,177209,0.7272727272727273,0.46678641871348525,0.8,0.44543076015969074
DFL-MAT-J0420A,1,True,46600,0.8181818181818182,0.6761608626284605,0.8,0.6659970461591793
DFL-MAT-J0420A,1,True,100609,0.5454545454545454,0.39985335099403696,0.5,0.37203439901328705
DFL-MAT-J0420A,1,True,53050,0.6363636363636364,0.5136769736584902,0.7,0.934252066628211
DFL-MAT-J0420A,1,True,17200,0.7272727272727273,0.7775742294973021,0.7,0.7682453730456013
DFL-MAT-J0420A,1,True,135809,0.5454545454545454,0.16058807650812912,0.6,0.12118034266280153
DFL-MAT-J0420A,1,True,169234,0.7272727272727273,0.41404443864756524,0.8,0.43111059915156036
DFL-MAT-J0420A,1,True,161834,1.0,0.4665844140119648,1.0,0.7007136006691308
DFL-MAT-J0420A,1,True,55450,0.5454545454545454,0.5349367622528367,0.6,0.5125031459245315
DFL-MAT-J0420A,1,True,128759,1.0,0.8200433182806426,1.0,0.8259094927094979
DFL-MAT-J0420A,1,True,168409,0.8181818181818182,0.48528464699652596,0.8,0.46099069236910906
DFL-MAT-J0420A,1,True,118959,0.5454545454545454,0.7495704758581547,0.5,0.773253434565158
DFL-MAT-J0420A,1,True,159734,0.5454545454545454,0.46359952922264,0.6,0.4392317082034336
DFL-MAT-J0420A,1,True,153209,1.0,0.5261291546446591,1.0,0.5869357195936468
DFL-MAT-J0420A,1,True,24925,0.6363636363636364,0.6526133717728833,0.7,0.647582547889797
DFL-MAT-J0420A,1,True,121284,0.6363636363636364,0.6935272373251263,0.7,0.7753728094755015
DFL-MAT-J0420A,1,True,20550,0.5454545454545454,0.5177232421423383,0.5,0.49629288464365995
DFL-MAT-J0420A,1,True,54650,0.6363636363636364,0.84528464214328,0.7,0.8377495009340314
DFL-MAT-J0420A,1,True,100684,0.8181818181818182,0.34081797777268297,0.8,0.3177410211032361
DFL-MAT-J0420N,0,True,53825,0.5454545454545454,0.1524982254883982,0.6,0.12576955581535143
DFL-MAT-J0420N,0,True,133181,0.5454545454545454,0.5874683479358499,0.6,0.5772829965229382
DFL-MAT-J0420N,0,True,169206,0.9090909090909091,0.7904266674459746,1.0,0.8694408435405003
DFL-MAT-J0420N,0,True,126181,0.9090909090909091,0.16805291355380692,1.0,0.23431752256405824
DFL-MAT-J0420N,0,True,154706,0.7272727272727273,0.6677515579091037,0.8,0.664807778920562
DFL-MAT-J0420N,0,True,43550,0.5454545454545454,0.8402009232960733,0.5,0.832607637639672
DFL-MAT-J0420N,0,True,117381,0.8181818181818182,0.8362459151585124,0.9,0.8334721183167684
DFL-MAT-J0420N,0,True,50100,0.6363636363636364,0.3509639436748643,0.6,0.32022600288357694
DFL-MAT-J0420N,0,True,173356,0.6363636363636364,0.5207785662654996,0.6,0.5001405340139998
DFL-MAT-J0420N,0,True,169081,0.9090909090909091,0.8325362624633308,0.9,0.8254800773940801
DFL-MAT-J0420N,0,True,134931,0.9090909090909091,0.8098048226840922,0.9,0.802668034418921
DFL-MAT-J0420N,0,True,140881,1.0,0.6754849339074926,1.0,0.6853440062646412
DFL-MAT-J0420N,0,True,124006,0.8181818181818182,0.39674547302816787,0.8,0.37164931693943304
DFL-MAT-J0420N,0,True,73850,0.8181818181818182,0.7786922117755719,0.9,0.8013455668696632
DFL-MAT-J0420N,0,True,28925,0.6363636363636364,0.8641370992000763,0.7,0.8586783982729549
DFL-MAT-J0420N,0,True,159031,0.6363636363636364,0.33160315858545775,0.6,0.30225289530158517
DFL-MAT-J0420N,0,True,127806,0.5454545454545454,0.695553636982511,0.6,0.6982473642272667
DFL-MAT-J0420N,0,True,155931,1.0,0.5002611942169233,1.0,0.507351958949598
DFL-MAT-J0420N,0,True,24875,0.9090909090909091,0.36135084556606645,0.9,0.36109552686906266
DFL-MAT-J0420N,0,True,167606,0.5454545454545454,0.7216041923488152,0.5,0.7086337088519534
DFL-MAT-J0420N,0,True,105431,1.0,0.04586559041265448,1.0,0.04090696076390754
DFL-MAT-J0420N,0,True,34550,0.9090909090909091,0.026520139972880274,0.9,0.03446547043340087
DFL-MAT-J0420N,0,True,152656,0.8181818181818182,0.8325303169680625,0.9,0.84615279853514
DFL-MAT-J0420N,0,True,43600,0.6363636363636364,0.763863646464136,0.6,0.7719058595230557
DFL-MAT-J0420N,0,True,44750,0.7272727272727273,0.35558226674189475,0.7,0.3315156768221518
DFL-MAT-J0420N,0,True,176181,0.7272727272727273,0.4836474027409172,0.7,0.46967104611003474
DFL-MAT-J0420N,0,True,139331,1.0,0.514482544720636,1.0,0.49605098494326916
DFL-MAT-J0420N,0,True,159806,0.5454545454545454,0.39711353831175944,0.5,0.36768769421484215
DFL-MAT-J0420N,0,True,117556,0.6363636363636364,0.7886758847193039,0.6,0.7798567013271158
DFL-MAT-J0420N,0,True,18250,1.0,0.6140431200175211,1.0,0.6469567123438926
DFL-MAT-J0420N,0,True,134631,0.7272727272727273,0.7159312039699568,0.8,0.7147761884856927
DFL-MAT-J0420N,0,True,53300,0.5454545454545454,0.814291358822087,0.5,0.8052278783648532
DFL-MAT-J0420N,0,True,40400,0.6363636363636364,0.7363788128886102,0.6,0.7604121955536598
DFL-MAT-J0420N,0,True,128781,0.5454545454545454,0.7159456387146961,0.5,0.7868645400885135
DFL-MAT-J0420N,0,True,128056,1.0,0.7636332738329962,1.0,0.7659217568869552
DFL-MAT-J0420N,0,True,124706,0.6363636363636364,0.5865539195001447,0.6,0.5675876643658844
DFL-MAT-J0420N,0,True,157181,0.5454545454545454,0.9617742421267127,0.5,0.9606520328800555
DFL-MAT-J0420N,0,True,50650,0.6363636363636364,0.7498508225975647,0.6,0.7461123754952681
DFL-MAT-J0420N,0,True,39250,0.6363636363636364,0.09836428619627458,0.6,0.05435792365919401
DFL-MAT-J0420N,0,True,56600,0.7272727272727273,0.70060905333744,0.7,0.6866944984050122
DFL-MAT-J0420N,0,True,124881,0.6363636363636364,0.7514901558573234,0.6,0.7420028742103468
DFL-MAT-J0420N,0,True,19800,0.8181818181818182,0.6257855594937904,0.9,0.6316935546149498
DFL-MAT-J0420N,0,True,124456,0.5454545454545454,0.7748331580414688,0.5,0.7641621862712008
DFL-MAT-J0420N,0,True,19475,1.0,0.3338884862192326,1.0,0.4238683105253258
DFL-MAT-J0420N,0,True,35075,0.8181818181818182,0.39489909905090803,0.8,0.36794120881752235
DFL-MAT-J0420N,0,True,109606,0.7272727272727273,0.7197786567224798,0.7,0.7063728732768597
DFL-MAT-J0420N,0,True,105681,0.8181818181818182,0.6123466548026582,0.9,0.6201527586509543
DFL-MAT-J0420N,0,True,28950,0.7272727272727273,0.9051428899177657,0.8,0.9032284246260565
DFL-MAT-J0420N,0,True,137531,0.6363636363636364,0.05652740907007081,0.6,0.01906732206860884
DFL-MAT-J0420N,0,True,155706,0.7272727272727273,0.5915918567984989,0.7,0.5740600598374832
DFL-MAT-J0420N,0,True,140506,0.9090909090909091,0.7629417062666334,1.0,0.7825854282513456
DFL-MAT-J0420N,0,True,119606,0.7272727272727273,0.2965463719406184,0.7,0.2626314093183514
DFL-MAT-J0420N,0,True,130931,0.7272727272727273,0.5749184939586736,0.7,0.5545186475839914
DFL-MAT-J0420N,0,True,124381,0.7272727272727273,0.8171934152656185,0.7,0.8084594992868968
DFL-MAT-J0420N,0,True,46750,0.8181818181818182,0.7059409346669496,0.9,0.7215836655745642
DFL-MAT-J0420N,0,True,124906,0.5454545454545454,0.745439145054493,0.6,0.7372285285165439
DFL-MAT-J0420N,0,True,155556,0.6363636363636364,0.7670973726477909,0.6,0.7564319499384582
DFL-MAT-J0420N,0,True,177531,0.5454545454545454,0.781288008946939,0.5,0.8386936267928617
DFL-MAT-J0420N,0,True,46375,0.8181818181818182,0.5463309424400307,0.8,0.5245643040291472
DFL-MAT-J0420N,0,True,19075,1.0,0.5660352968592444,1.0,0.6206024147264316
DFL-MAT-J0420N,1,False,156656,0.5454545454545454,0.7904056100034169,0.5,0.80361333867883
DFL-MAT-J0420N,1,False,29675,0.8181818181818182,0.7761209201895363,0.8,0.7673484885330829
DFL-MAT-J0420N,1,False,41575,0.7272727272727273,0.7346091651931923,0.7,0.7243309931731419
DFL-MAT-J0420N,1,False,69700,1.0,0.4303456356235812,1.0,0.40465256421313034
DFL-MAT-J0420N,1,False,12700,0.6363636363636364,0.606943329895766,0.7,0.5982520401240563
DFL-MAT-J0420N,1,False,76925,0.5454545454545454,0.3376627683211153,0.5,0.3057162360416992
DFL-MAT-J0420N,1,False,26200,0.6363636363636364,0.8421786385704093,0.7,0.8556953014177022
DFL-MAT-J0420N,1,False,156706,0.5454545454545454,0.8472041151213994,0.5,0.8590893396141219
DFL-MAT-J0420N,1,False,141981,0.6363636363636364,0.6663098801080759,0.7,0.6736806383722116
DFL-MAT-J0420N,1,False,72600,1.0,0.3294938462351247,1.0,0.31932131857730595
DFL-MAT-J0420N,1,False,144006,0.6363636363636364,0.7696280792264731,0.7,0.7884889482722838
DFL-MAT-J0420N,1,False,37725,0.8181818181818182,0.6107382453455859,0.8,0.6067797651618521
DFL-MAT-J0420N,1,False,145731,1.0,0.39459425653887636,1.0,0.4698245681788559
DFL-MAT-J0420N,1,False,162381,1.0,0.4999886505243635,1.0,0.5164351350894838
DFL-MAT-J0420N,1,False,78325,0.7272727272727273,0.46371045781717024,0.8,0.44593778791880234
DFL-MAT-J0420N,1,False,114706,0.5454545454545454,0.7358481995628188,0.5,0.7296742618884596
DFL-MAT-J0420N,1,False,35725,0.5454545454545454,0.7968085248075815,0.6,0.7868951151136819
DFL-MAT-J0420N,1,False,160831,1.0,0.18655902665229673,1.0,0.2246233670831066
DFL-MAT-J0420N,1,False,115756,0.9090909090909091,0.6843030919709786,0.9,0.6729567365817325
DFL-MAT-J0420N,1,False,150256,0.7272727272727273,0.8429594772310667,0.8,0.8635952256723782
DFL-MAT-J0420N,1,False,35950,0.6363636363636364,0.8177918039077741,0.6,0.8091295738549452
DFL-MAT-J0420N,1,False,67450,1.0,0.2490850456119078,1.0,0.2519867612863277
DFL-MAT-J0420N,1,False,118756,0.8181818181818182,0.7817427991799598,0.8,0.78482400510265
DFL-MAT-J0420N,1,False,36450,1.0,0.6162653091762975,1.0,0.7395689309501892
DFL-MAT-J0420N,1,False,116606,0.8181818181818182,0.3196289944196592,0.9,0.34815492363475886
DFL-MAT-J0420N,1,False,156356,0.5454545454545454,0.6794638910657259,0.5,0.663935542038403
DFL-MAT-J0420N,1,False,123556,0.9090909090909091,0.31373396824311073,0.9,0.29692964053884197
DFL-MAT-J0420N,1,False,162306,1.0,0.4853788016321914,1.0,0.4762326119160495
DFL-MAT-J0420N,1,False,10550,0.8181818181818182,0.5923094548193939,0.8,0.5726455707689109
DFL-MAT-J0420N,1,False,31275,0.9090909090909091,0.5607883429968376,0.9,0.5509487486369379
DFL-MAT-J0420N,1,False,77600,0.5454545454545454,0.6326141622007153,0.5,0.6163125586824814
DFL-MAT-J0420N,1,False,62800,0.6363636363636364,0.3312903755840767,0.7,0.2992022254500104
DFL-MAT-J0420N,1,False,133331,0.8181818181818182,0.7515136421451957,0.8,0.7415465911690359
DFL-MAT-J0420N,1,False,139931,0.9090909090909091,0.27729170065360664,0.9,0.3019051592137899
DFL-MAT-J0420N,1,False,37550,0.8181818181818182,0.41630697084740365,0.9,0.4880272282909701
DFL-MAT-J0420N,1,False,61525,0.7272727272727273,0.5943281176039568,0.7,0.5745277715069059
DFL-MAT-J0420N,1,False,28300,0.9090909090909091,0.5060782684133032,0.9,0.5095183333453712
DFL-MAT-J0420N,1,False,114181,0.6363636363636364,0.7984875078204587,0.6,0.7887557923312553
DFL-MAT-J0420N,1,False,148856,0.7272727272727273,0.5546576497577407,0.7,0.5388070172039396
DFL-MAT-J0420N,1,False,22600,0.6363636363636364,0.7369694384029615,0.6,0.7343432454180968
DFL-MAT-J0420N,1,False,34350,0.8181818181818182,0.8008649788131557,0.8,0.7957785390487123
DFL-MAT-J0420N,1,False,41725,0.7272727272727273,0.8158284593072518,0.7,0.8070919247339368
DFL-MAT-J0420N,1,False,30475,0.6363636363636364,0.6021080189997114,0.6,0.6177985120819982
DFL-MAT-J0420N,1,False,69725,0.7272727272727273,0.40473672847928155,0.7,0.3757410534170793
DFL-MAT-J0420N,1,False,45500,0.8181818181818182,0.7886713652473606,0.8,0.787405401230142
DFL-MAT-J0420N,1,False,114981,0.5454545454545454,0.7695239582256698,0.5,0.7588406168014467
DFL-MAT-J0420N,1,False,71700,0.5454545454545454,0.7922931839970496,0.5,0.7826847518578899
DFL-MAT-J0420N,1,False,172481,0.7272727272727273,0.03736169658646549,0.8,0.006793237609653224
DFL-MAT-J0420N,1,False,122681,0.8181818181818182,0.4454439992461401,0.9,0.48124314966506165
DFL-MAT-J0420N,1,False,27225,1.0,0.42140946309240834,1.0,0.46425820499293413
DFL-MAT-J0420N,1,False,134381,0.9090909090909091,0.6838362484755438,0.9,0.6707403719114341
DFL-MAT-J0420N,1,False,143706,0.8181818181818182,0.6978306170770047,0.9,0.709152826432905
DFL-MAT-J0420N,1,False,49125,0.6363636363636364,0.5932466883927054,0.6,0.5765522895525745
DFL-MAT-J0420N,1,False,107781,0.7272727272727273,0.8338854862302406,0.8,0.838804493779892
DFL-MAT-J0420N,1,False,147256,0.6363636363636364,0.944334419608612,0.6,0.94205798095576
DFL-MAT-J0420N,1,False,56800,0.6363636363636364,0.8265190344258073,0.7,0.8210684476810338
DFL-MAT-J0420N,1,False,113681,0.7272727272727273,0.6141840990632907,0.7,0.6060537812428639
DFL-MAT-J0420N,1,False,54175,0.6363636363636364,0.5261070695543733,0.6,0.5077942009351548
DFL-MAT-J0420N,1,False,114381,0.6363636363636364,0.763337043886376,0.6,0.7589686029070914
DFL-MAT-J0420N,1,False,172281,0.8181818181818182,0.4314627201840109,0.9,0.5015213283799753
DFL-MAT-J0420P,0,False,53050,0.8181818181818182,0.7560496528726952,0.8,0.7451294907428232
DFL-MAT-J0420P,0,False,11600,1.0,0.6582976459401401,1.0,0.6845645625015455
DFL-MAT-J0420P,0,False,73600,0.7272727272727273,0.5175765210200878,0.7,0.49417083582587873
DFL-MAT-J0420P,0,False,128463,0.7272727272727273,0.8029898806030444,0.7,0.7978045610728761
DFL-MAT-J0420P,0,False,169038,1.0,0.8059381056815755,1.0,0.8014511425172123
DFL-MAT-J0420P,0,False,116063,0.9090909090909091,0.5039091955526249,0.9,0.48471813109277984
DFL-MAT-J0420P,0,False,31650,1.0,0.25570529765127603,1.0,0.2714280420326135
DFL-MAT-J0420P,0,False,14800,0.5454545454545454,0.6947613408110703,0.6,0.6812015737248587
DFL-MAT-J0420P,0,False,37975,0.7272727272727273,0.8585739709281031,0.7,0.8550758662488251
DFL-MAT-J0420P,0,False,167863,0.5454545454545454,0.15053595988932156,0.5,0.10957939532566685
DFL-MAT-J0420P,0,False,167363,0.9090909090909091,0.7517489646355828,0.9,0.7510187526989763
DFL-MAT-J0420P,0,False,176013,1.0,0.8812633853092166,1.0,0.8766308702268143
DFL-MAT-J0420P,0,False,44350,0.6363636363636364,0.7404065092970906,0.7,0.8138845546993482
DFL-MAT-J0420P,0,False,126913,0.5454545454545454,0.32916376939010394,0.6,0.2975007980405677
DFL-MAT-J0420P,0,False,112788,0.8181818181818182,0.7658849874391724,0.8,0.7545111904234303
DFL-MAT-J0420P,0,False,113413,0.6363636363636364,0.3537231961260554,0.6,0.32355944640089207
DFL-MAT-J0420P,0,False,50825,0.8181818181818182,0.06857179623558163,0.8,0.026821343996567215
DFL-MAT-J0420P,0,False,64350,0.7272727272727273,0.7476143399202518,0.8,0.7566789145616375
DFL-MAT-J0420P,0,False,59425,1.0,0.6124832446769535,1.0,0.640193463657275
DFL-MAT-J0420P,0,False,119488,0.5454545454545454,0.5904703294713652,0.5,0.5902717293439737
DFL-MAT-J0420P,0,False,112963,0.5454545454545454,0.7409986669509934,0.5,0.7319838224799803
DFL-MAT-J0420P,0,False,120263,0.9090909090909091,0.19091331593983452,0.9,0.18711624489644452
DFL-MAT-J0420P,0,False,15150,0.7272727272727273,0.556357693350561,0.7,0.5372357943474633
DFL-MAT-J0420P,0,False,142188,0.5454545454545454,0.761016214928573,0.6,0.7630299486741569
DFL-MAT-J0420P,0,False,75350,0.6363636363636364,0.7211432243007074,0.6,0.7374361616637484
DFL-MAT-J0420P,0,False,59725,0.9090909090909091,0.5124226457270753,0.9,0.49576811195718384
DFL-MAT-J0420P,0,False,109088,0.8181818181818182,0.2887025295572688,0.8,0.25821550225301493
DFL-MAT-J0420P,0,False,25725,0.7272727272727273,0.690513100009198,0.8,0.682271904241076
DFL-MAT-J0420P,0,False,59675,1.0,0.3912005561095553,1.0,0.4602036687033545
DFL-MAT-J0420P,0,False,51375,0.6363636363636364,0.584398596348592,0.6,0.5641180352830255
DFL-MAT-J0420P,0,False,100888,0.7272727272727273,0.37862833325097744,0.7,0.35243209381964
DFL-MAT-J0420P,0,False,159513,0.7272727272727273,0.6318111426173529,0.8,0.6293647551467444
DFL-MAT-J0420P,0,False,30950,0.9090909090909091,0.29222820562422114,0.9,0.3119351846384061
DFL-MAT-J0420P,0,False,132213,0.8181818181818182,0.4149520882818325,0.8,0.3863985251327118
DFL-MAT-J0420P,0,False,71425,0.7272727272727273,0.3795167081105102,0.7,0.3495652830768602
DFL-MAT-J0420P,0,False,142588,0.8181818181818182,0.8563423887987041,0.8,0.8494822077935453
DFL-MAT-J0420P,0,False,105013,0.9090909090909091,0.41631981340588387,0.9,0.4487786605801197
DFL-MAT-J0420P,0,False,138488,0.6363636363636364,0.7843838683761795,0.6,0.7738599345582303
DFL-MAT-J0420P,0,False,68400,0.8181818181818182,0.3386702587425724,0.8,0.3071539060168288
DFL-MAT-J0420P,0,False,31450,1.0,0.5333913817473819,1.0,0.5562525497299805
DFL-MAT-J0420P,0,False,73650,0.6363636363636364,0.7620175159936617,0.6,0.750454196801488
DFL-MAT-J0420P,0,False,167113,0.7272727272727273,0.5384859722582465,0.8,0.5203189901078122
DFL-MAT-J0420P,0,False,45275,0.7272727272727273,0.28395327381116897,0.7,0.2490289859828313
DFL-MAT-J0420P,0,False,119263,0.6363636363636364,0.315687420017955,0.7,0.32826121438151656
DFL-MAT-J0420P,0,False,10350,1.0,0.5046029102267237,1.0,0.6414206831386975
DFL-MAT-J0420P,0,False,31275,0.7272727272727273,0.7185070034595273,0.7,0.7085571856571017
DFL-MAT-J0420P,0,False,52250,0.6363636363636364,0.732669037579878,0.6,0.7225693694874815
DFL-MAT-J0420P,0,False,18750,0.5454545454545454,0.5478087581313541,0.6,0.5539782765555705
DFL-MAT-J0420P,0,False,139488,0.6363636363636364,0.8491526361331437,0.7,0.8529782783457364
DFL-MAT-J0420P,0,False,63725,0.5454545454545454,0.7432582987474541,0.6,0.7899152350621038
DFL-MAT-J0420P,0,False,175788,0.5454545454545454,0.6798992269084758,0.5,0.664476037749203
DFL-MAT-J0420P,0,False,51775,0.5454545454545454,0.7168855422437692,0.5,0.736973162075161
DFL-MAT-J0420P,0,False,55875,0.7272727272727273,0.315055991362409,0.8,0.3509902953369104
DFL-MAT-J0420P,0,False,168563,0.9090909090909091,0.7668267654981263,0.9,0.7792497976184847
DFL-MAT-J0420P,0,False,33225,0.6363636363636364,0.79283851673264,0.6,0.7829813737185296
DFL-MAT-J0420P,0,False,33700,0.7272727272727273,0.9392746998528442,0.7,0.9373013331335088
DFL-MAT-J0420P,0,False,141513,0.6363636363636364,0.7162519459300343,0.6,0.7065959115761605
DFL-MAT-J0420P,0,False,116213,0.9090909090909091,0.38875494884143114,0.9,0.3752434018726837
DFL-MAT-J0420P,0,False,31975,0.5454545454545454,0.801421037516922,0.6,0.791798268068972
DFL-MAT-J0420P,0,False,14300,0.7272727272727273,0.4355086907406889,0.7,0.41953498976779546
DFL-MAT-J0420P,1,True,23950,1.0,0.4717887211915588,1.0,0.5415300679391206
DFL-MAT-J0420P,1,True,106288,0.6363636363636364,0.6364678528847048,0.6,0.6268673606298081
DFL-MAT-J0420P,1,True,46100,0.6363636363636364,0.7058282456747582,0.6,0.7589877862302558
DFL-MAT-J0420P,1,True,19325,0.9090909090909091,0.8309034871892452,0.9,0.8226976190985192
DFL-MAT-J0420P,1,True,40225,1.0,0.5482143862840951,1.0,0.6072759261162526
DFL-MAT-J0420P,1,True,130113,0.6363636363636364,0.9153949717490499,0.7,0.9154215940120982
DFL-MAT-J0420P,1,True,114188,0.6363636363636364,0.18628499087514083,0.7,0.18007355320462803
DFL-MAT-J0420P,1,True,104463,0.5454545454545454,0.49590758766364473,0.6,0.4730555267697377
DFL-MAT-J0420P,1,True,173938,0.7272727272727273,0.7376634334040874,0.8,0.7634408625380107
DFL-MAT-J0420P,1,True,23875,0.8181818181818182,0.758816783363022,0.9,0.7846964122444647
DFL-MAT-J0420P,1,True,41150,0.7272727272727273,0.4073108419964977,0.7,0.38714228043641685
DFL-MAT-J0420P,1,True,128038,0.8181818181818182,0.7312989976542306,0.9,0.7580160030057329
DFL-MAT-J0420P,1,True,148463,0.9090909090909091,0.2874706983665115,0.9,0.29106437711307653
DFL-MAT-J0420P,1,True,29775,0.7272727272727273,0.17128159761814776,0.7,0.13380616985876148
DFL-MAT-J0420P,1,True,60350,0.9090909090909091,0.45503647148945714,0.9,0.516544612078979
DFL-MAT-J0420P,1,True,22325,0.8181818181818182,0.38911736874252967,0.8,0.3732336620937461
DFL-MAT-J0420P,1,True,124613,1.0,0.38119880288166175,1.0,0.5289755993617425
DFL-MAT-J0420P,1,True,129488,0.5454545454545454,0.6961606623820904,0.6,0.6979979980810629
DFL-MAT-J0420P,1,True,146088,0.9090909090909091,0.7297966483127953,0.9,0.7280549670192838
DFL-MAT-J0420P,1,True,56325,0.7272727272727273,0.38066286903530167,0.7,0.3510945408761741
DFL-MAT-J0420P,1,True,29425,0.6363636363636364,0.5073482086100084,0.6,0.4835759920310744
DFL-MAT-J0420P,1,True,134138,1.0,0.4308050984644851,1.0,0.42753608525762377
DFL-MAT-J0420P,1,True,54700,0.7272727272727273,0.5850909744308987,0.7,0.573953130028589
DFL-MAT-J0420P,1,True,121713,1.0,0.632341799202717,1.0,0.6380230433959898
DFL-MAT-J0420P,1,True,131938,0.8181818181818182,0.44915257027146904,0.9,0.47291143288899395
DFL-MAT-J0420P,1,True,122188,0.9090909090909091,0.5130735245269,0.9,0.5157734917486044
DFL-MAT-J0420P,1,True,172038,0.7272727272727273,0.29412712715399125,0.7,0.4233719028153846
DFL-MAT-J0420P,1,True,26575,0.6363636363636364,0.505543297299764,0.6,0.4828011776460637
DFL-MAT-J0420P,1,True,169363,0.9090909090909091,0.6460019861507033,0.9,0.6314083956462604
DFL-MAT-J0420P,1,True,144988,0.7272727272727273,0.8173895386048076,0.7,0.810871962511621
DFL-MAT-J0420P,1,True,165363,0.6363636363636364,0.667913834123625,0.7,0.653584913444796
DFL-MAT-J0420P,1,True,152313,0.6363636363636364,0.4853033999875439,0.7,0.4711790917620138
DFL-MAT-J0420P,1,True,173913,0.6363636363636364,0.6115095166051056,0.7,0.6225695927277426
DFL-MAT-J0420P,1,True,34350,0.8181818181818182,0.4936855630731014,0.8,0.4734927431749296
DFL-MAT-J0420P,1,True,134113,0.8181818181818182,0.5801452656406919,0.8,0.5649671539275918
DFL-MAT-J0420P,1,True,156763,0.6363636363636364,0.9135303315956746,0.6,0.9322956456566123
DFL-MAT-J0420P,1,True,68775,0.6363636363636364,0.12418225763095803,0.6,0.08351320643823645
DFL-MAT-J0420P,1,True,130913,0.9090909090909091,0.5336683335119365,0.9,0.5332742026342954
DFL-MAT-J0420P,1,True,30275,0.8181818181818182,0.603782729247198,0.9,0.6368065358339721
DFL-MAT-J0420P,1,True,165663,0.7272727272727273,0.6132224274165837,0.8,0.5977008231537521
DFL-MAT-J0420P,1,True,20450,0.7272727272727273,0.8345710031417631,0.8,0.8455994480724961
DFL-MAT-J0420P,1,True,21875,0.8181818181818182,0.9303814622322921,0.8,0.92747643739909
DFL-MAT-J0420P,1,True,153438,0.8181818181818182,0.3702310003191238,0.8,0.37082994650550416
DFL-MAT-J0420P,1,True,107888,0.7272727272727273,0.7412430542425095,0.7,0.7313632195760817
DFL-MAT-J0420P,1,True,22050,0.6363636363636364,0.9473646056222762,0.6,0.9485321530306681
DFL-MAT-J0420P,1,True,21200,0.5454545454545454,0.56442169183363,0.6,0.5431871952424683
DFL-MAT-J0420P,1,True,136913,0.6363636363636364,0.7052717519800584,0.6,0.7272504131755955
DFL-MAT-J0420P,1,True,145613,0.6363636363636364,0.33976050857509976,0.7,0.3191943275269673
DFL-MAT-J0420P,1,True,41475,1.0,0.5621175166820818,1.0,0.6410168750808067
DFL-MAT-J0420P,1,True,12150,1.0,0.45400410021075244,1.0,0.522589466032505
DFL-MAT-J0420P,1,True,109763,0.5454545454545454,0.6706101388480958,0.6,0.6549609312357834
DFL-MAT-J0420P,1,True,18525,0.7272727272727273,0.024554050479687395,0.7,0.0
DFL-MAT-J0420P,1,True,154588,1.0,0.4445576051802297,1.0,0.48779602587375026
DFL-MAT-J0420P,1,True,117138,0.6363636363636364,0.8035194472696111,0.6,0.7939301457277155
DFL-MAT-J0420P,1,True,17950,0.5454545454545454,0.2770749094596222,0.6,0.24276829346601358
DFL-MAT-J0420P,1,True,57925,0.6363636363636364,0.6759213562363411,0.6,0.6605098088763971
DFL-MAT-J0420P,1,True,48850,1.0,0.37182861036020354,1.0,0.40612296790396163
DFL-MAT-J0420P,1,True,106238,0.9090909090909091,0.767143691406389,0.9,0.764759777258704
DFL-MAT-J0420P,1,True,71650,0.6363636363636364,0.41967714388401567,0.7,0.40269330823967764
DFL-MAT-J0420P,1,True,162613,0.7272727272727273,0.9055059968271553,0.7,0.917323516947915
DFL-MAT-J04215,0,True,112403,0.7272727272727273,0.6529382869340663,0.7,0.6391577664641098
DFL-MAT-J04215,0,True,60325,1.0,0.6422341811275127,1.0,0.6566922074250449
DFL-MAT-J04215,0,True,134853,0.8,0.6314201552395169,0.8888888888888888,0.7250143786670903
DFL-MAT-J04215,0,True,25400,0.5454545454545454,0.6145251655006718,0.6,0.5972850531852372
DFL-MAT-J04215,0,True,150178,0.6,0.6699547583384906,0.6666666666666666,0.671510232781662
DFL-MAT-J04215,0,True,13600,1.0,0.4324063405546287,1.0,0.42560019300843355
DFL-MAT-J04215,0,True,30200,0.5454545454545454,0.5118844167028598,0.6,0.5317845098496496
DFL-MAT-J04215,0,True,21900,0.6363636363636364,0.7187896845718917,0.6,0.7060145540136626
DFL-MAT-J04215,0,True,142828,0.9,0.6528744704179847,1.0,0.756646878712389
DFL-MAT-J04215,0,True,163878,0.6,0.8756696264208428,0.6666666666666666,0.8716504848767848
DFL-MAT-J04215,0,True,39300,0.7272727272727273,0.5226846763049614,0.7,0.49964735943621585
DFL-MAT-J04215,0,True,47725,0.5454545454545454,0.0,0.5,0.0
DFL-MAT-J04215,0,True,80950,0.9090909090909091,0.9443700213933787,0.9,0.9418522590244016
DFL-MAT-J04215,0,True,129953,0.6,0.9406754410156117,0.5555555555555556,0.9419449452561132
DFL-MAT-J04215,0,True,101178,0.5454545454545454,0.8697153148206399,0.6,0.8638293104060042
DFL-MAT-J04215,0,True,53850,0.8181818181818182,0.7849663225514065,0.8,0.7745361447623599
DFL-MAT-J04215,0,True,127228,0.6363636363636364,0.0,0.6,0.0
DFL-MAT-J04215,0,True,52550,0.6363636363636364,0.7964402667215165,0.6,0.8011861870917822
DFL-MAT-J04215,0,True,158228,0.7,0.7480175734686261,0.6666666666666666,0.7557332760952342
DFL-MAT-J04215,0,True,123803,0.9090909090909091,0.5633058630091735,0.9,0.5504581967690481
DFL-MAT-J04215,0,True,139628,1.0,0.6181371293979419,1.0,0.7275502250538246
DFL-MAT-J04215,0,True,165853,0.7,0.7275077400651744,0.7777777777777778,0.7217468175135857
DFL-MAT-J04215,0,True,35150,0.9090909090909091,0.49274467412863576,1.0,0.5259159049280158
DFL-MAT-J04215,0,True,64650,0.7272727272727273,0.5606019802897385,0.8,0.5535246738716278
DFL-MAT-J04215,0,True,171978,1.0,0.47582256525245104,1.0,0.48589563942652614
DFL-MAT-J04215,0,True,166528,0.9,0.3491370128959129,0.8888888888888888,0.3418472953780598
DFL-MAT-J04215,0,True,47325,0.7272727272727273,0.7213775060352534,0.7,0.7387319095852051
DFL-MAT-J04215,0,True,30275,0.6363636363636364,0.7290114901412427,0.7,0.754269018452214
DFL-MAT-J04215,0,True,60075,1.0,0.27061174400800214,1.0,0.25355410411310064
DFL-MAT-J04215,0,True,117278,0.7272727272727273,0.5228737558903245,0.7,0.5012974830075168
DFL-MAT-J04215,0,True,77325,0.9090909090909091,0.06247490973252412,0.9,0.04618755184304002
DFL-MAT-J04215,0,True,101678,0.6363636363636364,0.6115221266000246,0.7,0.5961179083985484
DFL-MAT-J04215,0,True,32350,1.0,0.33959947256140066,1.0,0.3293274617721441
DFL-MAT-J04215,0,True,126528,0.5454545454545454,0.7231877734932035,0.5,0.7995873075903213
DFL-MAT-J04215,0,True,79675,0.6363636363636364,0.9219109168919362,0.7,0.9189077868981697
DFL-MAT-J04215,0,True,12850,0.9090909090909091,0.309818669900072,0.9,0.3163605792335342
DFL-MAT-J04215,0,True,114603,0.6363636363636364,0.833702921344727,0.7,0.8362993514627207
DFL-MAT-J04215,0,True,142453,0.5,0.4103347802761068,0.5555555555555556,0.4088535809374495
DFL-MAT-J04215,0,True,137603,0.9,0.6449316863920946,0.8888888888888888,0.6391920955061255
DFL-MAT-J04215,0,True,28150,0.6363636363636364,0.7698089883226165,0.6,0.7585799241972643
DFL-MAT-J04215,0,True,52975,0.9090909090909091,0.5846333486592773,0.9,0.5842081129926306
DFL-MAT-J04215,0,True,134678,0.6,0.7221383148086684,0.6666666666666666,0.7234368772213176
DFL-MAT-J04215,0,True,30650,1.0,0.5455071107627847,1.0,0.5484531274101638
DFL-MAT-J04215,0,True,78700,0.6363636363636364,0.8144821283086696,0.6,0.8056504465881327
DFL-MAT-J04215,0,True,47650,0.5454545454545454,0.443617769110492,0.6,0.4219112195490836
DFL-MAT-J04215,0,True,136053,0.6,0.613259256149921,0.5555555555555556,0.5924143645096984
DFL-MAT-J04215,0,True,38575,0.9090909090909091,0.5105444729805707,0.9,0.5023898193709779
DFL-MAT-J04215,0,True,65975,1.0,0.4925136760091453,1.0,0.5513331118946976
DFL-MAT-J04215,0,True,34850,0.7272727272727273,0.6437076493615667,0.7,0.6271199261848897
DFL-MAT-J04215,0,True,126303,0.8181818181818182,0.40958388796290424,0.8,0.4558389336392692
DFL-MAT-J04215,0,True,67050,1.0,0.6279937761343238,1.0,0.6426055668037666
DFL-MAT-J04215,0,True,149128,0.6,0.0,0.5555555555555556,0.0
DFL-MAT-J04215,0,True,15175,1.0,0.5152495793047697,1.0,0.522198519936925
DFL-MAT-J04215,0,True,105703,0.5454545454545454,0.7858836726095226,0.5,0.7805580640888026
DFL-MAT-J04215,0,True,54350,0.5454545454545454,0.8592306106301119,0.6,0.8528682927504638
DFL-MAT-J04215,0,True,53775,0.8181818181818182,0.7736736512542419,0.8,0.7873753549410445
DFL-MAT-J04215,0,True,49100,0.9090909090909091,0.1299548625552922,0.9,0.12271958752714074
DFL-MAT-J04215,0,True,65325,0.7272727272727273,0.7325791637758041,0.8,0.7235509454720881
DFL-MAT-J04215,0,True,142553,0.8,0.6480632914932247,0.8888888888888888,0.6550942379368246
DFL-MAT-J04215,0,True,166228,0.7,0.20192060426802594,0.6666666666666666,0.1622296583128111
DFL-MAT-J04215,1,False,13050,0.8181818181818182,0.711962350966916,0.9,0.7152678954076839
DFL-MAT-J04215,1,False,22450,0.7272727272727273,0.516697329737628,0.7,0.493208315876844
DFL-MAT-J04215,1,False,77775,0.6363636363636364,0.8683823413624955,0.6,0.8620371680616103
DFL-MAT-J04215,1,False,74475,1.0,0.6355638093248738,1.0,0.65476381320417
DFL-MAT-J04215,1,False,16300,0.6363636363636364,0.2751602000359127,0.6,0.24342464549050957
DFL-MAT-J04215,1,False,73800,0.7272727272727273,0.711711558268602,0.7,0.6981204706094635
DFL-MAT-J04215,1,False,168228,1.0,0.7416737105756224,1.0,0.7303656459469063
DFL-MAT-J04215,1,False,165453,0.8181818181818182,0.20872602666855744,0.8,0.2988634173964917
DFL-MAT-J04215,1,False,35450,0.8181818181818182,0.4235815833284131,0.8,0.39599033753354007
DFL-MAT-J04215,1,False,36525,0.5454545454545454,0.7846019844699145,0.6,0.7754340682806663
DFL-MAT-J04215,1,False,167553,0.6363636363636364,0.9083315152173742,0.6,0.9039206796750363
DFL-MAT-J04215,1,False,166628,0.5454545454545454,0.5730777148879151,0.5,0.5534689141649032
DFL-MAT-J04215,1,False,56225,0.5454545454545454,0.75816836680673,0.6,0.7582455106164198
DFL-MAT-J04215,1,False,29100,0.5454545454545454,0.612977808389123,0.5,0.6089350165693967
DFL-MAT-J04215,1,False,28600,0.6363636363636364,0.1743661555215067,0.7,0.1666658760123173
DFL-MAT-J04215,1,False,48050,0.5454545454545454,0.07918555176421638,0.6,0.042483896484368455
DFL-MAT-J04215,1,False,131853,0.8181818181818182,0.8180020637556829,0.9,0.8154695754667113
DFL-MAT-J04215,1,False,14425,0.8181818181818182,0.02669945174643784,0.9,0.022462605949505554
DFL-MAT-J04215,1,False,13325,0.9090909090909091,0.488585861773702,0.9,0.4636362576916383
DFL-MAT-J04215,1,False,23975,0.5454545454545454,0.5571793408125814,0.5,0.5501585469410928
DFL-MAT-J04215,1,False,81950,0.5454545454545454,0.7048791194308925,0.5,0.6921746202956411
DFL-MAT-J04215,1,False,66900,0.8181818181818182,0.7163546833071095,0.8,0.7025684159124943
DFL-MAT-J04215,1,False,22725,0.9090909090909091,0.8039991724833222,0.9,0.7959633691794689
DFL-MAT-J04215,1,False,119653,0.6363636363636364,0.31224410779698475,0.6,0.3251416301146054
DFL-MAT-J04215,1,False,148553,0.8181818181818182,0.5454454060204956,0.8,0.5232765923739018
DFL-MAT-J04215,1,False,75525,0.8181818181818182,0.4357545497932026,0.9,0.4577321660683833
DFL-MAT-J04215,1,False,43350,0.7272727272727273,0.7913428442971298,0.8,0.8055285875591649
DFL-MAT-J04215,1,False,61775,0.5454545454545454,0.6611499351660588,0.5,0.6459289712432911
DFL-MAT-J04215,1,False,27700,0.7272727272727273,0.773507455758749,0.7,0.7626088699301854
DFL-MAT-J04215,1,False,10875,0.5454545454545454,0.44147674923762315,0.6,0.4297255012035518
DFL-MAT-J04215,1,False,120428,0.5454545454545454,0.863278719368904,0.5,0.8592469463573735
DFL-MAT-J04215,1,False,116303,0.8181818181818182,0.48207660377391004,0.8,0.46847299491088157
DFL-MAT-J04215,1,False,146528,0.5454545454545454,0.8729587867530177,0.6,0.8702198619489737
DFL-MAT-J04215,1,False,27750,0.5454545454545454,0.7082359658513135,0.6,0.7349299684042581
DFL-MAT-J04215,1,False,59125,0.6363636363636364,0.30550937439273196,0.6,0.27648836294491386
DFL-MAT-J04215,1,False,101528,0.5454545454545454,0.15283592010775082,0.6,0.33190398684924005
DFL-MAT-J04215,1,False,122728,0.5454545454545454,0.706753721435249,0.5,0.6994170993031475
DFL-MAT-J04215,1,False,75750,0.5454545454545454,0.6118428918612211,0.5,0.5991711924984712
DFL-MAT-J04215,1,False,67925,0.5454545454545454,0.5760568965443202,0.6,0.5609350350915915
DFL-MAT-J04215,1,False,174128,1.0,0.30448965994700206,1.0,0.2851068194752133
DFL-MAT-J04215,1,False,23525,0.9090909090909091,0.42402381309643333,0.9,0.41862711176388134
DFL-MAT-J04215,1,False,132503,1.0,0.859132654335482,1.0,0.8651315227929206
DFL-MAT-J04215,1,False,68925,0.8181818181818182,0.7535030728623365,0.8,0.7432171458858411
DFL-MAT-J04215,1,False,106478,0.6363636363636364,0.5387208429729642,0.7,0.5181652904506717
DFL-MAT-J04215,1,False,106703,0.5454545454545454,0.6044660871535694,0.5,0.6115390798948075
DFL-MAT-J04215,1,False,174203,0.5454545454545454,0.4237830422682325,0.5,0.3964999994358548
DFL-MAT-J04215,1,False,70700,1.0,0.7208039844616714,1.0,0.7143701741921679
DFL-MAT-J04215,1,False,118603,0.6363636363636364,0.1631110617270889,0.7,0.14860519629983426
DFL-MAT-J04215,1,False,32050,1.0,0.6697385381633618,1.0,0.7285680332816522
DFL-MAT-J04215,1,False,124803,0.5454545454545454,0.8346637178964434,0.6,0.8266631052195714
DFL-MAT-J04215,1,False,104753,0.9090909090909091,0.712897188820239,0.9,0.7012056304058982
DFL-MAT-J04215,1,False,108353,0.9090909090909091,0.79279252410815,0.9,0.7928338775668723
DFL-MAT-J04215,1,False,140078,0.5454545454545454,0.39381879885994564,0.5,0.36527661467837913
DFL-MAT-J04215,1,False,128428,0.6363636363636364,0.9034585680286338,0.6,0.9069875112672816
DFL-MAT-J04215,1,False,13825,0.9090909090909091,0.29866915760367374,0.9,0.2955517210350025
DFL-MAT-J04215,1,False,110028,0.5454545454545454,0.5661134659321038,0.5,0.6273581564513311
DFL-MAT-J04215,1,False,128003,0.6363636363636364,0.7384813227824168,0.6,0.7395872954673454
DFL-MAT-J04215,1,False,75425,0.9090909090909091,0.0,0.9,0.0
DFL-MAT-J04215,1,False,153578,0.9090909090909091,0.36095046896226923,0.9,0.33839805754800845
DFL-MAT-J04215,1,False,118978,0.7272727272727273,0.6513789812179207,0.7,0.6347245193778319
DFL-MAT-J04219,0,False,54050,0.5454545454545454,0.44474159112858713,0.5,0.429723786683325
DFL-MAT-J04219,0,False,24675,0.7272727272727273,0.7387954742843201,0.7,0.727702830362462
DFL-MAT-J04219,0,False,58950,0.7272727272727273,0.4235357356688514,0.7,0.39577463686983005
DFL-MAT-J04219,0,False,110330,0.8181818181818182,0.053963885167673475,0.8,0.02632829846665119
DFL-MAT-J04219,0,False,161080,0.5454545454545454,0.6659094724072749,0.5,0.6496572984932718
DFL-MAT-J04219,0,False,14750,1.0,0.49791468093308044,1.0,0.4934875264068769
DFL-MAT-J04219,0,False,129805,0.9090909090909091,0.388685871574838,0.9,0.36260528382957835
DFL-MAT-J04219,0,False,76725,0.8181818181818182,0.4850333938010899,0.8,0.468692630254018
DFL-MAT-J04219,0,False,151130,0.9090909090909091,0.6984339099627028,0.9,0.6961938280980253
DFL-MAT-J04219,0,False,110905,0.6363636363636364,0.4537608502918895,0.6,0.4274517300165498
DFL-MAT-J04219,0,False,17750,0.6363636363636364,0.5535322953223263,0.7,0.5410106545673029
DFL-MAT-J04219,0,False,60575,0.8181818181818182,0.5647458031897585,0.8,0.5445312367957891
DFL-MAT-J04219,0,False,106255,0.6363636363636364,0.7276873455858685,0.7,0.727048434099699
DFL-MAT-J04219,0,False,104305,0.7272727272727273,0.6044931142540824,0.7,0.5883692038626719
DFL-MAT-J04219,0,False,34475,0.5454545454545454,0.8872915095944419,0.6,0.8888066916584022
DFL-MAT-J04219,0,False,56650,0.5454545454545454,0.4249237234535793,0.5,0.3989750511604655
DFL-MAT-J04219,0,False,143830,0.6363636363636364,0.5513123382481446,0.7,0.5553251623876871
DFL-MAT-J04219,0,False,158655,0.6363636363636364,0.45468618982866227,0.6,0.4284819504940953
DFL-MAT-J04219,0,False,28025,0.6363636363636364,0.4698143651862442,0.7,0.4521694737157196
DFL-MAT-J04219,0,False,106455,0.5454545454545454,0.7156927791366626,0.5,0.7713201527400716
DFL-MAT-J04219,0,False,138955,1.0,0.7241480023570273,1.0,0.7199786623307253
DFL-MAT-J04219,0,False,44775,1.0,0.2579692534292808,1.0,0.2876717832711926
DFL-MAT-J04219,0,False,160680,1.0,0.7337994993558832,1.0,0.7486144396860569
DFL-MAT-J04219,0,False,103105,0.5454545454545454,0.5276601095168292,0.6,0.5206935279113907
DFL-MAT-J04219,0,False,27100,0.6363636363636364,0.5565051352452688,0.7,0.5661152851464328
DFL-MAT-J04219,0,False,129955,0.7272727272727273,0.36932922503510346,0.7,0.3388813907806564
DFL-MAT-J04219,0,False,147605,0.8181818181818182,0.4531765665009292,0.8,0.4336437928467143
DFL-MAT-J04219,0,False,159055,0.5454545454545454,0.3103512822059542,0.5,0.27849009404810643
DFL-MAT-J04219,0,False,77200,0.7272727272727273,0.5751445770221122,0.7,0.5574789927619201
DFL-MAT-J04219,0,False,111180,0.9090909090909091,0.5387172296730878,0.9,0.521326459761279
DFL-MAT-J04219,0,False,131005,0.6363636363636364,0.4809231606950718,0.6,0.4841739331519699
DFL-MAT-J04219,0,False,41700,0.7272727272727273,0.3277430092576662,0.8,0.3819330049627552
DFL-MAT-J04219,0,False,161030,0.5454545454545454,0.5842874831317733,0.5,0.5663422993284168
DFL-MAT-J04219,0,False,131930,0.5454545454545454,0.5329960746731628,0.5,0.5115610753907625
DFL-MAT-J04219,0,False,104055,0.6363636363636364,0.8214809468512647,0.7,0.8247236386245693
DFL-MAT-J04219,0,False,49500,0.5454545454545454,0.2993114940803856,0.5,0.26636594773506517
DFL-MAT-J04219,0,False,50400,0.6363636363636364,0.6581047520020609,0.7,0.6836807906513558
DFL-MAT-J04219,0,False,56600,0.6363636363636364,0.4820240076561568,0.6,0.47345175492395275
DFL-MAT-J04219,0,False,156705,0.7272727272727273,0.6710353798693882,0.7,0.6588625043726823
DFL-MAT-J04219,0,False,36325,0.7272727272727273,0.7318378717091918,0.8,0.7317131841801776
DFL-MAT-J04219,0,False,14925,0.7272727272727273,0.2270324568292046,0.7,0.19627773551915284
DFL-MAT-J04219,0,False,38675,0.7272727272727273,0.5069962054806045,0.7,0.4829521932991131
DFL-MAT-J04219,0,False,106880,0.6363636363636364,0.389647066367407,0.6,0.3616881047167668
DFL-MAT-J04219,0,False,131155,0.6363636363636364,0.8398428599007368,0.6,0.8339807633068692
DFL-MAT-J04219,0,False,58625,0.9090909090909091,0.667371547917337,0.9,0.6613589913035677
DFL-MAT-J04219,0,False,111230,0.9090909090909091,0.7133384788278156,0.9,0.7048265955519295
DFL-MAT-J04219,0,False,36975,0.7272727272727273,0.5808576376618844,0.7,0.5630583585962894
DFL-MAT-J04219,0,False,150280,0.5454545454545454,0.4461102747592134,0.5,0.41937935772015733
DFL-MAT-J04219,0,False,117505,1.0,0.7737986236887991,1.0,0.7819057066438554
DFL-MAT-J04219,0,False,58050,0.7272727272727273,0.8126912969850609,0.8,0.8178885427811476
DFL-MAT-J04219,0,False,66200,0.9090909090909091,0.4226710896947712,0.9,0.40133829841236424
DFL-MAT-J04219,0,False,32950,0.8181818181818182,0.67554310013651,0.9,0.6773626870612364
DFL-MAT-J04219,0,False,36025,0.9090909090909091,0.7264451548197732,0.9,0.71391927328272
DFL-MAT-J04219,0,False,16200,0.5454545454545454,0.4795417921472225,0.5,0.4580289266022495
DFL-MAT-J04219,0,False,57275,0.8181818181818182,0.5674066110675147,0.8,0.5467712459881655
DFL-MAT-J04219,0,False,57950,0.8181818181818182,0.8426467695977982,0.9,0.8682063769004168
DFL-MAT-J04219,0,False,141680,0.5454545454545454,0.6346739000965356,0.5,0.6423612152259635
DFL-MAT-J04219,0,False,165305,0.6363636363636364,0.7898969032248176,0.7,0.7878601315922322
DFL-MAT-J04219,0,False,56525,0.5454545454545454,0.08245667949526503,0.5,0.0467074748305667
DFL-MAT-J04219,0,False,37050,0.7272727272727273,0.6482202518513998,0.7,0.6310930972185943
DFL-MAT-J04219,1,True,152005,0.6363636363636364,0.7773356562469305,0.6,0.8047070504547627
DFL-MAT-J04219,1,True,78150,0.6363636363636364,0.5367534212368583,0.6,0.5191051021707797
DFL-MAT-J04219,1,True,18500,0.6363636363636364,0.7324867209536756,0.6,0.7262105346473724
DFL-MAT-J04219,1,True,16500,0.5454545454545454,0.625518878604279,0.5,0.6096150012422596
DFL-MAT-J04219,1,True,117155,0.6363636363636364,0.7692087046941166,0.6,0.7603202968266183
DFL-MAT-J04219,1,True,172005,0.8181818181818182,0.8239932100733764,0.8,0.8159363687373264
DFL-MAT-J04219,1,True,18625,0.7272727272727273,0.6878469208693068,0.7,0.6726345421690925
DFL-MAT-J04219,1,True,51825,0.6363636363636364,0.7951517878629774,0.7,0.7926170194003457
DFL-MAT-J04219,1,True,17250,0.5454545454545454,0.5757975463613008,0.6,0.5550966384153665
DFL-MAT-J04219,1,True,149955,0.8181818181818182,0.4931369423341544,0.8,0.4683981834023603
DFL-MAT-J04219,1,True,172330,1.0,0.4923526052948701,1.0,0.49575050032732315
DFL-MAT-J04219,1,True,53725,0.6363636363636364,0.35126027527779735,0.6,0.33259378501038195
DFL-MAT-J04219,1,True,105955,0.6363636363636364,0.6374785103154765,0.6,0.7074821112185559
DFL-MAT-J04219,1,True,145355,1.0,0.42530542949777883,1.0,0.44452926278846816
DFL-MAT-J04219,1,True,41075,0.6363636363636364,0.29732789173271057,0.7,0.2637559381858927
DFL-MAT-J04219,1,True,70375,0.7272727272727273,0.0,0.7,0.0
DFL-MAT-J04219,1,True,107655,0.9090909090909091,0.18090106811520779,0.9,0.16197182406186894
DFL-MAT-J04219,1,True,143480,0.7272727272727273,0.33693247468457355,0.7,0.3046614050005396
DFL-MAT-J04219,1,True,15925,0.9090909090909091,0.413254801310575,0.9,0.38978138365760084
DFL-MAT-J04219,1,True,121780,0.6363636363636364,0.1288681456316857,0.6,0.087011974702487
DFL-MAT-J04219,1,True,73750,0.6363636363636364,0.33904935474453723,0.7,0.33459352408540766
DFL-MAT-J04219,1,True,43700,0.8181818181818182,0.4612478093281762,0.8,0.43549388886706186
DFL-MAT-J04219,1,True,26800,0.9090909090909091,0.6482332534651676,0.9,0.649007489669353
DFL-MAT-J04219,1,True,157405,0.5454545454545454,0.5456307174065795,0.5,0.5371758047589168
DFL-MAT-J04219,1,True,125180,0.7272727272727273,0.6780243999886153,0.8,0.6734745697915095
DFL-MAT-J04219,1,True,125505,0.8181818181818182,0.5833796267177076,0.8,0.5641795996377079
DFL-MAT-J04219,1,True,132830,0.9090909090909091,0.5471251347803217,0.9,0.5351375371156315
DFL-MAT-J04219,1,True,67300,1.0,0.5806685626377897,1.0,0.6086507029980148
DFL-MAT-J04219,1,True,22050,1.0,0.706639264800301,1.0,0.7434240228864347
DFL-MAT-J04219,1,True,147930,1.0,0.5910659879071931,1.0,0.7143157804872027
DFL-MAT-J04219,1,True,100980,0.6363636363636364,0.5635239222597239,0.7,0.5983358424219073
DFL-MAT-J04219,1,True,148130,0.7272727272727273,0.7325143401537564,0.7,0.7212076397164091
DFL-MAT-J04219,1,True,69850,0.8181818181818182,0.4937380168480131,0.8,0.47684950243263313
DFL-MAT-J04219,1,True,168180,0.8181818181818182,0.2820589352231747,0.9,0.3818378924103386
DFL-MAT-J04219,1,True,152055,0.5454545454545454,0.8309571519177517,0.6,0.826764001273051
DFL-MAT-J04219,1,True,130480,0.9090909090909091,0.3089345325426064,0.9,0.2832069262520488
DFL-MAT-J04219,1,True,151480,0.7272727272727273,0.7340862204426456,0.8,0.7933164988646925
DFL-MAT-J04219,1,True,142380,1.0,0.6041339315400622,1.0,0.5848177702493734
DFL-MAT-J04219,1,True,130755,1.0,0.8497132268027815,1.0,0.8425452610922004
DFL-MAT-J04219,1,True,17300,0.6363636363636364,0.33923458476998103,0.7,0.3136634876258845
DFL-MAT-J04219,1,True,149855,0.6363636363636364,0.07513459835654546,0.6,0.037103141132445394
DFL-MAT-J04219,1,True,77150,0.5454545454545454,0.19331146861519033,0.5,0.5418688346776912
DFL-MAT-J04219,1,True,63650,0.9090909090909091,0.6334949755720508,0.9,0.6367885813643159
DFL-MAT-J04219,1,True,21375,0.8181818181818182,0.6386882364994615,0.8,0.6212091613067972
DFL-MAT-J04219,1,True,16725,1.0,0.6112716883253938,1.0,0.5932931830387402
DFL-MAT-J04219,1,True,116905,0.7272727272727273,0.7527346673896969,0.8,0.755041764508686
DFL-MAT-J04219,1,True,46350,0.9090909090909091,0.7633042977510309,0.9,0.7605077348001894
DFL-MAT-J04219,1,True,40750,0.6363636363636364,0.3395570939965168,0.7,0.3100751518587095
DFL-MAT-J04219,1,True,100030,0.7272727272727273,0.6653315717614127,0.8,0.6730209642627483
DFL-MAT-J04219,1,True,13000,0.7272727272727273,0.7492584003985638,0.7,0.7370259529620267
DFL-MAT-J04219,1,True,78325,0.8181818181818182,0.5998559857589987,0.9,0.5967512207285133
DFL-MAT-J04219,1,True,145630,1.0,0.3789311988450218,1.0,0.4080769887350607
DFL-MAT-J04219,1,True,17550,1.0,0.5122385292458349,1.0,0.5331643042362533
DFL-MAT-J04219,1,True,158480,0.7272727272727273,0.2907840763631401,0.7,0.2577931943911057
DFL-MAT-J04219,1,True,102330,1.0,0.35620392192456596,1.0,0.4736552033938426
DFL-MAT-J04219,1,True,102055,0.9090909090909091,0.48041839035186273,0.9,0.4655169713782502
DFL-MAT-J04219,1,True,133930,0.6363636363636364,0.29808201260070033,0.6,0.26885955156352903
DFL-MAT-J04219,1,True,123080,1.0,0.3987062786377993,1.0,0.4432678320520227
DFL-MAT-J04219,1,True,121880,0.7272727272727273,0.2559903070941655,0.8,0.26695956924139297
DFL-MAT-J04219,1,True,146855,0.5454545454545454,0.7973336668524772,0.5,0.7880075695553171
DFL-MAT-J0421J,0,False,133709,0.5454545454545454,0.28634992618789823,0.5,0.2546352906682593
DFL-MAT-J0421J,0,False,147684,0.7272727272727273,0.3981388944352201,0.7,0.49639755513987927
DFL-MAT-J0421J,0,False,173909,0.5454545454545454,0.5273396130521872,0.6,0.5069270091877246
DFL-MAT-J0421J,0,False,124059,0.8181818181818182,0.6070848135669118,0.8,0.5885713023799676
DFL-MAT-J0421J,0,False,106734,0.6363636363636364,0.3273483062036252,0.7,0.2958790814264276
DFL-MAT-J0421J,0,False,140734,0.5454545454545454,0.7224922636660643,0.6,0.7089754951430374
DFL-MAT-J0421J,0,False,19725,0.7272727272727273,0.4329005575435647,0.7,0.4110313964277672
DFL-MAT-J0421J,0,False,10325,0.8181818181818182,0.6530694613429997,0.8,0.6382513714887271
DFL-MAT-J0421J,0,False,78425,0.5454545454545454,0.40551885270228094,0.6,0.37934881394620634
DFL-MAT-J0421J,0,False,180584,1.0,0.4843726560978585,1.0,0.4714031615936283
DFL-MAT-J0421J,0,False,153659,0.8181818181818182,0.5964322531528976,0.9,0.5914308891472464
DFL-MAT-J0421J,0,False,27675,0.8181818181818182,0.7400789562639143,0.8,0.7274925374414547
DFL-MAT-J0421J,0,False,63525,1.0,0.2397855841191603,1.0,0.22032579338922986
DFL-MAT-J0421J,0,False,169959,0.7272727272727273,0.5214326382340277,0.7,0.4991008107185896
DFL-MAT-J0421J,0,False,16400,0.5454545454545454,0.9013713910181181,0.6,0.9089543982785211
DFL-MAT-J0421J,0,False,13600,0.8181818181818182,0.4503127477975226,0.8,0.43563756322289804
DFL-MAT-J0421J,0,False,174809,1.0,0.5500035224854672,1.0,0.6691211202159713
DFL-MAT-J0421J,0,False,171434,0.7272727272727273,0.6353915993171039,0.7,0.6227586596379728
DFL-MAT-J0421J,0,False,106984,0.5454545454545454,0.7692679581851258,0.5,0.7592205319063341
DFL-MAT-J0421J,0,False,113134,0.5454545454545454,0.01650523847613916,0.5,0.0
DFL-MAT-J0421J,0,False,45625,0.7272727272727273,0.6741797657380818,0.8,0.6781424920992791
DFL-MAT-J0421J,0,False,69525,0.8181818181818182,0.5670163952944329,0.8,0.5587143324356564
DFL-MAT-J0421J,0,False,72275,0.5454545454545454,0.7275957045350216,0.5,0.7146882687134989
DFL-MAT-J0421J,0,False,116184,0.7272727272727273,0.6969436243259381,0.7,0.6821542416334732
DFL-MAT-J0421J,0,False,110484,0.5454545454545454,0.8509941097803362,0.6,0.843738476122738
DFL-MAT-J0421J,0,False,131559,0.6363636363636364,0.6379691116624882,0.6,0.6266825449488846
DFL-MAT-J0421J,0,False,186484,0.6363636363636364,0.43870639857454774,0.7,0.4199775867318515
DFL-MAT-J0421J,0,False,29250,0.6363636363636364,0.30975695857400287,0.6,0.2761479696832897
DFL-MAT-J0421J,0,False,107959,0.6363636363636364,0.7843901248659236,0.7,0.7775733146918484
DFL-MAT-J0421J,0,False,43175,0.8181818181818182,0.8170352988213259,0.8,0.8092886903522994
DFL-MAT-J0421J,0,False,62625,0.8181818181818182,0.5469941997443108,0.8,0.5469409823966522
DFL-MAT-J0421J,0,False,58825,1.0,0.4405375805796343,1.0,0.4229870493004728
DFL-MAT-J0421J,0,False,125259,0.8181818181818182,0.8273137167855326,0.8,0.8194743363562571
DFL-MAT-J0421J,0,False,62375,1.0,0.47694055993021967,1.0,0.4942833079264034
DFL-MAT-J0421J,0,False,154409,1.0,0.5649779884696972,1.0,0.5994062355332176
DFL-MAT-J0421J,0,False,108259,0.5454545454545454,0.6564776375556223,0.6,0.6408880610608338
DFL-MAT-J0421J,0,False,130584,0.8181818181818182,0.9124738316723254,0.8,0.9082292081887926
DFL-MAT-J0421J,0,False,101759,0.8181818181818182,0.5192254622241848,0.8,0.5170910080654725
DFL-MAT-J0421J,0,False,155284,0.5454545454545454,0.7654752779498237,0.5,0.7563685498207076
DFL-MAT-J0421J,0,False,107459,0.8181818181818182,0.40173368094589446,0.8,0.385745654011041
DFL-MAT-J0421J,0,False,76275,0.7272727272727273,0.30567428181190504,0.7,0.27212399900749007
DFL-MAT-J0421J,0,False,51375,0.9090909090909091,0.5375316817277245,0.9,0.5337470573495747
DFL-MAT-J0421J,0,False,153534,0.9090909090909091,0.5843783289885434,0.9,0.577366055636855
DFL-MAT-J0421J,0,False,149434,0.5454545454545454,0.7797029637116709,0.5,0.8552244430050077
DFL-MAT-J0421J,0,False,151709,0.5454545454545454,0.7181619582613161,0.6,0.7707140581291974
DFL-MAT-J0421J,0,False,154309,1.0,0.6217139717780267,1.0,0.6159775837183845
DFL-MAT-J0421J,0,False,65950,0.6363636363636364,0.7804270776692196,0.6,0.7718473649986954
DFL-MAT-J0421J,0,False,19375,1.0,0.4735793797285054,1.0,0.4596692294174547
DFL-MAT-J0421J,0,False,64600,0.8181818181818182,0.44465336351472984,0.8,0.4230973290182579
DFL-MAT-J0421J,0,False,159434,0.7272727272727273,0.32555602529360894,0.8,0.7239403218895775
DFL-MAT-J0421J,0,False,156309,0.5454545454545454,0.8811010457747683,0.6,0.875298011596123
DFL-MAT-J0421J,0,False,63300,1.0,0.5697389376735246,1.0,0.6041127336717058
DFL-MAT-J0421J,0,False,178634,0.7272727272727273,0.6269451977476956,0.8,0.6808064854905926
DFL-MAT-J0421J,0,False,154034,0.5454545454545454,0.3153539970181295,0.6,0.2854486924450492
DFL-MAT-J0421J,0,False,26650,0.5454545454545454,0.6783700817091336,0.5,0.6941178038433805
DFL-MAT-J0421J,0,False,155784,0.6363636363636364,0.8015884142290427,0.7,0.7948403285309205
DFL-MAT-J0421J,0,False,124134,1.0,0.8216872113794447,1.0,0.8177621731730452
DFL-MAT-J0421J,0,False,19300,0.7272727272727273,0.6658532764408605,0.8,0.6504656489369497
DFL-MAT-J0421J,0,False,108184,0.7272727272727273,0.7073700918929477,0.8,0.6984221664862289
DFL-MAT-J0421J,0,False,110459,0.5454545454545454,0.8086112789059545,0.6,0.7993646546779843
DFL-MAT-J0421J,1,True,102284,0.5454545454545454,0.6435997972849259,0.5,0.656081235945438
DFL-MAT-J0421J,1,True,184059,0.6,0.3209925275074845,0.5555555555555556,0.2871935479092983
DFL-MAT-J0421J,1,True,152834,1.0,0.8048524752991979,1.0,0.8157368035543117
DFL-MAT-J0421J,1,True,133284,0.5454545454545454,0.4997108084610642,0.5,0.4772867979459319
DFL-MAT-J0421J,1,True,78500,0.6363636363636364,0.3481104959145297,0.6,0.3239850251766877
DFL-MAT-J0421J,1,True,17175,0.6363636363636364,0.725421885390295,0.6,0.7499777599075318
DFL-MAT-J0421J,1,True,180009,0.7,0.5209093118524231,0.7777777777777778,0.5082910571251775
DFL-MAT-J0421J,1,True,182909,0.7,0.4398305654435868,0.6666666666666666,0.4128506585518562
DFL-MAT-J0421J,1,True,77550,0.5454545454545454,0.5323602845421949,0.6,0.7227172669853468
DFL-MAT-J0421J,1,True,172634,0.6,0.7473431922570821,0.6666666666666666,0.7337891953911606
DFL-MAT-J0421J,1,True,78275,0.9090909090909091,0.6028051532424958,1.0,0.7456994873840497
DFL-MAT-J0421J,1,True,14300,0.5454545454545454,0.5518964994359923,0.5,0.5515047075048121
DFL-MAT-J0421J,1,True,24550,0.9090909090909091,0.22937457151908103,0.9,0.23404204116315297
DFL-MAT-J0421J,1,True,132609,0.5454545454545454,0.7319870477390124,0.6,0.77732533766892
DFL-MAT-J0421J,1,True,80775,1.0,0.29555261814110745,1.0,0.4557594726487709
DFL-MAT-J0421J,1,True,100909,0.9090909090909091,0.42249878373728234,0.9,0.41350264933657876
DFL-MAT-J0421J,1,True,28625,1.0,0.5435251525837936,1.0,0.5687093272700547
DFL-MAT-J0421J,1,True,161959,0.6,0.802270397183844,0.6666666666666666,0.8512580406311708
DFL-MAT-J0421J,1,True,183384,0.6,0.62884794579086,0.6666666666666666,0.6222098548015551
DFL-MAT-J0421J,1,True,184909,0.6,0.6734580447925045,0.5555555555555556,0.6558210128397048
DFL-MAT-J0421J,1,True,159659,0.7,0.7331646809386494,0.7777777777777778,0.7211207191408647
DFL-MAT-J0421J,1,True,172534,0.5,0.7679862936490365,0.5555555555555556,0.7589656872121784
DFL-MAT-J0421J,1,True,37425,0.5454545454545454,0.13919219873186928,0.6,0.09721511412765338
DFL-MAT-J0421J,1,True,60825,0.8181818181818182,0.5908122275897385,0.8,0.5708831061235486
DFL-MAT-J0421J,1,True,184309,0.7,0.2530581769670286,0.7777777777777778,0.2712436248976807
DFL-MAT-J0421J,1,True,112384,1.0,0.44932936633046117,1.0,0.46885955138216284
DFL-MAT-J0421J,1,True,30550,0.8181818181818182,0.25933974253744685,0.8,0.23012595540929792
DFL-MAT-J0421J,1,True,159984,0.6,0.632709262554036,0.6666666666666666,0.615944431224125
DFL-MAT-J0421J,1,True,152684,1.0,0.5342378286575443,1.0,0.566062385945677
DFL-MAT-J0421J,1,True,119634,0.9090909090909091,0.5469073932406217,0.9,0.525610928466689
DFL-MAT-J0421J,1,True,112359,1.0,0.4387081306671038,1.0,0.43194959592711113
DFL-MAT-J0421J,1,True,23075,0.6363636363636364,0.2545080141759303,0.6,0.21812962412232006
DFL-MAT-J0421J,1,True,165659,0.6,0.9680241976651327,0.5555555555555556,0.9666317384008193
DFL-MAT-J0421J,1,True,113484,0.8181818181818182,0.3822241978575833,0.8,0.3649506323121592
DFL-MAT-J0421J,1,True,48675,0.7272727272727273,0.6930436557361029,0.7,0.6782615585874394
DFL-MAT-J0421J,1,True,52575,0.5454545454545454,0.5625813577691829,0.5,0.5414195680770875
DFL-MAT-J0421J,1,True,11500,0.5454545454545454,0.8865297126199553,0.5,0.8830876180631394
DFL-MAT-J0421J,1,True,113184,0.6363636363636364,0.5146037078268979,0.6,0.49319085676432106
DFL-MAT-J0421J,1,True,112209,0.5454545454545454,0.6234209030524717,0.5,0.6098644346160401
DFL-MAT-J0421J,1,True,28475,1.0,0.687331453590143,1.0,0.6743915944654273
DFL-MAT-J0421J,1,True,144384,0.5454545454545454,0.628081033041151,0.5,0.6106970432921297
DFL-MAT-J0421J,1,True,60725,0.5454545454545454,0.6913811103587261,0.5,0.6763302075021125
DFL-MAT-J0421J,1,True,141784,0.5454545454545454,0.8117203891304183,0.5,0.8055448092598825
DFL-MAT-J0421J,1,True,38125,0.6363636363636364,0.6604940748658059,0.6,0.6480529101428592
DFL-MAT-J0421J,1,True,37200,0.8181818181818182,0.3961738103445066,0.8,0.38643879533708203
DFL-MAT-J0421J,1,True,30100,0.7272727272727273,0.7188662952200728,0.7,0.7303763707568633
DFL-MAT-J0421J,1,True,10575,0.9090909090909091,0.6089506261195703,0.9,0.6014467614201889
DFL-MAT-J0421J,1,True,157559,0.8,0.5091902836198849,0.8888888888888888,0.5118627978909884
DFL-MAT-J0421J,1,True,81775,0.9090909090909091,0.3129962199145184,1.0,0.33698895421881825
DFL-MAT-J0421J,1,True,159684,0.8,0.7413394092379595,0.7777777777777778,0.7284768241345698
DFL-MAT-J0421J,1,True,176434,1.0,0.3445577333001232,1.0,0.36718471323939184
DFL-MAT-J0421J,1,True,153234,1.0,0.7142071339416816,1.0,0.7276628158002876
DFL-MAT-J0421J,1,True,74800,0.6363636363636364,0.6506132307540661,0.6,0.6389296123853173
DFL-MAT-J0421J,1,True,113009,1.0,0.44529091851828295,1.0,0.4689679037882327
DFL-MAT-J0421J,1,True,23150,0.7272727272727273,0.26679545957644946,0.8,0.23161581185458635
DFL-MAT-J0421J,1,True,47025,0.6363636363636364,0.7691669570237863,0.6,0.7579335018513136
DFL-MAT-J0421J,1,True,74050,0.9090909090909091,0.5696820462431506,0.9,0.5641568604750196
DFL-MAT-J0421J,1,True,126934,0.6363636363636364,0.4436341854118102,0.6,0.4165684232106548
DFL-MAT-J0421J,1,True,12425,0.8181818181818182,0.4886617736791341,0.8,0.4644217333796723
DFL-MAT-J0421J,1,True,134834,0.8181818181818182,0.14670860607393277,0.8,0.10751905482685453
DFL-MAT-J0421W,0,True,147687,1.0,0.47869700696466944,1.0,0.5327808610464159
DFL-MAT-J0421W,0,True,67350,0.5454545454545454,0.6466870911219837,0.5,0.6320451823436127
DFL-MAT-J0421W,0,True,22875,0.9090909090909091,0.6130076108886602,0.9,0.5959914750925687
DFL-MAT-J0421W,0,True,140937,1.0,0.5879548839693993,1.0,0.6090171067943413
DFL-MAT-J0421W,0,True,20400,0.5454545454545454,0.685875881195721,0.5,0.6736193868205855
DFL-MAT-J0421W,0,True,136512,1.0,0.3743784144247406,1.0,0.39531016422650855
DFL-MAT-J0421W,0,True,136062,1.0,0.716066301186292,1.0,0.7108797927594102
DFL-MAT-J0421W,0,True,57150,0.8181818181818182,0.2583920678235171,0.8,0.23783977875840634
DFL-MAT-J0421W,0,True,58350,0.5454545454545454,0.787378808854745,0.5,0.8271403654261886
DFL-MAT-J0421W,0,True,80325,0.7272727272727273,0.6527131041678673,0.7,0.646331058511697
DFL-MAT-J0421W,0,True,172962,0.5454545454545454,0.37016740757782063,0.5,0.35271968193767067
DFL-MAT-J0421W,0,True,51475,0.5454545454545454,0.3538222342258298,0.5,0.3223314124955279
DFL-MAT-J0421W,0,True,24450,0.9090909090909091,0.24451225666190612,0.9,0.23140314554815977
DFL-MAT-J0421W,0,True,171162,0.8181818181818182,0.7337633215067567,0.8,0.7209350554944078
DFL-MAT-J0421W,0,True,33375,0.5454545454545454,0.4953084269636898,0.5,0.4730831578582759
DFL-MAT-J0421W,0,True,157037,0.6363636363636364,0.7127305155084296,0.6,0.7144113375117245
DFL-MAT-J0421W,0,True,144412,0.5454545454545454,0.6733602405624273,0.5,0.6668668621233184
DFL-MAT-J0421W,0,True,50675,0.6363636363636364,0.421751559361611,0.7,0.41484846028529043
DFL-MAT-J0421W,0,True,50125,0.9090909090909091,0.5753408385786655,0.9,0.5643684372887585
DFL-MAT-J0421W,0,True,144837,0.5454545454545454,0.7196144862613099,0.6,0.7082404488393992
DFL-MAT-J0421W,0,True,143587,0.7272727272727273,0.4630515808011698,0.7,0.472774950488398
DFL-MAT-J0421W,0,True,78725,0.7272727272727273,0.3491796714517029,0.8,0.3789889860872213
DFL-MAT-J0421W,0,True,59050,0.6363636363636364,0.7233111488869313,0.7,0.7569379579352863
DFL-MAT-J0421W,0,True,68475,0.9090909090909091,0.7579307965210377,0.9,0.7462161883921278
DFL-MAT-J0421W,0,True,35925,0.7272727272727273,0.48648246987576815,0.8,0.5074492095988344
DFL-MAT-J0421W,0,True,60225,0.6363636363636364,0.8852406110311484,0.7,0.8833831279780991
DFL-MAT-J0421W,0,True,73775,0.6363636363636364,0.6933217433953238,0.6,0.6804088981031691
DFL-MAT-J0421W,0,True,135987,0.5454545454545454,0.6648559670729992,0.5,0.7171280133388795
DFL-MAT-J0421W,0,True,20450,0.5454545454545454,0.5080904124533241,0.5,0.503773446804355
DFL-MAT-J0421W,0,True,135587,1.0,0.5345457563999791,1.0,0.5204577543815743
DFL-MAT-J0421W,0,True,80825,1.0,0.686999822662974,1.0,0.6834277590912083
DFL-MAT-J0421W,0,True,171512,0.7272727272727273,0.6084935962777853,0.7,0.5944728754405268
DFL-MAT-J0421W,0,True,158862,0.7272727272727273,0.22891487462726956,0.7,0.49653606909877324
DFL-MAT-J0421W,0,True,53925,0.7272727272727273,0.23406659436437072,0.7,0.19897010043821406
DFL-MAT-J0421W,0,True,137237,1.0,0.5908846811757119,1.0,0.6726526785104254
DFL-MAT-J0421W,0,True,38900,1.0,0.5355357464824859,1.0,0.5634788189367976
DFL-MAT-J0421W,0,True,35950,0.7272727272727273,0.5995598376427662,0.8,0.5949693409694886
DFL-MAT-J0421W,0,True,166987,0.6363636363636364,0.6491314762766017,0.6,0.6320202489166347
DFL-MAT-J0421W,0,True,68650,0.8181818181818182,0.5327109921090984,0.8,0.5412758415894897
DFL-MAT-J0421W,0,True,71950,0.7272727272727273,0.024912077866216298,0.7,0.0
DFL-MAT-J0421W,0,True,59525,0.6363636363636364,0.6864959876291433,0.6,0.697601729125549
DFL-MAT-J0421W,0,True,111837,0.5454545454545454,0.8703985393014663,0.5,0.8644687210370905
DFL-MAT-J0421W,0,True,55725,0.8181818181818182,0.8004427623913023,0.8,0.7907343024261371
DFL-MAT-J0421W,0,True,111462,0.5454545454545454,0.7443676176304204,0.6,0.7321591225725199
DFL-MAT-J0421W,0,True,145362,0.9090909090909091,0.14125208894807528,0.9,0.1130066760570354
DFL-MAT-J0421W,0,True,108262,0.7272727272727273,0.12591042786610973,0.8,0.10602979631990006
DFL-MAT-J0421W,0,True,153362,0.5454545454545454,0.7937879367275035,0.5,0.788137398645165
DFL-MAT-J0421W,0,True,117687,0.8181818181818182,0.523213987288184,0.8,0.545640651252523
DFL-MAT-J0421W,0,True,153987,0.8181818181818182,0.39667587802765614,0.8,0.3706390875117406
DFL-MAT-J0421W,0,True,67250,0.6363636363636364,0.7997803194744129,0.6,0.7902796265662032
DFL-MAT-J0421W,0,True,26575,0.8181818181818182,0.7394709738071745,0.8,0.7379109853927646
DFL-MAT-J0421W,0,True,117437,0.5454545454545454,0.1553887084919756,0.6,0.12911117287092566
DFL-MAT-J0421W,0,True,66875,0.8181818181818182,0.5910839022738367,0.8,0.5812460138386109
DFL-MAT-J0421W,0,True,152937,0.9090909090909091,0.5058968353999048,0.9,0.49106044320242137
DFL-MAT-J0421W,0,True,132137,1.0,0.45765115908283527,1.0,0.431355317902959
DFL-MAT-J0421W,0,True,41600,0.9090909090909091,0.47280551314242913,1.0,0.4952810643814718
DFL-MAT-J0421W,0,True,73750,0.6363636363636364,0.5620227595996611,0.7,0.5468713245262715
DFL-MAT-J0421W,0,True,52550,0.5454545454545454,0.614419128488911,0.5,0.599014126333822
DFL-MAT-J0421W,0,True,132562,0.8181818181818182,0.6539676365237088,0.8,0.6439190805624802
DFL-MAT-J0421W,0,True,74275,0.5454545454545454,0.6580740395518414,0.6,0.673438273484189
DFL-MAT-J0421W,1,False,139462,0.6363636363636364,0.5106324948322742,0.6,0.492531267682633
DFL-MAT-J0421W,1,False,65275,0.7272727272727273,0.895224456384128,0.8,0.8928978848080364
DFL-MAT-J0421W,1,False,40625,0.8181818181818182,0.5511170835698863,0.8,0.5300695742245165
DFL-MAT-J0421W,1,False,107762,0.9090909090909091,0.623894071414241,0.9,0.6161494237468809
DFL-MAT-J0421W,1,False,102012,0.7272727272727273,0.47337720426467056,0.7,0.44770015740499547
DFL-MAT-J0421W,1,False,48300,1.0,0.5619748797271364,1.0,0.6684186066654118
DFL-MAT-J0421W,1,False,154562,0.8181818181818182,0.2607211589343392,0.8,0.2249143883097371
DFL-MAT-J0421W,1,False,29425,0.7272727272727273,0.6961092218498405,0.8,0.685913209515447
DFL-MAT-J0421W,1,False,155812,0.9090909090909091,0.5734469656997945,0.9,0.5566954317789149
DFL-MAT-J0421W,1,False,107937,0.7272727272727273,0.692691284077402,0.7,0.679058900017687
DFL-MAT-J0421W,1,False,35550,0.5454545454545454,0.6435462610350666,0.6,0.6393084250068587
DFL-MAT-J0421W,1,False,42175,0.5454545454545454,0.30861086458696574,0.5,0.2843211488252766
DFL-MAT-J0421W,1,False,160812,0.5454545454545454,0.7684677519101761,0.5,0.7571903592858046
DFL-MAT-J0421W,1,False,164412,1.0,0.6919918855156193,1.0,0.7018560435894889
DFL-MAT-J0421W,1,False,145287,0.9090909090909091,0.35693941899016435,1.0,0.41792767723352253
DFL-MAT-J0421W,1,False,21500,0.5454545454545454,0.6025928626319919,0.5,0.6018802440457687
DFL-MAT-J0421W,1,False,31425,0.5454545454545454,0.7904732078199482,0.5,0.7861619545243654
DFL-MAT-J0421W,1,False,124387,0.6363636363636364,0.5817058653011542,0.6,0.5664414407177611
DFL-MAT-J0421W,1,False,158712,0.7272727272727273,0.5617150799678428,0.8,0.5992942717222924
DFL-MAT-J0421W,1,False,137937,0.5454545454545454,0.5902101717715398,0.6,0.599778658660189
DFL-MAT-J0421W,1,False,142162,0.5454545454545454,0.7899102938293363,0.5,0.7865848371577622
DFL-MAT-J0421W,1,False,16575,1.0,0.5650536870104605,1.0,0.5727680296756723
DFL-MAT-J0421W,1,False,115187,0.6363636363636364,0.21455604124795224,0.6,0.17622224400481235
DFL-MAT-J0421W,1,False,42975,0.5454545454545454,0.484581323388247,0.5,0.4905973537066587
DFL-MAT-J0421W,1,False,75675,0.7272727272727273,0.6324108365173812,0.7,0.6168032512754056
DFL-MAT-J0421W,1,False,70450,0.6363636363636364,0.8328653448727719,0.6,0.8321143138998197
DFL-MAT-J0421W,1,False,43450,0.5454545454545454,0.3218290185621505,0.5,0.2891528207998256
DFL-MAT-J0421W,1,False,13125,0.7272727272727273,0.5860159955196715,0.8,0.5811409168919085
DFL-MAT-J0421W,1,False,43250,0.9090909090909091,0.48277485160238853,0.9,0.45819052851368525
DFL-MAT-J0421W,1,False,73850,0.9090909090909091,0.6209904944099789,0.9,0.6248962186819338
DFL-MAT-J0421W,1,False,30600,0.6363636363636364,0.8639959139950074,0.6,0.8574932556574616
DFL-MAT-J0421W,1,False,48775,0.9090909090909091,0.4586720713129039,0.9,0.45106682032651113
DFL-MAT-J0421W,1,False,32400,0.6363636363636364,0.30507002390489035,0.6,0.2760302865744879
DFL-MAT-J0421W,1,False,113662,0.8181818181818182,0.7052582633196356,0.9,0.7215970904541076
DFL-MAT-J0421W,1,False,22100,0.8181818181818182,0.3985856249712081,0.8,0.38338207536369295
DFL-MAT-J0421W,1,False,121637,1.0,0.48457688659373643,1.0,0.5266127331154188
DFL-MAT-J0421W,1,False,125462,0.6363636363636364,0.8776863690485028,0.7,0.8736304854302187
DFL-MAT-J0421W,1,False,71050,0.6363636363636364,0.7154857305226188,0.7,0.7018540634436359
DFL-MAT-J0421W,1,False,56050,0.5454545454545454,0.40099178838619376,0.5,0.382068816919064
DFL-MAT-J0421W,1,False,130587,0.7272727272727273,0.6295377516699994,0.7,0.6116051410139269
DFL-MAT-J0421W,1,False,165637,1.0,0.5604910702125872,1.0,0.6500122948531817
DFL-MAT-J0421W,1,False,34400,1.0,0.25912563109704634,1.0,0.3023119318354044
DFL-MAT-J0421W,1,False,139337,0.5454545454545454,0.7126016113929008,0.5,0.6990027754668484
DFL-MAT-J0421W,1,False,102462,0.6363636363636364,0.8222266744728433,0.6,0.8141311166798835
DFL-MAT-J0421W,1,False,49375,1.0,0.6710638987888098,1.0,0.6769262635674966
DFL-MAT-J0421W,1,False,78700,0.6363636363636364,0.3669885618576164,0.7,0.34542760915377513
DFL-MAT-J0421W,1,False,18525,0.7272727272727273,0.6931772733870389,0.7,0.6867265856881313
DFL-MAT-J0421W,1,False,107012,1.0,0.515352028263147,1.0,0.5235323993907994
DFL-MAT-J0421W,1,False,139437,0.9090909090909091,0.4351284243205651,0.9,0.41309662099450783
DFL-MAT-J0421W,1,False,126337,1.0,0.3736990110327373,1.0,0.4340004610394057
DFL-MAT-J0421W,1,False,101637,0.5454545454545454,0.7462254889028284,0.5,0.7342622063673516
DFL-MAT-J0421W,1,False,38500,1.0,0.7258259498715751,1.0,0.7680092111528471
DFL-MAT-J0421W,1,False,156887,0.5454545454545454,0.6647840340241602,0.5,0.6905031870863951
DFL-MAT-J0421W,1,False,32650,1.0,0.625468888628566,1.0,0.6128217302889769
DFL-MAT-J0421W,1,False,144912,0.5454545454545454,0.5403514774616944,0.6,0.5180872165446222
DFL-MAT-J0421W,1,False,50025,1.0,0.313145033150645,1.0,0.2863480395016107
DFL-MAT-J0421W,1,False,19300,0.6363636363636364,0.7790012547959004,0.7,0.7720243184651442
DFL-MAT-J0421W,1,False,17625,1.0,0.4081628648899003,1.0,0.4266833297846585
DFL-MAT-J0421W,1,False,110587,0.6363636363636364,0.6672347710289751,0.7,0.6510583983975491
DFL-MAT-J0421W,1,False,135137,0.5454545454545454,0.7365437633323055,0.5,0.7240101961879818
DFL-MAT-J0421Z,0,False,12425,0.8181818181818182,0.5721945866724176,0.8,0.5574899160009243
DFL-MAT-J0421Z,0,False,67100,0.5454545454545454,0.8473475330418996,0.5,0.8403819667997511
DFL-MAT-J0421Z,0,False,55700,0.9090909090909091,0.8373242324251197,1.0,0.8698261266522157
DFL-MAT-J0421Z,0,False,159351,0.7272727272727273,0.7646542614480517,0.7,0.7532384968018075
DFL-MAT-J0421Z,0,False,24650,0.5454545454545454,0.7287316290920935,0.6,0.7214031737224588
DFL-MAT-J0421Z,0,False,66600,0.6363636363636364,0.6120812962601254,0.7,0.595552106623179
DFL-MAT-J0421Z,0,False,139051,0.6363636363636364,0.5048757418040393,0.6,0.4828374477805073
DFL-MAT-J0421Z,0,False,21700,0.9090909090909091,0.5811253948684738,0.9,0.590896620158986
DFL-MAT-J0421Z,0,False,182576,0.6363636363636364,0.7096946099298733,0.6,0.6957007017234154
DFL-MAT-J0421Z,0,False,72600,0.5454545454545454,0.7879873136786053,0.5,0.7828631418948253
DFL-MAT-J0421Z,0,False,48700,0.7272727272727273,0.11040626676187282,0.7,0.0673386474791623
DFL-MAT-J0421Z,0,False,158476,0.8181818181818182,0.47948683955472626,0.8,0.46439843702469863
DFL-MAT-J0421Z,0,False,111026,0.6363636363636364,0.9022271706418743,0.6,0.8975505928080236
DFL-MAT-J0421Z,0,False,61950,0.9090909090909091,0.0,0.9,0.0
DFL-MAT-J0421Z,0,False,128651,0.9090909090909091,0.48638238925259547,0.9,0.4636229935473061
DFL-MAT-J0421Z,0,False,176101,0.5454545454545454,0.5840949988878698,0.5,0.5653172613000953
DFL-MAT-J0421Z,0,False,15325,0.8181818181818182,0.27446161387517476,0.8,0.260826018152441
DFL-MAT-J0421Z,0,False,140576,0.7272727272727273,0.7123534499393702,0.7,0.7050721477302933
DFL-MAT-J0421Z,0,False,151601,0.5454545454545454,0.8551967310606134,0.5,0.8481605403584627
DFL-MAT-J0421Z,0,False,30750,0.6363636363636364,0.47709406377795605,0.6,0.455734104458111
DFL-MAT-J0421Z,0,False,143501,0.5454545454545454,0.35418156551231417,0.5,0.32367737861592416
DFL-MAT-J0421Z,0,False,144626,0.5454545454545454,0.17067924590126327,0.6,0.17381694357739552
DFL-MAT-J0421Z,0,False,118551,0.8181818181818182,0.6998310236083867,0.9,0.7004049422797678
DFL-MAT-J0421Z,0,False,143726,0.5454545454545454,0.3521016527344242,0.5,0.32291939626549204
DFL-MAT-J0421Z,0,False,121376,0.5454545454545454,0.9262342397291325,0.6,0.9239616234166346
DFL-MAT-J0421Z,0,False,119726,0.7272727272727273,0.5059945649032832,0.8,0.4883598453318565
DFL-MAT-J0421Z,0,False,38875,0.5454545454545454,0.7692550734047567,0.6,0.7581508062202412
DFL-MAT-J0421Z,0,False,179526,0.6363636363636364,0.7516363273113587,0.7,0.7421726443376216
DFL-MAT-J0421Z,0,False,172376,0.7272727272727273,0.562257201919317,0.8,0.5438716630431559
DFL-MAT-J0421Z,0,False,116751,0.8181818181818182,0.0,0.8,0.0
DFL-MAT-J0421Z,0,False,15950,1.0,0.33821567799154306,1.0,0.32168809880259686
DFL-MAT-J0421Z,0,False,171676,0.8181818181818182,0.672712696266354,0.9,0.6704655654776956
DFL-MAT-J0421Z,0,False,104176,1.0,0.2961073884343335,1.0,0.3183365610394341
DFL-MAT-J0421Z,0,False,57025,0.5454545454545454,0.5537208492881367,0.5,0.6239100834627009
DFL-MAT-J0421Z,0,False,140551,0.7272727272727273,0.6886146084787832,0.8,0.675266092772726
DFL-MAT-J0421Z,0,False,168851,0.6363636363636364,0.17389055659891783,0.6,0.13356910772012054
DFL-MAT-J0421Z,0,False,125001,0.5454545454545454,0.6064798574604509,0.6,0.5928826584322119
DFL-MAT-J0421Z,0,False,183876,1.0,0.8358530791259438,1.0,0.8369158555139402
DFL-MAT-J0421Z,0,False,117451,0.9090909090909091,0.38306720739214406,0.9,0.37222300414925114
DFL-MAT-J0421Z,0,False,48100,1.0,0.3329324941613656,1.0,0.34190555255863475
DFL-MAT-J0421Z,0,False,135051,0.9090909090909091,0.49472360381871383,0.9,0.4840436413630035
DFL-MAT-J0421Z,0,False,170451,0.8181818181818182,0.27639435710870597,0.8,0.26045207443126217
DFL-MAT-J0421Z,0,False,48175,0.7272727272727273,0.20049659587908897,0.7,0.1617742146321084
DFL-MAT-J0421Z,0,False,184576,0.5454545454545454,0.07892856151779315,0.5,0.04351787395122553
DFL-MAT-J0421Z,0,False,169776,0.8181818181818182,0.6514521653837784,0.8,0.6522352876704931
DFL-MAT-J0421Z,0,False,77275,0.6363636363636364,0.4616140367562219,0.6,0.44752060305680397
DFL-MAT-J0421Z,0,False,187426,0.8,0.5675612795021683,0.7777777777777778,0.5650375394652645
DFL-MAT-J0421Z,0,False,126701,0.5454545454545454,0.6491196559839597,0.6,0.6324294886181496
DFL-MAT-J0421Z,0,False,170976,0.5454545454545454,0.3826889234714377,0.6,0.3580816659623589
DFL-MAT-J0421Z,0,False,166101,0.9090909090909091,0.4055190843533846,0.9,0.38933933969387946
DFL-MAT-J0421Z,0,False,73375,1.0,0.41540089237957145,1.0,0.4159702738275467
DFL-MAT-J0421Z,0,False,24950,0.6363636363636364,0.7103599337563491,0.6,0.698733367884568
DFL-MAT-J0421Z,0,False,145576,0.7272727272727273,0.6904458027813133,0.7,0.6753374721729501
DFL-MAT-J0421Z,0,False,71950,0.8181818181818182,0.46496176719704685,0.8,0.4516016518386121
DFL-MAT-J0421Z,0,False,159426,0.6363636363636364,0.8003028659045621,0.6,0.7921069408466024
DFL-MAT-J0421Z,0,False,19950,0.9090909090909091,0.32317751794979244,0.9,0.3494513191999822
DFL-MAT-J0421Z,0,False,48550,0.9090909090909091,0.5130737944495951,0.9,0.5066262615153281
DFL-MAT-J0421Z,0,False,111051,0.9090909090909091,0.9302857470115172,1.0,0.933962054564947
DFL-MAT-J0421Z,0,False,183026,0.5454545454545454,0.7786253307539277,0.6,0.7729676283822035
DFL-MAT-J0421Z,0,False,60850,0.7272727272727273,0.628195778454571,0.7,0.6141110359229085
DFL-MAT-J0421Z,1,True,148501,0.6363636363636364,0.5735432238893439,0.7,0.5610510335101264
DFL-MAT-J0421Z,1,True,36050,0.8181818181818182,0.28079576007060436,0.8,0.2506608396614023
DFL-MAT-J0421Z,1,True,134851,0.6363636363636364,0.8022222863134751,0.7,0.7950820675965315
DFL-MAT-J0421Z,1,True,154651,0.5454545454545454,0.7110936303880204,0.5,0.6971286883302084
DFL-MAT-J0421Z,1,True,13775,0.8181818181818182,0.76832252378678,0.8,0.772594536650331
DFL-MAT-J0421Z,1,True,22700,1.0,0.42867605345196846,1.0,0.4504647517027781
DFL-MAT-J0421Z,1,True,159926,1.0,0.5501754934838494,1.0,0.6390864070980525
DFL-MAT-J0421Z,1,True,103026,0.9090909090909091,0.4329242627767961,1.0,0.4787078578025017
DFL-MAT-J0421Z,1,True,176601,0.6363636363636364,0.09314405675642601,0.6,0.05080260685400362
DFL-MAT-J0421Z,1,True,127001,0.8181818181818182,0.6053364077017698,0.8,0.5865404256975119
DFL-MAT-J0421Z,1,True,54550,0.5454545454545454,0.2087933983915523,0.6,0.1714051503235582
DFL-MAT-J0421Z,1,True,136051,1.0,0.379742753071591,1.0,0.35378287084567495
DFL-MAT-J0421Z,1,True,35025,0.5454545454545454,0.8945368946380332,0.5,0.8894971985023672
DFL-MAT-J0421Z,1,True,49550,0.5454545454545454,0.6066006206662425,0.5,0.6078170814351134
DFL-MAT-J0421Z,1,True,156851,0.6363636363636364,0.8330911043712816,0.7,0.8259590668497889
DFL-MAT-J0421Z,1,True,52925,1.0,0.8067463082086388,1.0,0.8093119863791085
DFL-MAT-J0421Z,1,True,23700,0.8181818181818182,0.35650218736748496,0.9,0.3384842325247718
DFL-MAT-J0421Z,1,True,60575,0.8181818181818182,0.7136493174738039,0.8,0.7115750043795599
DFL-MAT-J0421Z,1,True,155201,0.7272727272727273,0.793703938041079,0.8,0.7877377149817218
DFL-MAT-J0421Z,1,True,179051,0.5454545454545454,0.43838882537214086,0.5,0.4270816258859613
DFL-MAT-J0421Z,1,True,154101,0.6363636363636364,0.7379637242252626,0.6,0.7261801190609904
DFL-MAT-J0421Z,1,True,104601,0.5454545454545454,0.6692064322322694,0.5,0.6745515451308879
DFL-MAT-J0421Z,1,True,78450,0.5454545454545454,0.7769156471760262,0.5,0.766569684019286
DFL-MAT-J0421Z,1,True,109626,1.0,0.8110562288978478,1.0,0.8093647120031923
DFL-MAT-J0421Z,1,True,45150,0.5454545454545454,0.6744282692750121,0.6,0.6650653186215261
DFL-MAT-J0421Z,1,True,50575,0.6363636363636364,0.5038113469597815,0.6,0.4824384932768574
DFL-MAT-J0421Z,1,True,161476,0.7272727272727273,0.6222600915089231,0.8,0.6257820917731223
DFL-MAT-J0421Z,1,True,108276,0.8181818181818182,0.8270246746462127,0.9,0.8303908400109509
DFL-MAT-J0421Z,1,True,42875,0.9090909090909091,0.3805870029326214,0.9,0.373756287530291
DFL-MAT-J0421Z,1,True,131776,0.6363636363636364,0.7843517202726378,0.6,0.775005286457294
DFL-MAT-J0421Z,1,True,76000,0.8181818181818182,0.21071562664675791,0.8,0.178797223939119
DFL-MAT-J0421Z,1,True,182951,0.6363636363636364,0.7186035986979542,0.6,0.71837905486386
DFL-MAT-J0421Z,1,True,114151,0.6363636363636364,0.6794179198834631,0.6,0.6637764855351781
DFL-MAT-J0421Z,1,True,136151,0.9090909090909091,0.7533484230567142,1.0,0.7808919072514671
DFL-MAT-J0421Z,1,True,64725,1.0,0.6190283297079495,1.0,0.6007904479666808
DFL-MAT-J0421Z,1,True,148976,0.7272727272727273,0.6500605223903928,0.7,0.6330365346752507
DFL-MAT-J0421Z,1,True,59450,0.8181818181818182,0.810559429140786,0.8,0.801348665105881
DFL-MAT-J0421Z,1,True,63175,0.8181818181818182,0.7639148578849659,0.8,0.7534834707112588
DFL-MAT-J0421Z,1,True,185826,0.7272727272727273,0.7404502627035974,0.7,0.7279410774956983
DFL-MAT-J0421Z,1,True,70775,1.0,0.37344109503842904,1.0,0.38706474658483925
DFL-MAT-J0421Z,1,True,144776,0.5454545454545454,0.19262038508409363,0.5,0.15453541085180522
DFL-MAT-J0421Z,1,True,147826,0.5454545454545454,0.8354220542037705,0.6,0.8291043128737505
DFL-MAT-J0421Z,1,True,36700,0.5454545454545454,0.5733566036005144,0.5,0.5528989332224654
DFL-MAT-J0421Z,1,True,68475,0.7272727272727273,0.795639897108156,0.8,0.7887026284254857
DFL-MAT-J0421Z,1,True,101201,0.8181818181818182,0.7154160434948054,0.8,0.7073281953611068
DFL-MAT-J0421Z,1,True,132626,1.0,0.5844189870432654,1.0,0.5775630905428948
DFL-MAT-J0421Z,1,True,19100,0.7272727272727273,0.640164070015683,0.7,0.6405463969852502
DFL-MAT-J0421Z,1,True,108001,0.7272727272727273,0.6547948275439366,0.7,0.6388570189789071
DFL-MAT-J0421Z,1,True,53300,1.0,0.7534579597695157,1.0,0.7504715310476188
DFL-MAT-J0421Z,1,True,132176,0.8181818181818182,0.7415048725250597,0.8,0.7320909024194049
DFL-MAT-J0421Z,1,True,46300,0.6363636363636364,0.6523435201798029,0.6,0.6506412336510285
DFL-MAT-J0421Z,1,True,141176,1.0,0.43359827620415703,1.0,0.44357171095659986
DFL-MAT-J0421Z,1,True,66100,0.7272727272727273,0.6430314405085438,0.8,0.6314761347024945
DFL-MAT-J0421Z,1,True,156276,0.7272727272727273,0.5437701362586618,0.7,0.5263498221876552
DFL-MAT-J0421Z,1,True,76075,0.7272727272727273,0.6581191289180628,0.7,0.6439658947616487
DFL-MAT-J0421Z,1,True,23350,0.5454545454545454,0.575179391932048,0.5,0.5544461507112273
DFL-MAT-J0421Z,1,True,45175,0.5454545454545454,0.7585045023260466,0.6,0.7595954586522639
DFL-MAT-J0421Z,1,True,112526,0.8181818181818182,0.4877489141503617,0.8,0.46412712125413913
DFL-MAT-J0421Z,1,True,113676,0.8181818181818182,0.5540140634878384,0.8,0.5323583170478163
DFL-MAT-J0421Z,1,True,70850,1.0,0.34328251729795967,1.0,0.32960023711074815
DFL-MAT-J0422E,0,True,25450,0.7272727272727273,0.15186223457921733,0.7,0.11547345740370363
DFL-MAT-J0422E,0,True,58450,0.6363636363636364,0.6261825692565826,0.7,0.6108743886394107
DFL-MAT-J0422E,0,True,118574,0.7272727272727273,0.2330155169477568,0.7,0.19561799098390775
DFL-MAT-J0422E,0,True,170149,1.0,0.5397472133581034,1.0,0.567807286739197
DFL-MAT-J0422E,0,True,117349,0.5454545454545454,0.6915611269376735,0.6,0.7173442590984722
DFL-MAT-J0422E,0,True,164149,0.9090909090909091,0.5420251237697367,1.0,0.5695363367666224
DFL-MAT-J0422E,0,True,153724,0.6363636363636364,0.7603528185051581,0.7,0.8061131614785575
DFL-MAT-J0422E,0,True,171124,0.6363636363636364,0.596197848266095,0.6,0.5807806543065523
DFL-MAT-J0422E,0,True,122774,0.6363636363636364,0.5463257015887911,0.7,0.5845743923106832
DFL-MAT-J0422E,0,True,118224,0.5454545454545454,0.6171075797267085,0.6,0.5984247745833866
DFL-MAT-J0422E,0,True,55350,0.8181818181818182,0.6656419940672119,0.8,0.6606958082220273
DFL-MAT-J0422E,0,True,55300,1.0,0.745295375480473,1.0,0.7412816809171676
DFL-MAT-J0422E,0,True,67450,0.9090909090909091,0.40562126234162776,0.9,0.40267082167103085
DFL-MAT-J0422E,0,True,55725,0.9090909090909091,0.8681591004367109,0.9,0.8632179554105599
DFL-MAT-J0422E,0,True,109674,0.5454545454545454,0.7568120399639686,0.5,0.8163573176065635
DFL-MAT-J0422E,0,True,116899,0.5454545454545454,0.7795633078515386,0.6,0.7707366016797337
DFL-MAT-J0422E,0,True,169974,0.9090909090909091,0.4336986693459326,0.9,0.4243435032242151
DFL-MAT-J0422E,0,True,32525,1.0,0.32229918998526175,1.0,0.3690979271678624
DFL-MAT-J0422E,0,True,105549,0.7272727272727273,0.6467440718679291,0.7,0.6311920521963446
DFL-MAT-J0422E,0,True,73000,0.9090909090909091,0.5293212299302482,1.0,0.6334651172216039
DFL-MAT-J0422E,0,True,159524,0.8181818181818182,0.8013006191160773,0.8,0.7926887979790428
DFL-MAT-J0422E,0,True,71425,1.0,0.5342936615721068,1.0,0.6024671912119809
DFL-MAT-J0422E,0,True,25375,1.0,0.286963247856194,1.0,0.31002716440045264
DFL-MAT-J0422E,0,True,105774,1.0,0.4631846094343406,1.0,0.44952400716348717
DFL-MAT-J0422E,0,True,108899,0.9090909090909091,0.6803982214197908,0.9,0.6832960656882217
DFL-MAT-J0422E,0,True,159124,0.5454545454545454,0.6902166976498629,0.5,0.7182196062005886
DFL-MAT-J0422E,0,True,177099,0.9090909090909091,0.13996737893629163,0.9,0.13224868084064156
DFL-MAT-J0422E,0,True,141524,1.0,0.4469082716592996,1.0,0.4569559325949585
DFL-MAT-J0422E,0,True,119074,0.7272727272727273,0.8231105943416728,0.8,0.9117546112370478
DFL-MAT-J0422E,0,True,129924,0.8181818181818182,0.5115960878510726,0.8,0.5074891226920621
DFL-MAT-J0422E,0,True,21375,0.8181818181818182,0.402923123219585,0.8,0.3777023679697852
DFL-MAT-J0422E,0,True,107374,0.6363636363636364,0.33665687362820107,0.6,0.3888183229277118
DFL-MAT-J0422E,0,True,32025,0.6363636363636364,0.7090809855412465,0.7,0.7061774856020175
DFL-MAT-J0422E,0,True,72800,1.0,0.4965684900623565,1.0,0.542296011761634
DFL-MAT-J0422E,0,True,56925,0.9090909090909091,0.7132745921755834,0.9,0.6995069741245805
DFL-MAT-J0422E,0,True,74175,0.7272727272727273,0.6871022137222471,0.8,0.6917011715395889
DFL-MAT-J0422E,0,True,44475,1.0,0.5884364979644903,1.0,0.5918355644491784
DFL-MAT-J0422E,0,True,118024,0.9090909090909091,0.7406363818044175,1.0,0.7869244072914632
DFL-MAT-J0422E,0,True,107824,0.7272727272727273,0.5698660953353574,0.7,0.5498460006247099
DFL-MAT-J0422E,0,True,33150,0.8181818181818182,0.839854471464975,0.8,0.8320379802444359
DFL-MAT-J0422E,0,True,29400,0.6363636363636364,0.09076198129493507,0.6,0.051475022029300654
DFL-MAT-J0422E,0,True,76775,1.0,0.7369509248025949,1.0,0.7311035199611284
DFL-MAT-J0422E,0,True,16875,0.7272727272727273,0.0,0.7,0.0
DFL-MAT-J0422E,0,True,141749,0.6363636363636364,0.6950607653598402,0.6,0.6805886664100343
DFL-MAT-J0422E,0,True,154424,0.9090909090909091,0.3766122207454875,0.9,0.37065126608475774
DFL-MAT-J0422E,0,True,155124,0.5454545454545454,0.4703424605421612,0.5,0.44451558465623653
DFL-MAT-J0422E,0,True,18325,0.9090909090909091,0.268919101202279,0.9,0.2895864227543773
DFL-MAT-J0422E,0,True,49375,0.8181818181818182,0.4629573938150462,0.8,0.4385507739662482
DFL-MAT-J0422E,0,True,104799,1.0,0.41642787156996086,1.0,0.39073738423562254
DFL-MAT-J0422E,0,True,153874,0.6363636363636364,0.6242786004400032,0.7,0.7291017448841478
DFL-MAT-J0422E,0,True,142124,0.9090909090909091,0.46438644064159906,0.9,0.4448937408988829
DFL-MAT-J0422E,0,True,71450,0.9090909090909091,0.5518843411723444,1.0,0.6252715359192138
DFL-MAT-J0422E,0,True,65400,0.5454545454545454,0.6804907343482984,0.6,0.682490512306644
DFL-MAT-J0422E,0,True,176349,0.7272727272727273,0.0,0.8,0.0
DFL-MAT-J0422E,0,True,53625,0.8181818181818182,0.7266732344101392,0.8,0.7358325772153493
DFL-MAT-J0422E,0,True,54700,0.5454545454545454,0.48212337155064344,0.5,0.4834648959466744
DFL-MAT-J0422E,0,True,175724,0.7272727272727273,0.7369410185668305,0.8,0.7419538790180207
DFL-MAT-J0422E,0,True,149274,0.9090909090909091,0.5180785573948601,0.9,0.5300933953619781
DFL-MAT-J0422E,0,True,72725,0.7272727272727273,0.32677519695777457,0.8,0.32195042579726874
DFL-MAT-J0422E,0,True,78075,0.7272727272727273,0.6219764847996705,0.8,0.6545177673420192
DFL-MAT-J0422E,1,False,45775,0.7272727272727273,0.7253110475850449,0.7,0.7120000779668122
DFL-MAT-J0422E,1,False,14025,0.6363636363636364,0.8151162809171688,0.7,0.8088752454808845
DFL-MAT-J0422E,1,False,125649,0.5454545454545454,0.8682893590987977,0.5,0.9093526452335843
DFL-MAT-J0422E,1,False,156699,0.9090909090909091,0.6257636989383695,0.9,0.6177948601666989
DFL-MAT-J0422E,1,False,144924,0.5454545454545454,0.15655993933707346,0.6,0.13254223214545002
DFL-MAT-J0422E,1,False,24500,0.9090909090909091,0.3768076818085898,0.9,0.3604411642724349
DFL-MAT-J0422E,1,False,81925,0.6363636363636364,0.49459717504043954,0.7,0.48201411079010326
DFL-MAT-J0422E,1,False,133074,0.6363636363636364,0.8436659942967003,0.6,0.8362040537301743
DFL-MAT-J0422E,1,False,124774,0.7272727272727273,0.48254533032962676,0.7,0.45848629305465793
DFL-MAT-J0422E,1,False,71525,0.9090909090909091,0.5430049072745078,0.9,0.5207698345521925
DFL-MAT-J0422E,1,False,30350,0.6363636363636364,0.36097336358535437,0.6,0.34003151696178757
DFL-MAT-J0422E,1,False,116324,0.6363636363636364,0.5692795209494941,0.6,0.5483303232792931
DFL-MAT-J0422E,1,False,50450,0.7272727272727273,0.5701432100235853,0.8,0.7218836505368313
DFL-MAT-J0422E,1,False,128724,0.5454545454545454,0.7440762833159646,0.5,0.7316611817107581
DFL-MAT-J0422E,1,False,147624,0.6363636363636364,0.20045885242807326,0.7,0.1629514319592954
DFL-MAT-J0422E,1,False,63650,0.9090909090909091,0.26663720188732565,0.9,0.27321297822574986
DFL-MAT-J0422E,1,False,116224,1.0,0.28834448574856086,1.0,0.295190119548849
DFL-MAT-J0422E,1,False,26625,0.6363636363636364,0.9337227735417154,0.6,0.9365507195286843
DFL-MAT-J0422E,1,False,159949,0.8181818181818182,0.7383711080073951,0.9,0.7463203181465217
DFL-MAT-J0422E,1,False,20025,0.5454545454545454,0.7043298184245375,0.6,0.6954157397536023
DFL-MAT-J0422E,1,False,29700,0.7272727272727273,0.3196938916346782,0.7,0.2865794940309325
DFL-MAT-J0422E,1,False,129024,0.6363636363636364,0.7777496052024137,0.7,0.7684322410857716
DFL-MAT-J0422E,1,False,30225,0.8181818181818182,0.3809447476347735,0.8,0.36365567180917235
DFL-MAT-J0422E,1,False,147149,1.0,0.07009440935215483,1.0,0.12185756544435167
DFL-MAT-J0422E,1,False,53275,0.5454545454545454,0.6803655050411045,0.5,0.6812448130149493
DFL-MAT-J0422E,1,False,108724,0.6363636363636364,0.7330499614328407,0.6,0.7234082474812035
DFL-MAT-J0422E,1,False,172574,0.5454545454545454,0.4343488008168145,0.6,0.4068258163400762
DFL-MAT-J0422E,1,False,162774,0.5454545454545454,0.30952745820935423,0.5,0.29849607127513333
DFL-MAT-J0422E,1,False,40025,0.7272727272727273,0.7282267494388943,0.7,0.7152301901369332
DFL-MAT-J0422E,1,False,132799,0.8181818181818182,0.7183498077380654,0.8,0.7058244990061708
DFL-MAT-J0422E,1,False,14075,0.9090909090909091,0.857082516768571,1.0,0.8731791103889013
DFL-MAT-J0422E,1,False,126624,0.5454545454545454,0.7317791345424555,0.5,0.7372802618645771
DFL-MAT-J0422E,1,False,45675,0.6363636363636364,0.6918277426092805,0.6,0.6843720143759023
DFL-MAT-J0422E,1,False,108149,0.6363636363636364,0.46025428963289283,0.7,0.43909228149450763
DFL-MAT-J0422E,1,False,26300,0.6363636363636364,0.4746454920190998,0.7,0.47598223856677424
DFL-MAT-J0422E,1,False,76575,0.9090909090909091,0.03608622316688315,0.9,0.06127984804639097
DFL-MAT-J0422E,1,False,147249,0.9090909090909091,0.25744581475884476,0.9,0.26794169783904376
DFL-MAT-J0422E,1,False,108474,0.8181818181818182,0.7709682582345881,0.8,0.7637559591969693
DFL-MAT-J0422E,1,False,161249,0.5454545454545454,0.7941920193040959,0.6,0.7895263682827481
DFL-MAT-J0422E,1,False,103824,0.9090909090909091,0.17614511370377528,1.0,0.4249200657532616
DFL-MAT-J0422E,1,False,10375,0.6363636363636364,0.5018708955436941,0.7,0.4952848052827794
DFL-MAT-J0422E,1,False,167999,1.0,0.8502656668914198,1.0,0.8478751600134597
DFL-MAT-J0422E,1,False,177774,1.0,0.18655013823872335,1.0,0.16837861883490257
DFL-MAT-J0422E,1,False,100224,0.8181818181818182,0.43817980374849197,0.8,0.41123870984183275
DFL-MAT-J0422E,1,False,12575,0.6363636363636364,0.5444599401034218,0.6,0.5223474574688158
DFL-MAT-J0422E,1,False,40300,0.7272727272727273,0.5239405060476214,0.8,0.5281304768115158
DFL-MAT-J0422E,1,False,81850,1.0,0.6508813124603415,1.0,0.7077503676118659
DFL-MAT-J0422E,1,False,62825,0.5454545454545454,0.042363668426868895,0.5,0.003929195971192123
DFL-MAT-J0422E,1,False,141224,0.9090909090909091,0.2719677409632453,0.9,0.26036317692850797
DFL-MAT-J0422E,1,False,42500,0.6363636363636364,0.5671247772193104,0.7,0.5516323351064949
DFL-MAT-J0422E,1,False,109174,0.8181818181818182,0.1564135322674821,0.8,0.1448192419446762
DFL-MAT-J0422E,1,False,159999,0.6363636363636364,0.3541528448789871,0.7,0.32513343033394837
DFL-MAT-J0422E,1,False,172174,0.5454545454545454,0.32187527146916406,0.5,0.35159709536234174
DFL-MAT-J0422E,1,False,136024,0.6363636363636364,0.7629349165698968,0.6,0.7516003254320419
DFL-MAT-J0422E,1,False,142274,0.9090909090909091,0.0,0.9,0.0
DFL-MAT-J0422E,1,False,23875,0.9090909090909091,0.5680066219727147,0.9,0.5469951299085081
DFL-MAT-J0422E,1,False,151024,0.6363636363636364,0.5269418057832416,0.6,0.5202975665542539
DFL-MAT-J0422E,1,False,145199,1.0,0.6612399087793712,1.0,0.7046341225820558
DFL-MAT-J0422E,1,False,133124,0.5454545454545454,0.7427812886503856,0.6,0.7307478846116073
DFL-MAT-J0422E,1,False,72075,0.9090909090909091,0.07717986181223158,0.9,0.03340046793531004
DFL-MAT-J0422G,0,False,53525,0.5454545454545454,0.7000723584184224,0.6,0.6919405301789353
DFL-MAT-J0422G,0,False,62150,0.8181818181818182,0.3680870515995214,0.8,0.35540650078173597
DFL-MAT-J0422G,0,False,60075,0.6363636363636364,0.6391898736444495,0.7,0.6330083428104567
DFL-MAT-J0422G,0,False,146865,0.7272727272727273,0.8353886834513302,0.7,0.8771937573005666
DFL-MAT-J0422G,0,False,116765,0.7272727272727273,0.6391752372239,0.7,0.6245430721178826
DFL-MAT-J0422G,0,False,159290,0.5454545454545454,0.4819584509186714,0.6,0.5396600034139062
DFL-MAT-J0422G,0,False,101265,0.5454545454545454,0.3163419323475083,0.5,0.2873774523613293
DFL-MAT-J0422G,0,False,33400,0.6363636363636364,0.7403429218210447,0.7,0.7322210214951289
DFL-MAT-J0422G,0,False,63875,0.9090909090909091,0.6838087451616115,0.9,0.6699804661545922
DFL-MAT-J0422G,0,False,145490,0.9090909090909091,0.4925136054120135,1.0,0.6340762663558195
DFL-MAT-J0422G,0,False,69200,0.8181818181818182,0.4743069788777383,0.9,0.4738797215666779
DFL-MAT-J0422G,0,False,160240,1.0,0.6955114772726525,1.0,0.6876556994825748
DFL-MAT-J0422G,0,False,117515,1.0,0.5023343011215178,1.0,0.5255016749245603
DFL-MAT-J0422G,0,False,48425,0.7272727272727273,0.6791580974337947,0.7,0.6635341596031752
DFL-MAT-J0422G,0,False,114015,0.8181818181818182,0.8291650636500182,0.8,0.8209300286755113
DFL-MAT-J0422G,0,False,80775,0.6363636363636364,0.4353436282047355,0.7,0.42082732215160823
DFL-MAT-J0422G,0,False,151315,0.8181818181818182,0.5787364148688822,0.8,0.5594621134682402
DFL-MAT-J0422G,0,False,36650,0.6363636363636364,0.5563677032207242,0.7,0.5413892733521671
DFL-MAT-J0422G,0,False,45750,0.5454545454545454,0.9151652258605856,0.6,0.9114187829209008
DFL-MAT-J0422G,0,False,18275,0.9090909090909091,0.4096462247980459,0.9,0.41469676973507796
DFL-MAT-J0422G,0,False,152165,0.5454545454545454,0.43760690472532326,0.5,0.4129155989528861
DFL-MAT-J0422G,0,False,167490,0.6363636363636364,0.2917525910550063,0.7,0.2784660618421556
DFL-MAT-J0422G,0,False,154665,0.9090909090909091,0.6514374571824069,0.9,0.635328110566681
DFL-MAT-J0422G,0,False,33525,0.5454545454545454,0.7311562693370336,0.6,0.7238260236637832
DFL-MAT-J0422G,0,False,154690,0.7272727272727273,0.631208605616814,0.7,0.6132109189147479
DFL-MAT-J0422G,0,False,163565,0.7272727272727273,0.7781266630684611,0.7,0.7685149229718871
DFL-MAT-J0422G,0,False,63050,0.7272727272727273,0.6535885679819258,0.8,0.6425766880918706
DFL-MAT-J0422G,0,False,146090,0.5454545454545454,0.7894672272242897,0.6,0.7856883828609122
DFL-MAT-J0422G,0,False,48675,0.5454545454545454,0.8236384870065736,0.5,0.8215162742188906
DFL-MAT-J0422G,0,False,46300,0.6363636363636364,0.8704864986977312,0.6,0.8648383269053184
DFL-MAT-J0422G,0,False,33600,0.5454545454545454,0.7491420605935347,0.6,0.7378792006039125
DFL-MAT-J0422G,0,False,142965,0.9090909090909091,0.52936743833376,0.9,0.5348928834073973
DFL-MAT-J0422G,0,False,46675,0.5454545454545454,0.830878467870626,0.5,0.8239661235855371
DFL-MAT-J0422G,0,False,36500,0.6363636363636364,0.736934490508561,0.6,0.7274996166162724
DFL-MAT-J0422G,0,False,161790,0.6363636363636364,0.7670542041443599,0.6,0.7561362012510716
DFL-MAT-J0422G,0,False,33875,0.9090909090909091,0.41721251767160406,1.0,0.42813441487734716
DFL-MAT-J0422G,0,False,157915,0.6363636363636364,0.6946674317538757,0.6,0.6799695522856473
DFL-MAT-J0422G,0,False,174190,0.8181818181818182,0.3505629656963517,0.8,0.32805290814348664
DFL-MAT-J0422G,0,False,169540,0.9090909090909091,0.38574223288446385,1.0,0.4263384314090669
DFL-MAT-J0422G,0,False,65950,1.0,0.7701659303712011,1.0,0.7903174869339241
DFL-MAT-J0422G,0,False,59525,0.6363636363636364,0.44740082290359984,0.6,0.42129324485752695
DFL-MAT-J0422G,0,False,56500,0.5454545454545454,0.7370030673086194,0.5,0.7308561634814821
DFL-MAT-J0422G,0,False,47950,0.7272727272727273,0.747370126488853,0.7,0.7379651097183915
DFL-MAT-J0422G,0,False,117065,0.5454545454545454,0.4098546680695968,0.6,0.38313876778114897
DFL-MAT-J0422G,0,False,80650,0.5454545454545454,0.44165140834055006,0.6,0.42287533482396067
DFL-MAT-J0422G,0,False,158640,1.0,0.39578787180003827,1.0,0.45703382178867424
DFL-MAT-J0422G,0,False,137265,0.6363636363636364,0.7135661872199188,0.6,0.6996484076889007
DFL-MAT-J0422G,0,False,71900,0.6363636363636364,0.7665600729798865,0.6,0.7556372245635542
DFL-MAT-J0422G,0,False,155640,0.7272727272727273,0.6804225307537375,0.8,0.6661061121127091
DFL-MAT-J0422G,0,False,123090,0.5454545454545454,0.32399285952572654,0.6,0.29830562090453694
DFL-MAT-J0422G,0,False,22275,0.6363636363636364,0.2892725568518105,0.6,0.25687881225471954
DFL-MAT-J0422G,0,False,28575,0.9090909090909091,0.20927900981173087,0.9,0.1901660114357323
DFL-MAT-J0422G,0,False,27450,0.9090909090909091,0.5984465175630032,0.9,0.6037019420851557
DFL-MAT-J0422G,0,False,73450,0.6363636363636364,0.45464085612701044,0.6,0.4284314424237473
DFL-MAT-J0422G,0,False,127940,0.5454545454545454,0.5946163010423593,0.6,0.5857367098308923
DFL-MAT-J0422G,0,False,38400,0.8181818181818182,0.6697838155737118,0.8,0.6721074085854073
DFL-MAT-J0422G,0,False,127290,0.6363636363636364,0.6482143357772576,0.7,0.6370655797696063
DFL-MAT-J0422G,0,False,62050,0.8181818181818182,0.5102234321048298,0.8,0.49150002834978723
DFL-MAT-J0422G,0,False,27475,0.6363636363636364,0.5099877748833279,0.7,0.49937589010101346
DFL-MAT-J0422G,0,False,105365,0.5454545454545454,0.32199109654199065,0.6,0.29040516018000007
DFL-MAT-J0422G,1,True,133690,0.9090909090909091,0.6500436005850629,0.9,0.6383969347541198
DFL-MAT-J0422G,1,True,115165,0.6363636363636364,0.4531611054332876,0.6,0.4443197302272577
DFL-MAT-J0422G,1,True,149840,0.5454545454545454,0.6060504921167759,0.6,0.6381300883908871
DFL-MAT-J0422G,1,True,172840,1.0,0.431174124116421,1.0,0.46288404597984245
DFL-MAT-J0422G,1,True,17225,0.9090909090909091,0.4952688431316583,1.0,0.6146489904719692
DFL-MAT-J0422G,1,True,42150,1.0,0.46541993056606257,1.0,0.5563128889815291
DFL-MAT-J0422G,1,True,77350,0.5454545454545454,0.5109224963465,0.5,0.49160112678934087
DFL-MAT-J0422G,1,True,133615,1.0,0.6651774612348171,1.0,0.691724864541036
DFL-MAT-J0422G,1,True,111740,0.8181818181818182,0.681184966597468,0.9,0.677264419525079
DFL-MAT-J0422G,1,True,159715,0.6363636363636364,0.31850085321917465,0.7,0.632549697060674
DFL-MAT-J0422G,1,True,27825,0.9090909090909091,0.0,0.9,0.0
DFL-MAT-J0422G,1,True,39850,0.9090909090909091,0.4102149790370925,0.9,0.38901588149425237
DFL-MAT-J0422G,1,True,52600,0.6363636363636364,0.19834516116293854,0.6,0.15921743335544358
DFL-MAT-J0422G,1,True,30475,0.6363636363636364,0.7198283715093112,0.6,0.7081535164128365
DFL-MAT-J0422G,1,True,34225,0.7272727272727273,0.1675379113174641,0.7,0.12887353301448157
DFL-MAT-J0422G,1,True,120765,0.6363636363636364,0.6824093730813325,0.6,0.6688442564298325
DFL-MAT-J0422G,1,True,28750,0.5454545454545454,0.47724141275231124,0.6,0.4517725017804667
DFL-MAT-J0422G,1,True,11675,0.9090909090909091,0.5751250898205689,0.9,0.5831585282634881
DFL-MAT-J0422G,1,True,171890,0.8181818181818182,0.23856145033490062,0.8,0.20728501227218576
DFL-MAT-J0422G,1,True,177315,0.7272727272727273,0.41463975883351456,0.7,0.38685132436372305
DFL-MAT-J0422G,1,True,148615,0.6363636363636364,0.6177135009118333,0.6,0.5990807766515711
DFL-MAT-J0422G,1,True,176090,0.9090909090909091,0.18305145267663303,0.9,0.14482227508477064
DFL-MAT-J0422G,1,True,25100,0.8181818181818182,0.6170817496943578,0.8,0.6030260842565387
DFL-MAT-J0422G,1,True,100740,1.0,0.5090571272765813,1.0,0.5978787935404948
DFL-MAT-J0422G,1,True,41975,0.6363636363636364,0.6070070091161295,0.6,0.5885239869419676
DFL-MAT-J0422G,1,True,51125,0.6363636363636364,0.661449558379467,0.7,0.6538264798228681
DFL-MAT-J0422G,1,True,74825,0.8181818181818182,0.7714176629215855,0.8,0.7681208041041924
DFL-MAT-J0422G,1,True,74575,0.8181818181818182,0.6676577057674331,0.8,0.656350765563451
DFL-MAT-J0422G,1,True,178665,0.7272727272727273,0.36190474869718525,0.8,0.34350257636614456
DFL-MAT-J0422G,1,True,26650,1.0,0.4809711508485762,1.0,0.5467318429180512
DFL-MAT-J0422G,1,True,102015,1.0,0.4825752798205464,1.0,0.45892727332900274
DFL-MAT-J0422G,1,True,36275,0.5454545454545454,0.4673173714922093,0.5,0.45349535124497475
DFL-MAT-J0422G,1,True,18900,0.7272727272727273,0.6475932921650638,0.7,0.6547216396421212
DFL-MAT-J0422G,1,True,56725,0.7272727272727273,0.5363466350799568,0.7,0.5137330642065526
DFL-MAT-J0422G,1,True,110590,0.8181818181818182,0.7395322797597681,0.9,0.7309207952930094
DFL-MAT-J0422G,1,True,104390,0.7272727272727273,0.30384536411184104,0.7,0.2987689433241527
DFL-MAT-J0422G,1,True,80400,0.7272727272727273,0.33649280806863746,0.7,0.3428552242559664
DFL-MAT-J0422G,1,True,25000,1.0,0.6096715571135731,1.0,0.6657768661105161
DFL-MAT-J0422G,1,True,124965,0.8181818181818182,0.7269896032859144,0.9,0.7283433709448708
DFL-MAT-J0422G,1,True,40775,0.6363636363636364,0.6196817349933497,0.7,0.6150952858480417
DFL-MAT-J0422G,1,True,115290,0.5454545454545454,0.48171880247245946,0.5,0.45986955340516067
DFL-MAT-J0422G,1,True,17600,0.5454545454545454,0.2986998917211391,0.6,0.2750783727829862
DFL-MAT-J0422G,1,True,76025,0.5454545454545454,0.7006870202578467,0.6,0.6920161007009465
DFL-MAT-J0422G,1,True,49175,0.5454545454545454,0.3021070038072997,0.5,0.26867617509735875
DFL-MAT-J0422G,1,True,150615,0.9090909090909091,0.7854620160622562,0.9,0.7853540979858007
DFL-MAT-J0422G,1,True,142415,0.6363636363636364,0.6398877236712182,0.6,0.6737532590184094
DFL-MAT-J0422G,1,True,126590,0.7272727272727273,0.3697980292082649,0.7,0.3400760770456973
DFL-MAT-J0422G,1,True,125690,0.8181818181818182,0.6112671823248665,0.9,0.5979350687397561
DFL-MAT-J0422G,1,True,20275,0.9090909090909091,0.6786792231612815,0.9,0.6915808270538468
DFL-MAT-J0422G,1,True,110565,0.5454545454545454,0.678941773471777,0.6,0.67748613624195
DFL-MAT-J0422G,1,True,178715,0.6363636363636364,0.6360711681349409,0.6,0.6204337873722316
DFL-MAT-J0422G,1,True,133590,0.8181818181818182,0.2868000808925727,0.8,0.25215048383282157
DFL-MAT-J0422G,1,True,111665,0.8181818181818182,0.6498693369110808,0.8,0.6369365400581093
DFL-MAT-J0422G,1,True,29875,0.7272727272727273,0.891669371470759,0.7,0.8899912747696921
DFL-MAT-J0422G,1,True,39550,1.0,0.24439067281051008,1.0,0.2651559959334393
DFL-MAT-J0422G,1,True,176815,0.9090909090909091,0.7910572225279193,0.9,0.7820860350133587
DFL-MAT-J0422G,1,True,15500,1.0,0.49154843345609445,1.0,0.4912696305556087
DFL-MAT-J0422G,1,True,29325,0.8181818181818182,0.2953915990799163,0.8,0.2610849238070143
DFL-MAT-J0422G,1,True,44150,1.0,0.5398131441625038,1.0,0.5768508373631975
DFL-MAT-J0422G,1,True,11150,0.9090909090909091,0.6521740779479348,1.0,0.6791461230053597
