match_id,team,is_hsv,frame,std_vy_instant,std_speed_instant,std_vy_windowed,std_speed_windowed
DFL-MAT-J041UB,0,False,11671,171.94138289081474,96.17800151465308,126.87349973525536,88.84535353292625
DFL-MAT-J041UB,0,False,11881,177.53462966478327,137.6360547325843,140.03027093866393,128.26960122365188
DFL-MAT-J041UB,0,False,12032,86.16562280805714,97.27893256965977,76.52937457673258,85.00188609654387
DFL-MAT-J041UB,0,False,28605,178.72821626456235,126.25415260482183,177.44384922410828,111.59861362091446
DFL-MAT-J041UB,0,False,28726,82.88927880266199,85.66290057336788,75.98909854853595,101.69038568595849
DFL-MAT-J041UB,0,False,124063,180.84045574165253,167.49826485351423,147.09223635020692,181.21139034495093
DFL-MAT-J041UB,0,False,132540,119.61845393571105,157.70578072054397,80.75065135010648,147.84912059299526
DFL-MAT-J041UB,0,False,144131,95.86729136523518,110.59828220486561,100.78629193176043,113.00023682940744
DFL-MAT-J041UB,0,False,149983,88.20479303165504,103.707903288428,86.37543513864235,94.68354446144035
DFL-MAT-J041UB,0,False,150665,98.1764624840271,116.55190097310609,120.40513237678157,114.65398167317643
DFL-MAT-J041UB,0,False,150777,211.0402341365075,172.11805340766193,180.1072418626416,129.76182403564528
DFL-MAT-J041UB,0,False,150838,129.36397877156728,66.54917342987146,181.36701237525128,97.16711426351274
DFL-MAT-J041UB,0,False,152153,168.6367715762604,123.14291477698872,148.22285158267914,103.64052575399026
DFL-MAT-J041UB,0,False,152369,141.9620821998153,130.17938888537935,164.69500783399542,143.06125561122056
DFL-MAT-J041UB,0,False,165058,94.45650944048654,64.71384798828623,75.83412022493803,55.82843452952679
DFL-MAT-J041UB,0,False,170877,125.12439358833078,110.23365118437466,123.4400553361677,115.43609311273678
DFL-MAT-J041UB,1,True,26980,127.07875140743357,143.1802840285791,129.77812640787826,177.7896495346365
DFL-MAT-J041UB,1,True,33302,133.641565140572,92.99932984608587,99.22201975784078,99.743591859393
DFL-MAT-J041UB,1,True,38239,99.87257641913507,76.16285502173709,167.0004255441512,82.48127849668886
DFL-MAT-J041UB,1,True,46624,115.64260611516931,123.95777089083195,83.39842744854721,80.01884886394924
DFL-MAT-J041UB,1,True,47606,111.68768531629217,151.7220247007887,100.31193831988601,104.7092494410616
DFL-MAT-J041UB,1,True,50828,167.66748745991353,192.39774540137702,151.0561413576177,151.086078009896
DFL-MAT-J041UB,1,True,60385,211.2746096881018,131.19672147385995,205.68855339064262,146.21389307744656
DFL-MAT-J041UB,1,True,66312,172.36115300588222,123.20643943188318,191.65978782558648,130.93516705348756
DFL-MAT-J041UB,1,True,74710,136.3811136827662,113.91782979359431,119.0341328435697,128.87550676848556
DFL-MAT-J041UB,1,True,74831,142.34361351004978,95.2731359432792,88.36919041044165,78.05605184412221
DFL-MAT-J041UB,1,True,115072,84.09400782354571,56.1101691496192,88.71167271988998,58.25752812887529
DFL-MAT-J041UB,1,True,122150,166.59740515764912,81.81463216911192,130.248867561255,86.05370753028402
DFL-MAT-J041UB,1,True,122773,197.94925596320712,148.8806140963784,182.08655524421442,131.64599860037248
DFL-MAT-J041UB,1,True,126837,102.58491422413816,92.64823768725205,71.06979054141988,70.4733202932455
DFL-MAT-J041UB,1,True,128069,132.6407804612184,132.79578619773693,130.2114594447915,133.92045157755143
DFL-MAT-J041UB,1,True,129467,131.9933478170691,160.10258501807553,93.39650375963244,120.03889771987903
DFL-MAT-J041UB,1,True,129952,119.91286716440466,111.7964695965176,81.3861438698075,83.15689745021687
DFL-MAT-J041UB,1,True,131743,111.11921460513008,169.5371369927597,113.95320325939043,129.610959960148
DFL-MAT-J041UB,1,True,131846,172.08487908366453,150.23051222435845,209.52939663804767,160.7955704883849
DFL-MAT-J041UB,1,True,136794,89.26797617618139,178.07757248038533,92.87400651981727,176.99598135023547
DFL-MAT-J041UB,1,True,137100,75.29638898358529,54.044238855386425,55.95678116378541,104.98631905758548
DFL-MAT-J041UB,1,True,137189,102.59849656431086,114.68840547264192,116.66734292696457,130.36668202265847
DFL-MAT-J041UB,1,True,141124,129.3252134566577,80.72343937442638,141.74083823877135,76.08628015666137
DFL-MAT-J041UB,1,True,152235,147.36559483015128,119.81459410606321,145.4939862429549,104.3344875820112
DFL-MAT-J041UB,1,True,169715,150.29851556553368,78.94426104955453,141.9373617139927,51.860678425310795
DFL-MAT-J041UN,0,True,36396,162.6227776619666,143.8973217963292,142.20480561601013,130.14839546103488
DFL-MAT-J041UN,0,True,36407,148.60905699397802,117.54853552281946,151.69352312997074,139.18251151646953
DFL-MAT-J041UN,0,True,37339,177.2472377113227,165.67335462243247,173.83621103718235,163.5036900228669
DFL-MAT-J041UN,0,True,70706,137.5462213315564,143.60947930974794,137.23818683383212,139.35624752791614
DFL-MAT-J041UN,0,True,76717,191.12872956035648,166.79296451939152,191.54478728523242,164.1596671673972
DFL-MAT-J041UN,0,True,111985,142.48793539070635,98.2694841958272,127.34820748437033,91.22541626286625
DFL-MAT-J041UN,0,True,116349,101.69528712086863,150.9304956256692,121.02411858088315,123.62827271426393
DFL-MAT-J041UN,0,True,116397,157.08166852186886,163.9706979772746,106.834543374514,177.75168333000173
DFL-MAT-J041UN,0,True,116502,106.81459169026002,112.03848596965399,111.69210879641223,118.81640787345866
DFL-MAT-J041UN,0,True,116562,70.74972792433974,59.07892216198717,40.36931845643193,90.74317649710517
DFL-MAT-J041UN,0,True,121093,105.69366293541607,178.28745992336107,108.84766422937653,170.02539046149067
DFL-MAT-J041UN,0,True,125115,118.68406070562483,97.90107278301322,109.6898061877972,106.22368976327539
DFL-MAT-J041UN,0,True,141878,68.05286994123665,75.14675405480763,105.21205236142497,100.82174298994974
DFL-MAT-J041UN,0,True,144802,144.49827877773905,95.98603415113959,143.8613728200478,97.40593199468634
DFL-MAT-J041UN,0,True,148779,143.4279348547186,129.42141581768666,140.39981183449905,158.0211947894265
DFL-MAT-J041UN,0,True,151574,82.31642609699915,50.22212458035,74.04392346966549,45.406333238951895
DFL-MAT-J041UN,0,True,153883,140.64328571559307,128.4077998570312,144.5870826259856,138.46739904471022
DFL-MAT-J041UN,0,True,162115,186.23129882719843,197.29608224685694,164.5370445981382,186.22584904053852
DFL-MAT-J041UN,0,True,163561,104.03326228920615,118.03519386843222,95.99156452406503,104.66202305504876
DFL-MAT-J041UN,0,True,174928,129.1462073654386,108.633993662431,110.37945555662735,84.39115467852996
DFL-MAT-J041UN,0,True,175074,157.2827907616062,150.20316378093256,152.22350208094576,123.40425492659011
DFL-MAT-J041UN,0,True,178390,109.2037136357631,99.89442739686737,80.30056162181145,109.88322272501854
DFL-MAT-J041UN,1,False,14267,96.45717797349877,105.35654339318936,96.79301509041414,99.5562700650078
DFL-MAT-J041UN,1,False,14472,151.07703805593016,131.97522804149796,112.22466691917555,130.47767377519452
DFL-MAT-J041UN,1,False,15324,175.71101238989328,136.73330682720515,135.24492725295832,127.12729625062292
DFL-MAT-J041UN,1,False,19073,161.9289074591603,145.29841814790865,114.36100157237266,117.0189561143004
DFL-MAT-J041UN,1,False,31140,90.025358174977,64.25515092989407,94.77790043377726,71.68625016326473
DFL-MAT-J041UN,1,False,70327,110.12235494383204,138.11190390677115,112.36631761453688,123.37736464958219
DFL-MAT-J041UN,1,False,108769,163.88059997145723,96.75261164849292,147.4773202953482,83.97043540966702
DFL-MAT-J041UN,1,False,110823,14.173882742918892,13.04674957646933,4.72194250166729,4.667158044572851
DFL-MAT-J041UN,1,False,114809,27.957753545206156,26.493409087608267,19.89891600420473,17.21294537630341
DFL-MAT-J041UN,1,False,118814,174.0206258712827,125.28288093628767,161.13379962121914,135.09671697747962
DFL-MAT-J041UN,1,False,134500,151.3242440669499,138.63101334665834,170.95932053195085,136.50693074972654
DFL-MAT-J041UN,1,False,157409,229.8452209800558,142.7745544390997,209.7774123317509,138.82445208448175
DFL-MAT-J041UN,1,False,164156,115.4507991010341,110.66534416076468,143.4779489271768,119.59453883189545
DFL-MAT-J041UO,0,False,36224,135.2038533049582,118.77443012221106,163.71507381470207,89.62983180557285
DFL-MAT-J041UO,0,False,50154,153.3655317517306,190.54631264440974,153.23848859411524,175.14060705328822
DFL-MAT-J041UO,0,False,51526,128.46400936336323,80.22215775618595,133.8432100038189,83.59736094234717
DFL-MAT-J041UO,0,False,55270,55.68565499209338,49.959427988506974,33.22335788243338,22.728873207435903
DFL-MAT-J041UO,0,False,62553,125.37074976078067,125.82047475259715,108.67791415339957,104.40776458876019
DFL-MAT-J041UO,0,False,102641,132.38526848642468,174.44805781415434,133.03116699333174,164.7619272048282
DFL-MAT-J041UO,0,False,139491,175.32938780380553,199.4133784748757,148.84917275438937,200.74030554157872
DFL-MAT-J041UO,0,False,154416,228.98384363891645,145.94562557072675,198.398468098992,141.33971889565868
DFL-MAT-J041UO,0,False,169645,92.64813644897708,133.92408441077572,85.04716025142444,129.9180951888585
DFL-MAT-J041UO,1,True,13902,170.13213588835262,162.7192913649779,156.85101459866058,144.08750494619923
DFL-MAT-J041UO,1,True,28577,158.8336524678141,173.44691114437242,133.42926041415836,99.76551723869734
DFL-MAT-J041UO,1,True,106612,183.70067978403003,112.89751515795045,184.93737887042116,122.98958571712247
DFL-MAT-J041UO,1,True,116223,159.76533222568693,84.58021426992197,122.67401538105989,84.6149661816263
DFL-MAT-J041UO,1,True,152853,134.06791874213357,129.12305675810444,96.38086016030698,93.85640797757902
DFL-MAT-J041UO,1,True,159626,127.06009395799366,87.00272670866434,116.88002157544668,89.41268849283645
DFL-MAT-J041UO,1,True,165511,84.1703014749545,66.64601641900079,73.83085200585624,44.078514121382895
DFL-MAT-J041UO,1,True,167548,92.77664907267696,92.205669642356,84.46713715065825,84.17047339213624
DFL-MAT-J041UO,1,True,167563,158.54382106671832,96.31219642748454,100.2845350330259,86.20957362397817
DFL-MAT-J041V5,0,True,25910,135.93742382715587,116.64792004009699,149.08449822350084,142.91710291830054
DFL-MAT-J041V5,0,True,27332,128.45966760321846,190.30708930210258,85.74896629328389,159.48308822074515
DFL-MAT-J041V5,0,True,28136,64.0476620401149,99.26759099476186,107.49332851321387,88.37118223446997
DFL-MAT-J041V5,0,True,36863,199.3448528032336,133.47436881650378,218.21301846286585,144.33448071253505
DFL-MAT-J041V5,0,True,58747,48.02790690607558,82.79486943014163,82.1735151606191,96.60448525342144
DFL-MAT-J041V5,0,True,59712,155.0095384880767,105.75488049020717,145.1894310839838,101.06818721869097
DFL-MAT-J041V5,0,True,62528,84.74136361612278,69.97963744111964,70.93608652118118,57.07752818011269
DFL-MAT-J041V5,0,True,73565,147.11828809203234,219.43547029632552,132.50048023110688,194.12053267425222
DFL-MAT-J041V5,0,True,78332,164.16096044529272,217.68412220054327,159.0254258008499,188.32838083837402
DFL-MAT-J041V5,0,True,104464,53.16417603532733,43.80120413431285,69.21274618252973,74.27103255529278
DFL-MAT-J041V5,0,True,112550,167.88017875462617,126.63438825732918,122.48473016182832,97.514749932625
DFL-MAT-J041V5,0,True,113444,200.06268971040325,210.76127850687223,207.96992808139004,205.874559978484
DFL-MAT-J041V5,0,True,113463,158.41208948571506,206.41639931115083,189.94838636776402,208.6962549254823
DFL-MAT-J041V5,0,True,124590,123.82230204998527,75.42313323587193,149.42465575103793,62.90908484326008
DFL-MAT-J041V5,0,True,126600,145.19076319101927,116.62278674820813,118.5394670736356,112.06743714908038
DFL-MAT-J041V5,0,True,134686,105.51296345983015,164.06632584724704,90.16622067051279,159.80285939197302
DFL-MAT-J041V5,0,True,134881,150.6297967412535,157.92723769427351,92.76724159081307,128.23809736717172
DFL-MAT-J041V5,0,True,136108,148.97903723059173,75.9537654795141,117.73638779344377,66.81030162160135
DFL-MAT-J041V5,0,True,156775,79.50196005115534,64.5985981990214,69.876080039151,62.232267636129166
DFL-MAT-J041V5,0,True,158335,101.5632736633257,164.12683677101248,157.31132233583529,154.29625964574115
DFL-MAT-J041V5,0,True,162064,136.68708179423186,172.82899240038333,113.99407025511734,153.4751985206549
DFL-MAT-J041V5,0,True,170921,175.87744478785723,153.43236608942442,175.53962178634896,140.81596261621948
DFL-MAT-J041V5,0,True,171641,105.81449543549355,85.98354588626364,86.07430540928499,59.498822368006
DFL-MAT-J041V5,0,True,171660,75.43966268539437,113.1017034601849,86.12080231042894,72.16893795221284
DFL-MAT-J041V5,0,True,180645,155.70501350943672,141.02275596613867,154.83509600730167,150.61530206373325
DFL-MAT-J041V5,1,False,17826,150.04375344480272,160.9474164497969,157.0127424865319,136.02735022459925
DFL-MAT-J041V5,1,False,35095,112.35816523736575,73.02774896094829,171.60257412060406,110.7083321983602
DFL-MAT-J041V5,1,False,38492,105.29465210267453,180.32152107803174,123.42491071233593,176.53833237713752
DFL-MAT-J041V5,1,False,38770,196.98649752209974,162.49871898778426,162.18458399994586,146.9860471022105
DFL-MAT-J041V5,1,False,39839,147.15712366353966,146.40442057218914,127.30458677605868,136.67801714363836
DFL-MAT-J041V5,1,False,47271,98.26718613615978,115.48950460314563,88.73709188725093,71.9402835982985
DFL-MAT-J041V5,1,False,49086,287.5266274888047,187.49182907251037,287.21468664009615,163.43870073990425
DFL-MAT-J041V5,1,False,50381,100.25178610506696,190.5204152411481,107.44641348610355,136.76799500441507
DFL-MAT-J041V5,1,False,52193,144.58000045419757,158.78997768338348,123.80884916474322,128.7428515167706
DFL-MAT-J041V5,1,False,52944,135.7487988165778,95.36327596737765,143.91492038872846,79.55366236382184
DFL-MAT-J041V5,1,False,60813,94.88524720170946,99.02254159405602,89.82607524404715,81.59851006651752
DFL-MAT-J041V5,1,False,71358,4.702757506680316,3.961989103279305,7.0288421620348185,6.6865197143667325
DFL-MAT-J041V5,1,False,71408,44.02875934133094,64.48295806367553,19.899792445740324,17.359396002697803
DFL-MAT-J041V5,1,False,71499,128.9498912901416,116.96878793355472,102.70481916803077,110.16538144651456
DFL-MAT-J041V5,1,False,104322,180.28282764303694,200.13683752643195,148.95832386700422,195.2450193483354
DFL-MAT-J041V5,1,False,109813,95.02458808747225,200.78509955710012,102.76282921843817,172.08579320344433
DFL-MAT-J041V5,1,False,109877,134.33298041392993,137.44985300253916,98.46726939201832,171.22317985056378
DFL-MAT-J041V5,1,False,110087,106.33187973235118,113.30217544438979,115.64201712440541,108.57626496287352
DFL-MAT-J041V5,1,False,120520,131.74791080246928,168.52768522437373,133.47730282527067,172.4815348064375
DFL-MAT-J041V5,1,False,122504,139.5530644433451,102.28227967970467,93.64855341764343,112.45400624735841
DFL-MAT-J041V5,1,False,122993,141.28694623854454,116.78093550446981,172.7709461498288,83.81770512595779
DFL-MAT-J041V5,1,False,124987,161.14119581258538,172.48502550754787,185.32814116330923,161.53449371860395
DFL-MAT-J041V5,1,False,130166,113.39162249518786,86.2418286860119,140.68513655116817,117.21212640585905
DFL-MAT-J041V5,1,False,132875,142.53891379234219,151.36531414404837,121.89773528081426,153.59115826990984
DFL-MAT-J041V5,1,False,139538,278.3979366404606,245.8316831189348,258.30866117691374,214.27618461743802
DFL-MAT-J041V5,1,False,147090,144.84749874344413,128.43259663536088,116.28307425579625,97.98635589632248
DFL-MAT-J041V5,1,False,172787,74.5787571504348,121.808536137549,78.68981537793067,115.72797544450985
DFL-MAT-J041V5,1,False,172895,78.8494409670582,101.1489834893364,94.49320328572205,119.85077104772657
DFL-MAT-J041V5,1,False,173295,103.26116689077165,112.01560824699006,100.35440656595375,116.58378916134467
DFL-MAT-J041V5,1,False,176180,112.89676962407741,53.378583957111765,116.22177494962301,51.97305511426998
DFL-MAT-J041V5,1,False,176442,46.67930925191891,130.78764289144732,97.05976400072466,156.90780079867926
DFL-MAT-J041V5,1,False,180860,118.82349005672233,166.65367876867631,117.44163381443295,184.84586550422088
DFL-MAT-J041VB,0,False,15574,135.30780126927596,96.03576186209494,113.25579770602964,105.08638551118545
DFL-MAT-J041VB,0,False,29172,147.986555072353,131.16647637988547,114.69348419061218,139.44663776795352
DFL-MAT-J041VB,0,False,36727,135.9157589646745,166.66325471473723,127.61671208784355,158.52504268095865
DFL-MAT-J041VB,0,False,37024,125.9174946394661,124.81811721635339,136.44134214158723,118.27831503159173
DFL-MAT-J041VB,0,False,52502,83.69669817598462,58.087869774899495,86.91516359114574,46.08700891403577
DFL-MAT-J041VB,0,False,52563,77.17434282862561,72.10064465002213,92.63216533317184,94.48283764041314
DFL-MAT-J041VB,0,False,68134,175.18909175053219,160.9089108942753,136.71132601204388,173.88943445462678
DFL-MAT-J041VB,0,False,76525,141.21742519171414,110.19838959385172,112.67718735543193,65.49577919517692
DFL-MAT-J041VB,0,False,77197,117.91670967441142,129.46204573409312,91.6379437156289,97.18039435551634
DFL-MAT-J041VB,0,False,78607,146.46733727406684,152.48563877880525,126.53539477231908,153.07399124857287
DFL-MAT-J041VB,0,False,106752,200.84310381153966,106.1995569669707,161.2093243718784,106.74987402499018
DFL-MAT-J041VB,0,False,109561,203.77021756317043,123.04926938225756,168.42629748981136,98.38698498936965
DFL-MAT-J041VB,0,False,110858,86.36256084611784,66.3994497447159,52.93668793989101,40.87045357029277
DFL-MAT-J041VB,0,False,111914,139.0501306650049,149.26650590919343,140.91714565718382,127.47539046540467
DFL-MAT-J041VB,0,False,112282,158.6637798591935,121.23826537968485,170.85608998516807,120.509288698121
DFL-MAT-J041VB,0,False,114137,155.11523942010675,134.52056630609545,113.47252266807477,138.66667146118257
DFL-MAT-J041VB,0,False,125535,143.2614502646011,115.62514003083015,152.84574803212223,110.98732600217038
DFL-MAT-J041VB,0,False,140353,181.48483840062235,246.6487941385001,166.09802496506694,233.44508698990563
DFL-MAT-J041VB,0,False,159808,82.71733579058204,151.0566310948024,70.05046146474476,139.92382147109578
DFL-MAT-J041VB,0,False,166168,102.87106772901087,123.43330271842582,132.06403590483382,144.08777314983448
DFL-MAT-J041VB,0,False,172208,151.6703888736719,156.4073749585578,129.21710021613595,146.59178819275462
DFL-MAT-J041VB,0,False,173941,142.4080545921747,146.72771342494954,96.88723000807704,104.35502853725797
DFL-MAT-J041VB,0,False,177094,133.04616178683432,147.4395974543694,139.93059871978383,149.04874328448744
DFL-MAT-J041VB,0,False,177377,266.9322655497381,138.7723070176481,243.75476884817587,128.93440244651
DFL-MAT-J041VB,1,True,21307,79.30598987437453,132.21022689971687,73.76950763211529,107.45258177475259
DFL-MAT-J041VB,1,True,21912,157.67604016364595,113.54223103517245,171.41186886521413,93.31937507759307
DFL-MAT-J041VB,1,True,22024,208.03048088047615,127.4554075795218,248.04780444463051,145.30085741445382
DFL-MAT-J041VB,1,True,24135,33.69818207754632,32.30014025219574,14.170580658816291,12.353660710416877
DFL-MAT-J041VB,1,True,67920,169.57676118914264,131.06966205519007,172.43426304333912,105.16953436326384
DFL-MAT-J041VB,1,True,68694,73.38858147921069,94.56574040190543,68.10655549264487,76.56245744759244
DFL-MAT-J041VB,1,True,70109,60.958739998601956,59.36876422187616,40.78857553138113,31.48981663925615
DFL-MAT-J041VB,1,True,105985,143.67256027372258,150.5630097950175,145.95028582810318,103.72697271094408
DFL-MAT-J041VB,1,True,139237,107.34396522896564,125.913031436433,71.79944035609317,125.20284859830727
DFL-MAT-J041VB,1,True,139356,139.34246865756145,131.89530241982277,113.14225913727941,121.48412139286802
DFL-MAT-J041VB,1,True,146620,105.16641292254539,75.14005133744392,89.04498747687525,62.8352404628349
DFL-MAT-J041VB,1,True,150843,43.76727314513062,61.34339159699845,38.67160549934783,28.5796506594482
DFL-MAT-J041VB,1,True,160345,131.88429042420185,83.69195614029077,70.54967714521345,62.2025525747792
DFL-MAT-J041VB,1,True,175621,117.61803011725756,101.50530512221526,119.21756214132715,121.19087993562655
DFL-MAT-J041VN,0,True,21255,70.56153673374062,46.11382671591114,56.37848153906017,42.97607110849732
DFL-MAT-J041VN,0,True,26035,164.15928886720425,92.21340642523883,114.44555802355562,86.28351374983174
DFL-MAT-J041VN,0,True,26133,179.88697892008204,100.03152456737112,162.24010026881805,119.4737774084243
DFL-MAT-J041VN,0,True,37377,10.232652889310874,7.495104943649988,3.7122150462528896,3.7661795545777665
DFL-MAT-J041VN,0,True,42757,81.14784604865112,125.65723112987278,57.59669857714001,118.19722055376529
DFL-MAT-J041VN,0,True,53821,184.1017718785931,138.51342259116552,190.15935873197887,148.7551405362145
DFL-MAT-J041VN,0,True,62347,93.53676719636182,100.01624923151896,106.14766373622055,84.57332865510223
DFL-MAT-J041VN,0,True,62542,155.7732454568772,107.59230574775837,80.56611866846788,113.00545455511912
DFL-MAT-J041VN,0,True,65318,215.71793613903574,216.2226637198937,206.3147907379646,203.69332348565476
DFL-MAT-J041VN,0,True,77711,149.618131402897,125.79572251062886,142.36347638690202,111.01721754602166
DFL-MAT-J041VN,0,True,80082,117.95099091988082,174.92892026682046,122.84020855858881,158.51783323054087
DFL-MAT-J041VN,0,True,116018,61.145031936833405,92.8636194524321,39.6685207698592,76.0555663674073
DFL-MAT-J041VN,0,True,121467,174.1303578763802,140.73570254084078,192.51956851417876,146.17423761327774
DFL-MAT-J041VN,0,True,126521,107.33030394051306,129.40827949148738,48.324651332249346,64.94850939100182
DFL-MAT-J041VN,0,True,148009,70.98091415155035,119.17753835960404,88.23907730798228,78.13661110907547
DFL-MAT-J041VN,0,True,155023,97.36320097935449,87.45552276877913,30.066908756682626,48.774589995086714
DFL-MAT-J041VN,0,True,161326,93.29344803236123,102.44006214271053,91.37222306259258,105.50740194691005
DFL-MAT-J041VN,0,True,163116,101.65126597000096,94.86022868089604,114.20400802722885,95.55145550388433
DFL-MAT-J041VN,0,True,164172,187.40283694348713,136.77945997709656,207.2638371989222,168.94179577355422
DFL-MAT-J041VN,0,True,168482,60.41953486515267,59.28586850375827,41.0596852913224,43.10664983010712
DFL-MAT-J041VN,1,False,18792,121.52299947774075,83.6057812860851,122.7587035937021,97.98818494867855
DFL-MAT-J041VN,1,False,18854,80.1974552622592,148.0092451625524,108.39819578889589,152.4320831895958
DFL-MAT-J041VN,1,False,23528,105.49566754526964,72.12166330449709,86.63449433851518,75.63165702665788
DFL-MAT-J041VN,1,False,25833,166.04970829658433,116.86118983346341,185.86380286652846,95.92658770137655
DFL-MAT-J041VN,1,False,32937,127.94227304712429,151.56428870881152,112.47226644877863,158.05855939197272
DFL-MAT-J041VN,1,False,34110,248.49396019438922,179.5595010568553,189.79631795709284,161.6958869518066
DFL-MAT-J041VN,1,False,34706,97.62084114418253,84.83662667219834,105.85640507297379,72.0111441259294
DFL-MAT-J041VN,1,False,41573,78.55780800356261,94.17449076987064,87.37196512161366,98.6514187738205
DFL-MAT-J041VN,1,False,63765,174.9624731191457,173.99665999236873,151.40827073541814,137.40607127501397
DFL-MAT-J041VN,1,False,71508,39.71316723208237,27.52664041734584,26.8089311444958,20.30983069077075
DFL-MAT-J041VN,1,False,104930,161.4485758392255,149.60997451358563,163.50388522472855,129.62165752374105
DFL-MAT-J041VN,1,False,104994,203.45432554632325,149.38298363539252,184.40061379405495,140.24237011238392
DFL-MAT-J041VN,1,False,108029,220.10302853171822,156.98089020978546,215.26238690872339,133.8094465347935
DFL-MAT-J041VN,1,False,109269,116.00279366880243,122.65730972287871,107.81455111320089,135.3325534606784
DFL-MAT-J041VN,1,False,111722,104.07072456073064,101.18267892663326,83.78019602987547,111.69134184063745
DFL-MAT-J041VN,1,False,111766,235.13319169488787,145.27980532174325,167.16494015711345,165.72181545720326
DFL-MAT-J041VN,1,False,111772,220.3110013174411,131.4536509605201,194.10654746785613,174.3291647834887
DFL-MAT-J041VN,1,False,119001,84.75176488787545,50.74061752972677,60.45359039312331,54.97343757449729
DFL-MAT-J041VN,1,False,122803,72.61521654285882,178.23203089801518,46.52979789432004,173.32041102665067
DFL-MAT-J041VN,1,False,139837,112.25312481012824,136.83090911335333,93.01437098406232,136.32964200364117
DFL-MAT-J041VN,1,False,159394,152.8978709644194,237.69712383343938,140.11974905928594,206.81225343427477
DFL-MAT-J041VN,1,False,159405,166.34119925411315,259.521065252158,153.11801823150083,234.05190520291103
DFL-MAT-J041VN,1,False,166034,165.92718554938756,113.08982521160782,130.54808473863196,79.85490059511191
DFL-MAT-J041VN,1,False,169985,101.3528521334669,103.63307441044925,91.7775032298929,102.7392218349739
DFL-MAT-J041VN,1,False,170036,103.5656373179241,79.40002175018442,95.61868515490622,81.90412597264431
DFL-MAT-J041VR,0,False,11688,110.90432168477547,131.44438682342982,124.93283736506297,142.38011265533933
DFL-MAT-J041VR,0,False,23016,139.93442927389768,110.21569955328836,122.61365750764696,78.91046733774257
DFL-MAT-J041VR,0,False,43611,56.531514442825774,41.69379277195873,62.92239539563948,53.78682591172173
DFL-MAT-J041VR,0,False,51499,81.77350541368786,112.84234833757668,57.56668283193488,111.67020393127513
DFL-MAT-J041VR,0,False,57508,213.46983365768978,243.55115613092306,153.13892509030472,202.29877665045245
DFL-MAT-J041VR,0,False,58844,194.30658812203168,185.92241544489332,142.3144117815336,154.13019774763816
DFL-MAT-J041VR,0,False,65508,106.35421869713134,256.80703098207687,94.51755265875288,246.31105197912237
DFL-MAT-J041VR,0,False,103978,132.9772933977769,136.72864384883957,80.84414156465085,106.60066554619038
DFL-MAT-J041VR,0,False,115164,141.60976219795984,97.22807010996652,102.8594624343228,88.49835428835152
DFL-MAT-J041VR,0,False,117389,87.7979302676645,138.62418315973702,107.12495162654065,153.37207945131067
DFL-MAT-J041VR,0,False,117583,119.38310439714414,104.78161462981464,109.93193360884297,106.2774870014966
DFL-MAT-J041VR,0,False,121168,96.82291801631952,157.57841395629148,65.168026319892,131.16448783802537
DFL-MAT-J041VR,0,False,133927,80.44375142229028,113.84797007141312,133.6941707357004,129.4049274971923
DFL-MAT-J041VR,0,False,138113,30.310566462933288,26.757339940504473,23.44305158377509,20.558567697124666
DFL-MAT-J041VR,0,False,145118,136.9581498963172,138.8984048337968,108.68816515493488,112.25277791362265
DFL-MAT-J041VR,0,False,147629,159.16269744913117,141.29669724452614,116.59808725795017,137.55691505461775
DFL-MAT-J041VR,0,False,148549,96.19208247016333,59.84257213129339,119.46167895586672,110.24440891001659
DFL-MAT-J041VR,0,False,151510,114.35024868345228,64.03612186120368,102.6637733631651,62.050935696374395
DFL-MAT-J041VR,0,False,152059,239.29915632349105,229.8236113491638,217.59403829149264,221.5082185441601
DFL-MAT-J041VR,0,False,156655,77.30872513274804,96.52103014541466,105.21123901964009,100.838212636977
DFL-MAT-J041VR,0,False,157165,65.15097860367781,84.50185035776114,69.15178570832866,119.83345406783054
DFL-MAT-J041VR,0,False,160401,164.18116243766994,110.66032647969494,158.8039020704423,110.92177376099586
DFL-MAT-J041VR,0,False,160681,74.96820941083816,67.00852005689597,92.34151654342395,86.96215033542651
DFL-MAT-J041VR,0,False,165756,138.36383390733133,77.47203449997642,121.04494106622371,52.790358494228634
DFL-MAT-J041VR,0,False,169260,165.38724909080366,156.00957332683333,168.07236972725724,142.28189237099983
DFL-MAT-J041VR,0,False,172938,109.4908339255565,68.84830306487272,117.72662589311642,74.6244648955729
DFL-MAT-J041VR,1,True,12275,220.3401049771516,138.6418244666406,232.6642982361431,109.22178525169093
DFL-MAT-J041VR,1,True,17591,8.546445476477837,8.904841962107074,6.189357658702154,7.952126007084322
DFL-MAT-J041VR,1,True,26253,146.51622407698483,126.49331647316225,105.971869764912,115.33307285790345
DFL-MAT-J041VR,1,True,38067,129.10201510331748,74.93470202141421,132.3745514624826,126.58618016369306
DFL-MAT-J041VR,1,True,39604,104.99360212589046,133.19126019036273,130.32960153341838,147.04026330061598
DFL-MAT-J041VR,1,True,46540,209.32676398749157,189.47196998537206,182.56012180371582,180.25565919792322
DFL-MAT-J041VR,1,True,47677,73.42437864483391,67.4506755720689,92.58952432980865,94.61772585036479
DFL-MAT-J041VR,1,True,55114,38.58801092024389,119.18117397845988,34.255649202200054,102.01572688901193
DFL-MAT-J041VR,1,True,55371,171.04789483924105,95.41050767028685,131.2955862485027,74.16289464894227
DFL-MAT-J041VR,1,True,76767,216.78166152562156,123.40343840039554,225.64497076775604,120.74886281785814
DFL-MAT-J041VR,1,True,76929,112.86819279339252,73.16866121779562,113.34449211019759,86.4868175328114
DFL-MAT-J041VR,1,True,107009,153.59628542965336,165.56749419459845,112.56736506417883,103.55235352535747
DFL-MAT-J041VR,1,True,139363,105.06034954234028,147.67314668831943,94.38011846703836,143.29149704291638
DFL-MAT-J041VR,1,True,143971,76.761333036136,129.44349013873736,79.14610061571824,126.89194766293726
DFL-MAT-J041VR,1,True,144001,100.67234913570616,154.104676903095,77.63726259086383,131.80908771421284
DFL-MAT-J041VR,1,True,151178,138.0211222891526,98.97121718709481,144.97355968108684,114.16076698075639
DFL-MAT-J041VR,1,True,154824,185.11258689658888,158.76016417847504,155.81827106958335,156.33401054031572
DFL-MAT-J041VR,1,True,160861,87.73494532129865,92.55887438005242,80.68903518794716,95.0247332807795
DFL-MAT-J041VR,1,True,169982,131.89805703172598,153.23198875905211,138.40786766250963,162.42998188927933
DFL-MAT-J041VR,1,True,174633,72.53445483189874,90.48947029017634,55.34836707598013,89.28144982591549
DFL-MAT-J041W5,0,True,10513,128.3699053584985,145.0569082710171,117.54351516312737,125.56823810519431
DFL-MAT-J041W5,0,True,31687,104.69427338693497,115.89673317741216,121.71110319720384,68.10186375111462
DFL-MAT-J041W5,0,True,31692,101.15130503863466,142.24719498136375,116.72831068250863,81.58208315747204
DFL-MAT-J041W5,0,True,56708,219.3429658222011,206.38327509790236,177.05748681044264,148.38401570873236
DFL-MAT-J041W5,0,True,57764,103.17358745791702,108.27004604003176,87.47696223927868,91.6104277297609
DFL-MAT-J041W5,0,True,103211,111.18218440027317,85.98959151953488,113.70429935897134,93.90164225621035
DFL-MAT-J041W5,0,True,106746,155.176895991732,141.47527519079446,120.70367152933137,102.16608565741768
DFL-MAT-J041W5,0,True,114323,166.04689502535143,142.5115222612533,161.50238177963212,153.01175767468368
DFL-MAT-J041W5,0,True,134297,83.50800519964974,66.87548490257629,70.51264527666089,59.168550893179024
DFL-MAT-J041W5,0,True,158095,61.33910119227373,110.93583944263834,77.96624359483941,135.47839036557764
DFL-MAT-J041W5,0,True,172826,171.18102136738077,163.24001264702432,179.39709662525777,164.76901447500776
DFL-MAT-J041W5,1,False,13416,80.3844399854218,74.21153310734881,60.59844147108625,83.46542685015748
DFL-MAT-J041W5,1,False,30323,115.11779581727389,111.8601721643955,119.48130054806393,108.12293230759215
DFL-MAT-J041W5,1,False,36712,65.51246532746084,124.00133847443276,56.67308260074966,124.72375639824511
DFL-MAT-J041W5,1,False,36792,100.14206125610976,78.26758072289135,54.61325980151787,65.3100360290422
DFL-MAT-J041W5,1,False,36888,107.90511843779689,57.62685771253366,146.36571266702455,67.96371704073673
DFL-MAT-J041W5,1,False,52600,124.81943657618659,156.38310118347366,110.78943980258619,139.393287144292
DFL-MAT-J041W5,1,False,70747,90.35564630219714,77.86760276747526,80.08903795104804,85.54354672186078
DFL-MAT-J041W5,1,False,77776,16.857458410336523,31.16668898873223,9.858618708170109,25.63306796416845
DFL-MAT-J041W5,1,False,77817,91.47875683166421,169.92977200974062,27.45446741378492,109.2900257094094
DFL-MAT-J041W5,1,False,81617,86.7769688834205,78.34344017060256,101.51969748487247,96.32243313864399
DFL-MAT-J041W5,1,False,81674,90.63570673299614,98.04954383435071,146.51315854776337,120.74724181057783
DFL-MAT-J041W5,1,False,101783,72.69177955216271,169.951524551832,99.2147137302835,133.45567884117645
DFL-MAT-J041W5,1,False,101805,79.16673576103547,72.04137219701602,51.50030132417619,151.31094137168756
DFL-MAT-J041W5,1,False,103600,79.51444423940202,73.14717538087376,92.99066474757727,73.35057356281514
DFL-MAT-J041W5,1,False,105301,199.05129273033666,132.83093028582843,225.28984070155846,121.99465014998238
DFL-MAT-J041W5,1,False,105362,170.79230863930383,156.86349521729016,180.0394644233441,134.27279529728023
DFL-MAT-J041W5,1,False,108985,156.56790304258848,101.34800444589256,153.63189550312242,103.03712694710154
DFL-MAT-J041W5,1,False,118592,123.05827628817359,101.00276851227025,125.94776763917791,85.8423130285782
DFL-MAT-J041W5,1,False,118673,41.50668350042988,66.44916518771075,72.62724631626732,86.23570999533325
DFL-MAT-J041W5,1,False,123566,114.96045877544537,74.78342393799923,101.77843062351477,111.30347326885857
DFL-MAT-J041W5,1,False,125508,106.6797331124038,92.79289963111796,98.84970914652992,99.52845544554495
DFL-MAT-J041W5,1,False,129300,130.6707125585847,186.65934329816022,110.78777413542446,141.48946360091716
DFL-MAT-J041W5,1,False,130823,106.18891389013841,111.64591739320386,111.4083052221547,120.96211082869273
DFL-MAT-J041W5,1,False,130866,207.71449482374283,139.13458355482373,158.53199039872274,111.40753854264669
DFL-MAT-J041W5,1,False,133967,136.9618568476661,107.89476382058083,144.1217104248695,84.48892017515549
DFL-MAT-J041W5,1,False,134158,177.40780000015508,145.59489311555296,193.70602794341158,168.21292655701401
DFL-MAT-J041W5,1,False,137897,77.55358085298977,75.54014290960409,103.69416846571511,106.17319642981398
DFL-MAT-J041W5,1,False,142392,186.9895202393583,99.20288689067702,211.16363361424447,126.10008906914881
DFL-MAT-J041W5,1,False,152479,46.65163405268895,73.026942495203,57.35036670893571,97.93533703670235
DFL-MAT-J041W5,1,False,152495,98.91635243797049,94.26301963497058,54.15357180604026,60.15037802889575
DFL-MAT-J041W5,1,False,161018,234.58624657936411,170.0702775283709,160.7076293494077,139.76419129693735
DFL-MAT-J041W5,1,False,162184,148.61981561211425,123.92381024689145,152.20308319651147,126.59748011368458
DFL-MAT-J041W5,1,False,165195,125.61356088644908,125.34162521434696,103.41645735924799,135.04709183468418
DFL-MAT-J041W5,1,False,171680,72.78235175540885,52.17074649669201,40.94166738249723,109.85942605446303
DFL-MAT-J041W5,1,False,172521,85.63714941882924,83.51889271375968,107.36470753649229,105.16717849598916
DFL-MAT-J041W5,1,False,173525,197.9340673821992,136.71228260574424,193.1889871335579,163.66405123918125
DFL-MAT-J041W5,1,False,175216,147.86777815057144,140.6159671327324,112.85846434887726,110.86209310339851
DFL-MAT-J041WE,0,False,58068,111.37171069187293,80.2494770778499,115.84613659525397,69.05326647471033
DFL-MAT-J041WE,0,False,58338,72.91395637797929,130.6571823631821,89.55155361938718,139.5953539022258
DFL-MAT-J041WE,0,False,59622,144.02183677704474,114.93046313767378,111.43123601995032,104.45012702743894
DFL-MAT-J041WE,0,False,76784,190.06504233454584,143.73736892794028,187.82363239306636,108.9281428890295
DFL-MAT-J041WE,0,False,77848,129.42646443435885,109.25420597805663,144.47291355720606,118.63939122849084
DFL-MAT-J041WE,0,False,78733,158.34622718255883,196.10384066649905,130.24342043033258,189.86380879483795
DFL-MAT-J041WE,0,False,100877,204.8439218083284,150.6258335642397,181.61542840122135,147.94958922845885
DFL-MAT-J041WE,0,False,118280,173.05819833125454,117.51860213669241,138.17005648315396,134.00450051126225
DFL-MAT-J041WE,0,False,118496,111.57731179565646,153.92864931260885,128.62830182085347,125.22463289232378
DFL-MAT-J041WE,0,False,122794,128.132963700617,82.97393674656534,113.63999599402305,89.4307036800823
DFL-MAT-J041WE,0,False,139027,170.79019701373315,104.14773924699874,151.2336214264844,108.46244956840191
DFL-MAT-J041WE,0,False,139167,113.53782075986346,128.07291762122466,104.5543671382012,117.52882804690807
DFL-MAT-J041WE,0,False,145199,113.91681651958095,137.53531059679244,112.35972386942136,112.3501722553415
DFL-MAT-J041WE,0,False,155601,181.40497084734696,101.74782544587393,115.57814364333873,62.564539592813
DFL-MAT-J041WE,0,False,172412,141.49703093024175,110.43536653853818,117.45807208899865,93.00635889184049
DFL-MAT-J041WE,0,False,182180,120.83152925848891,85.84693028763823,120.69720295710263,106.47832208823803
DFL-MAT-J041WE,1,True,19040,173.1565368109831,185.5807622031648,167.7684297767537,178.20612784673165
DFL-MAT-J041WE,1,True,25482,10.601413308477676,9.729642767308272,8.218818840251291,7.687219021612284
DFL-MAT-J041WE,1,True,45870,172.8856057663471,252.90588903562391,206.46271949101703,247.97972517002137
DFL-MAT-J041WE,1,True,45936,191.66932019823756,195.08991321552503,161.8882359828479,214.66554895199596
DFL-MAT-J041WE,1,True,45960,160.37160221309813,160.5197806973941,197.71316048298297,178.75929994531128
DFL-MAT-J041WE,1,True,54574,89.20652005069722,78.8720443288782,98.39098084910029,75.68841583415717
DFL-MAT-J041WE,1,True,55509,68.64372960429178,118.09427179109328,88.21595782360448,120.80965859360228
DFL-MAT-J041WE,1,True,62239,139.31426999076726,136.67662108139538,118.73797323186935,117.74896227655339
DFL-MAT-J041WE,1,True,65280,173.93090928655639,151.0594937613276,118.65658401213054,98.3246087290289
DFL-MAT-J041WE,1,True,66680,173.92745132707495,132.98957621392245,96.35854342318554,76.7374933799382
DFL-MAT-J041WE,1,True,68767,131.26960380620775,133.95739271182416,167.36073805874045,146.9482374792934
DFL-MAT-J041WE,1,True,72141,183.83421776940125,116.52177931759586,202.477358435322,156.07001113825814
DFL-MAT-J041WE,1,True,78017,157.45129465637697,122.82007323891654,209.68724195293103,143.64536835499334
DFL-MAT-J041WE,1,True,78114,143.20236110796816,139.07641202300013,150.90616970177612,144.3173477213954
DFL-MAT-J041WE,1,True,81822,120.6856343188292,82.37282430662233,125.40504752611392,105.8398134491853
DFL-MAT-J041WE,1,True,104364,18.28833060820772,15.564657719890677,21.657225757682024,19.016039884345258
DFL-MAT-J041WE,1,True,117469,213.80007723131277,174.24900506981885,181.16307760128262,148.00517317761177
DFL-MAT-J041WE,1,True,141061,137.86955263600203,110.80076628900058,142.0676882443189,113.27950253198442
DFL-MAT-J041WE,1,True,143936,42.789154182680306,53.87333462836828,24.31740509439426,35.76105106697201
DFL-MAT-J041WE,1,True,160331,111.98312850045478,119.41560219312308,76.0737125390819,84.33409429401806
DFL-MAT-J041WE,1,True,160332,112.60544397659993,118.15224060260492,77.95097281874861,86.12146234183564
DFL-MAT-J041WE,1,True,167098,118.27224137355971,126.31850373192177,165.6343569914956,142.87855277297325
DFL-MAT-J041WE,1,True,172826,145.75833080720767,91.68183660229725,130.8631763883671,88.8909830249132
DFL-MAT-J041WE,1,True,176062,168.93344806316406,179.81246408589035,191.12358268350562,187.66188931650132
DFL-MAT-J041WE,1,True,179549,239.26513132517348,209.3965811474044,242.7933950655913,205.84461883615148
DFL-MAT-J041WE,1,True,181690,203.508389564605,156.81368625866733,179.73326757860096,142.38047766855297
DFL-MAT-J041WE,1,True,184180,159.50138855110623,139.1151542888302,172.3239995140379,146.48978733832345
DFL-MAT-J041WN,0,True,17317,102.50640858207771,60.61143050606988,117.41092704904878,60.714148853133665
DFL-MAT-J041WN,0,True,17431,104.050823765428,107.38461425314422,86.62257649894103,93.73168652063205
DFL-MAT-J041WN,0,True,22254,115.43817387055624,163.83404962936066,96.9806599345307,141.41135369884665
DFL-MAT-J041WN,0,True,36050,75.71312518596021,43.48341701901367,66.07395127429314,58.17183444488348
DFL-MAT-J041WN,0,True,41753,154.03437715087856,105.84277913958765,171.5328639933591,112.84823540470614
DFL-MAT-J041WN,0,True,41820,147.59093906790807,112.64532225410456,190.5737475630287,147.3454782833727
DFL-MAT-J041WN,0,True,45001,20.97301725432242,15.430721694723681,16.493742766449603,14.251291714116551
DFL-MAT-J041WN,0,True,46986,110.24563135475229,132.55835993492383,89.52380800970062,89.45553281801112
DFL-MAT-J041WN,0,True,58406,142.0377179440018,140.69761069467603,115.5732818819735,134.51475973697532
DFL-MAT-J041WN,0,True,62144,145.28039172129814,196.4354994166203,130.02019920346018,169.98390074255624
DFL-MAT-J041WN,0,True,62338,146.24179099458172,157.07902859745337,126.06656393269988,173.82208768484634
DFL-MAT-J041WN,0,True,71382,138.83856322719046,79.35087055304854,145.22992963042293,99.74848918551115
DFL-MAT-J041WN,0,True,73524,166.00458914120543,142.49777378483063,142.57476537110364,103.64435180091668
DFL-MAT-J041WN,0,True,113314,93.5697304438607,85.90453506455559,89.78208711762133,78.60055714038997
DFL-MAT-J041WN,0,True,117259,131.30599017011542,113.14488286743395,133.27329136953483,95.96348484695022
DFL-MAT-J041WN,0,True,117329,96.3347028326805,98.96030304771013,77.44109049650257,93.14246521025257
DFL-MAT-J041WN,0,True,119687,248.18185942821623,161.82403987622322,192.96232323334146,137.52391008851242
DFL-MAT-J041WN,0,True,127831,76.20677069902406,119.72325731069729,44.63348072870651,60.32177513338507
DFL-MAT-J041WN,0,True,128072,121.62538423639053,113.96196822660826,122.48304851328596,110.71609940784278
DFL-MAT-J041WN,0,True,138753,144.26472401975315,123.21451566738524,129.82817705628003,105.41163925269852
DFL-MAT-J041WN,0,True,139245,109.52549028987097,70.7816149651129,103.30003561553863,81.67436919797659
DFL-MAT-J041WN,0,True,149810,117.45954765407318,163.52159814492012,124.38405157060116,147.46777855696965
DFL-MAT-J041WN,1,False,28588,175.89942771075812,100.60496643113119,157.3758401031398,82.8879293513002
DFL-MAT-J041WN,1,False,39543,147.4374340037688,80.49852269546768,113.07191548485223,79.65497420891214
DFL-MAT-J041WN,1,False,48147,232.12201336674084,128.05411225778678,207.4502190879111,111.93552362178444
DFL-MAT-J041WN,1,False,54199,138.46089275817232,80.563935545549,139.36990691324436,81.7519233172728
DFL-MAT-J041WN,1,False,54585,135.9630037540235,151.5443361382205,118.44300165316297,155.97590338130232
DFL-MAT-J041WN,1,False,67454,100.3671078127139,74.66765116836443,121.9075427250036,93.70705559096086
DFL-MAT-J041WN,1,False,113272,149.2747425595615,118.52509352862145,183.98742909712934,131.21093260368934
DFL-MAT-J041WN,1,False,143657,224.01938397938935,177.3192661348257,218.96638791324247,173.32945679584626
DFL-MAT-J041WN,1,False,146256,201.23314184196553,213.01880413969465,222.38299930666503,186.69599280682723
DFL-MAT-J041WN,1,False,175911,141.89592398272495,167.09526958603556,122.28986003075832,144.29970828473438
DFL-MAT-J041WN,1,False,176101,130.90324515289976,83.22213117422389,142.7721606023048,79.4407963908437
DFL-MAT-J041WN,1,False,176152,114.48871856101063,72.24500332001358,118.74561038976042,90.67102074331714
DFL-MAT-J041WN,1,False,177008,79.36824071674081,88.99931266342203,80.5755186013867,77.39662934949307
DFL-MAT-J041WN,1,False,179638,155.20645845795434,108.53589038352816,172.1088403861579,128.7454330545537
DFL-MAT-J041WT,0,False,23764,52.06476570018517,63.78159905349374,85.79441993867263,87.40151248321435
DFL-MAT-J041WT,0,False,26081,134.43831318593863,104.7847136323107,108.36357115555045,90.99840811600956
DFL-MAT-J041WT,0,False,32943,149.4071342089948,87.82365465744051,136.4548441192245,96.44163791664946
DFL-MAT-J041WT,0,False,44218,131.1016558354152,144.71024145160848,130.36457571779766,138.88966530815122
DFL-MAT-J041WT,0,False,73857,163.32010076643536,124.63504490175751,118.87024141505238,149.70335130800567
DFL-MAT-J041WT,0,False,73884,165.294468114062,140.22360950916573,156.37868828297553,143.67919880577327
DFL-MAT-J041WT,0,False,75114,221.3250775648208,158.2729816291158,196.77528486866527,136.43843429078092
DFL-MAT-J041WT,0,False,76901,113.5955062652967,91.31194547453457,167.8694448513434,126.27888800430965
DFL-MAT-J041WT,0,False,80246,148.71041339737303,110.36029920386484,172.56514765999697,128.18924511668956
DFL-MAT-J041WT,0,False,101195,108.9166985824619,136.33068458544983,114.72926716546007,160.85199766028396
DFL-MAT-J041WT,0,False,125374,90.61625847677409,162.59491662542663,88.36880332116131,160.6177877724488
DFL-MAT-J041WT,0,False,140667,148.269459178326,116.61843285054894,168.6106207027058,118.00871859925883
DFL-MAT-J041WT,0,False,142951,114.95234737110678,112.06181380394203,72.96727876064251,59.664396718457034
DFL-MAT-J041WT,0,False,143533,114.20603216562446,127.55022750694167,77.56908276976064,130.14436795966643
DFL-MAT-J041WT,0,False,151166,94.79979555451912,87.25217480128293,107.36172784519376,114.04872249493259
DFL-MAT-J041WT,0,False,154943,127.39076359091267,76.49435117849744,94.425779858187,44.26690746565191
DFL-MAT-J041WT,0,False,158011,129.39515543544897,91.10652977398603,134.7783461280916,113.47385705305658
DFL-MAT-J041WT,0,False,159297,161.5995098794821,123.27011765423052,181.21420007427585,135.9127094052598
DFL-MAT-J041WT,0,False,163044,84.01948353710775,79.43074158122947,67.03905399322619,76.04845744183609
DFL-MAT-J041WT,0,False,167815,159.54783541197156,123.00626220424435,122.95982681287997,93.04743893650355
DFL-MAT-J041WT,0,False,173501,121.20765977815131,99.86784207749093,108.7128107349705,99.22987734554334
DFL-MAT-J041WT,1,True,10138,130.89759720909262,144.9570617113202,113.609718126095,156.86538920240454
DFL-MAT-J041WT,1,True,12240,82.07999499314404,128.08522627359343,64.43901611891046,87.96724772316755
DFL-MAT-J041WT,1,True,16977,166.98611549693254,140.9409409800185,175.059100468795,113.98531785660934
DFL-MAT-J041WT,1,True,17893,87.92376165749388,102.77695551008868,88.44386867052229,103.55610633266923
DFL-MAT-J041WT,1,True,18747,86.93589428337516,109.38517372315033,81.3646883038574,96.34380385130588
DFL-MAT-J041WT,1,True,38633,69.90652204689944,122.37874622868294,109.34572904144343,120.97319899771793
DFL-MAT-J041WT,1,True,38674,174.41836251163767,102.99100088240935,154.8670079004972,96.34718159671479
DFL-MAT-J041WT,1,True,43016,133.95054673042748,159.1640062106452,123.30621803865519,137.51708681534865
DFL-MAT-J041WT,1,True,43043,121.48895895875005,125.65505271892474,141.86408822063456,136.54556538236216
DFL-MAT-J041WT,1,True,44099,120.9185274596798,89.54716671296906,122.12979635881588,98.92464648024396
DFL-MAT-J041WT,1,True,45641,130.87335990152604,175.23097067293875,138.4559845430213,152.71651448194038
DFL-MAT-J041WT,1,True,47889,118.33291560626563,101.45041094290148,112.44667988108482,114.52759145838962
DFL-MAT-J041WT,1,True,47915,97.08474332236159,109.59420849262085,106.71612250958107,95.74753143101937
DFL-MAT-J041WT,1,True,65000,127.84177052640698,120.54945155701196,94.07665751491082,91.6361175663497
DFL-MAT-J041WT,1,True,110029,143.44532590296913,171.78665244869217,134.4273597455872,169.07651306569423
DFL-MAT-J041WT,1,True,116764,45.87600034363089,59.461232666355876,61.58549957728896,77.84515175961187
DFL-MAT-J041WT,1,True,119802,187.59097964118655,109.09398331377352,134.34571784550852,81.78683499872314
DFL-MAT-J041WT,1,True,128921,72.54280373046929,72.59086017658849,80.29993676837964,50.24851085056153
DFL-MAT-J041WT,1,True,145786,218.86738041846937,164.48593215007858,173.43967558088423,165.6979978321257
DFL-MAT-J041WT,1,True,148165,163.04025816117874,123.24411516078783,180.10316460691695,137.52412533552229
DFL-MAT-J041WT,1,True,151323,88.43622710384338,121.1381911846663,149.7302773880649,144.3365000337926
DFL-MAT-J041WT,1,True,152442,162.12458460498274,121.45007111330513,135.37653368665167,116.7607162567406
DFL-MAT-J041X5,0,True,17435,130.7865064579642,137.86040307867705,117.98517902582023,148.95280136317913
DFL-MAT-J041X5,0,True,17505,265.2177985664868,147.11385666204424,260.1742603984687,122.27550563439925
DFL-MAT-J041X5,0,True,26790,214.32818889996588,81.25055048190944,214.96418015097098,79.45218134555654
DFL-MAT-J041X5,0,True,26815,66.25880615825257,78.64777673974815,114.61068658997836,86.63707469539061
DFL-MAT-J041X5,0,True,37996,115.59397071900166,125.60555347259141,101.77893789753948,112.98256734137074
DFL-MAT-J041X5,0,True,38561,189.6117925001369,169.98814318077618,208.91379259169673,189.62025778510207
DFL-MAT-J041X5,0,True,38852,84.17040162756915,157.7336273925131,74.06379291889844,157.62066447366018
DFL-MAT-J041X5,0,True,39142,127.32292327302096,81.59040125958236,154.82374459736698,107.40627744911512
DFL-MAT-J041X5,0,True,48170,114.39596802937096,163.87138934899517,94.85135921519071,149.11615608494526
DFL-MAT-J041X5,0,True,66289,130.85519628832023,94.61609460809731,135.4214636788918,74.01278512698568
DFL-MAT-J041X5,0,True,75512,120.81602941339257,56.608849888843366,149.19799535275448,75.17806767095583
DFL-MAT-J041X5,0,True,80898,105.33668247332199,95.68206795728032,102.72764198438675,89.30922936607205
DFL-MAT-J041X5,0,True,80982,119.14223568169663,77.53304289434108,107.55869475994491,59.82738023855372
DFL-MAT-J041X5,0,True,105873,86.55104276115429,58.03842601881044,61.49313646691977,51.85735333320303
DFL-MAT-J041X5,0,True,112641,190.86045727128555,200.3028978671169,181.0311475481815,169.33987714048035
DFL-MAT-J041X5,0,True,113117,146.895133375542,75.70561976485261,120.92671164699705,84.22868645576528
DFL-MAT-J041X5,0,True,113128,162.36217881459862,87.1117126397883,141.89680530221494,80.03110245212225
DFL-MAT-J041X5,0,True,116974,50.60796537713842,119.24499569180746,45.97016965189881,106.11001077499427
DFL-MAT-J041X5,0,True,124414,100.21830222686654,81.04904522513233,100.09673177349657,69.90573918257216
DFL-MAT-J041X5,0,True,152150,164.82328042596166,145.1347919617328,184.8032237697498,156.7795817789467
DFL-MAT-J041X5,0,True,160911,152.1108446487605,61.3014314127276,91.23311604917939,58.16940043524477
DFL-MAT-J041X5,0,True,164357,152.68607686250695,112.13277428860125,161.64005186618823,63.73341975127785
DFL-MAT-J041X5,0,True,168359,82.47413724248577,69.87060253181805,131.52434183956268,66.04666987054105
DFL-MAT-J041X5,1,False,35043,139.62490979807782,117.54141424817793,137.00425488585975,95.108560500457
DFL-MAT-J041X5,1,False,35166,125.51691734261713,153.0341847616055,129.59244523178378,144.23594240953622
DFL-MAT-J041X5,1,False,46342,110.95997175141677,141.08621133877907,96.88936558473704,152.41583114473679
DFL-MAT-J041X5,1,False,60434,110.87645862545621,230.7806383692211,76.8847294875143,233.12009260603517
DFL-MAT-J041X5,1,False,100413,187.97212393733875,157.1430192133893,168.9727696226641,150.84513489071216
DFL-MAT-J041X5,1,False,100431,141.31677444425063,165.23696597810002,167.55659252436774,156.21850223854952
DFL-MAT-J041X5,1,False,100634,177.26168461047152,149.52536237012504,139.3922039546841,141.14230426398984
DFL-MAT-J041X5,1,False,100912,185.62042002015173,188.3976949805448,156.44888664259605,182.68834041567945
DFL-MAT-J041X5,1,False,135779,63.56054946548502,47.48921325953494,74.27029642084311,61.888289009788735
DFL-MAT-J041X5,1,False,135813,121.96081208008141,112.32586697873694,66.55586979426693,65.69842914058123
DFL-MAT-J041X5,1,False,141357,141.35567793289877,121.55127003520636,113.95354946274301,98.88735813540741
DFL-MAT-J041X5,1,False,147793,113.01412224242019,126.17070945214151,71.37513917583087,58.867300409402134
DFL-MAT-J041X5,1,False,172366,219.07809073605372,254.73371733744733,193.30596821507967,227.35393063132838
DFL-MAT-J041X5,1,False,172579,137.46190284874982,207.80039014077312,128.01273115261054,226.0797149907672
DFL-MAT-J041XE,0,True,13661,87.86531436960875,78.77714166391509,67.59793137439362,63.22682774886774
DFL-MAT-J041XE,0,True,13838,97.60629320094777,137.29681628505628,72.21713402641042,85.58408382976137
DFL-MAT-J041XE,0,True,15125,97.99265412703318,79.79487792232655,136.00777223080675,108.15683075102865
DFL-MAT-J041XE,0,True,19000,184.06099486343047,143.47753792518964,146.78112926646688,126.28272818972849
DFL-MAT-J041XE,0,True,34314,86.41816701774736,170.1528249807036,83.17709735134184,187.3059692262986
DFL-MAT-J041XE,0,True,77383,270.55708449277694,197.4271087822775,254.5741113935998,184.70570697945928
DFL-MAT-J041XE,0,True,79421,93.27830478537442,87.87060684035177,90.05806785990646,78.30571766489744
DFL-MAT-J041XE,0,True,118609,160.54158771982176,105.55292927058434,142.63108461757213,108.57180647060288
DFL-MAT-J041XE,0,True,119046,131.4664628203142,63.49524664824974,96.23959603696682,70.79028819833448
DFL-MAT-J041XE,0,True,120162,108.65425788601804,86.85489103637552,119.0332551314006,116.94875060262385
DFL-MAT-J041XE,0,True,147907,90.82670164200857,68.49899119398258,96.910995863974,63.346170468541544
DFL-MAT-J041XE,0,True,148187,105.8740832548689,152.31884848017876,117.18963086040411,133.79766166983984
DFL-MAT-J041XE,0,True,153112,124.30722486813393,116.0001114091228,102.17818026304784,127.5965387417861
DFL-MAT-J041XE,0,True,156764,92.59136961845086,91.03253189148862,108.74559214203448,88.21893044196857
DFL-MAT-J041XE,0,True,166460,199.4767144695577,160.35534208544075,125.85575570845553,162.15625198162905
DFL-MAT-J041XE,1,False,10638,142.5133508838627,107.24638949240894,120.38802867861493,91.70757810997881
DFL-MAT-J041XE,1,False,17806,179.15025311291333,124.59139657375539,134.46663862018985,117.37811174257439
DFL-MAT-J041XE,1,False,27033,47.23826148353688,37.66168541507008,60.09920962744716,52.75335422662578
DFL-MAT-J041XE,1,False,28981,138.8608256408539,124.34795387195462,111.40521397892287,104.30970301211389
DFL-MAT-J041XE,1,False,34082,146.51696908678556,108.82752682931572,125.85625970116241,88.38888154218705
DFL-MAT-J041XE,1,False,36572,73.84563033228054,77.67057215975628,64.50465641257345,103.36101052572725
DFL-MAT-J041XE,1,False,42939,85.7732774483019,84.37343914114703,68.77790811278773,65.22498000062133
DFL-MAT-J041XE,1,False,48483,137.44302896487127,116.04584493777304,119.88934472310713,112.31767984842958
DFL-MAT-J041XE,1,False,53634,150.2112944042085,189.1372348836608,131.26709121291813,165.39707171028718
DFL-MAT-J041XE,1,False,67240,191.49578703045938,167.00111067126034,173.87268236290797,167.76179475449388
DFL-MAT-J041XE,1,False,70423,153.5132972937442,102.06319121183493,110.19652336587102,77.9078776971667
DFL-MAT-J041XE,1,False,108085,129.96526655335487,137.006107053243,159.52595708229427,127.95740245670166
DFL-MAT-J041XE,1,False,112189,96.25484285997014,156.84888869651138,99.91855531511045,136.7860729823351
DFL-MAT-J041XE,1,False,112335,138.81187228226034,140.77090353891722,106.31511017501124,127.75527309066058
DFL-MAT-J041XE,1,False,112639,136.46791818547152,63.986422582604966,137.80758952988194,80.97953837294656
DFL-MAT-J041XE,1,False,126633,198.86725436496744,137.53939026500825,167.18858969079028,112.3447507626725
DFL-MAT-J041XE,1,False,126640,207.47582924997593,161.8636303724611,178.47146150781913,117.16833667671143
DFL-MAT-J041XE,1,False,129190,80.88176835952589,122.02180585698537,64.98943064830715,66.71482268910512
DFL-MAT-J041XE,1,False,131748,154.2451188933353,138.14115330804242,173.62456165572974,141.3851495276919
DFL-MAT-J041XE,1,False,140293,144.27301248506248,154.69382059349454,153.95777255663643,170.16442216412753
DFL-MAT-J041XE,1,False,143742,109.70350118301192,110.45437788639244,63.55140695010508,58.7105251358426
DFL-MAT-J041XE,1,False,146839,142.52527598051253,103.26189936318173,91.89204816495145,69.90078995411533
DFL-MAT-J041XE,1,False,151571,146.56985481841963,170.29516004892662,136.51223517820827,159.93776862139472
DFL-MAT-J041XE,1,False,151812,125.02163700156773,107.45234122890761,73.61154149496085,81.8631392806477
DFL-MAT-J041XE,1,False,153474,170.52356181995208,115.16850072613342,199.54287985201123,136.78088589148538
DFL-MAT-J041XE,1,False,158042,91.57154048189496,97.29536639825243,63.88674818297922,63.71364549223559
DFL-MAT-J041XE,1,False,158168,237.83438114713275,216.67925222177308,196.0422302787757,221.10164087295152
DFL-MAT-J041XE,1,False,175709,165.818809202906,227.40622715253082,199.556075457388,250.88852084887262
DFL-MAT-J041XN,0,False,14553,215.32552925639433,70.53054054525117,191.92840393824252,66.66887329049926
DFL-MAT-J041XN,0,False,30525,126.29379096611912,67.2604099686312,106.18088371026806,79.06385014330394
DFL-MAT-J041XN,0,False,43507,109.96919888656292,164.34301624010385,103.2119166472759,123.8590649563972
DFL-MAT-J041XN,0,False,49483,148.03315309376367,108.93485436337579,127.56561183016291,128.27003565085482
DFL-MAT-J041XN,0,False,57320,234.37490973714424,156.7101506837453,172.52294069284193,128.527948509089
DFL-MAT-J041XN,0,False,60656,139.3551732608755,90.49588400032214,121.76073754971387,84.94333131609226
DFL-MAT-J041XN,0,False,61113,161.43826352545875,120.3967612695414,167.5523132395799,124.80767729006199
DFL-MAT-J041XN,0,False,64488,98.929529822164,73.3397141933669,63.45875245416775,100.68944995603697
DFL-MAT-J041XN,0,False,65184,141.26271778072743,141.22367816781266,149.81828726440565,147.28754285312183
DFL-MAT-J041XN,0,False,68736,86.69132783454197,208.25651166589267,80.56919313683113,207.12187043619
DFL-MAT-J041XN,0,False,72646,96.36301837478148,175.56936908494694,94.08566604416725,173.35880362066774
DFL-MAT-J041XN,0,False,101583,94.12024305292329,206.3942676894793,122.71116979493107,224.87346356385333
DFL-MAT-J041XN,0,False,103265,103.42687532803673,138.77470045206584,103.71353941795671,130.77151849790303
DFL-MAT-J041XN,0,False,105895,114.92769044694893,146.11515344453935,113.42998063642719,130.45420578363635
DFL-MAT-J041XN,0,False,109481,134.0814713155043,107.26489338279501,149.2823200654456,105.86434848517884
DFL-MAT-J041XN,0,False,110240,185.11823370978996,124.08046257067706,194.32172276508334,143.95496465046023
DFL-MAT-J041XN,0,False,137284,133.9169208354333,166.02217271675795,123.94801926950382,160.02031564142996
DFL-MAT-J041XN,0,False,154515,56.0694716231866,141.02600355241537,41.88665737916326,143.6179173422714
DFL-MAT-J041XN,0,False,162650,136.63752359659748,121.73535998012412,108.57795180879295,92.96128454796494
DFL-MAT-J041XN,0,False,162925,156.37974552339026,136.90548118903243,132.00273482641023,97.66001701842978
DFL-MAT-J041XN,0,False,168087,29.4720038924489,28.99222870315175,26.404739177689738,27.78988573577393
DFL-MAT-J041XN,0,False,175087,116.4218657261427,88.54907217085743,123.20379458002753,90.86052353009265
DFL-MAT-J041XN,1,True,20007,85.65908381224185,75.86578167663744,71.83695773958496,81.26928004418937
DFL-MAT-J041XN,1,True,21490,96.79975972190407,126.58908477558602,90.73334706359431,99.25075046358978
DFL-MAT-J041XN,1,True,26847,150.23233620540609,82.22505162988277,149.36880790857813,83.99456015109236
DFL-MAT-J041XN,1,True,31382,146.11126631339678,114.95590407365131,103.05687855734276,90.5268962712171
DFL-MAT-J041XN,1,True,43187,151.68528210391537,113.5654308899535,134.25795653857963,104.53421915333351
DFL-MAT-J041XN,1,True,55063,94.5960067795323,115.2900108401623,94.57209400942163,107.06099812097233
DFL-MAT-J041XN,1,True,68498,126.6129812589751,43.24908155899588,119.87751453666354,79.86225733251565
DFL-MAT-J041XN,1,True,68532,158.86634960511728,124.17633327923645,86.32860838072337,76.59571955560973
DFL-MAT-J041XN,1,True,72374,223.59703119003785,193.26896466676396,239.93048546183604,183.75171995475696
DFL-MAT-J041XN,1,True,74203,151.4575675931963,136.7674763397695,134.5505236084432,139.37223298549773
DFL-MAT-J041XN,1,True,74268,147.43711678210616,142.31473695247072,178.43720967974977,135.37243993109595
DFL-MAT-J041XN,1,True,107149,216.33065397081606,87.33435410692309,160.85460518428005,82.83243925819649
DFL-MAT-J041XN,1,True,107180,234.38972902944903,84.73912112402238,235.66894764777678,81.16545653885166
DFL-MAT-J041XN,1,True,119543,113.56014606475398,130.26461289941128,101.70574344656414,119.59912805580763
DFL-MAT-J041XN,1,True,121571,140.46592313387657,98.50352945469179,128.68841142309898,105.31755295304842
DFL-MAT-J041XN,1,True,122655,203.92987044648538,143.31795919482667,162.6505860237095,117.26075723468112
DFL-MAT-J041XN,1,True,129083,157.2562441728452,127.8173793275887,110.60943268249895,125.03430426696129
DFL-MAT-J041XN,1,True,136460,183.06699901513724,121.02502552583717,179.81806787167181,98.51626466770817
DFL-MAT-J041XN,1,True,139606,132.44343821607902,164.2150393849609,105.84843632021972,163.17518670633208
DFL-MAT-J041XN,1,True,139678,178.99660207163603,130.14234381440676,122.10830951326318,114.16193543112335
DFL-MAT-J041XN,1,True,153561,115.50469430450988,151.68775197529362,121.94162523259897,159.507390025204
DFL-MAT-J041XN,1,True,170201,146.5706293289091,167.25150773780376,130.75831480466374,162.7261321433333
DFL-MAT-J041XN,1,True,172031,112.44747576101334,78.25785973619931,135.53372302152766,66.97181804703362
DFL-MAT-J041XW,0,True,48812,83.84678784537817,113.14734067778447,77.42074072681613,115.76205502999727
DFL-MAT-J041XW,0,True,79680,19.449137672911032,22.274048452589454,21.387947285696864,23.851369297070434
DFL-MAT-J041XW,0,True,116974,144.7920950461228,96.40820107228791,135.65728413982671,83.7963346884636
DFL-MAT-J041XW,0,True,120850,165.15345977519175,135.7177243714526,148.92258866981143,125.09875679459857
DFL-MAT-J041XW,0,True,141919,88.19340737347072,108.64303316316249,102.57141296776773,103.89247438007563
DFL-MAT-J041XW,0,True,142530,133.3585876314266,130.7231135329293,115.33656273706251,89.7383331421806
DFL-MAT-J041XW,0,True,147808,84.07468186383211,107.46089669036762,76.7813626444515,119.36594957283376
DFL-MAT-J041XW,0,True,147855,77.65843606796963,50.758302896694076,80.90934734940336,93.37501321498159
DFL-MAT-J041XW,0,True,177011,139.71757801221324,114.51827885725864,170.6487564339701,144.9859279139132
DFL-MAT-J041XW,1,False,10942,116.08264600240034,136.67008887332312,99.99060677447143,136.9999503212366
DFL-MAT-J041XW,1,False,29022,150.48777636044395,162.6585175056515,137.69918040176785,180.04901723190835
DFL-MAT-J041XW,1,False,37223,260.3379111780174,177.29208792702806,232.70549069218802,142.2769686341773
DFL-MAT-J041XW,1,False,49973,172.8189942986497,189.69584721133916,119.99228166354267,170.5824028481826
DFL-MAT-J041XW,1,False,50190,113.38152693741077,154.2356902674181,109.9844784733529,140.60045581127935
DFL-MAT-J041XW,1,False,50233,123.24756364171459,119.9757426412705,90.01066968838572,71.43503063868884
DFL-MAT-J041XW,1,False,56044,120.29687239605867,120.18652803528603,106.33440356539218,99.13477727503484
DFL-MAT-J041XW,1,False,71796,68.29684691487701,54.24756508798246,76.18161132832857,46.90258414638316
DFL-MAT-J041XW,1,False,76644,123.40108145845022,90.18640639230865,124.49353829119096,100.09442951454795
DFL-MAT-J041XW,1,False,81820,174.28401657361553,182.62799510708263,172.15964478416817,167.02707821688088
DFL-MAT-J041XW,1,False,137036,130.21706589694253,171.0574872616574,138.13436200654388,177.3712182884276
DFL-MAT-J041XW,1,False,140807,136.41094348626854,114.06144954458475,93.23098055843633,85.66114254709441
DFL-MAT-J041Y0,0,False,57579,112.77361715678265,153.14796522834266,62.343105910666516,123.36537014451615
DFL-MAT-J041Y0,0,False,70950,155.1375829023974,138.5696007929898,174.84430135918706,118.9737873046693
DFL-MAT-J041Y0,0,False,72693,293.59366972366166,179.08153266629208,294.1577434056619,171.4690014862687
DFL-MAT-J041Y0,0,False,76056,102.02962230549454,101.09717183847212,17.925992272603796,54.838382159962606
DFL-MAT-J041Y0,0,False,77639,134.28936681265208,86.43215712990211,116.39101613456494,102.77480002165946
DFL-MAT-J041Y0,0,False,77711,160.54618956449312,169.0766393986999,144.57581530595516,159.44024104409667
DFL-MAT-J041Y0,0,False,102393,75.49806693687437,85.09118225250499,64.60528143083502,47.957769524859955
DFL-MAT-J041Y0,0,False,104090,141.03108689324245,127.17522235789485,83.4942904975082,86.54914812078188
DFL-MAT-J041Y0,0,False,123761,143.2426611898174,182.10837750525488,145.96775103678672,179.57419111047315
DFL-MAT-J041Y0,0,False,141214,83.14512973497813,101.03621187166986,98.89761891599518,113.93459658400621
DFL-MAT-J041Y0,0,False,154582,162.42298189009122,215.78491595920372,162.70438088773474,243.68284384768765
DFL-MAT-J041Y0,0,False,166122,86.12786302174891,120.25305516401195,99.81529721242724,111.7392272135039
DFL-MAT-J041Y0,0,False,168390,101.17319262851387,98.75277381173804,120.59334886985991,99.5045821190157
DFL-MAT-J041Y0,0,False,169307,98.44020970725636,74.45544463881141,86.97140105015988,72.02198255988873
DFL-MAT-J041Y0,0,False,173829,173.3135959199994,164.9699015980089,188.8876098542772,162.72610377394335
DFL-MAT-J041Y0,0,False,177499,130.62479388759232,116.29938553286098,94.28837756154596,111.61499639822652
DFL-MAT-J041Y0,0,False,180527,80.66484617205552,93.75284623483806,70.45718746644798,127.91216233688685
DFL-MAT-J041Y0,1,True,23287,107.41690678812039,150.4434462783375,100.47986202627072,144.18856903544432
DFL-MAT-J041Y0,1,True,28951,36.17593299499468,66.23320481163559,15.475933465374528,28.89530261090151
DFL-MAT-J041Y0,1,True,30577,77.64171180640315,103.8265252278184,115.5743543914114,119.28804404166326
DFL-MAT-J041Y0,1,True,37006,245.37311528796488,207.75408405569084,230.13451135341376,202.4137887390772
DFL-MAT-J041Y0,1,True,43483,110.24626401108772,195.4580272874015,73.89659737408384,180.56142354800934
DFL-MAT-J041Y0,1,True,43592,83.23424843164567,95.37749527717224,91.71011799400719,107.34179895770552
DFL-MAT-J041Y0,1,True,47958,125.68339843718327,110.61182922575509,129.76497394003601,104.36482660525596
DFL-MAT-J041Y0,1,True,50076,99.65796256641366,100.67683448322437,129.02354894724914,140.53436886581886
DFL-MAT-J041Y0,1,True,50128,125.36745020645806,110.05698156778492,150.61279661953438,96.91765322592569
DFL-MAT-J041Y0,1,True,61184,72.0623972156026,67.77791939130078,88.2029823824852,65.54723915322272
DFL-MAT-J041Y0,1,True,61916,206.29060742710908,152.39276553438629,143.1528590064187,155.3923603232998
DFL-MAT-J041Y0,1,True,111346,16.0973069644194,17.205332289158765,18.269854758669517,20.49475635375527
DFL-MAT-J041Y0,1,True,114941,163.16602913261727,126.70521493809204,103.2340909827529,117.26096820462324
DFL-MAT-J041Y0,1,True,116030,147.99141622556104,124.85981437660197,140.84684955611112,133.88183542809685
DFL-MAT-J041Y0,1,True,135111,89.1088702707055,63.06445655772377,98.39268665194226,54.35435748766024
DFL-MAT-J041Y0,1,True,139861,122.9935404024018,86.3537070891664,76.41709031080816,56.97500328081374
DFL-MAT-J041Y0,1,True,144474,137.69024249356468,105.22681203595474,100.99433286020958,113.67415808247766
DFL-MAT-J041Y0,1,True,145919,115.59413249029471,143.8444583244269,124.53885239641576,160.0245343173268
DFL-MAT-J041Y0,1,True,146151,126.53245757403153,113.92766064600164,125.26187163288539,107.69914824682957
DFL-MAT-J041Y0,1,True,146324,132.3947215643377,108.65535348435544,91.08193406621567,73.7067057742512
DFL-MAT-J041Y0,1,True,155889,63.52570713906166,94.94891285885737,68.3355550793673,138.01642783772533
DFL-MAT-J041Y0,1,True,155933,88.41898958009986,63.344766279051704,126.14279634261545,83.7796405593952
DFL-MAT-J041YE,0,True,34895,222.14283051578536,165.06050421314637,265.33332460499395,179.3565111988086
DFL-MAT-J041YE,0,True,59578,137.29857570277662,126.97167155812515,144.9457701016035,129.44605550543184
DFL-MAT-J041YE,0,True,120188,106.26333649321118,149.36702594396772,93.24151330658934,144.03965638247573
DFL-MAT-J041YE,0,True,126507,71.12459802774005,95.03892684339976,84.8740738283917,97.48948663805244
DFL-MAT-J041YE,0,True,129772,126.21406167448296,179.00440910242068,148.51790091688756,178.9469585735947
DFL-MAT-J041YE,0,True,136029,136.45024840459348,147.15718089821826,131.30013195329062,137.44569134470942
DFL-MAT-J041YE,0,True,161431,28.574646199017057,116.93316053658778,36.656076146994764,126.55080045239377
DFL-MAT-J041YE,0,True,172001,191.23952583316117,160.74983567850467,138.4671354751903,171.75433718906453
DFL-MAT-J041YE,0,True,178121,162.56858277293387,153.04185180085435,172.15742938897898,166.9349561950034
DFL-MAT-J041YE,1,False,37797,95.44172157687072,158.84990725331411,96.50634897588196,144.9086264291137
DFL-MAT-J041YE,1,False,39518,97.22100346028486,74.75711298611134,79.77420227356647,70.68650880325539
DFL-MAT-J041YE,1,False,53883,202.9155700810034,143.90800829289034,140.4159164129556,88.80989437721134
DFL-MAT-J041YE,1,False,114126,127.42022324872477,66.85403260413206,80.43430340395214,51.03147040564495
DFL-MAT-J041YE,1,False,168294,137.23505879224072,159.3109041671532,124.48040855407787,165.59075994564762
DFL-MAT-J041YE,1,False,168758,227.82492366173312,169.5060365857546,234.2140901264141,199.36350317376787
DFL-MAT-J041YE,1,False,175766,97.26435695634858,131.55563632311097,81.77058208333472,115.97181507591016
DFL-MAT-J041YE,1,False,178581,185.10633906081875,124.38531870481297,185.9785392027706,111.38191888182534
DFL-MAT-J041YE,1,False,178605,177.46129380550445,133.08984971338688,173.95503882774247,145.85836224960062
DFL-MAT-J041YN,0,True,11186,115.30689689578502,141.17829995023718,109.44354997008456,143.7100588084511
DFL-MAT-J041YN,0,True,49361,122.81199359323496,169.83903916548354,124.18255213251007,148.0323906935014
DFL-MAT-J041YN,0,True,104922,116.68269858669565,99.69502921937584,94.71926287285703,65.86931147047066
DFL-MAT-J041YN,0,True,137444,70.54757854632246,93.1586293638024,91.35363469141707,83.4845171430682
DFL-MAT-J041YN,0,True,139789,101.28134856441669,110.47236251296967,60.73574109953658,78.95563403748953
DFL-MAT-J041YN,0,True,142030,152.82401939257517,121.50884211409785,152.8665905733364,107.43169449795785
DFL-MAT-J041YN,0,True,142479,129.49703742293642,119.32191223121488,132.05165469266115,131.47446626613322
DFL-MAT-J041YN,0,True,143188,103.46153895710164,122.37374433623401,87.41564623305568,140.6097069021597
DFL-MAT-J041YN,0,True,158981,86.04288325378886,138.31098748010342,46.930388299727355,85.03693991331762
DFL-MAT-J041YN,0,True,175032,222.59926166890298,104.53494238450592,206.8561771280575,98.82870938137121
DFL-MAT-J041YN,1,False,13185,123.03696732626507,135.87272340302448,91.44284681954066,100.4659372542932
DFL-MAT-J041YN,1,False,15657,60.15174388000621,75.29931842461025,79.8268531853149,78.06108001373362
DFL-MAT-J041YN,1,False,15741,101.6091456775766,103.29282132381938,99.86352390066901,91.64718157062818
DFL-MAT-J041YN,1,False,21948,160.36311852908915,108.63487163299007,146.14195702552604,93.09141249979074
DFL-MAT-J041YN,1,False,27972,190.5517307923741,151.05232570069123,177.620935606168,111.84235397328068
DFL-MAT-J041YN,1,False,31295,87.86027151586583,180.00391978064312,106.88410739491789,189.5299269538757
DFL-MAT-J041YN,1,False,35071,25.038018158975706,19.171333991569792,24.992852321688382,22.687145771856596
DFL-MAT-J041YN,1,False,37657,208.09243856043759,195.4174290298451,167.3095294533894,143.51020559015652
DFL-MAT-J041YN,1,False,37913,223.62919059413755,167.03519681835994,162.02236292514485,170.50178619410136
DFL-MAT-J041YN,1,False,40711,116.20275077202727,131.5533940240288,123.0061086915649,124.54662551340118
DFL-MAT-J041YN,1,False,40998,171.4822135418685,162.66408413986545,173.48161752604946,141.32295221864956
DFL-MAT-J041YN,1,False,41033,67.97657393057364,77.6519708375712,86.07220061218636,80.69005694036888
DFL-MAT-J041YN,1,False,41329,126.2633786202764,132.20128159027624,131.7310331048536,103.80813374798434
DFL-MAT-J041YN,1,False,46609,85.37911172821312,65.53483116882529,63.911454956077186,56.83516758936369
DFL-MAT-J041YN,1,False,46894,209.6135104225938,135.71725867280088,217.56590919362088,122.1377864773163
DFL-MAT-J041YN,1,False,57207,129.4425580493748,130.06102163366845,130.30627983529965,123.6908549841381
DFL-MAT-J041YN,1,False,62412,189.301414356003,201.66889694597742,120.26451249428159,167.34664119021537
DFL-MAT-J041YN,1,False,100179,78.85455911537159,56.35772321379107,96.00276435241516,113.31898340155628
DFL-MAT-J041YN,1,False,109049,91.59522702325545,88.92152456986283,121.40780963302154,97.25009520395925
DFL-MAT-J041YN,1,False,111982,191.7493342678494,146.56905836969725,164.57551341783238,151.83000488775528
DFL-MAT-J041YN,1,False,114835,169.57070275036867,154.510327865446,115.04399348361294,134.60104711560714
DFL-MAT-J041YN,1,False,116527,132.90389272241765,118.53967305304815,155.45327204308896,123.13610480614102
DFL-MAT-J041YN,1,False,117388,115.84269766332609,146.55793803866615,120.69056260355224,126.14648345073466
DFL-MAT-J041YN,1,False,117749,156.1801072889073,106.71310876047292,129.70786198207847,106.63105406769873
DFL-MAT-J041YN,1,False,118558,127.73580046032477,116.90773074262168,139.3345219583111,113.89647604159276
DFL-MAT-J041YN,1,False,128691,195.38481641129417,105.17337800533372,197.86904176802153,125.4119507257282
DFL-MAT-J041YN,1,False,134798,118.30681803294642,120.44226274372897,104.62039882091811,139.02766122888687
DFL-MAT-J041YN,1,False,136299,116.52200055890995,124.84515036962911,95.87905091274531,73.66006819038444
DFL-MAT-J041YN,1,False,137935,166.79058500925822,140.97221426451324,126.57658316932242,139.94199109217797
DFL-MAT-J041YN,1,False,167664,80.64496885591481,42.56744362390015,92.5067535380521,74.52024755376014
DFL-MAT-J041YN,1,False,168520,107.39508608045756,61.0341829421235,137.74919563500097,83.77664593654738
DFL-MAT-J041YN,1,False,179280,92.75213002675318,116.32995604841295,85.59856360274973,96.57385216658147
DFL-MAT-J041YV,0,False,80829,131.29317633418611,105.41468699611514,147.53738344762715,109.39084654147928
DFL-MAT-J041YV,0,False,105124,100.663241316589,94.84737257999141,97.40141478655256,67.25376385575683
DFL-MAT-J041YV,0,False,111911,77.80093628716924,121.50438288933204,76.09724327708261,109.06836724012025
DFL-MAT-J041YV,0,False,112682,90.85374659840133,102.56640871503609,39.692400335384896,48.71846659043233
DFL-MAT-J041YV,0,False,132797,181.70655192639015,215.47543172740245,178.24537724802514,194.93535332134977
DFL-MAT-J041YV,0,False,159206,113.11954244989778,219.21069687505567,68.67147863036507,209.231303603002
DFL-MAT-J041YV,1,True,33747,95.87360602892997,83.10210266488124,60.60306162991863,70.23827742594654
DFL-MAT-J041YV,1,True,47528,132.9374844084729,107.59243392242301,73.597834013929,54.016986010863036
DFL-MAT-J041YV,1,True,84099,125.54507911493431,97.23449811089269,115.17953106314035,89.720708422331
DFL-MAT-J041YV,1,True,126564,95.04853588699218,118.55301843257384,146.4986401793273,152.77160448967717
DFL-MAT-J041YV,1,True,126660,111.80150206376076,90.47130822069589,94.99773570061427,94.96139414596891
DFL-MAT-J041YV,1,True,146290,74.80827522463548,173.34664863981243,42.737838045276824,154.50643437066023
DFL-MAT-J041YV,1,True,150692,137.73380620069656,118.13325238351291,137.09199672586465,94.76815439981289
DFL-MAT-J041YV,1,True,150749,163.97560897358764,111.16711694925495,207.15223005016526,113.86843586444296
DFL-MAT-J041YV,1,True,153189,152.67708521583123,136.560880810238,128.98610902551593,123.35565829988208
DFL-MAT-J041Z5,0,True,29545,90.25633332427098,63.92481637438907,106.96034398948218,92.5622120518038
DFL-MAT-J041Z5,0,True,63120,81.84176889208241,81.09652595527346,61.455031021501306,80.0731906009211
DFL-MAT-J041Z5,0,True,70909,63.053871274248195,71.49670498778164,96.90165082555988,70.52991483395144
DFL-MAT-J041Z5,0,True,78234,90.41393621697996,68.358717585876,114.60983401097346,98.3319783878241
DFL-MAT-J041Z5,0,True,80039,66.94551928282236,58.92762323786142,74.27589050576218,58.326352744124236
DFL-MAT-J041Z5,0,True,114004,153.3290621235952,155.6616819811436,157.0679486502992,144.79952862877164
DFL-MAT-J041Z5,0,True,125128,113.55583136019955,91.70892377161275,132.6518790130444,106.83664042152878
DFL-MAT-J041Z5,0,True,148415,70.0890870625926,92.61868106794346,70.32956773490903,110.53148617282402
DFL-MAT-J041Z5,0,True,166816,99.09086556615532,144.99400556134404,111.41861113954822,156.3029621817747
DFL-MAT-J041Z5,0,True,178306,130.2132922494503,86.99053098005415,122.41860329823815,82.60983419463705
DFL-MAT-J041Z5,0,True,179699,202.12413490762708,112.74902333842644,177.21092234960827,131.9977563423174
DFL-MAT-J041Z5,1,False,17045,159.6642308768603,81.6639019253744,145.89793581352558,84.05677324110911
DFL-MAT-J041Z5,1,False,18105,85.79711741606903,78.5086347192037,81.69588702327827,76.5517177391424
DFL-MAT-J041Z5,1,False,20148,121.07133916598154,94.3340427016414,123.76462099581381,99.28151143959795
DFL-MAT-J041Z5,1,False,20659,147.0323567115457,107.8742254711269,99.94057679077662,95.6512856314335
DFL-MAT-J041Z5,1,False,45563,150.05929404421508,179.75022102454204,169.15863831099526,177.74478140006855
DFL-MAT-J041Z5,1,False,45698,124.71721179664387,99.60761338716812,129.98946090435177,114.20718075186683
DFL-MAT-J041Z5,1,False,56196,249.98286084729637,100.74956790187257,243.33321579213813,114.6701427817766
DFL-MAT-J041Z5,1,False,60328,8.323847182085174,8.679702515333625,2.3135072121012463,1.727396543144789
DFL-MAT-J041Z5,1,False,84419,228.14097905406027,75.33641048946927,212.57970717641356,88.77193633388585
DFL-MAT-J041Z5,1,False,106138,144.24812416443453,162.54720793307715,65.75308985396249,121.08680904030587
DFL-MAT-J041Z5,1,False,110834,129.75429359168774,158.27404350280435,140.9974727382427,111.23015158392394
DFL-MAT-J041Z5,1,False,119704,66.11627933722468,115.33072506618875,97.64322970996058,108.58230246070023
DFL-MAT-J041Z5,1,False,119820,147.7831713704692,114.45853082462939,161.95844010621386,143.0611785065875
DFL-MAT-J041Z5,1,False,143464,93.9820894762836,202.85965455491365,102.17195539445592,198.26288704249924
DFL-MAT-J041ZD,0,False,23119,148.04765245588575,135.26984491140726,139.7496896464214,144.99956916749605
DFL-MAT-J041ZD,0,False,23212,115.32118919237959,89.6742163202135,141.29893134516377,87.25156541866586
DFL-MAT-J041ZD,0,False,23984,171.19710261544083,146.57979102871195,134.33916880125912,119.63755037885929
DFL-MAT-J041ZD,0,False,26141,150.38412443298893,150.606777663448,162.01205932468122,148.63534526901634
DFL-MAT-J041ZD,0,False,35285,179.67411291556422,159.13835475520523,170.2146860815188,130.6886792986747
DFL-MAT-J041ZD,0,False,37810,170.16518796575363,82.20522693746419,159.21894436992832,127.79485704623808
DFL-MAT-J041ZD,0,False,46346,156.5394896698002,149.38086252893697,111.86554435718234,156.19096807637607
DFL-MAT-J041ZD,0,False,58190,114.4435746114373,129.7175665490211,145.8172639286774,142.72027450464032
DFL-MAT-J041ZD,0,False,60330,171.0114190352809,159.18227507272397,204.14250335145024,179.33732890637756
DFL-MAT-J041ZD,0,False,62413,125.00788875592738,97.57582513259764,106.2400259261478,107.85479169682614
DFL-MAT-J041ZD,0,False,62786,153.7308487107473,93.99914492247277,135.29736108398652,78.65771816216811
DFL-MAT-J041ZD,0,False,64746,179.30148074144344,131.11826932930776,195.75283191068917,124.58585837328442
DFL-MAT-J041ZD,0,False,69308,159.39264937524737,133.4150213401193,168.9875060272836,132.42341537854426
DFL-MAT-J041ZD,0,False,69343,174.14902442068214,98.63334165340778,171.88910301309662,148.61680725286962
DFL-MAT-J041ZD,0,False,80624,178.31635354742852,118.352409332156,166.04271010237545,102.22029523558271
DFL-MAT-J041ZD,0,False,103325,156.93821918381204,127.47127903895921,154.03730823322618,131.85730708817098
DFL-MAT-J041ZD,0,False,116112,120.48864943264931,184.6066449624879,101.07896743212432,146.7786092041551
DFL-MAT-J041ZD,0,False,116185,95.0344025880404,96.77930673180951,57.912793787857,84.38806671993542
DFL-MAT-J041ZD,0,False,123651,116.9504920993879,84.52896534381657,109.06418762982372,77.61226461822073
DFL-MAT-J041ZD,0,False,149066,123.02842637661803,213.3831755323583,123.75186735650077,227.21060923382
DFL-MAT-J041ZD,0,False,153395,120.55092522536646,103.35028212085739,117.67003157246326,96.03088093625973
DFL-MAT-J041ZD,0,False,159417,155.1645834280244,133.9805149813872,153.46613842118902,121.1782319233174
DFL-MAT-J041ZD,0,False,159431,145.52292396176875,183.89202598096733,152.2512200635066,148.64283417659036
DFL-MAT-J041ZD,0,False,159649,127.37687728902178,98.56013457675756,116.76417427480115,82.9291556661152
DFL-MAT-J041ZD,0,False,160283,188.2930228141838,163.17132432549596,182.50979028988604,149.38792625197146
DFL-MAT-J041ZD,0,False,160789,137.9828125250798,188.96052436039898,139.9140714407991,200.35674929835466
DFL-MAT-J041ZD,0,False,176219,153.38443714673124,156.78517801248827,145.45504592524475,143.79851303305668
DFL-MAT-J041ZD,1,True,16162,240.43628860582294,185.87353052809075,197.7238329648015,157.1007815475991
DFL-MAT-J041ZD,1,True,16317,105.79285951759151,153.3040077364929,97.73533862705025,132.01556546170005
DFL-MAT-J041ZD,1,True,43382,231.57187674936196,147.09370255907476,208.6416040390553,141.17934300864823
DFL-MAT-J041ZD,1,True,101199,118.56934234599842,102.25304521745794,89.23648019886667,97.3330273801906
DFL-MAT-J041ZD,1,True,101347,63.68296499918924,86.3523075137229,41.03854796580891,100.48028621465157
DFL-MAT-J041ZD,1,True,109403,46.62040113236263,154.90698132407618,61.2856117159952,177.51272397262025
DFL-MAT-J041ZD,1,True,124517,106.17027702295093,115.28441068233948,124.03080463123916,153.57957923261455
DFL-MAT-J041ZD,1,True,130105,130.74648764191795,118.00606198516026,157.7884895831211,124.86749039789663
DFL-MAT-J041ZD,1,True,130833,84.74869903473338,60.257553103290846,93.59276994575819,62.55130615479815
DFL-MAT-J041ZD,1,True,131992,84.6728792023446,106.60822865098768,112.74062987106763,130.50199218582665
DFL-MAT-J041ZD,1,True,132477,92.38309846783943,60.39646363114713,102.26451478018136,104.50848039573282
DFL-MAT-J041ZD,1,True,132482,92.419425123473,56.5324579388626,98.86327829606205,90.10557373308082
DFL-MAT-J041ZD,1,True,132588,92.54375513272701,64.3545292543496,101.66479156545533,79.45147585495496
DFL-MAT-J041ZD,1,True,133503,92.65684552944063,60.988176652839634,97.59257718319628,68.87517326821617
DFL-MAT-J041ZD,1,True,140968,67.15848874724135,53.08468602387883,62.617522025234194,40.49306346778668
DFL-MAT-J041ZD,1,True,141649,89.45684596870574,59.00271946019769,29.302245910346677,49.965726367462395
DFL-MAT-J041ZD,1,True,145775,129.06466143807373,110.58108049689233,146.31668393273324,121.5433747583666
DFL-MAT-J041ZD,1,True,146274,202.46867976096732,145.91808359058717,184.9515586523269,178.42322294951825
DFL-MAT-J041ZD,1,True,146946,82.18407340119244,49.859165629760334,51.21436275378414,35.065525531800745
DFL-MAT-J041ZD,1,True,148145,70.15929983872492,128.68927996079248,120.38928826901763,121.44672840521093
DFL-MAT-J041ZD,1,True,170983,212.97314066345547,173.3468235631678,196.63023140042077,168.61192141824174
DFL-MAT-J041ZD,1,True,170989,187.60473958015297,168.19606492467977,203.80939498672672,169.49761743448582
DFL-MAT-J041ZN,0,True,31118,109.43744909000685,93.92618157239288,92.61242462371732,62.84815242524646
DFL-MAT-J041ZN,0,True,51259,33.14554378704402,73.72942283048737,41.47144083781981,115.68516571469945
DFL-MAT-J041ZN,0,True,67170,95.71145056390112,48.64654015138099,86.38837247869725,75.15804757322735
DFL-MAT-J041ZN,0,True,67734,184.14902972160928,54.81143673942409,169.3465955546683,83.32289481787869
DFL-MAT-J041ZN,0,True,78189,142.73209815632114,203.78995496824587,143.9497958711537,197.13919486836346
DFL-MAT-J041ZN,0,True,79355,53.35316148216524,211.80804939663076,57.64513170916664,181.42301834751194
DFL-MAT-J041ZN,0,True,125804,96.51351420477242,156.65860011015334,80.71630215069705,134.2398745177694
DFL-MAT-J041ZN,0,True,128089,123.42812406039711,131.6377940029446,121.36699728874912,157.85558494920227
DFL-MAT-J041ZN,0,True,131350,83.78294887473565,71.84159029997394,71.27965197383158,49.15265087738616
DFL-MAT-J041ZN,0,True,134355,118.76388362922037,99.32999957958181,119.49833067812489,91.7822790612993
DFL-MAT-J041ZN,0,True,138161,30.95720649550559,27.09848740180913,16.560696983239392,13.289890974664752
DFL-MAT-J041ZN,0,True,145983,105.2891984377201,71.47419626329874,102.28632276599288,72.35514236341808
DFL-MAT-J041ZN,0,True,157206,136.5199647685887,104.38198105184452,133.35883293072297,104.7646441699436
DFL-MAT-J041ZN,0,True,163071,150.53882000645862,81.87868926875527,118.93420176431418,81.90428227771386
DFL-MAT-J041ZN,0,True,164688,118.75344807006759,91.78962839938475,120.38883166210802,85.72015108713106
DFL-MAT-J041ZN,0,True,175207,103.77464411650199,97.57415409502569,99.6971581579443,116.72480105100873
DFL-MAT-J041ZN,1,False,13099,80.34657046664603,153.47434072359874,86.71003519836633,167.04387183223827
DFL-MAT-J041ZN,1,False,14178,166.30254120753665,155.90701769522084,124.49135750557316,89.87973882148235
DFL-MAT-J041ZN,1,False,14862,153.93573135304126,128.25159201292553,161.3148932232284,136.6779853115238
DFL-MAT-J041ZN,1,False,21814,103.4437811804877,96.1751298165501,128.1502914303363,107.01690342167716
DFL-MAT-J041ZN,1,False,21819,91.2116623635378,95.2053722133224,119.53847676220957,105.12520864855527
DFL-MAT-J041ZN,1,False,21844,174.2146921145291,103.48064178385151,110.45898714483127,117.0357577435948
DFL-MAT-J041ZN,1,False,26292,110.42285414829827,112.32053639869387,157.0007333414588,129.66577002657436
DFL-MAT-J041ZN,1,False,28195,117.98460774119341,102.94775461597894,105.81272646894136,99.139004803558
DFL-MAT-J041ZN,1,False,32690,156.85071379022824,163.4876283017923,118.16181367864878,154.79256686116878
DFL-MAT-J041ZN,1,False,61221,181.8870223828288,116.81639711338426,163.65261152496595,114.19356487705139
DFL-MAT-J041ZN,1,False,74880,128.02854581279936,83.38594909749445,93.8121218341163,67.08012155808977
DFL-MAT-J041ZN,1,False,80139,181.10918762680734,108.14248225186432,166.70844158778854,120.52104852782428
DFL-MAT-J041ZN,1,False,113391,126.96041067171441,104.18097037285939,111.06699408457517,91.06352272476732
DFL-MAT-J041ZN,1,False,116043,125.29682143152974,72.92963493429855,92.55362251045767,85.11595698910573
DFL-MAT-J041ZN,1,False,119258,99.5164661702487,126.8398250784584,94.4261647947562,112.99353248580915
DFL-MAT-J041ZN,1,False,119359,83.90929470385599,49.16018908283432,107.30559484668866,76.84914963256492
DFL-MAT-J041ZN,1,False,121639,117.52407381709617,176.84267285548827,123.48701027761203,152.0321711976429
DFL-MAT-J041ZN,1,False,141989,180.28643659608412,123.35838502984885,201.80152267829115,86.19220021178148
DFL-MAT-J041ZN,1,False,150276,114.36194808465146,91.77868075970953,94.64287814796373,45.66889682921223
DFL-MAT-J041ZN,1,False,150973,96.98669901518876,103.28630034353709,120.36931538607779,109.44699052093428
DFL-MAT-J041ZN,1,False,154319,111.02653026367585,104.24082118963055,133.16541998836655,105.75946722107409
DFL-MAT-J041ZN,1,False,154382,222.17023807520437,141.71731912031197,182.07808782698646,128.1325104973975
DFL-MAT-J041ZN,1,False,159212,155.33096864799128,181.20951304348858,161.48539593142058,165.55400681044821
DFL-MAT-J041ZN,1,False,172072,227.52173808835312,155.9986542800244,162.044205459388,130.48935488986308
DFL-MAT-J041ZN,1,False,173545,130.49080798947952,116.21972741107534,113.4947322582085,105.37737145438895
DFL-MAT-J041ZN,1,False,176725,154.25260139071884,147.16466083991176,130.56112197298847,156.75211599177254
DFL-MAT-J041ZQ,0,False,15091,157.70405590150781,175.71241489829458,144.65043780008907,163.66272869795847
DFL-MAT-J041ZQ,0,False,36390,121.73785216142963,119.64225535829672,124.77041507137375,107.08998544581749
DFL-MAT-J041ZQ,0,False,38505,37.78619760642364,54.61261138949258,62.94977853971383,63.37316000867229
DFL-MAT-J041ZQ,0,False,40283,121.6646161439641,113.45821280338822,146.76985863402498,118.84291591905058
DFL-MAT-J041ZQ,0,False,40318,124.53556821813599,149.14357767644856,147.66831904578513,149.62593154746548
DFL-MAT-J041ZQ,0,False,43405,169.62100506749573,96.18568021096209,161.71100099190105,134.84211243338896
DFL-MAT-J041ZQ,0,False,47655,143.36292236422713,150.63131680928092,170.82596882661798,158.97958186824005
DFL-MAT-J041ZQ,0,False,47830,102.07798400149083,141.47463016894486,143.3262042766092,149.27625888026654
DFL-MAT-J041ZQ,0,False,48033,155.7265393638326,106.41646203658368,134.0252350140245,93.47582863495391
DFL-MAT-J041ZQ,0,False,76003,86.28861091937397,94.76981110867719,98.45612922873701,66.85280848410382
DFL-MAT-J041ZQ,0,False,81007,152.1269216214503,79.87452032014032,196.033524543268,108.56114096569439
DFL-MAT-J041ZQ,0,False,108889,159.53802079979369,155.8848093784264,176.4352068571639,156.1936787355419
DFL-MAT-J041ZQ,0,False,113996,67.90987850729684,160.74445698664726,90.30280339240242,156.98450844354258
DFL-MAT-J041ZQ,0,False,117351,93.55170196005709,148.0843274492883,91.42773414615712,163.8822346218533
DFL-MAT-J041ZQ,0,False,127455,17.761001206902698,16.496591276233115,13.649624161595511,11.974569221864087
DFL-MAT-J041ZQ,0,False,140370,168.5070785735365,113.7211977871131,152.1036955628719,114.62200625067891
DFL-MAT-J041ZQ,0,False,159172,113.39907510209147,67.49546380941432,89.46384191463636,55.20095417925106
DFL-MAT-J041ZQ,0,False,160512,77.13656074058828,83.2375149728924,51.239951319314564,76.91152241898192
DFL-MAT-J041ZQ,0,False,160561,134.2685912810783,115.19900733090263,159.57552396096912,140.97737526114474
DFL-MAT-J041ZQ,1,True,10904,151.55681463484584,133.61051303128596,157.6737228063602,147.40081553307922
DFL-MAT-J041ZQ,1,True,12250,95.6635148009595,107.74324231096608,105.3486111187406,119.22980284236557
DFL-MAT-J041ZQ,1,True,49046,155.69316075747747,168.79565232408862,119.26681822319806,167.0387069676626
DFL-MAT-J041ZQ,1,True,52458,52.29592504693907,42.243084984214136,80.34014618826365,63.29959053245069
DFL-MAT-J041ZQ,1,True,53900,97.64280509647288,99.0171548784635,65.80074217045193,77.41510740617244
DFL-MAT-J041ZQ,1,True,64066,154.04185150805608,173.27563468927593,116.01458688804367,163.71646864797418
DFL-MAT-J041ZQ,1,True,72836,151.69832326817806,129.17719396964407,133.32320827987084,119.54835654638678
DFL-MAT-J041ZQ,1,True,102183,160.02294017356036,140.9511166141586,146.50276772189056,123.3902027419073
DFL-MAT-J041ZQ,1,True,111520,77.03475050608209,76.41748393140088,36.67586433227132,47.247275300407445
DFL-MAT-J041ZQ,1,True,120190,113.16830568794744,128.51097346794222,108.32590195172706,148.8426024433916
DFL-MAT-J041ZQ,1,True,122407,127.65207416023645,112.92321804049048,135.00294952738014,96.48313702330188
DFL-MAT-J041ZQ,1,True,135642,138.53556879873116,73.7031603688699,111.91243482297627,77.42266087359141
DFL-MAT-J041ZQ,1,True,139741,176.7453671355176,99.7587528129831,138.4464392438848,68.49878716808036
DFL-MAT-J041ZQ,1,True,148577,125.92299402963843,85.10877481653453,106.16341556433287,96.64908773478017
DFL-MAT-J041ZQ,1,True,151800,149.02838948248734,158.88868815615737,180.36349132111326,202.90809363658778
DFL-MAT-J041ZQ,1,True,164476,95.55016790922289,99.65750788410543,73.64253434538865,110.40745644014413
DFL-MAT-J041ZQ,1,True,166378,205.70259711391523,133.32549390980253,171.49280688843865,108.9144863940517
DFL-MAT-J041ZQ,1,True,171893,74.42854714074168,127.27838770417517,64.98911994542216,139.57512809574646
DFL-MAT-J041ZQ,1,True,173377,59.52370772820117,67.93544986567386,27.6330815916513,37.23732398150854
DFL-MAT-J041ZQ,1,True,174203,70.30926551912273,91.98468855833981,90.08202368026059,76.2638336183747
DFL-MAT-J041ZQ,1,True,174272,126.04166804890433,110.86933759017121,101.73305165867221,70.99911603480741
DFL-MAT-J04205,0,True,21218,102.47131610216823,102.11436835232855,120.8713919743187,116.84888037469347
DFL-MAT-J04205,0,True,35189,112.24311673416732,101.3786651500833,101.53301519599721,87.69885822841383
DFL-MAT-J04205,0,True,45707,112.9414805307309,106.75473733998031,130.99209287422175,119.25997710751837
DFL-MAT-J04205,0,True,47490,148.48321959202022,122.85123512163081,119.28760986360867,121.78134789856627
DFL-MAT-J04205,0,True,49319,84.68826044819599,77.12126676773539,104.26368252977564,107.40747884762335
DFL-MAT-J04205,0,True,49819,67.42818664380245,81.28641230069731,94.87880931302557,56.60835175117136
DFL-MAT-J04205,0,True,52527,274.9592628785903,148.1802762492109,231.68606177295774,124.71410093320884
DFL-MAT-J04205,0,True,54960,100.50642896313555,97.75836032093386,90.49289110882783,95.99920778184035
DFL-MAT-J04205,0,True,55151,131.68579913982168,102.9429820468848,118.19113903735727,78.5980220315708
DFL-MAT-J04205,0,True,60717,147.92346244884936,85.61535910333446,110.04690721726443,79.91567617418019
DFL-MAT-J04205,0,True,62688,103.99884684387803,197.35332939547519,80.18174294651679,179.66729742288902
DFL-MAT-J04205,0,True,74029,108.18531367641053,110.71368843633859,83.8522962425311,86.97039006380034
DFL-MAT-J04205,0,True,74211,214.215934573488,172.90813301996477,114.52517331777118,159.67808398826006
DFL-MAT-J04205,0,True,75353,208.65961753236985,102.19270708160165,184.8639862382658,121.49931779667975
DFL-MAT-J04205,0,True,106962,184.95663436159862,145.28635753329857,192.550775377214,155.83349774280762
DFL-MAT-J04205,0,True,113446,95.4497285093973,95.29225240796045,100.96370062866644,99.87383788221945
DFL-MAT-J04205,0,True,125334,20.81656803945733,15.725882197852915,14.452462194641546,15.615674158135958
DFL-MAT-J04205,0,True,143075,97.38919103184664,107.19103361515394,66.93773337817122,89.37249414878872
DFL-MAT-J04205,0,True,148322,167.41536359644329,174.2599687245396,165.05695012068512,170.22613269073918
DFL-MAT-J04205,0,True,148484,277.3600702089606,157.5697522757838,275.58158902743094,169.29512339381782
DFL-MAT-J04205,0,True,148495,265.142463888574,161.64023628250936,276.75708314185374,162.5306874218823
DFL-MAT-J04205,1,False,15320,191.24996214590595,115.70591817355361,195.20968350625583,103.96278425612634
DFL-MAT-J04205,1,False,22090,85.42306989347185,109.33774071598772,82.6639411459902,91.43708924586275
DFL-MAT-J04205,1,False,25494,79.67337692612115,171.61315444067088,78.14215172905259,143.7570877449342
DFL-MAT-J04205,1,False,42368,118.12731580758239,141.92878374440036,137.63992741096533,151.8323350564998
DFL-MAT-J04205,1,False,66177,186.7311404731636,80.3240159034935,107.32463231511154,88.32266925597257
DFL-MAT-J04205,1,False,68647,157.82390658554905,149.71902329470842,116.01510157290853,149.2228261370642
DFL-MAT-J04205,1,False,165303,143.66770783533627,122.7686965048082,140.5250556575296,114.86154638558646
DFL-MAT-J04205,1,False,171862,61.110885317407885,58.51501067080282,43.9769930052194,54.87831848769799
DFL-MAT-J04205,1,False,173797,20.70548437024502,15.562098607126105,19.04374151575379,18.692703207937807
DFL-MAT-J0420A,0,False,21446,92.0368966671534,119.75991743849329,103.4548096690776,118.60702191215127
DFL-MAT-J0420A,0,False,32523,141.51052073590478,165.2804936333576,125.65840874512553,167.93318270895878
DFL-MAT-J0420A,0,False,45528,172.6004866959281,172.98122682944648,149.34596515612623,123.47408174070127
DFL-MAT-J0420A,0,False,45646,190.60592381823295,85.0811665578798,190.61033498525228,98.49490889387683
DFL-MAT-J0420A,0,False,58134,44.16146947375572,85.25001154054252,34.99308455963839,35.02484851443522
DFL-MAT-J0420A,0,False,61572,27.675392578077485,39.66894490908498,25.575979715205683,20.010856994453896
DFL-MAT-J0420A,0,False,73929,229.29885676657943,169.68554384420773,175.5304658838107,141.29601190240564
DFL-MAT-J0420A,0,False,78188,66.59244428142979,126.79005936711239,16.343012939959884,65.77671976745164
DFL-MAT-J0420A,0,False,82084,110.01203033487803,80.74385720048983,100.12262166314459,75.84160142865977
DFL-MAT-J0420A,0,False,83180,131.1015648855041,81.98178055169546,155.301012337443,85.75904984267815
DFL-MAT-J0420A,0,False,108541,168.05020273101886,129.32504495574278,136.9936663124881,125.04224054964797
DFL-MAT-J0420A,0,False,115744,199.9578649405353,131.25506330770932,192.63257299764194,121.49322941114734
DFL-MAT-J0420A,0,False,119310,107.33731566898884,115.29742058280429,83.0085231346313,84.83297949212746
DFL-MAT-J0420A,0,False,164652,172.46453433566393,171.16050153998376,170.85460887293598,164.24854151918092
DFL-MAT-J0420A,0,False,166000,155.53970545469153,134.74964736827454,119.2102918073958,125.5002526612362
DFL-MAT-J0420A,0,False,167037,128.69098692814586,93.19818778003444,117.04857128527645,93.86408808106559
DFL-MAT-J0420A,1,True,18432,184.73941260897368,124.142921010775,213.56442923959042,122.1203823524819
DFL-MAT-J0420A,1,True,28855,104.52097180901416,179.49802557965108,108.48676535435195,166.86936624720354
DFL-MAT-J0420A,1,True,29431,170.8750688963922,138.93357387557924,140.41332446987616,139.72526350726667
DFL-MAT-J0420A,1,True,29490,63.25423091187469,181.29311328580866,105.10392578711162,194.46701925008546
DFL-MAT-J0420A,1,True,37416,72.01963769128801,89.46515911976303,69.46640874653035,146.71387672209895
DFL-MAT-J0420A,1,True,39439,140.33171608791437,129.69205583848475,146.8718574825685,153.04528776684745
DFL-MAT-J0420A,1,True,42785,18.965283977855037,17.085517692399733,12.688617699422585,12.575407145439645
DFL-MAT-J0420A,1,True,64677,127.24266068908655,174.6735011228332,96.67888798901139,141.36071001368043
DFL-MAT-J0420A,1,True,76141,84.26009397133886,135.085207238165,45.3460531210837,99.51235459451624
DFL-MAT-J0420A,1,True,85752,74.4986480846909,139.7527356940768,50.75136632251161,122.26054843556763
DFL-MAT-J0420A,1,True,101593,78.72327518077591,75.18881674331178,77.90707741875484,73.10265778888268
DFL-MAT-J0420A,1,True,126845,156.70114622233345,129.6020060009058,133.87307952054513,121.04528459787984
DFL-MAT-J0420A,1,True,127688,17.22468789814679,27.060294213523722,29.32913026275462,32.81379821365215
DFL-MAT-J0420A,1,True,129212,123.4533428685498,93.31422933208584,126.96697481201626,87.84664259437098
DFL-MAT-J0420A,1,True,159791,87.61150105531465,148.9157299029618,83.71828906745405,164.371844235759
DFL-MAT-J0420A,1,True,162929,139.9676502421916,108.65714342812542,92.94555740420846,108.25003666827797
DFL-MAT-J0420A,1,True,173280,61.72694043050456,105.77869777330565,103.12749029815318,80.93823591038263
DFL-MAT-J0420A,1,True,173921,150.73518070719703,146.24285724756427,143.08780509977737,144.49673189923192
DFL-MAT-J0420A,1,True,173934,105.53767517632802,104.62012161198592,129.7102418773623,127.9153945684658
DFL-MAT-J0420A,1,True,177226,107.83397400516931,82.59696502084354,102.18626596377956,71.5024825091261
DFL-MAT-J0420N,0,True,47841,240.27098488244872,181.5143870456259,212.1193211850876,174.00408931115982
DFL-MAT-J0420N,0,True,49007,69.57865517069104,45.28898775782059,35.44984594069165,30.32754112493698
DFL-MAT-J0420N,0,True,49133,91.1936354815896,111.91353785203164,121.57747798324966,117.1988091811548
DFL-MAT-J0420N,0,True,50109,129.78027658437966,179.34650949404536,123.86408818660182,175.56868232663032
DFL-MAT-J0420N,0,True,51925,130.78500738865011,85.23663253687862,168.72916971820527,100.68062423285535
DFL-MAT-J0420N,0,True,51950,128.3322073728462,115.22782751348046,113.92431105256708,108.03897536719354
DFL-MAT-J0420N,0,True,52767,75.35095494206506,53.994393820612316,75.3381523187837,45.546456167951945
DFL-MAT-J0420N,0,True,75993,227.51757722156066,200.0409274757242,212.66021320945163,155.64626840092765
DFL-MAT-J0420N,0,True,76709,144.42165656880596,92.78546362362209,136.38995493942164,77.05406475711871
DFL-MAT-J0420N,0,True,113091,142.01717956371627,99.22903165862748,149.0237695712551,90.66774605368423
DFL-MAT-J0420N,0,True,128562,110.37587997837701,158.45284950403558,78.71801710113932,132.9577183422401
DFL-MAT-J0420N,0,True,178005,66.18281233601427,87.49305845913271,36.89424199943559,66.29477028261317
DFL-MAT-J0420N,1,False,26938,133.83768925750715,80.60490247831774,111.2337824448616,66.34309001150108
DFL-MAT-J0420N,1,False,37342,104.46990487278451,99.42527556283977,122.94301355011115,103.53042501959845
DFL-MAT-J0420N,1,False,67385,73.1268506941531,216.6717501864686,56.65973099849026,192.3117397835159
DFL-MAT-J0420N,1,False,78288,122.46895864782033,151.13281522806074,111.43439469767289,143.2563800422862
DFL-MAT-J0420N,1,False,106018,191.80667297926527,179.6715146442722,181.29551899564683,169.26868359985335
DFL-MAT-J0420N,1,False,116229,163.22157241959368,181.39742915612257,152.55405466322466,155.6681283385352
DFL-MAT-J0420N,1,False,123499,87.42034588666962,177.36243489542417,82.04546938238424,145.42090038376418
DFL-MAT-J0420N,1,False,133973,96.83079573587246,61.100905602023936,81.27305942550899,52.04547450738162
DFL-MAT-J0420N,1,False,139202,105.02706802746744,94.97087727787921,87.66219478831644,62.76973230901145
DFL-MAT-J0420N,1,False,141378,126.07838146322337,138.33882952634312,106.63669114707307,102.22684367271108
DFL-MAT-J0420N,1,False,145431,125.427193836749,142.533792272727,122.61205269227486,143.28816788633236
DFL-MAT-J0420N,1,False,145826,130.54659142992676,141.9190825788677,136.03342026264207,140.05632636973831
DFL-MAT-J0420N,1,False,163371,110.05099603511634,120.87673265046149,109.4196773123603,109.32077486717928
DFL-MAT-J0420N,1,False,172958,202.35060065141204,113.0584100639448,140.2958745678509,68.27193836771572
DFL-MAT-J0420N,1,False,173156,104.32407854712359,143.43766111708953,97.01582365683348,128.502956681733
DFL-MAT-J0420N,1,False,173221,145.18188899566888,135.10868912730064,149.79176718583804,120.07311746128502
DFL-MAT-J0420N,1,False,174086,158.79988156107908,154.24709279265542,147.86170123351485,156.5408947184665
DFL-MAT-J0420P,0,False,10946,124.43834041793511,97.31728407513134,85.68955275382339,82.65761002027372
DFL-MAT-J0420P,0,False,37568,206.19796344634688,158.35656435902595,141.32917355606068,161.15911794958558
DFL-MAT-J0420P,0,False,45299,148.25340393496433,179.4862658811082,122.38481619858308,174.20517386966412
DFL-MAT-J0420P,0,False,65446,244.86048700841172,184.2584388230903,252.17441347349165,184.12021136053576
DFL-MAT-J0420P,0,False,65664,189.29303897692608,142.356714481694,151.34215850960294,93.25033244150556
DFL-MAT-J0420P,0,False,100846,129.01241732731987,97.46952901835118,126.00355451825563,108.56381505792787
DFL-MAT-J0420P,0,False,173340,110.87722981996988,58.904377744372745,107.81390988201647,72.00645070349739
DFL-MAT-J0420P,1,True,20031,185.76517986183023,159.6328922762929,242.604544266015,188.16248311807217
DFL-MAT-J0420P,1,True,21170,154.05253218957645,123.23774912843281,114.91159654115589,85.75798790609481
DFL-MAT-J0420P,1,True,50759,128.98075686121692,122.20992227444756,149.92790649096142,146.11378042365465
DFL-MAT-J0420P,1,True,51187,66.89231589494345,68.6313706843669,115.83219055745528,76.96465937805841
DFL-MAT-J0420P,1,True,57373,131.9125207373214,195.8585492857368,89.04099881321544,170.04163363516452
DFL-MAT-J0420P,1,True,58800,99.62518318254249,117.15202934878492,113.51705681951645,100.57709067216256
DFL-MAT-J0420P,1,True,63050,103.5223108908694,76.2747555217734,99.48041019884157,77.41680580487566
DFL-MAT-J0420P,1,True,63102,63.38590318436688,63.13911259986035,88.11779437062147,85.30618015548221
DFL-MAT-J0420P,1,True,73266,83.42999766111966,94.67629225609527,95.44062417720572,61.65625544815514
DFL-MAT-J0420P,1,True,76777,34.5459388074705,35.825975536781236,26.693986549823578,28.24268669024402
DFL-MAT-J0420P,1,True,105672,118.78109514920206,107.54735373474921,117.81720030154322,101.28630570404003
DFL-MAT-J0420P,1,True,109374,95.90094648249456,115.60346281953566,84.09311097176034,113.43793992860542
DFL-MAT-J0420P,1,True,114892,136.0073127671595,82.17965782808231,111.68060329541686,65.19590169162377
DFL-MAT-J0420P,1,True,116311,174.02198502865585,160.36047904499668,179.55158481678401,158.5998516176428
DFL-MAT-J0420P,1,True,118630,169.75534449913607,97.41131638502672,182.61106440286895,101.94282145071647
DFL-MAT-J0420P,1,True,122778,119.86590921864456,75.31994239010191,104.7668466588145,69.0321098265562
DFL-MAT-J0420P,1,True,131123,180.63075422493048,91.95704132497882,196.1849444749951,74.24583270695813
DFL-MAT-J0420P,1,True,135214,109.69350700490642,76.9362746864599,90.75874169939921,66.1505219821276
DFL-MAT-J0420P,1,True,136498,85.06247909479347,99.3387526888068,107.98317897426848,94.76103731660143
DFL-MAT-J0420P,1,True,141401,81.78884459321111,77.71243195990643,26.872946746212936,24.393530405572132
DFL-MAT-J0420P,1,True,148627,151.70721422186315,110.21448658086905,113.53770292858502,128.75402180764746
DFL-MAT-J0420P,1,True,148632,158.2983871735109,109.69147880147116,123.95201354568746,118.79614257466895
DFL-MAT-J0420P,1,True,150986,96.10154026505387,118.63403269070928,86.46956068609407,145.04291662293855
DFL-MAT-J0420P,1,True,152600,163.38740533645867,75.04849913688733,118.30224139937222,51.669200501811574
DFL-MAT-J0420P,1,True,155002,149.29503209356236,83.99477053472134,165.67747907096157,122.43910049391309
DFL-MAT-J0420P,1,True,157787,51.41609512032935,44.43961996516282,24.838713096862033,20.591169056064217
DFL-MAT-J0420P,1,True,171587,150.42831257092018,184.31003016043573,128.43805721541526,164.32288406367735
DFL-MAT-J04215,0,True,15595,114.96172412347633,126.63071696051082,127.44365735975487,146.16753698964376
DFL-MAT-J04215,0,True,18844,141.38414809108076,185.69399667423596,130.9835754433333,165.56774753346374
DFL-MAT-J04215,0,True,19533,70.57409470409952,97.99182003585773,71.16212418682616,96.9623498775048
DFL-MAT-J04215,0,True,19908,136.53379097421498,131.59166279820747,134.59227045869105,161.64275979904093
DFL-MAT-J04215,0,True,24828,63.19634319516514,137.27081727169136,88.08502462510225,110.84746281243767
DFL-MAT-J04215,0,True,24888,146.05161045264643,82.77192483346734,149.4241819277369,83.26206575869098
DFL-MAT-J04215,0,True,42787,98.80205899431937,120.0498622426606,106.03842430037065,122.00120254676652
DFL-MAT-J04215,0,True,48893,197.48259701784514,176.03001758104955,194.39884768615795,163.60832393776974
DFL-MAT-J04215,0,True,60884,162.90948409296124,119.23946230541445,144.40305978204066,129.89671176361296
DFL-MAT-J04215,0,True,66477,68.48347957840802,86.14692502067695,79.40281036988863,86.62973567041591
DFL-MAT-J04215,0,True,73007,92.971555635318,104.19477134980855,55.63716410605975,51.91597600311408
DFL-MAT-J04215,0,True,76840,190.5223843700707,141.34199048472877,161.6989614120211,118.67724681186783
DFL-MAT-J04215,0,True,101913,235.5741596844044,154.74049805771566,225.17130167435187,128.4681150821853
DFL-MAT-J04215,0,True,110389,235.88097533524436,113.25020355917515,191.6805163459998,112.9001467380777
DFL-MAT-J04215,0,True,110550,66.77926103339476,125.6855841545499,83.3333070770033,115.36562083135428
DFL-MAT-J04215,0,True,113423,140.98858975656552,129.4148454263917,106.80649289367605,97.2499074449391
DFL-MAT-J04215,0,True,131153,11.636623801967355,13.314085627929552,12.93833198196427,11.865302764857034
DFL-MAT-J04215,0,True,134510,160.4644579548891,113.5661624247555,95.76674451561333,67.53821381626558
DFL-MAT-J04215,0,True,136771,98.988214400046,85.79224270514372,75.68520808582109,91.73405045173179
DFL-MAT-J04215,0,True,138991,200.8029991411127,122.14754367320067,137.93983685028562,81.92620451967764
DFL-MAT-J04215,0,True,140649,112.95760226911047,105.68639258910414,138.75995621553105,116.15358222526524
DFL-MAT-J04215,0,True,141756,91.37391606968879,47.189904805363874,80.15615478709726,65.89325200684178
DFL-MAT-J04215,0,True,141913,118.68362922076028,66.51561284607055,100.3866345922076,63.315714981979475
DFL-MAT-J04215,0,True,142171,85.64411487192635,108.92533785475823,121.41661909197886,105.91500269735774
DFL-MAT-J04215,0,True,148573,129.8670981728927,107.98096214723573,117.19975690452397,89.76741738970911
DFL-MAT-J04215,0,True,149612,140.15429295954286,79.30389475660512,101.40671826442215,70.86634211924769
DFL-MAT-J04215,0,True,150293,120.99589338501357,170.10826022987942,85.91383133770395,126.68764904603178
DFL-MAT-J04215,0,True,167631,72.32416488820327,54.07770856564276,38.81231092942889,28.696388704233886
DFL-MAT-J04215,1,False,11121,124.31412660335447,128.9660308337543,115.30251499687456,135.2536128350033
DFL-MAT-J04215,1,False,13739,147.43683865927255,83.78425309456826,162.80871178749538,101.74533329294015
DFL-MAT-J04215,1,False,27057,82.04161516256441,97.14009046761457,82.37377715005692,86.13174340994286
DFL-MAT-J04215,1,False,35367,143.7131086416591,94.00362717868667,137.34528775317136,95.76579748723071
DFL-MAT-J04215,1,False,37208,67.8696281671895,75.35457279104178,63.91749525756586,73.9153448249075
DFL-MAT-J04215,1,False,38267,145.42492299529604,159.08508814415939,142.6500387961852,143.5315045661703
DFL-MAT-J04215,1,False,46561,82.68270251310352,88.71218810486587,76.47852950724533,75.48221466637466
DFL-MAT-J04215,1,False,46650,225.73933129175433,210.4990947861986,172.9722074660607,208.51972786359119
DFL-MAT-J04215,1,False,59521,101.82775656552603,121.8565612698533,91.83129800140232,127.06281109359638
DFL-MAT-J04215,1,False,59770,71.57288849216208,87.91237121683473,65.1150459072944,77.09790094901622
DFL-MAT-J04215,1,False,64193,27.089524905596235,25.305429273911976,12.689570536470935,10.992074140958675
DFL-MAT-J04215,1,False,64497,81.00948248923285,95.27952418326272,99.24889001821005,93.24877357418312
DFL-MAT-J04215,1,False,67747,152.57622101808573,109.89923938433402,137.89967041964096,108.56721502748891
DFL-MAT-J04215,1,False,75624,155.78271928246883,124.10403644843528,143.10263532536703,105.11423765691511
DFL-MAT-J04215,1,False,106157,272.83357188395536,189.039907337405,256.77232142756395,132.2395117093047
DFL-MAT-J04215,1,False,121793,129.96800438087067,70.97029927329608,117.73680034668672,84.3715351398542
DFL-MAT-J04215,1,False,122264,104.85896657635791,120.990420625465,91.24858889314318,115.25931817465538
DFL-MAT-J04215,1,False,125447,92.90695546902468,41.6068767157377,107.03869310405891,73.70323905780214
DFL-MAT-J04215,1,False,126896,153.5145946153492,117.57298098389919,103.59174067111799,90.631277920331
DFL-MAT-J04215,1,False,133993,121.6763408347906,99.24120915109688,136.63465853487426,105.92244813600531
DFL-MAT-J04215,1,False,147106,157.81705559788355,161.83290928460713,159.7490385711855,153.20137155811182
DFL-MAT-J04215,1,False,156667,130.48988466499938,186.59216981970044,113.4795412150187,175.61361918005468
DFL-MAT-J04215,1,False,158803,69.89175999587556,71.16815851526343,88.79829848512654,78.03752560064143
DFL-MAT-J04215,1,False,164473,32.83888832687038,26.49537756151114,18.232687984232054,16.714950727683934
DFL-MAT-J04215,1,False,170930,104.14754797835114,73.02476734996905,83.73286987041998,80.60776734126213
DFL-MAT-J04219,0,False,32450,112.90121407385371,112.92941469732966,133.53848237213123,122.98588586708155
DFL-MAT-J04219,0,False,51204,160.76398197715946,211.3601300059959,175.44455370162478,203.8482244881097
DFL-MAT-J04219,0,False,52482,109.77255344145716,85.73070551041633,85.83994470666839,80.452302434513
DFL-MAT-J04219,0,False,54058,121.61802023931592,129.7639551808209,109.0064152347396,129.70605113757773
DFL-MAT-J04219,0,False,60066,78.0964677248743,79.08418896677412,97.86139032103657,47.5740194793497
DFL-MAT-J04219,0,False,66704,172.24722315931658,88.92323334479192,109.65497894732403,109.96648328946085
DFL-MAT-J04219,0,False,69694,200.45959884812453,153.9724863270293,205.25150222074205,165.51858624990157
DFL-MAT-J04219,0,False,109097,50.4381423168596,126.32298353031226,50.33987810676957,133.68767455132672
DFL-MAT-J04219,0,False,112117,124.80951973725575,127.81086189913749,93.07724112453903,88.75737010978403
DFL-MAT-J04219,0,False,141240,162.87719845272244,144.7319790739091,139.58342897558106,132.0861885534055
DFL-MAT-J04219,0,False,157169,235.06049101692554,245.43772527836873,257.98801339275775,260.8737410269806
DFL-MAT-J04219,0,False,168937,167.3448054677675,190.78615385220232,165.45288862970628,216.0978431456341
DFL-MAT-J04219,1,True,10430,122.4831901359287,87.75478578427115,136.52019059991665,50.50108744144741
DFL-MAT-J04219,1,True,17511,177.13705291835288,112.39824500467903,132.02289668537694,101.87247356970607
DFL-MAT-J04219,1,True,22542,141.90451687972256,151.74427921303334,119.32438986186396,151.32176487331114
DFL-MAT-J04219,1,True,24024,202.60507614734502,133.8280868794231,222.47834182292004,132.0801049679182
DFL-MAT-J04219,1,True,41439,144.30943738252148,207.15252474936753,175.32225664574682,192.2216643589879
DFL-MAT-J04219,1,True,54314,110.69246773526945,123.18028127350681,109.63553569016527,127.12543364896271
DFL-MAT-J04219,1,True,57012,179.8229042226174,199.6241949922716,179.42810862766564,171.56061837992178
DFL-MAT-J04219,1,True,68172,163.94259572984262,171.71008205368244,161.92250446929188,172.7058517165367
DFL-MAT-J04219,1,True,69457,126.79148899158761,74.06791082817072,116.49305291861694,73.90093075558701
DFL-MAT-J04219,1,True,70370,188.26322039377985,186.75332523466864,150.91876355917572,182.10636202994505
DFL-MAT-J04219,1,True,72706,158.76005426457775,95.82095761917644,145.47769242801743,106.4884434960019
DFL-MAT-J04219,1,True,74737,145.92698880993328,165.30301975552828,116.54109746336789,179.9099976846286
DFL-MAT-J04219,1,True,77581,76.93795837496815,121.81757315730829,102.27853883143973,119.58001814022576
DFL-MAT-J04219,1,True,78707,219.85956580503586,126.49935807271164,201.813918691636,131.52291266941452
DFL-MAT-J04219,1,True,104373,139.17862022462148,114.42456632172544,139.89853173262145,112.35774590901039
DFL-MAT-J04219,1,True,106822,72.57093656165087,63.8644260745308,65.95845099407944,55.70865776527446
DFL-MAT-J04219,1,True,108702,128.84916790933255,113.17253829780412,110.55701919874826,86.08182146817613
DFL-MAT-J04219,1,True,110584,112.05948657208204,154.90489779110723,158.1566423399788,169.12700970404885
DFL-MAT-J04219,1,True,114142,227.4507651851848,196.20813532302125,220.5257176258429,183.59400506119383
DFL-MAT-J04219,1,True,115611,166.16869544116437,125.9538104403331,145.02774675374013,100.60438790055521
DFL-MAT-J04219,1,True,120412,4.953805050135379,6.039239604758358,7.0206364406314465,6.675349678994004
DFL-MAT-J04219,1,True,125603,147.98788760144618,182.3675721869646,138.8292565303765,177.72199706972452
DFL-MAT-J04219,1,True,125707,145.53986282000236,127.67615621610732,139.99733662889048,148.482201514311
DFL-MAT-J04219,1,True,146015,95.4187486230851,54.53975449040634,108.05309061706006,114.91028558173817
DFL-MAT-J04219,1,True,155343,55.40226099173043,47.10808935617046,43.30297548017012,39.696028702345465
DFL-MAT-J04219,1,True,159841,162.32969743267003,153.1812167784507,122.65288731555775,134.89128614478818
DFL-MAT-J04219,1,True,160372,88.75065161010673,73.2535049852762,95.07552731928133,111.75360218564022
DFL-MAT-J0421J,0,False,16635,98.3465420968455,111.55329648371418,52.65025932323922,41.93393083989109
DFL-MAT-J0421J,0,False,21175,130.31319649452362,94.13624274765587,135.85596931296115,95.64332824031915
DFL-MAT-J0421J,0,False,41267,159.86339311406186,123.2892331314068,142.293861306168,100.68308255644277
DFL-MAT-J0421J,0,False,48070,125.73162559812239,207.47303750196892,84.0262005423422,206.63575315951326
DFL-MAT-J0421J,0,False,49085,251.53194507151414,145.36399903288998,203.26766393789435,106.5030279104396
DFL-MAT-J0421J,0,False,61331,128.24357344435097,154.73168604497147,148.02619486911237,151.30425754221218
DFL-MAT-J0421J,0,False,67813,96.79496153029946,67.58583091919317,71.72231508082561,67.97325016379179
DFL-MAT-J0421J,0,False,70374,149.36997760287855,233.42108570651914,142.78590791200543,236.46727635559603
DFL-MAT-J0421J,0,False,103708,71.61711268063245,109.96575139675537,54.14379660059499,108.50917463596922
DFL-MAT-J0421J,0,False,103746,104.83582810595449,124.61082714356473,108.23368291086355,122.30966658234074
DFL-MAT-J0421J,0,False,109499,223.73966261294672,126.26524201563204,236.10757872504698,146.09513183916292
DFL-MAT-J0421J,0,False,120116,161.58801277987203,117.74098162701677,121.63175467884139,102.78706873228393
DFL-MAT-J0421J,0,False,136418,252.88367995206104,132.92818497500878,226.4700467847531,123.69363703819945
DFL-MAT-J0421J,0,False,139815,15.340485223515833,16.863896236020675,17.369099599688017,15.314921923808711
DFL-MAT-J0421J,0,False,143392,77.01993869909738,115.37066736893091,84.08413643703378,111.20878244066553
DFL-MAT-J0421J,0,False,175713,179.54535818515313,179.5156099886072,127.20910741689292,155.4776553974158
DFL-MAT-J0421J,0,False,175746,170.7681995818684,145.30149979739483,197.06624297945558,145.67001333571295
DFL-MAT-J0421J,0,False,177840,168.57768499330138,152.2848271717969,145.21518312196184,130.93808644978006
DFL-MAT-J0421J,0,False,177926,147.81100965354838,128.16573637446632,81.43739302304137,110.57336217465073
DFL-MAT-J0421J,1,True,19204,98.00561290905719,174.18609901215027,116.25729408683524,188.99480779280847
DFL-MAT-J0421J,1,True,20641,164.9212437622598,149.76449489804364,193.0773363040614,172.74918055251212
DFL-MAT-J0421J,1,True,20666,116.11830183614953,130.08489475112572,125.33104978880137,157.87818328195064
DFL-MAT-J0421J,1,True,25508,101.32545941982902,90.72258922917156,99.52510047623784,98.25446539276835
DFL-MAT-J0421J,1,True,25559,148.55862975054117,181.42264101197975,133.5723449201828,145.3648839162918
DFL-MAT-J0421J,1,True,45506,75.88873400681072,88.02680485646786,100.9870298301813,63.592716529012925
DFL-MAT-J0421J,1,True,57157,96.79590678835088,76.43253330235694,62.50382280123353,83.73985423175324
DFL-MAT-J0421J,1,True,57552,102.40412506131088,62.95939010558707,91.43420593060011,74.12769372224487
DFL-MAT-J0421J,1,True,65290,94.01741352293644,157.4373236062147,83.7539415002482,148.26038185980198
DFL-MAT-J0421J,1,True,76161,88.7118959035821,74.90672680431757,121.54593439698915,78.68592269437289
DFL-MAT-J0421J,1,True,105576,254.1808108114461,170.41550615919115,210.22188350837072,142.72284506341325
DFL-MAT-J0421J,1,True,113803,89.73994345236737,84.6999388412514,95.09096481483165,93.68116838571781
DFL-MAT-J0421J,1,True,116512,148.50420855678394,148.47796963583514,133.22302559439197,135.10452114589214
DFL-MAT-J0421J,1,True,119926,183.70241673151781,222.6212830765989,172.4732207385457,222.42214112886418
DFL-MAT-J0421J,1,True,121233,117.45377871431654,138.014943526863,115.56662879122767,134.29382130387305
DFL-MAT-J0421J,1,True,121600,84.1759720670114,86.53722039234881,82.58571358587166,71.23222819723958
DFL-MAT-J0421J,1,True,121660,156.75360320993715,102.2237968865696,154.46580284404996,129.33075444021793
DFL-MAT-J0421J,1,True,133933,234.30934791837382,171.0457937492174,204.94866480881862,177.14966517348296
DFL-MAT-J0421J,1,True,157101,106.54641075833884,107.27012761134746,105.59582274564843,107.0649980120095
DFL-MAT-J0421J,1,True,157950,148.26465473056598,111.07494069659072,152.73319021245672,129.0061428932834
DFL-MAT-J0421J,1,True,166767,31.770232270235212,30.490893618402836,27.585070690078133,25.598458425543363
DFL-MAT-J0421J,1,True,167886,154.90757113326183,184.13124378632315,142.00209293642914,167.4838803562872
DFL-MAT-J0421J,1,True,174115,185.33175758486033,114.23877340763165,200.52217556785453,107.34265772625189
DFL-MAT-J0421J,1,True,175397,87.71312253025243,101.92008511079294,73.86486991799643,95.48886903565976
DFL-MAT-J0421J,1,True,182890,73.92887340220324,257.0618575479524,93.66426586936056,260.58976648052237
DFL-MAT-J0421J,1,True,184469,69.82229404634033,81.41713333227653,88.85473950598498,90.39597023833072
DFL-MAT-J0421W,0,True,34090,99.84991407257705,98.0041356828832,100.34456428049192,78.50906109559594
DFL-MAT-J0421W,0,True,34193,66.2695160184519,73.17026616179967,86.02414975516717,97.78425257944376
DFL-MAT-J0421W,0,True,37030,206.0154817871086,157.70456405020332,209.65918212210946,120.25031638007721
DFL-MAT-J0421W,0,True,40946,145.3388768722702,172.72611956953034,130.16107559508842,137.6165723019432
DFL-MAT-J0421W,0,True,62729,88.06196326572459,88.82791449879261,103.60628877741824,83.97133455390261
DFL-MAT-J0421W,0,True,67625,161.83690774709777,90.95144630292377,148.04756955016435,110.46367587489287
DFL-MAT-J0421W,0,True,75226,122.55048807227698,77.52879226051012,113.32132079434119,87.50435734868026
DFL-MAT-J0421W,0,True,76948,86.44992622201762,65.11443304399282,82.30869161595469,46.69919015454401
DFL-MAT-J0421W,0,True,100785,110.47353065563993,95.86353553470413,110.0300509346918,95.34174915389819
DFL-MAT-J0421W,0,True,112956,174.33851016453718,177.1595487980373,145.7303750361397,158.6736693637422
DFL-MAT-J0421W,0,True,114478,105.00051262314689,103.73192938449564,52.70222342327061,60.50706610309683
DFL-MAT-J0421W,0,True,119722,151.02567136080535,160.3558539039051,130.1905329475861,158.5369093409588
DFL-MAT-J0421W,0,True,128547,79.00812616244028,72.99699875116237,73.33931216469679,55.007697408696174
DFL-MAT-J0421W,0,True,130039,92.27877728952564,49.46644900461768,80.25268887681966,44.39064962057848
DFL-MAT-J0421W,0,True,147167,139.9736575114649,107.35112642760896,130.71101103215312,112.84910180304537
DFL-MAT-J0421W,0,True,149050,133.619548939237,172.16977444379916,154.6502411617012,139.3311661282284
DFL-MAT-J0421W,0,True,162639,109.62558773192382,88.56411934912522,94.392757861354,64.24094837665649
DFL-MAT-J0421W,0,True,172084,214.57885263429668,150.56765945555475,221.08117497319637,171.75946232172396
DFL-MAT-J0421W,0,True,172862,172.5934281086581,120.93258602828294,131.4826375562975,95.06626125385593
DFL-MAT-J0421W,1,False,12489,80.832294984826,105.52988837666085,108.10051996234752,98.38196592157415
DFL-MAT-J0421W,1,False,18273,142.68405642605333,146.6477197050928,144.76528641874216,166.64197249198986
DFL-MAT-J0421W,1,False,39813,158.3109489827647,121.95264487498751,130.22245997299214,105.41867020874109
DFL-MAT-J0421W,1,False,43438,148.09391277017562,115.6815347538206,127.58394275772518,116.97727448914564
DFL-MAT-J0421W,1,False,60762,40.28954664198559,38.556988398160094,39.37062595591287,37.84184231724652
DFL-MAT-J0421W,1,False,68211,68.80249910486738,94.5034346161611,61.42193349737829,93.26991446349213
DFL-MAT-J0421W,1,False,104011,133.9318264159914,148.66427268697907,144.35007751572527,180.61623247288827
DFL-MAT-J0421W,1,False,115737,140.20896325130707,118.60160795705582,127.63886388232746,122.23425908913295
DFL-MAT-J0421W,1,False,121458,48.56648358632292,145.41033035148482,64.17584335048424,107.76757487174426
DFL-MAT-J0421W,1,False,122453,109.16375846489451,86.7533688806862,98.92291221782104,97.58740483856971
DFL-MAT-J0421W,1,False,122483,122.36552031246889,90.76365016250698,99.70875465386085,87.7210289006217
DFL-MAT-J0421W,1,False,142710,90.91009235586031,59.019030282762316,106.39642858011963,67.11550370849515
DFL-MAT-J0421W,1,False,156271,131.92331582271174,162.48224911665304,126.37321910101974,160.93348546333576
DFL-MAT-J0421W,1,False,156509,226.23259842788252,98.00356155482687,241.69490026730534,122.51478968314912
DFL-MAT-J0421W,1,False,156532,205.77282737158174,109.28727111735533,208.56196003532443,99.45070760244283
DFL-MAT-J0421W,1,False,160895,158.87993561152814,96.13913907804742,127.25161779216008,91.39348134448377
DFL-MAT-J0421W,1,False,167499,102.59478067207873,103.22539840360628,115.46958371106726,113.00848617042502
DFL-MAT-J0421W,1,False,173057,145.13337820236455,101.00545575605311,125.14384583018742,131.36125019848188
DFL-MAT-J0421W,1,False,173847,194.16573310379275,110.05003437648546,194.4960660020871,133.72445176695032
DFL-MAT-J0421Z,0,False,16239,173.31270716592795,200.44620671383234,231.29172317310298,232.22709578702998
DFL-MAT-J0421Z,0,False,19674,248.22693170126436,118.98287202536811,205.66101266119395,152.52863324393002
DFL-MAT-J0421Z,0,False,39503,143.42708800605786,157.8726070211125,145.03423229356733,141.05304086088154
DFL-MAT-J0421Z,0,False,48790,190.00684543374538,123.57184933956557,192.36017239191145,99.57396756586081
DFL-MAT-J0421Z,0,False,49060,126.58632409447898,111.09465374051493,177.76404945430775,113.25067767861145
DFL-MAT-J0421Z,0,False,55960,118.19831454297234,79.25719553629413,157.63949791558872,108.3150879344904
DFL-MAT-J0421Z,0,False,60006,35.67612657245398,46.73378864077709,38.893404753796275,60.866875628770444
DFL-MAT-J0421Z,0,False,65133,93.59659281056487,92.83095738188455,91.63298486406934,83.82317228363073
DFL-MAT-J0421Z,0,False,107627,122.45410810956041,87.21921668182051,133.16555714183824,78.78382147312321
DFL-MAT-J0421Z,0,False,111877,66.58688627709537,60.38391454971211,84.45910964392655,72.42013955839847
DFL-MAT-J0421Z,0,False,114657,166.0689806985353,145.29061353153287,149.64800592565538,126.7954804968831
DFL-MAT-J0421Z,0,False,116712,214.66094153458687,135.30440599356518,198.9161078827645,134.17885342395107
DFL-MAT-J0421Z,0,False,120022,171.82419921819175,179.88135812529345,119.28467906322919,140.84341965634417
DFL-MAT-J0421Z,0,False,128839,158.3221548767745,123.99223619273091,136.1611734739885,128.98829656166333
DFL-MAT-J0421Z,0,False,174802,56.80030971241375,94.72582907238305,62.90653515194083,59.50737194695375
DFL-MAT-J0421Z,1,True,32197,189.1260156503914,135.69960721942005,203.0036054610195,143.29996223231865
DFL-MAT-J0421Z,1,True,42346,80.87607056389545,54.04921444478905,126.34845218444745,72.64399487168653
DFL-MAT-J0421Z,1,True,53649,38.42295293902377,68.99319568252773,74.61304301082737,87.27348402740749
DFL-MAT-J0421Z,1,True,63480,59.22130267037157,80.90753252722527,46.040445881268795,89.99226916217427
DFL-MAT-J0421Z,1,True,66015,223.8714245090283,198.91746670013492,180.52404709943815,188.25372442012113
DFL-MAT-J0421Z,1,True,67499,167.0825477670183,126.90440897905849,121.06331778005301,98.50665545242343
DFL-MAT-J0421Z,1,True,73404,112.99393933487517,98.78660858441752,104.1114996540323,96.79154870168642
DFL-MAT-J0421Z,1,True,104373,219.41984221780572,264.174774270697,217.53753906690875,272.4846724568985
DFL-MAT-J0421Z,1,True,119041,102.33023927738006,107.15655851809336,88.71610519160423,95.17788169094112
DFL-MAT-J0421Z,1,True,143301,20.279769191951324,16.97693713267591,47.06288803713116,46.978496097364776
DFL-MAT-J0421Z,1,True,166589,68.71479606070902,70.92370885477114,74.21172144670574,81.85009262050045
DFL-MAT-J0421Z,1,True,170769,196.87134789248248,45.09259191829324,209.62152018570342,75.65050352060186
DFL-MAT-J0421Z,1,True,175798,68.12413230442765,96.80124749404344,75.25091205432413,92.68329761148851
DFL-MAT-J0421Z,1,True,176709,142.06518027535046,77.29426191908503,116.65335314233681,77.07413112602268
DFL-MAT-J0421Z,1,True,178938,128.8233308661333,120.57788840652209,138.51646270064805,105.01254374123967
DFL-MAT-J0422E,0,True,32719,173.22566805907016,141.74939108714486,156.71355996962134,123.78666970286899
DFL-MAT-J0422E,0,True,62037,99.49863530881962,98.72857284882409,88.25259818621221,88.69160462227363
DFL-MAT-J0422E,0,True,67457,115.26682586621985,115.72087264427547,134.17523117449562,94.50609304811282
DFL-MAT-J0422E,0,True,106423,128.6080758436465,149.75307171968964,117.2440943520307,126.01387425549888
DFL-MAT-J0422E,0,True,121234,121.01019557456264,115.05053250270717,91.02824893371316,74.48704259894906
DFL-MAT-J0422E,0,True,141294,144.76473189244513,132.6845652695537,126.93427124356765,122.1582550164985
DFL-MAT-J0422E,0,True,146572,151.2936170005184,107.37192432195994,144.69375900773343,86.4450176321682
DFL-MAT-J0422E,0,True,152966,209.90596722174115,152.41657200056858,215.93404601932096,164.4927955182743
DFL-MAT-J0422E,0,True,161473,81.92001120374512,51.27084571243965,39.06290134581441,35.16857720675821
DFL-MAT-J0422E,0,True,172987,132.27061044714296,142.47701803615976,98.72451944958728,112.29749811425654
DFL-MAT-J0422E,1,False,30452,181.39960799401427,131.8898705616244,128.9182812617803,89.67727748118912
DFL-MAT-J0422E,1,False,38301,133.5532501589117,81.08186582633681,115.83130055892042,105.51054077362717
DFL-MAT-J0422E,1,False,38558,146.87296761032718,102.90117272718743,155.5124818293683,141.1420703616688
DFL-MAT-J0422E,1,False,40748,112.5500347678947,70.43675700779843,120.11069238481832,41.88330036737812
DFL-MAT-J0422E,1,False,41558,153.0568440551731,154.62491850687869,161.95191993927432,173.1262871674209
DFL-MAT-J0422E,1,False,52638,115.3473887031205,141.63956224664219,128.72437782230256,143.448416426329
DFL-MAT-J0422E,1,False,54369,97.22340024811636,170.99099846004918,74.886525167519,114.1299832126938
DFL-MAT-J0422E,1,False,62737,140.28906591203483,177.98459249072317,160.62707619911495,147.05908165518002
DFL-MAT-J0422E,1,False,102178,169.47757225709557,167.15532960402356,124.9388609581644,143.9453557833605
DFL-MAT-J0422E,1,False,109034,158.62357203767831,46.992770651644456,134.1460948382618,49.997239650453274
DFL-MAT-J0422E,1,False,109157,152.5569553413829,149.04779434593448,145.06669641784282,134.33615613447705
DFL-MAT-J0422E,1,False,116731,112.5194622254884,128.31977334221799,76.77323747593309,87.59781273071337
DFL-MAT-J0422E,1,False,127366,16.73995141152061,14.40012244946541,8.21642708309625,7.975866299108573
DFL-MAT-J0422E,1,False,132326,135.3194807889828,152.46885354886544,116.91952424985544,138.35804915519847
DFL-MAT-J0422E,1,False,139389,166.53517112850054,98.49769303239141,169.19574592494888,90.08594706110279
DFL-MAT-J0422E,1,False,139431,191.51659217383596,103.43485576034365,131.4823629934099,109.00127793688578
DFL-MAT-J0422E,1,False,168988,138.9322111890879,181.07127970110295,113.3734309018058,166.66520761510952
DFL-MAT-J0422E,1,False,174297,108.09495052836473,154.79264699806572,96.82915225797947,148.51714263704474
DFL-MAT-J0422G,0,False,16056,110.61098420891719,113.5713402604773,130.67824835003063,129.49657345308964
DFL-MAT-J0422G,0,False,23986,249.65752757605733,183.77047072599524,176.0860865805352,144.33927782977497
DFL-MAT-J0422G,0,False,34637,89.62476366632956,109.81830023085153,92.35927375488785,103.25352093640258
DFL-MAT-J0422G,0,False,38840,175.1822725128492,125.75601260489162,148.96348999071947,112.1539864621968
DFL-MAT-J0422G,0,False,38871,129.07911450789518,144.31093316085835,136.39035231406316,128.43142732701685
DFL-MAT-J0422G,0,False,54828,82.44494519202323,109.43210525249229,86.51965349891134,119.5601857569486
DFL-MAT-J0422G,0,False,61866,152.26515798213424,48.65075586089516,114.50930310203142,114.83260196442889
DFL-MAT-J0422G,0,False,69430,214.852060752688,193.40311150825656,231.48727657365617,183.57556388979745
DFL-MAT-J0422G,0,False,70304,191.58795853852826,140.5647652098996,185.87736343507248,120.7493873500381
DFL-MAT-J0422G,0,False,72174,145.68081890961335,129.49516205744388,106.06762174274425,126.31049544973227
DFL-MAT-J0422G,0,False,72321,126.78262682407646,85.46954273729966,107.45812254157974,111.77192118070965
DFL-MAT-J0422G,0,False,112864,81.32259995070739,129.72930484916145,45.86703623444088,118.86967374266648
DFL-MAT-J0422G,0,False,114312,111.37720684842,88.16639950369957,114.20660203425679,97.73410990922818
DFL-MAT-J0422G,0,False,123345,156.0554470584381,88.32798310167169,122.83389036236068,93.08303434970317
DFL-MAT-J0422G,0,False,129555,133.51333599506717,144.2459868667835,149.16167585344192,149.59153858411773
DFL-MAT-J0422G,0,False,159054,88.75222116580959,67.65617591245825,92.68876620988429,58.094067804205615
DFL-MAT-J0422G,0,False,160989,145.34768944515142,199.71926308366378,114.54438455759382,173.64039918143527
DFL-MAT-J0422G,0,False,170763,154.17006580452187,166.09534217258678,146.34244990835452,149.4613880990073
DFL-MAT-J0422G,0,False,174402,86.05241106730534,145.48274302597946,79.98140116193485,119.43551611370361
DFL-MAT-J0422G,1,True,18959,60.905338006018596,40.07642475521007,57.43717990329263,44.51239852370255
DFL-MAT-J0422G,1,True,49796,154.68880547027646,99.82026920231107,150.5476863559194,99.51274443341765
DFL-MAT-J0422G,1,True,101993,76.72052123841738,95.91742867011287,92.31662726618065,100.09515297433401
DFL-MAT-J0422G,1,True,130869,182.66873757567325,141.05290127824682,95.93428198759,101.58603666343491
DFL-MAT-J0422G,1,True,133041,120.06618327769046,131.9472270564614,113.50690885681495,105.29296821408066
DFL-MAT-J0422G,1,True,134252,94.16080937138572,93.94258654097302,48.771647551931096,48.68023013999183
DFL-MAT-J0422G,1,True,141802,90.17752999531496,76.93024528529489,87.5119415036279,78.81129320377033
DFL-MAT-J0422G,1,True,174700,161.0942284444393,94.01269380020268,118.57168554799367,78.64339435169826
