match_id,team,is_hsv,frame,std_vy_instant,std_speed_instant,std_vy_windowed,std_speed_windowed
DFL-MAT-J041UB,0,False,146014,85.61533648568034,60.90814319049451,88.03778591817245,60.24591600839074
DFL-MAT-J041UB,0,False,16200,79.6635270124788,44.621423233544235,73.51812935577075,47.37298929913854
DFL-MAT-J041UB,0,False,52500,78.05648974318993,119.84088865311993,77.02131107493724,121.50289814315987
DFL-MAT-J041UB,0,False,69700,88.63603913774341,107.58463888829951,64.259231121674,102.68143816652284
DFL-MAT-J041UB,0,False,134614,43.809557507236065,30.395089058950653,23.55181599687768,23.873805284258264
DFL-MAT-J041UB,0,False,147264,81.42861553591058,58.99720480461836,90.76716599299002,63.256210824312745
DFL-MAT-J041UB,0,False,152539,103.58057912752156,112.58908050506024,95.83644807323724,104.01532800931801
DFL-MAT-J041UB,0,False,78625,141.42847078111515,144.1159533463697,106.07497774631105,125.7062496968524
DFL-MAT-J041UB,0,False,79725,120.50724359555288,152.85820774680843,104.44201598426521,121.52736282184307
DFL-MAT-J041UB,0,False,105589,84.99581153119865,70.73783977276192,87.3785094486179,69.75726796975978
DFL-MAT-J041UB,0,False,171189,109.43511536096017,147.34602753102047,92.6193923712186,134.95197091347
DFL-MAT-J041UB,0,False,154989,117.38331021282055,58.95064302882738,104.09051526526933,51.42601702828312
DFL-MAT-J041UB,0,False,36775,175.94182181062675,56.2747820563662,144.4891416379551,87.70534516650216
DFL-MAT-J041UB,0,False,72200,163.4391450599333,138.97644429650404,127.98100990167883,100.81407718165786
DFL-MAT-J041UB,0,False,170489,28.60297599513353,36.2877157922299,32.781622573066336,28.30403256851829
DFL-MAT-J041UB,0,False,143114,118.02372585005996,83.73946019805653,117.62502946149554,93.32146598716602
DFL-MAT-J041UB,0,False,18900,204.0160679332895,139.15920312314776,181.84177016703467,122.51525207138025
DFL-MAT-J041UB,0,False,16500,60.921144732817886,51.98224508312468,70.77921644695128,75.40512007913283
DFL-MAT-J041UB,0,False,112514,137.00197514191734,96.19286696738143,155.24425204370456,94.81670896421896
DFL-MAT-J041UB,0,False,106439,117.21979477777245,102.91516248587084,84.11313762935174,100.26350228278284
DFL-MAT-J041UB,0,False,130214,125.04202838130072,62.551398939715945,124.5416674054977,65.2635087626388
DFL-MAT-J041UB,0,False,144814,153.63464602047935,126.82454091970457,146.42951629081756,120.16018913440031
DFL-MAT-J041UB,0,False,147164,88.19241680759019,41.38521133004882,86.02156061374646,42.407090545688824
DFL-MAT-J041UB,0,False,153689,82.75898816110013,78.98995075048556,76.84400079288027,69.37376370580286
DFL-MAT-J041UB,0,False,133764,61.47336344554673,55.1539984253821,93.73266158225188,86.4820583155445
DFL-MAT-J041UB,0,False,32400,125.33694077575853,226.63251361599671,144.33428496707805,163.4963356085283
DFL-MAT-J041UB,0,False,19175,158.60384883189587,148.16420037194115,132.8283526907217,111.38027868510721
DFL-MAT-J041UB,0,False,109114,65.5242726934919,62.71627460735665,33.21056152931672,35.72625647467616
DFL-MAT-J041UB,0,False,145664,118.95062234310346,87.64795530614656,116.55480841366777,77.37546432285166
DFL-MAT-J041UB,0,False,145264,83.78901486001827,163.2692003344196,74.77491377890838,140.47703511027657
DFL-MAT-J041UB,0,False,128214,90.03821617558718,95.85903870987323,126.79012834662281,121.3554807297153
DFL-MAT-J041UB,0,False,159914,53.16589506829853,41.36290125496335,41.30274531250391,38.81093632909975
DFL-MAT-J041UB,0,False,107364,61.77760442166872,47.22694253331912,65.81959772748796,41.50077753851729
DFL-MAT-J041UB,0,False,35975,72.20374864139824,123.49891210587118,88.04109749033704,93.33737624860971
DFL-MAT-J041UB,0,False,147014,98.14032782838652,50.89295613588216,97.20203852925829,55.41595216562363
DFL-MAT-J041UB,0,False,160564,55.53583300452776,48.713385828522966,56.62056100126279,49.544455381049254
DFL-MAT-J041UB,0,False,100314,54.38831121106541,49.854028647055934,48.25998620391371,46.562581425000154
DFL-MAT-J041UB,0,False,100089,118.98642380083483,85.63332125605692,69.86462461700697,73.37534196053409
DFL-MAT-J041UB,0,False,105814,148.33951229131995,117.57534558973771,109.51748757625376,96.53361652909187
DFL-MAT-J041UB,0,False,151889,83.2450424533792,71.90086705826792,143.89525002586777,83.49711613112976
DFL-MAT-J041UB,0,False,150814,254.88161032347728,111.17029011045028,267.63280930514816,138.14855327910124
DFL-MAT-J041UB,0,False,145964,96.41865756139991,56.80116485077303,97.39278584431085,58.42353171239484
DFL-MAT-J041UB,0,False,101739,71.97770031412296,84.03639872181323,61.94486504680597,78.23030234297363
DFL-MAT-J041UB,0,False,135614,139.0173132374349,86.17700676608963,153.11306334225804,75.22183424171496
DFL-MAT-J041UB,0,False,30900,51.40730848546512,41.96527612100212,53.739720499250886,37.6457239174711
DFL-MAT-J041UB,0,False,40500,60.6492926609959,54.63405519789326,58.20540060400738,49.040195833231095
DFL-MAT-J041UB,0,False,18675,129.7978330244243,122.97724691677901,91.9074335278846,86.84583308559088
DFL-MAT-J041UB,0,False,34525,41.895518363490474,38.762932383003125,46.27750383905645,38.529162262683215
DFL-MAT-J041UB,0,False,19250,152.04817449307495,61.49674568962125,90.02578470086358,64.35144663875292
DFL-MAT-J041UB,0,False,126414,162.6797097874706,90.65536529101985,156.8498126173768,91.2845152094201
DFL-MAT-J041UB,0,False,111464,84.31179857954973,94.43127286713714,74.56116044123765,83.37868781246786
DFL-MAT-J041UB,0,False,79125,121.87976021337407,102.27265637776803,100.43444798260204,65.21174124639388
DFL-MAT-J041UB,0,False,100114,135.15404979266648,105.22184340352469,132.38599413168478,121.25336912411838
DFL-MAT-J041UB,0,False,133089,30.79749806796543,48.08369097880914,31.281712453416237,47.08291996796903
DFL-MAT-J041UB,0,False,27075,131.75688654886446,115.92174758646554,158.92171459396766,133.86294211924368
DFL-MAT-J041UB,0,False,162589,107.88248279856201,143.2747630410627,104.49667934003084,140.23326273141905
DFL-MAT-J041UB,0,False,133639,188.42334635550102,175.7090353766414,117.69214222234112,116.56594282111602
DFL-MAT-J041UB,0,False,69900,66.02030271893594,33.260324691261786,64.02899975319423,40.37494457081946
DFL-MAT-J041UB,0,False,68950,62.49784764293393,71.54458490340073,66.3013797887845,84.0492307930611
DFL-MAT-J041UB,0,False,14725,133.83217956785714,149.48320518645644,162.1026598544641,136.3114026954478
DFL-MAT-J041UB,1,True,57475,104.20690346729954,103.29793830440376,94.22391661263246,127.23110418305913
DFL-MAT-J041UB,1,True,142314,77.22637146642356,61.699476486342654,69.33870789041362,55.208462577680784
DFL-MAT-J041UB,1,True,129639,64.03726735355184,74.19524273023737,75.4017688389803,79.6691488498249
DFL-MAT-J041UB,1,True,151264,83.68038589775159,102.76713216795297,91.09274254342922,93.07109057240272
DFL-MAT-J041UB,1,True,27200,62.85874569349633,87.111384703398,61.71907251942534,104.15065377237751
DFL-MAT-J041UB,1,True,114789,149.97907406265094,152.00502438162434,145.8954377825019,137.39769250557575
DFL-MAT-J041UB,1,True,27900,67.98971994695405,75.33109122543573,72.46358005558339,74.7798104206352
DFL-MAT-J041UB,1,True,17300,101.46396590859024,87.92306253141022,139.60440938728613,98.8697126781617
DFL-MAT-J041UB,1,True,139639,55.837014100491444,62.757112439307065,55.50102547080366,56.879120593028574
DFL-MAT-J041UB,1,True,43800,46.126622833699805,77.96695406491988,37.92077740130466,79.1716786279316
DFL-MAT-J041UB,1,True,29425,58.90185556311345,113.3955512758962,91.60147684774199,106.7118997937133
DFL-MAT-J041UB,1,True,142539,61.67010589355218,36.33655852126867,79.17199898175794,50.248057396293056
DFL-MAT-J041UB,1,True,77275,81.9799350947921,56.399595482488195,74.63392152702161,58.40374532233598
DFL-MAT-J041UB,1,True,174514,85.61836669026066,48.7123648306094,77.05080707587425,53.10009952050671
DFL-MAT-J041UB,1,True,119289,138.6134226770429,86.31055121653424,142.47686499437762,92.10283432101633
DFL-MAT-J041UB,1,True,64700,139.8783829315077,114.87306984970142,133.16385705544312,111.865654193178
DFL-MAT-J041UB,1,True,50575,57.21923982171277,52.82788976544446,57.633269840178826,56.176786366440176
DFL-MAT-J041UB,1,True,55150,138.00963780818412,163.68270725546878,148.452002850644,143.0962058682175
DFL-MAT-J041UB,1,True,152364,79.52632330843454,125.41915631793339,79.27407312472542,126.64865760896397
DFL-MAT-J041UB,1,True,138964,95.34813732104651,109.70535142482466,92.31415971234188,106.79710802469833
DFL-MAT-J041UB,1,True,38200,172.8857859722093,155.2741758514752,172.5988448326235,163.71334374746624
DFL-MAT-J041UB,1,True,121864,86.23631477741779,55.25488780374484,71.45526237717203,38.42714459345411
DFL-MAT-J041UB,1,True,67450,140.11885828870552,136.092461620716,157.0000809722931,140.99929765416246
DFL-MAT-J041UB,1,True,110164,103.85139909326855,103.40384440979001,82.97126863149903,86.40971703545723
DFL-MAT-J041UB,1,True,121939,75.39483359296023,98.14237949662085,84.55915880592943,86.52821242233716
DFL-MAT-J041UB,1,True,110264,45.390745597712524,47.74476061275588,45.76316863531582,63.81904369426637
DFL-MAT-J041UB,1,True,172189,78.91379824704725,43.145650629243455,70.595823663288,45.67862969419664
DFL-MAT-J041UB,1,True,67425,154.7113520688405,118.21337972075929,149.56785097395087,83.96442153765425
DFL-MAT-J041UB,1,True,22950,146.0328315687798,96.31732418922928,123.68631530492347,117.85235923912559
DFL-MAT-J041UB,1,True,50075,87.1859475411041,118.77113239868844,89.60011342959844,121.58556966595455
DFL-MAT-J041UB,1,True,23850,179.9914213698275,172.52808931912253,151.66181344342374,147.24460301854623
DFL-MAT-J041UB,1,True,154239,62.784553640626,111.88519861526424,54.56380085251359,106.08872837357964
DFL-MAT-J041UB,1,True,174639,96.43115169633059,96.70500356390752,85.87293657918677,82.51667131360206
DFL-MAT-J041UB,1,True,110914,125.34844612434452,69.68937588674791,113.53158028944817,73.58476537387554
DFL-MAT-J041UB,1,True,65575,84.96141815508703,42.00671310858968,91.59705173149041,38.9889701380011
DFL-MAT-J041UB,1,True,173114,112.06670478351664,104.87530881670807,115.50840560719185,91.45627200752406
DFL-MAT-J041UB,1,True,17900,100.83946961307188,70.37992943229499,91.86001737366978,71.0319516755062
DFL-MAT-J041UB,1,True,51500,89.77886182412074,89.45583180342165,37.92494961216969,32.04809345229385
DFL-MAT-J041UB,1,True,122214,76.7074345113822,88.52471995455785,127.60057043426735,88.74427532243762
DFL-MAT-J041UB,1,True,36325,74.28385711399822,88.17589823889554,62.54877615782541,73.12828437126402
DFL-MAT-J041UB,1,True,23800,39.33957814082945,33.80861865299079,32.00942598982699,34.2454316477891
DFL-MAT-J041UB,1,True,73750,27.193731482696087,24.93708446722455,26.036443169609477,21.68529093841135
DFL-MAT-J041UB,1,True,109839,41.716824055889845,61.43905189736268,44.320399279829836,66.60694581803091
DFL-MAT-J041UB,1,True,120739,25.28689611683317,40.11936822891793,27.661229832132392,42.285969250208396
DFL-MAT-J041UB,1,True,64900,80.52957157983506,85.73230875257717,83.76722207606048,93.69416875987145
DFL-MAT-J041UB,1,True,52275,84.32238927400726,72.37445060104727,83.53354065288593,72.23858357542836
DFL-MAT-J041UB,1,True,73675,29.300297102647985,50.5257120628848,35.34131268357063,55.81032834146942
DFL-MAT-J041UB,1,True,164014,101.9557549099965,93.6798788170024,60.95292157323269,54.37694114292477
DFL-MAT-J041UB,1,True,165539,50.222518062625404,94.16767941360878,50.845696417150926,100.59545377779466
DFL-MAT-J041UB,1,True,139964,73.19161118247283,59.334782881425404,59.42778804831766,53.51653958138302
DFL-MAT-J041UB,1,True,109389,100.21595692263381,130.0741287028409,121.72330039323455,116.33567039314968
DFL-MAT-J041UB,1,True,58675,64.00020756037839,81.66933470108624,60.25856847111668,65.91716502114244
DFL-MAT-J041UB,1,True,129314,84.09070990918757,72.04003209221239,71.60359321024606,67.76471937054464
DFL-MAT-J041UB,1,True,64675,124.67214717046546,109.60749464855864,110.08397608046543,108.97237021554199
DFL-MAT-J041UB,1,True,19350,108.28092368089254,106.51491836924033,109.3201211249336,70.1251108556829
DFL-MAT-J041UB,1,True,110014,96.53425360025552,84.48701602224045,79.04412506695272,78.00564050324296
DFL-MAT-J041UB,1,True,45350,102.38651741532637,127.33516841954506,110.22229674460561,149.47229314581838
DFL-MAT-J041UB,1,True,136914,165.9234643365132,83.12228550617647,161.54180403005046,109.29376920853089
DFL-MAT-J041UB,1,True,127514,213.97077413899035,127.5135807482614,120.92895064350353,91.66731472382594
DFL-MAT-J041UB,1,True,21250,37.12359191860518,38.45991020758159,43.67284812239917,42.274038234846714
DFL-MAT-J041UN,0,True,106870,60.47072346460049,101.30144628556401,41.66077743940914,56.262581985653895
DFL-MAT-J041UN,0,True,63475,125.87875902036537,145.777721909904,136.63434998321802,148.1223000273113
DFL-MAT-J041UN,0,True,43775,57.04680202774137,43.908555878314225,59.579896713500034,43.87972891032812
DFL-MAT-J041UN,0,True,106720,48.07335051669743,47.17274524377803,39.5645914620348,32.01566437208891
DFL-MAT-J041UN,0,True,34250,92.4184375557153,70.42582281499148,98.33798069370182,71.16998015168858
DFL-MAT-J041UN,0,True,172945,104.21602428077944,125.35205515926224,118.50875390781273,138.022302072095
DFL-MAT-J041UN,0,True,68925,121.03467111511665,71.49672321628104,143.8108096226935,73.53180246394433
DFL-MAT-J041UN,0,True,58875,52.970126779428426,55.740197630582905,52.820098794040895,54.590841320447915
DFL-MAT-J041UN,0,True,119270,158.23964175420775,90.38052590039321,125.26340102745975,91.41240323859813
DFL-MAT-J041UN,0,True,26450,65.57137838795533,51.14160689455092,62.34629850615221,53.17046061825122
DFL-MAT-J041UN,0,True,180645,144.78334853495184,113.73723044606315,152.0091427818306,114.76662248920218
DFL-MAT-J041UN,0,True,102220,108.6238257617026,95.33333034243726,71.98812280247596,79.72736837202795
DFL-MAT-J041UN,0,True,100270,138.61419888054328,115.61204582758549,148.975018534728,123.68204976844837
DFL-MAT-J041UN,0,True,155145,60.52099071469468,49.34363161551222,56.308472681197976,53.85806462558078
DFL-MAT-J041UN,0,True,102495,115.05157547396826,142.54031945776953,125.80135622370601,131.07736808298273
DFL-MAT-J041UN,0,True,78900,103.95783491652482,158.81231109752883,115.02165622692,146.2377779053781
DFL-MAT-J041UN,0,True,30300,45.865217714949615,45.274328505198355,26.945999954084844,40.01696236948517
DFL-MAT-J041UN,0,True,39425,63.54929850207395,74.9380867710057,58.313951825829506,67.740449324622
DFL-MAT-J041UN,0,True,177620,57.823767539824985,45.36654438063071,49.25106207160516,42.26608123757388
DFL-MAT-J041UN,0,True,104970,28.153130643630238,39.11688228013786,28.800354093029878,44.445566714594975
DFL-MAT-J041UN,0,True,130445,91.04026897335872,53.011158033457036,99.65447396447031,62.885962559098566
DFL-MAT-J041UN,0,True,112520,61.67070864212293,54.547609299413516,46.00159560686161,60.90663597190023
DFL-MAT-J041UN,0,True,141770,80.74203724404276,66.92590477276951,49.111574883380875,40.92998225170705
DFL-MAT-J041UN,0,True,17750,77.86958334266791,90.11623374562632,53.14312845593551,60.94384908191034
DFL-MAT-J041UN,0,True,40575,52.83216404167697,75.69201096438613,38.40112098764252,65.35338101808229
DFL-MAT-J041UN,0,True,151970,83.93969953337418,77.45710798318039,86.97354881162583,79.43411295160155
DFL-MAT-J041UN,0,True,106520,19.228744802470345,19.799657430600973,19.10141712815208,13.834140418276364
DFL-MAT-J041UN,0,True,177720,118.44988938802223,148.22738109613587,102.44284751249882,117.19073767218379
DFL-MAT-J041UN,0,True,138245,107.35670137525797,114.65944840175665,74.33880866625204,107.52240536396691
DFL-MAT-J041UN,0,True,29550,32.55674078519078,90.08102743150417,39.21753794811349,83.89658440094637
DFL-MAT-J041UN,0,True,163345,130.7189298403188,100.4227475748262,101.52770061552145,113.72507675340324
DFL-MAT-J041UN,0,True,35275,176.05285706887236,181.85910892294285,174.25619531853712,193.47179298918329
DFL-MAT-J041UN,0,True,158070,130.9395654543209,77.79095597923823,118.8857863826578,82.23702823166182
DFL-MAT-J041UN,0,True,15850,31.322968927308512,26.00292291254121,32.46668918505811,26.909133503192663
DFL-MAT-J041UN,0,True,62400,118.92016791297267,47.26570139972164,119.21763997640264,46.76460682272975
DFL-MAT-J041UN,0,True,155945,95.89429500387646,89.84576770396097,82.9434744502455,100.04381144264948
DFL-MAT-J041UN,0,True,119170,74.15085868113601,140.84865698537874,83.30324552669596,130.85704541111636
DFL-MAT-J041UN,0,True,141695,33.71185180618226,17.991531492734836,40.94567711825076,22.633468825661442
DFL-MAT-J041UN,0,True,22900,152.43529656668585,141.40066545819167,148.7697389738774,137.8445019354706
DFL-MAT-J041UN,0,True,106120,25.479509227014216,43.91817578989023,26.03215082199484,37.78826247196792
DFL-MAT-J041UN,0,True,58275,101.75242612624098,93.63831850692013,107.16943654599955,103.04886119937666
DFL-MAT-J041UN,0,True,126545,105.74315374283331,89.9034032236286,106.73809361101218,115.00932833057782
DFL-MAT-J041UN,0,True,115495,168.98558992259103,148.80231231459962,177.27613460642908,151.71576185712098
DFL-MAT-J041UN,0,True,154870,60.103414155186,46.341264093003055,69.55831003702578,46.257401792711875
DFL-MAT-J041UN,0,True,40850,92.72279251587827,75.61970928532435,85.62477201478144,67.57863783662373
DFL-MAT-J041UN,0,True,36300,95.85950640711111,198.02026493275318,93.7491031920062,193.1546701892549
DFL-MAT-J041UN,0,True,115795,160.51542001220778,151.37207661509674,163.74412024014327,162.80321551076685
DFL-MAT-J041UN,0,True,120095,45.615064733056776,35.01088482479242,44.69251886154839,37.495070904966944
DFL-MAT-J041UN,0,True,135045,87.89930263577439,47.81941670621678,88.88489058223885,48.404391793784576
DFL-MAT-J041UN,0,True,105620,19.461271732150795,22.03170538527405,19.339362312307014,21.192893088531626
DFL-MAT-J041UN,0,True,103320,140.87474368905288,127.42220961197101,183.4632022138227,123.28281812788767
DFL-MAT-J041UN,0,True,68475,57.53214546281152,71.08271730510414,48.93775532932737,42.5329326373473
DFL-MAT-J041UN,0,True,26500,106.54405339855123,98.33204691047864,97.59637970037777,83.86274032293342
DFL-MAT-J041UN,0,True,70450,98.77570674078913,72.75190118369669,141.9289968559558,79.68055508095975
DFL-MAT-J041UN,0,True,117870,11.99661942800934,45.05772472181324,16.254698979036657,42.83994678781909
DFL-MAT-J041UN,0,True,63975,70.62618590863921,37.95669558033243,72.84772138237308,47.01171812532773
DFL-MAT-J041UN,0,True,174970,118.9688884551631,112.36001882621156,157.97783748442802,145.09130823780944
DFL-MAT-J041UN,0,True,119695,38.7264086466136,36.01948732322254,37.34511195889032,35.941032053056524
DFL-MAT-J041UN,0,True,128870,43.85544298960797,46.50210508082422,46.92832845203214,45.15076739389982
DFL-MAT-J041UN,0,True,34625,71.07557173714247,71.23485314407819,76.77510513464071,77.54879182714218
DFL-MAT-J041UN,1,False,28400,28.994117438395207,22.697525112501058,20.418505289768614,22.30208860427181
DFL-MAT-J041UN,1,False,159470,86.07871048371105,86.96544554322983,83.07598029354791,91.05176266670384
DFL-MAT-J041UN,1,False,135120,67.70142685926267,88.28406490572377,72.26904579029001,86.07555643500469
DFL-MAT-J041UN,1,False,13575,63.24454931496461,55.748801628136206,69.04546383320483,57.98951407353643
DFL-MAT-J041UN,1,False,40475,55.78726630624799,41.16896538520305,48.54827115161671,41.152267178508666
DFL-MAT-J041UN,1,False,77475,47.058017691818385,45.15638457569227,51.473262990663976,49.358772963404526
DFL-MAT-J041UN,1,False,145595,47.69759046218127,58.59258965727852,56.04758434787933,63.65824525867143
DFL-MAT-J041UN,1,False,175870,66.97873763804918,45.613546961055285,71.49029406067692,46.53008126197738
DFL-MAT-J041UN,1,False,56750,104.21275815874047,63.97794548052413,107.50601633375892,63.65002674161209
DFL-MAT-J041UN,1,False,25750,23.323682144541966,38.15345267170187,20.37054563692881,33.28805758689401
DFL-MAT-J041UN,1,False,128895,34.30084283059359,51.15528907184677,43.783784568551475,48.78139686336132
DFL-MAT-J041UN,1,False,126070,134.37160468516376,84.63063270251031,125.35980334008484,82.22064544471647
DFL-MAT-J041UN,1,False,66125,62.48909892216183,35.333518994691424,41.88553165631126,24.177248362332904
DFL-MAT-J041UN,1,False,46475,45.1467420550382,52.39856414161757,41.91709686788456,52.882866591030826
DFL-MAT-J041UN,1,False,12725,39.30539684114689,27.948105519597764,40.53140548188389,25.420414701576473
DFL-MAT-J041UN,1,False,134420,109.90472019516244,113.17339365036189,129.05150178591674,97.21809806199556
DFL-MAT-J041UN,1,False,133795,81.59672608266033,81.58481202938925,82.20584684812945,80.8949373447871
DFL-MAT-J041UN,1,False,78825,161.83445993140157,158.40700194430735,167.4254334237628,158.04303695000297
DFL-MAT-J041UN,1,False,12425,44.13351329198056,49.95573136141028,47.017133245976495,50.576588218648425
DFL-MAT-J041UN,1,False,33500,75.7049791009137,66.04658711969076,82.98303340995399,58.50760702026332
DFL-MAT-J041UN,1,False,46500,48.860315498906225,67.37701095598185,48.34227057922739,56.470381909893355
DFL-MAT-J041UN,1,False,41750,46.74022966513139,57.182983313311716,45.49237238250719,67.67017270960567
DFL-MAT-J041UN,1,False,52650,79.56183090179458,73.62172569903825,62.34523502132882,58.03885447625579
DFL-MAT-J041UN,1,False,158895,110.88363340925353,77.05286841259407,132.95801590344544,77.81908025499553
DFL-MAT-J041UN,1,False,137820,109.44755952632363,71.87190648657112,148.37900392497232,100.53858228148361
DFL-MAT-J041UN,1,False,168095,84.53027119482465,46.20826873166176,86.52797975796894,45.30094544637844
DFL-MAT-J041UN,1,False,169145,105.95234662771438,76.01136947263512,86.7424174287069,67.08473712628171
DFL-MAT-J041UN,1,False,102945,70.3554486280758,111.98479533053442,83.42670007467547,111.93784361633641
DFL-MAT-J041UN,1,False,14650,107.38342565234642,85.64640435905525,92.15136460727221,75.6069520190874
DFL-MAT-J041UN,1,False,25000,46.33371269938499,43.163817892103445,47.220752148629416,44.343145130285734
DFL-MAT-J041UN,1,False,71625,63.709333190377215,56.458932364680166,76.07884786908853,64.31820055871603
DFL-MAT-J041UN,1,False,59450,96.44598253788966,112.29954633812355,174.17542957120463,113.67258317674651
DFL-MAT-J041UN,1,False,51800,48.287435744393,46.02053691161451,52.199672204004635,52.323069792061744
DFL-MAT-J041UN,1,False,57050,97.730528528227,89.98167874516591,98.20821476254554,88.1486351966758
DFL-MAT-J041UN,1,False,158920,65.31304818849225,76.06550629401148,82.37982145843054,75.89777589426222
DFL-MAT-J041UN,1,False,168545,113.42768030205302,92.66221748397217,116.19236066202282,68.07870506505328
DFL-MAT-J041UN,1,False,121495,56.1382804309131,122.11027340177725,50.140563796584104,122.41486726733531
DFL-MAT-J041UN,1,False,62850,77.13961001984352,73.48379990011901,69.38250839779242,68.17613275674411
DFL-MAT-J041UN,1,False,175445,115.77752872322013,48.03616622760645,97.88321316541827,44.908150508563885
DFL-MAT-J041UN,1,False,27775,104.14442572141019,131.79912002318406,113.09758057740757,146.68455600967067
DFL-MAT-J041UN,1,False,10800,70.15133619173857,66.93023241305127,76.55053845825408,64.75504009797204
DFL-MAT-J041UN,1,False,178870,44.539227557269605,59.60535225235197,43.74135146241603,60.43850760092779
DFL-MAT-J041UN,1,False,21500,102.88190984621735,162.81171010902497,83.9076079695145,111.72997049208857
DFL-MAT-J041UN,1,False,39075,65.84546259926086,32.94682856574507,59.58053759265784,40.47264220323509
DFL-MAT-J041UN,1,False,132520,86.46036259346776,92.2717580492821,80.86887028905461,101.6821152028283
DFL-MAT-J041UN,1,False,135370,61.96695678809591,62.58857598351708,64.03062094550921,59.54562606178289
DFL-MAT-J041UN,1,False,146420,51.070769894121796,69.02174688145917,46.00886313240323,70.6302324907289
DFL-MAT-J041UN,1,False,33775,62.49011881746725,78.62657080024266,62.91352548941973,64.60610028893538
DFL-MAT-J041UN,1,False,21200,93.80429998653369,76.40445872487186,123.06447773492938,88.94987505642561
DFL-MAT-J041UN,1,False,37175,17.844325054219986,21.61170075332547,13.043152494675974,16.14480299723802
DFL-MAT-J041UN,1,False,139270,73.96467310015574,72.2495360374533,66.13161416555982,60.79852142960979
DFL-MAT-J041UN,1,False,51175,55.04121871096501,53.497154459390266,66.69183568388569,50.296850600995974
DFL-MAT-J041UN,1,False,43575,102.85917527885275,68.0036150211668,100.0613743225967,92.92881742234324
DFL-MAT-J041UN,1,False,160170,88.8684410926271,66.28651408302943,88.55365072279223,71.69812969413427
DFL-MAT-J041UN,1,False,51025,47.35923502464841,103.11617392532774,65.57516531597344,79.72569724468512
DFL-MAT-J041UN,1,False,156545,172.00503229820947,48.09818421486192,117.66633077687506,92.72886412926297
DFL-MAT-J041UN,1,False,11450,122.35799777416273,107.27049105777671,98.41018316182469,100.99533016272947
DFL-MAT-J041UN,1,False,19525,93.47564341946592,65.78915780690188,112.92509845618868,91.40796466266747
DFL-MAT-J041UN,1,False,158870,136.71049520471047,86.79568284343362,115.45613669463535,81.59934087569168
DFL-MAT-J041UN,1,False,23875,45.049028202627525,41.61686232189222,37.332829594025824,37.30382441589238
DFL-MAT-J041UO,0,False,82476,65.41227858755478,47.284145447758576,60.684659831721135,45.20929112862952
DFL-MAT-J041UO,0,False,110058,143.5795803353276,132.86852112037667,126.74958884610412,137.95927483865884
DFL-MAT-J041UO,0,False,154408,208.46118680182138,148.54031255402023,182.79055188802073,136.98626746012013
DFL-MAT-J041UO,0,False,79551,71.34267007539214,120.18098394717572,82.75606963511909,109.5009554772242
DFL-MAT-J041UO,0,False,147183,93.18708077812937,100.16813733246073,95.61981427303337,98.12870534130744
DFL-MAT-J041UO,0,False,100483,151.68797792116112,126.33379412904152,153.37362116421284,122.23174911231743
DFL-MAT-J041UO,0,False,56301,69.23182412233575,66.64398351820583,70.55893895977039,70.96085237440242
DFL-MAT-J041UO,0,False,128233,117.39038225067274,110.42944718629556,118.17361956160113,110.5665739366316
DFL-MAT-J041UO,0,False,153933,166.12385223715492,119.5817547569236,168.13716556502942,143.72564443103886
DFL-MAT-J041UO,0,False,72776,161.2849959802904,120.45537331322876,139.60720609157298,91.40358997576863
DFL-MAT-J041UO,0,False,117408,101.54661417951515,144.1890584357138,83.52210699372675,144.6398217185951
DFL-MAT-J041UO,0,False,57351,66.45139856905877,71.6939895602566,63.00500185957166,55.8649388551235
DFL-MAT-J041UO,0,False,60351,191.63528304215302,144.734917682476,158.96257602209647,103.27150160098077
DFL-MAT-J041UO,0,False,159533,156.26631080772557,106.75266802605216,170.3638411205407,113.91837829394292
DFL-MAT-J041UO,0,False,131458,84.67426079027989,30.64982276404162,83.27593647747105,32.25385596590822
DFL-MAT-J041UO,0,False,40826,52.11134932302454,46.36061006068097,60.67061813934004,58.255926191629506
DFL-MAT-J041UO,0,False,153683,72.38768086290509,83.36206203721031,71.95637943937317,91.0514990136108
DFL-MAT-J041UO,0,False,51301,30.83063423142539,30.571483537068154,26.52557530651735,27.926557272376318
DFL-MAT-J041UO,0,False,153658,93.1773114322293,119.8117103856079,73.54274452155902,113.14948131638343
DFL-MAT-J041UO,0,False,57551,104.48619737559314,84.0632478961842,113.32212570669321,108.81317521199996
DFL-MAT-J041UO,0,False,40176,80.92036987094652,55.12494116146011,76.36569464985462,48.53485346245872
DFL-MAT-J041UO,0,False,142733,179.27700440722748,231.40079215379922,142.6876329299919,208.8941062977912
DFL-MAT-J041UO,0,False,159808,69.71701381716755,151.5606746447453,60.267031622189606,138.29482571859631
DFL-MAT-J041UO,0,False,42626,40.67762989015108,69.37098771355203,53.7968294124191,62.511842529339496
DFL-MAT-J041UO,0,False,154308,160.15006510110024,179.4954059524197,161.96704447946607,156.45659765355782
DFL-MAT-J041UO,0,False,141658,19.666979075264752,18.572014125877423,15.906398603986727,20.730298111280128
DFL-MAT-J041UO,0,False,145558,74.5910825804109,45.80176982464793,78.18352207358086,47.80787204090768
DFL-MAT-J041UO,0,False,65901,120.46091486720532,121.79024680060837,107.18525407988216,105.4968877306615
DFL-MAT-J041UO,0,False,140933,60.856729710470425,95.70505230661374,67.87467904975469,89.10694250507332
DFL-MAT-J041UO,0,False,108583,123.51498839254731,143.06577741785676,120.96966789882332,151.17715433412596
DFL-MAT-J041UO,0,False,137133,73.19524886205754,58.92209362536991,57.122028748824114,48.52233555495431
DFL-MAT-J041UO,0,False,62576,43.926150241240705,84.3612754962948,76.91234904981837,80.98404756789694
DFL-MAT-J041UO,0,False,141083,45.47075694273257,91.20712434066184,47.090329109925065,93.72597636003124
DFL-MAT-J041UO,0,False,128333,108.65006611059601,104.17024089012209,66.00281122324289,52.63267988428112
DFL-MAT-J041UO,0,False,40951,213.59979841268165,139.57554150900916,197.67842612398806,138.94800661147744
DFL-MAT-J041UO,0,False,71826,116.72520200499152,93.76989209718202,105.64708581734911,81.49271372977056
DFL-MAT-J041UO,0,False,44326,37.209542060848015,42.09671136817525,34.40213389725772,40.357896857022325
DFL-MAT-J041UO,0,False,100758,57.6872345079709,46.95440528632274,64.53107935723064,50.67154808457738
DFL-MAT-J041UO,0,False,166783,75.26455837925212,59.23867004340882,82.50839316583529,63.44117930361781
DFL-MAT-J041UO,0,False,79201,106.72896431674859,89.06541855298546,66.76282279524267,42.809058918630356
DFL-MAT-J041UO,0,False,36001,90.19391258295438,106.94593276109936,86.28940674287479,135.66714198027495
DFL-MAT-J041UO,0,False,25776,72.86916978049098,32.114217872920506,67.31487409755646,43.68918868469731
DFL-MAT-J041UO,0,False,109908,104.18975901091117,84.53818835082372,109.73690110724336,96.04474887740325
DFL-MAT-J041UO,0,False,40301,131.86221495865308,111.22900795352591,109.48285793535591,85.38267541879483
DFL-MAT-J041UO,0,False,109783,131.19444451556942,138.64861465342105,94.69951608787109,122.70815958402882
DFL-MAT-J041UO,0,False,143308,163.37677741756752,136.1899853554208,133.52383038878327,93.02332997725861
DFL-MAT-J041UO,0,False,57526,128.05474987588514,137.52683017843697,134.1437789022229,153.53748348249832
DFL-MAT-J041UO,0,False,35676,99.85557893503646,75.63553854118724,98.34594227595217,71.89686123122685
DFL-MAT-J041UO,0,False,56626,129.54435722108806,103.66645685581238,112.24058775826241,86.70166850705512
DFL-MAT-J041UO,0,False,66726,123.60012054745827,148.92420956849418,134.02843152114454,144.0856598640217
DFL-MAT-J041UO,0,False,117758,42.32518975252103,26.03377267354649,41.72073188883272,26.132563573025216
DFL-MAT-J041UO,0,False,109633,125.49705441103191,123.69005775705978,102.30265011021686,101.58464550574982
DFL-MAT-J041UO,0,False,50901,66.54610649884599,57.71918939413944,62.95469470442319,60.54151330455981
DFL-MAT-J041UO,0,False,63501,141.26270225351715,95.15926842895492,100.50378505630255,78.5028852312607
DFL-MAT-J041UO,0,False,33576,185.47576199437066,116.80601391513113,204.90287499794206,97.69094122023299
DFL-MAT-J041UO,0,False,33326,171.88876417747093,117.04089504049196,170.596955522624,108.4083055360617
DFL-MAT-J041UO,0,False,11776,50.039995504323706,46.60369369230825,50.122111530568084,47.25621498634106
DFL-MAT-J041UO,0,False,168758,188.7300484549105,162.10249661158994,199.27579088207406,175.5232262096318
DFL-MAT-J041UO,0,False,53951,141.8106641179733,167.13331656881016,145.5091918520812,115.03059316629854
DFL-MAT-J041UO,0,False,145808,40.77719565913561,49.31844234308185,42.05033397818922,51.36695199870856
DFL-MAT-J041UO,1,True,61701,71.64354256670237,64.48548393856281,72.67141243526446,50.05819260625785
DFL-MAT-J041UO,1,True,137733,24.66701296721001,19.155805054098014,15.765011094577554,15.791670799912147
DFL-MAT-J041UO,1,True,151483,212.3710162426722,132.21142234554216,181.42841252410378,112.77039191482763
DFL-MAT-J041UO,1,True,151608,135.8201338616152,113.0221659411913,148.07778851627668,116.03479293304729
DFL-MAT-J041UO,1,True,143658,53.902997392958504,67.10055491124338,53.73405314731351,69.06247006781999
DFL-MAT-J041UO,1,True,69801,79.77465960812671,57.095789337284295,90.39926904197533,52.34797817143208
DFL-MAT-J041UO,1,True,71326,88.68314041376975,59.861847618893485,67.42089492177594,63.808112621931734
DFL-MAT-J041UO,1,True,133108,128.09775616668603,127.8447870244544,99.82464512593586,99.89489055562805
DFL-MAT-J041UO,1,True,163958,157.00293121141263,80.13754632535476,135.13905831308014,85.18778424243574
DFL-MAT-J041UO,1,True,18526,67.06305580654983,78.66133279476206,71.42598962959143,77.74796077898984
DFL-MAT-J041UO,1,True,148083,35.40649703068854,33.211729691218686,42.38681447696105,34.54225796103765
DFL-MAT-J041UO,1,True,77376,75.8037056672649,69.19233773254008,67.26750530447775,55.03869622522468
DFL-MAT-J041UO,1,True,136758,118.84614617908214,88.49825202045166,90.73731817008235,55.79232519251394
DFL-MAT-J041UO,1,True,24701,51.05705653233309,45.00084136828712,47.567900349747894,43.973632268650526
DFL-MAT-J041UO,1,True,132733,37.63087015502033,20.67534181456326,54.41022532946054,60.858167538999346
DFL-MAT-J041UO,1,True,61326,141.7063375678578,115.61803610983101,144.1525360760905,120.96907664675233
DFL-MAT-J041UO,1,True,140108,117.27029456527126,92.20874823900783,116.40954152584845,90.49879407348143
DFL-MAT-J041UO,1,True,76251,64.46618090010793,62.86072656588152,89.49206468407209,93.11973158010015
DFL-MAT-J041UO,1,True,165133,82.47946081578785,44.07976660124565,73.73986859502563,36.58568226186321
DFL-MAT-J041UO,1,True,58701,160.9443420287606,117.12104359287622,128.02666634240884,112.68319500789015
DFL-MAT-J041UO,1,True,102058,69.57066767325355,62.24540491313746,65.40670194241837,56.13356741270125
DFL-MAT-J041UO,1,True,137233,73.96120892056756,38.53949255240706,80.978511726753,39.314854174378716
DFL-MAT-J041UO,1,True,38251,132.3842690335137,118.15742071775236,61.79694910371398,106.38364441413552
DFL-MAT-J041UO,1,True,33476,187.2071006345167,141.51149153980393,169.13416427407884,141.95178198049
DFL-MAT-J041UO,1,True,165583,114.26027888513237,107.83847651241275,79.81442637051464,46.75463910204668
DFL-MAT-J041UO,1,True,116333,93.47564951752044,86.45306580315192,69.54757493500088,72.36925778971816
DFL-MAT-J041UO,1,True,81326,94.26236790081657,23.41011292663052,76.19232755998517,32.135077322287884
DFL-MAT-J041UO,1,True,79651,140.31893037601995,143.0804565366834,171.25787693281657,156.28394114069474
DFL-MAT-J041UO,1,True,51626,138.21049342046354,123.23084326217197,110.94778145603112,98.78785073325875
DFL-MAT-J041UO,1,True,77876,104.8706739768166,107.14748644945041,108.2608328709484,115.20137791169373
DFL-MAT-J041UO,1,True,113083,60.747540524354136,82.58433872899252,64.71645220701765,100.18071990234172
DFL-MAT-J041UO,1,True,52526,35.78451511753231,53.05462995318371,33.6812238316358,51.42747053294953
DFL-MAT-J041UO,1,True,104008,122.6757095017169,80.73985626919911,91.83730452335998,61.63827743282476
DFL-MAT-J041UO,1,True,119533,122.6979072128926,82.49767228608508,131.53451494303036,73.04298547312918
DFL-MAT-J041UO,1,True,122733,175.87067822383125,83.60482174557806,152.10018162573297,75.63722677494646
DFL-MAT-J041UO,1,True,80851,97.9892888903888,98.9382201697649,94.96362924910724,99.03647165193867
DFL-MAT-J041UO,1,True,122358,108.59931456531086,73.32670525773828,100.97329074664272,73.02644889738593
DFL-MAT-J041UO,1,True,151958,83.44084552575566,89.19157104952441,83.99366365491863,89.34338058811646
DFL-MAT-J041UO,1,True,42076,67.8420442679505,63.98729074648358,43.52938770312074,41.81359378743509
DFL-MAT-J041UO,1,True,112458,69.02585261497757,62.37940633469034,70.96627964598837,70.61934288079769
DFL-MAT-J041UO,1,True,71176,25.96226681086889,51.134543136735786,23.001926916417695,49.4415469120551
DFL-MAT-J041UO,1,True,114233,50.62357178691288,67.50784625835047,47.08372668018453,72.86054462657567
DFL-MAT-J041UO,1,True,160958,69.76983154922024,76.98835831825828,62.68728889984717,65.056939626505
DFL-MAT-J041UO,1,True,28401,86.89575795903734,79.79123852345182,78.53389656162311,77.07059238883197
DFL-MAT-J041UO,1,True,46951,23.457735513332374,34.47504520190492,28.023070406010525,37.53305651785324
DFL-MAT-J041UO,1,True,136808,114.52103999650681,119.71792392810117,154.25002842008232,127.5687193231936
DFL-MAT-J041UO,1,True,140233,74.72087620322002,46.769171350889,79.54662782833864,53.26997482824879
DFL-MAT-J041UO,1,True,37126,109.92974236507122,117.6736952959672,98.72013101282492,111.52408316659834
DFL-MAT-J041UO,1,True,25501,103.94418361497871,113.6923077793075,144.47296708071548,112.73339404853057
DFL-MAT-J041UO,1,True,58651,128.44824909725523,86.101027008955,137.14330162115468,91.0780204180242
DFL-MAT-J041UO,1,True,36826,177.37906555843603,143.24293115003192,170.68695329048182,133.45084670631164
DFL-MAT-J041UO,1,True,101433,201.01206927087497,114.29698809607815,164.10964850520014,134.3072711564654
DFL-MAT-J041UO,1,True,106758,146.14560074242866,159.6554521665601,122.20665142182803,149.89649685051137
DFL-MAT-J041UO,1,True,30076,138.71844327332536,113.21029895671663,136.11486917945135,108.39382135442098
DFL-MAT-J041UO,1,True,146683,100.26882804099148,77.39943059044055,103.24301426367177,79.77669546165916
DFL-MAT-J041UO,1,True,76026,77.2239728730287,45.29928033228912,58.00280692326947,61.02284603636222
DFL-MAT-J041UO,1,True,116308,87.14214842109074,80.53400850105737,109.87581612457556,87.46741202662271
DFL-MAT-J041UO,1,True,52326,128.2561031364086,130.5167863812537,81.0416407941468,93.25891471606737
DFL-MAT-J041UO,1,True,121258,68.0908152378092,90.97471329756583,123.0212563328239,108.85777771551739
DFL-MAT-J041UO,1,True,53176,32.061300742865996,33.305097068947035,46.506682828331535,48.710648429647215
DFL-MAT-J041V5,0,True,28775,96.10016043970829,86.7931396347836,110.36825435375437,99.07224404765945
DFL-MAT-J041V5,0,True,152422,41.547649243912865,40.034925539677765,33.794150989399846,43.400649372590784
DFL-MAT-J041V5,0,True,103997,55.530259477680424,59.15910506197035,46.82520796651349,51.48340057505123
DFL-MAT-J041V5,0,True,74350,59.088030810253635,29.538353256519496,50.51260608612433,26.47684957585315
DFL-MAT-J041V5,0,True,138272,76.85801568795014,77.29363047271188,73.15098435815311,78.23003232669892
DFL-MAT-J041V5,0,True,168222,62.70957054267916,57.23989423245791,41.00594581422641,48.09784516480576
DFL-MAT-J041V5,0,True,26650,83.3265959223234,101.09106232358714,62.57808940366143,75.79454746627796
DFL-MAT-J041V5,0,True,80450,51.31719307948262,28.325248461331274,54.31437990668995,31.691012017569548
DFL-MAT-J041V5,0,True,21925,68.540586954761,102.56531447185456,87.9905563212915,121.91727254904306
DFL-MAT-J041V5,0,True,140047,43.631934350031806,53.39196110838972,43.13644728034235,50.898131421834215
DFL-MAT-J041V5,0,True,168747,94.7635366424919,79.53311760673961,92.58445207881908,67.90812006390298
DFL-MAT-J041V5,0,True,72250,52.213718139916,87.53788075868654,50.37574639043819,87.67595242942654
DFL-MAT-J041V5,0,True,155447,73.6021904930813,80.50989963892445,79.93736909573583,78.65479944020386
DFL-MAT-J041V5,0,True,170072,130.32756699500965,168.96775998648843,124.82220969958468,145.95549576163177
DFL-MAT-J041V5,0,True,103822,46.97228108839185,31.583771746515115,51.888547429702925,26.180953663002956
DFL-MAT-J041V5,0,True,140772,28.389539331006073,34.89221539242205,34.52770516637191,31.501444990715964
DFL-MAT-J041V5,0,True,170322,116.02871477721831,87.48473124485616,103.94181923770316,75.15140833989027
DFL-MAT-J041V5,0,True,113647,145.6132472363669,121.21464968740598,118.24038212956786,92.83317554092646
DFL-MAT-J041V5,0,True,141547,28.906132879003863,33.96891250574646,40.37189767090634,33.50613743251889
DFL-MAT-J041V5,0,True,130572,184.41572535777053,115.92616950211732,128.6327245295762,97.05683230661106
DFL-MAT-J041V5,0,True,120947,108.83113096374494,136.15871033125492,121.58076645777732,124.47027140584134
DFL-MAT-J041V5,0,True,145522,78.4043629456031,113.5878725126953,57.58736231519944,122.35582952950594
DFL-MAT-J041V5,0,True,36800,117.9495336576041,102.31796073057565,61.51818367035882,89.58242487074838
DFL-MAT-J041V5,0,True,103572,65.6570633500933,49.21097312134467,81.27408192738851,50.07463703940774
DFL-MAT-J041V5,0,True,178922,52.34408734600687,51.125314517533205,46.42394974819682,49.112943872902164
DFL-MAT-J041V5,0,True,148422,53.12802956963897,55.18393288829309,48.95458119455622,50.66572626018942
DFL-MAT-J041V5,0,True,106322,41.829961089239006,43.78644494974208,43.314610547026525,40.2845096362847
DFL-MAT-J041V5,0,True,59650,52.522633840900504,44.6160931659159,56.9284677103832,41.201506847572475
DFL-MAT-J041V5,0,True,50700,125.36777384004793,165.37231532638782,153.68678000806764,167.28476023973167
DFL-MAT-J041V5,0,True,140422,30.96257974127743,43.936143469810006,32.487509890334316,49.068108369314444
DFL-MAT-J041V5,0,True,173097,92.54625969778438,79.36053541702792,76.26225428073552,80.80416503222487
DFL-MAT-J041V5,0,True,27275,130.27172185948004,106.74484142638694,88.95201600612343,89.15943315868937
DFL-MAT-J041V5,0,True,24625,58.52598107895787,49.50227344863195,53.543005054587034,43.80823718963372
DFL-MAT-J041V5,0,True,25450,21.281860152590944,15.695096751579873,20.731605224009485,14.955844290299765
DFL-MAT-J041V5,0,True,73475,128.85897495648803,136.18065424594104,118.1829680988371,120.87099210993287
DFL-MAT-J041V5,0,True,21750,96.65594892756818,84.20299003851348,99.1491595949927,101.88177391877633
DFL-MAT-J041V5,0,True,140172,40.72299218945899,42.50992447872532,41.8390197747641,43.90214921205389
DFL-MAT-J041V5,0,True,175047,47.59166581921382,78.35085432205156,46.04131658045659,96.45282495736699
DFL-MAT-J041V5,0,True,24425,76.02692061923051,71.55426449067427,76.41229307214572,69.49442314657237
DFL-MAT-J041V5,0,True,77475,105.80021137082495,117.2960737514067,90.17524891756945,108.10835265914898
DFL-MAT-J041V5,0,True,123472,55.66620095684118,64.51309484954373,48.67630021732586,71.94725729978059
DFL-MAT-J041V5,0,True,149572,43.43820963651258,28.08817496520448,37.33549500989248,27.034189738500412
DFL-MAT-J041V5,0,True,147647,83.55259194026488,53.99300273591935,82.80554097999757,55.113926122470595
DFL-MAT-J041V5,0,True,47450,127.7052105653466,118.8242573765402,131.40089105134211,117.70736063445956
DFL-MAT-J041V5,0,True,166897,151.15303218994418,104.084525454436,104.15109691630809,68.32837811006794
DFL-MAT-J041V5,0,True,163822,121.655347226639,139.32006680823912,109.16338114189553,127.93326867078602
DFL-MAT-J041V5,0,True,107897,98.54040112527655,84.70387377359445,79.15537029855167,70.80658678087735
DFL-MAT-J041V5,0,True,149322,49.09830348687567,35.46151037863316,50.54892554007244,35.17742261379271
DFL-MAT-J041V5,0,True,125222,50.9315298894578,38.791962622487866,54.19159129186015,41.012618677177365
DFL-MAT-J041V5,0,True,62425,95.67968704547812,104.98025242552455,90.21596147662775,88.36864807873916
DFL-MAT-J041V5,0,True,148772,55.90960557090308,48.63393561632578,55.305829172436496,50.65403327644016
DFL-MAT-J041V5,0,True,10650,126.23712581997349,82.12359082804548,141.1698381359408,93.53659064757223
DFL-MAT-J041V5,0,True,59750,80.34973338867786,71.70194320058474,103.5773520095568,75.86062011054332
DFL-MAT-J041V5,0,True,113572,50.82954171789844,47.15091904186237,39.414873194951426,36.80765673849941
DFL-MAT-J041V5,0,True,33700,104.73468637487827,50.68499708881439,101.25692477462461,49.33490805710925
DFL-MAT-J041V5,0,True,128172,34.85739405914641,61.69132448508581,55.74463741465457,67.01260206835364
DFL-MAT-J041V5,0,True,26400,105.57082976830621,83.70600266696763,110.61265721783582,87.50442114525397
DFL-MAT-J041V5,0,True,141072,56.75998593454249,30.522615606410348,57.12695252065711,36.73388837013742
DFL-MAT-J041V5,0,True,129272,79.8294248316296,65.90202053979264,78.79573406498417,70.60562593227831
DFL-MAT-J041V5,0,True,72150,48.421661835749035,40.75149551118689,43.152912565366194,52.04573223354051
DFL-MAT-J041V5,1,False,41425,91.29738657205343,110.17488755884906,92.15953592393846,72.2154212958093
DFL-MAT-J041V5,1,False,81575,31.273238140204267,38.45076784148265,24.858533619454317,32.42373915211826
DFL-MAT-J041V5,1,False,18850,118.00096844325302,122.58760911848995,112.84094247541086,124.34446693465905
DFL-MAT-J041V5,1,False,122622,180.31166957492093,141.93355642940168,183.91186421004116,85.62837583337375
DFL-MAT-J041V5,1,False,178047,107.83740831723458,154.1140154687824,100.20481710509546,148.45568742064611
DFL-MAT-J041V5,1,False,42900,88.08887706818277,48.95785155623219,88.30906842161733,51.97036878010729
DFL-MAT-J041V5,1,False,173797,73.59591388165259,53.112987019739805,75.20637542851864,46.84439564762659
DFL-MAT-J041V5,1,False,138622,71.14369593385982,56.68857993174438,70.10800317892739,54.587892534739275
DFL-MAT-J041V5,1,False,157422,142.53565470974678,151.8286448890198,123.83607122298373,140.36848687803047
DFL-MAT-J041V5,1,False,38450,96.69100658983636,125.30406913888243,80.4278346439133,98.40031287392468
DFL-MAT-J041V5,1,False,20025,106.39302304881679,75.50822398704713,100.835549456835,69.76382689213094
DFL-MAT-J041V5,1,False,51225,89.56369353099365,80.01530960118664,68.80171416078916,70.6601736125973
DFL-MAT-J041V5,1,False,157497,126.85157470896661,127.59375377405382,79.45349453245147,116.64183795663416
DFL-MAT-J041V5,1,False,128322,44.710370868439924,31.949068432390764,47.12356975694455,40.45741432164969
DFL-MAT-J041V5,1,False,164647,48.65095251149003,33.04256378992448,39.0464511197253,38.427843037749824
DFL-MAT-J041V5,1,False,70925,21.649014926082767,17.350364431704776,25.59116246032008,23.133482588513907
DFL-MAT-J041V5,1,False,151722,103.8905922682321,82.78079402558345,72.67339840915761,65.68320795757624
DFL-MAT-J041V5,1,False,70550,35.82613894704354,38.036079605356704,33.921557310278594,40.6965529922176
DFL-MAT-J041V5,1,False,29675,134.20004293848135,103.80532137011491,132.79377803333915,94.19292725410291
DFL-MAT-J041V5,1,False,158747,66.26628621609727,118.05279572019117,46.68464475216305,111.96465727375887
DFL-MAT-J041V5,1,False,11550,105.02872210579567,92.87202023058715,107.45451436117905,80.2241621040818
DFL-MAT-J041V5,1,False,33000,153.7884332874956,80.11619173391462,148.7201262465173,78.34835397204004
DFL-MAT-J041V5,1,False,178122,160.96869916263037,159.73132149521027,133.0144862018491,157.41066969503342
DFL-MAT-J041V5,1,False,143022,73.46861867044096,45.85938793274418,72.2540610456212,49.92738810508249
DFL-MAT-J041V5,1,False,17925,182.7621797473748,162.80832097794357,148.6625535833921,152.34321500138773
DFL-MAT-J041V5,1,False,131897,96.97366353307659,89.90727111417121,109.19942453722956,98.03936186665207
DFL-MAT-J041V5,1,False,19625,67.8079979363601,84.21011895342993,78.73708606015765,90.53297706513725
DFL-MAT-J041V5,1,False,146572,194.81869653757266,138.24087508474616,169.90867726929125,119.40332661109034
DFL-MAT-J041V5,1,False,132022,201.18425865712928,135.2308746585121,152.3966691298705,79.11622371861162
DFL-MAT-J041V5,1,False,109947,95.33530675462438,113.23658965830303,155.09013142074954,138.5813220229953
DFL-MAT-J041V5,1,False,38375,74.06046159522953,71.28766805032275,70.83326970122282,69.4786839041827
DFL-MAT-J041V5,1,False,146447,101.38084187238017,48.79422455049487,75.94243910807926,59.44176156622485
DFL-MAT-J041V5,1,False,31300,98.68353293685053,99.80247639750097,98.89199180220284,103.19740000937608
DFL-MAT-J041V5,1,False,52225,100.76194705748554,109.11875133225303,115.84355427340067,137.51757957406423
DFL-MAT-J041V5,1,False,125897,181.44212063956334,113.97736907088745,198.2011625373354,117.98290567053503
DFL-MAT-J041V5,1,False,167672,76.43675209103547,48.296210259999945,68.32309615602598,44.22568413706452
DFL-MAT-J041V5,1,False,45500,95.0258037357869,77.97030633895827,99.91696766223826,88.2979678817197
DFL-MAT-J041V5,1,False,174372,107.82644723764619,141.49934560161736,109.71512213055468,171.47743328631057
DFL-MAT-J041V5,1,False,45975,174.44661023142123,182.36280954696096,185.33775127709498,155.69959258819446
DFL-MAT-J041V5,1,False,32225,148.00761493016446,72.79431258230127,98.34843516290563,67.04932397119175
DFL-MAT-J041V5,1,False,151447,53.908712817534294,34.04961141348524,53.00721537357904,36.24148661574656
DFL-MAT-J041V5,1,False,110947,134.04559501356735,116.1362376526153,106.66241452767804,107.87363355886744
DFL-MAT-J041V5,1,False,19775,123.5081228499683,159.87796072284237,110.7210142511818,125.98129284164587
DFL-MAT-J041V5,1,False,42500,32.88135593713559,49.11903691016515,39.991935427451445,49.968744703823454
DFL-MAT-J041V5,1,False,117322,68.76761037655595,46.755606037920536,62.25933753819539,44.55936836083625
DFL-MAT-J041V5,1,False,52200,142.31313821754367,179.23010859767055,131.2432364021458,140.47972620212727
DFL-MAT-J041V5,1,False,172922,102.18399179461511,115.78506763002602,85.12545268831111,104.10793925205277
DFL-MAT-J041V5,1,False,154847,164.16796547182972,145.76298521710527,158.04843391900422,147.26878130045264
DFL-MAT-J041V5,1,False,157522,163.9697531394313,158.88292510413373,153.73554343272139,148.84948506243921
DFL-MAT-J041V5,1,False,108822,68.2097363280108,76.95509993136002,63.3197796592982,54.078678162210515
DFL-MAT-J041V5,1,False,10925,53.65857022974904,57.376837341980426,60.25629125251964,63.59779767363721
DFL-MAT-J041V5,1,False,142822,34.54651017799275,36.31971313998363,31.794752339585447,40.33929828770175
DFL-MAT-J041V5,1,False,36925,166.63923840135126,92.05590330490084,134.58341885608064,85.96561174201958
DFL-MAT-J041V5,1,False,151797,237.5104286899557,164.38794339567784,231.00767613822805,170.86244996961318
DFL-MAT-J041V5,1,False,11650,96.72652668597357,98.85965967772692,142.17291027224323,108.19015021755212
DFL-MAT-J041V5,1,False,146622,95.41124585396297,87.08374442228474,91.39349544479076,80.56046041062211
DFL-MAT-J041V5,1,False,32650,101.47093676308135,94.9518584729582,102.34928975243875,107.72043862438342
DFL-MAT-J041V5,1,False,70225,18.372848076119414,11.181718669777494,20.35710321543883,18.091518342377917
DFL-MAT-J041V5,1,False,139222,66.19623954164521,49.090496730207974,65.4373854623499,44.52658785386373
DFL-MAT-J041V5,1,False,136272,93.64732879318197,132.72460645568515,103.34915577070579,119.81147516524189
DFL-MAT-J041VB,0,False,63275,134.2833298220301,133.9900170048709,155.24593833613258,130.13125396811682
DFL-MAT-J041VB,0,False,146689,104.93878648747122,153.66105197079895,98.79441395718386,144.30329124218187
DFL-MAT-J041VB,0,False,123039,50.28876779713213,37.73178876071842,49.08924698236095,36.024747673946315
DFL-MAT-J041VB,0,False,128164,120.75715689245743,141.41554557320313,106.55368407822819,130.74524981798228
DFL-MAT-J041VB,0,False,70525,154.93707435633638,169.36719699460596,135.2557326334781,145.01781710668058
DFL-MAT-J041VB,0,False,120039,77.66562090180005,75.5951937737476,53.67777574872912,58.569870670436366
DFL-MAT-J041VB,0,False,127689,140.36484152386998,103.61812653945333,162.50089706209675,114.39080770625094
DFL-MAT-J041VB,0,False,34800,58.50429195231602,40.99087014915742,54.4742557080118,48.23604269468757
DFL-MAT-J041VB,0,False,118714,35.54931353726822,31.82085919526206,44.64476276877623,34.97326611397405
DFL-MAT-J041VB,0,False,13750,68.90389273645293,54.41375523341846,71.75610527431333,53.9242600485579
DFL-MAT-J041VB,0,False,146889,210.87149251750805,176.2678001222433,207.228600504951,177.82319103729097
DFL-MAT-J041VB,0,False,78250,92.86506137236545,167.99730454444614,119.79713152272294,146.83588877583742
DFL-MAT-J041VB,0,False,112814,63.834876086532695,58.37328678946735,62.55595797214611,65.49612161476557
DFL-MAT-J041VB,0,False,124289,40.12734412277647,26.34090005394982,43.29646970377723,21.841030149971026
DFL-MAT-J041VB,0,False,110564,47.43625086037312,29.837844336738243,42.2646383593279,38.1665727442614
DFL-MAT-J041VB,0,False,158039,55.58826016787025,54.289224268141574,48.740313145064725,45.40227590679712
DFL-MAT-J041VB,0,False,47725,30.39931161473932,51.50050116189448,48.32984266832737,42.25308894699159
DFL-MAT-J041VB,0,False,80400,66.33148330878807,135.35117595781168,60.239803311250064,147.703476905451
DFL-MAT-J041VB,0,False,57100,61.135491753839915,83.55596244950243,77.18629224642079,94.5473602861044
DFL-MAT-J041VB,0,False,120389,111.25739582516695,110.64974398678547,112.65211037662365,108.92486690364426
DFL-MAT-J041VB,0,False,43500,115.86060700253546,74.85690443750714,138.52928144628822,86.74539627507541
DFL-MAT-J041VB,0,False,46900,96.87814278969121,76.31702722911874,109.07848714130901,56.16367347873632
DFL-MAT-J041VB,0,False,154014,155.16134312472414,114.65867525441679,139.34985728404405,160.4393163523873
DFL-MAT-J041VB,0,False,170164,126.6060414362236,94.74347503294076,98.82108915607375,57.61223252350197
DFL-MAT-J041VB,0,False,63200,147.76230335157751,146.02438846317267,155.62198142362075,103.35015973376665
DFL-MAT-J041VB,0,False,28950,55.28184693897557,54.93648396506525,37.48054777916689,41.24484049016393
DFL-MAT-J041VB,0,False,77450,117.25974959209952,146.97228709334388,148.24402805610788,156.32198667459923
DFL-MAT-J041VB,0,False,79275,30.917089035192255,52.48514300722026,34.598013181972966,61.36369580832401
DFL-MAT-J041VB,0,False,160964,42.38189961434528,54.58816716452606,28.39253566026815,48.40037173268541
DFL-MAT-J041VB,0,False,66625,133.73874507948457,131.73049825359678,111.39438877633476,108.83535276544494
DFL-MAT-J041VB,0,False,67425,96.54915117525162,77.5344061675435,102.5339050281453,77.70721798977497
DFL-MAT-J041VB,0,False,32475,100.0938604522867,116.9477293707623,86.17442863925217,97.70344680217993
DFL-MAT-J041VB,0,False,51575,98.94030861921277,77.12563758771353,96.32178422051466,74.57328015840235
DFL-MAT-J041VB,0,False,113539,137.7155611616313,113.85013994661874,95.66559550719388,80.97959149670649
DFL-MAT-J041VB,0,False,122339,97.88569195320383,75.39013277923638,89.62160207344752,79.98210517241894
DFL-MAT-J041VB,0,False,120214,126.77040225835023,134.2065665949734,130.69838755247173,137.35543486205347
DFL-MAT-J041VB,0,False,163039,46.091623475453545,44.76987907005902,40.234726495442615,37.2798228657801
DFL-MAT-J041VB,0,False,176489,91.70250697767933,56.291153262636165,97.54274901363367,66.45826583534188
DFL-MAT-J041VB,0,False,113214,94.93563987811827,46.057960208741676,85.95589268975397,25.40403692911909
DFL-MAT-J041VB,0,False,136064,58.95212503710865,37.43054386312468,47.31493524810773,32.90908369606076
DFL-MAT-J041VB,0,False,78525,91.56641450575452,104.18704555266439,106.33337754886894,129.18374279546543
DFL-MAT-J041VB,0,False,106714,141.37297611357877,136.6087730565908,124.17763219579616,112.75608598701929
DFL-MAT-J041VB,0,False,157464,82.13776402664381,70.04663292019819,70.63680977200745,84.8754887641145
DFL-MAT-J041VB,0,False,25675,64.27103559260742,91.84552105940458,71.57493078339,104.39335390612655
DFL-MAT-J041VB,0,False,173939,136.8919906065465,144.54598830325008,93.53476359720797,102.49109652812717
DFL-MAT-J041VB,0,False,117714,81.9202611594827,93.65845511579393,83.29948194523479,95.48752250672396
DFL-MAT-J041VB,0,False,167364,54.22870166408893,122.25027779127278,49.483119383325985,82.98920015646006
DFL-MAT-J041VB,0,False,116689,55.187609512918826,47.08076435187169,49.97358685992423,44.45210358607774
DFL-MAT-J041VB,0,False,100789,105.79684571448121,65.82202138204256,70.66731120040392,66.7265361241468
DFL-MAT-J041VB,0,False,124064,39.664242228808604,36.352010358152086,34.825334514401746,32.64771277093645
DFL-MAT-J041VB,0,False,122039,116.76012337196015,111.22645860256954,102.10179649215763,94.70311837458479
DFL-MAT-J041VB,0,False,172214,151.74502926980435,155.45172145961334,138.08349271402497,148.90494684186137
DFL-MAT-J041VB,0,False,176439,76.48456675540518,99.53953281864975,77.81912163422011,69.74512702741715
DFL-MAT-J041VB,0,False,153114,129.5086946673349,133.84203557970287,121.64940009303864,134.6520118991402
DFL-MAT-J041VB,0,False,118114,58.0635061285231,56.10387903342905,57.759769304119374,50.28751990017403
DFL-MAT-J041VB,0,False,106439,66.28483246255972,59.36176857972463,66.04847927085031,39.55621063293513
DFL-MAT-J041VB,0,False,111539,78.59551019241248,149.74953019926613,76.89173735149981,132.84076716056472
DFL-MAT-J041VB,0,False,115539,56.221763198854475,70.10547309500664,51.03785263383846,67.67580177074825
DFL-MAT-J041VB,0,False,61075,135.50582210108522,113.38392809108203,114.47137198892958,102.45178558020397
DFL-MAT-J041VB,0,False,121314,23.364710227840707,26.49205509383464,34.97606915782812,29.813422523433392
DFL-MAT-J041VB,1,True,75500,91.37373377666468,117.3422543406056,112.981302785559,93.58091580560827
DFL-MAT-J041VB,1,True,19250,89.67379308434917,112.5234273334549,80.50223035295075,95.20073791831459
DFL-MAT-J041VB,1,True,143814,22.014772601330964,38.65851396406394,11.292775156392716,37.405062893324235
DFL-MAT-J041VB,1,True,154964,54.21283494592724,46.05288790636632,61.62629407162829,53.40562733237602
DFL-MAT-J041VB,1,True,174789,118.36149571813338,141.67722784036613,101.3775562292519,117.99980746094418
DFL-MAT-J041VB,1,True,144989,34.151591992127585,34.75276863820213,31.311106048448792,31.322780018790308
DFL-MAT-J041VB,1,True,38350,98.28341653280148,131.51113074162888,105.367494319396,126.56488560807107
DFL-MAT-J041VB,1,True,158414,115.92724072448624,87.17040369858128,123.12341472531678,77.94901464464361
DFL-MAT-J041VB,1,True,177914,58.45074003817259,29.2436371166114,60.82308392382888,30.753897561491065
DFL-MAT-J041VB,1,True,22775,76.85386136019785,46.67759317293233,63.78693235374373,49.6318543241904
DFL-MAT-J041VB,1,True,34200,58.674476255511,44.59251903583393,56.59807425337151,47.195721042840674
DFL-MAT-J041VB,1,True,19800,57.28021835413413,55.75828274465975,57.39219077618276,53.439662518737144
DFL-MAT-J041VB,1,True,133514,48.55236715432732,71.77625179126186,54.05034334450239,77.80861355791501
DFL-MAT-J041VB,1,True,184539,107.71059147997784,83.50397217051743,126.86432514189445,93.29948078935952
DFL-MAT-J041VB,1,True,180389,50.00092089568296,53.082691175296524,55.19251802143285,56.96576901724907
DFL-MAT-J041VB,1,True,140814,53.123029456284875,39.8062232774726,57.743346417780145,46.44784994512584
DFL-MAT-J041VB,1,True,38450,92.84470287896669,80.14312165148179,94.22092858694481,70.19929753844686
DFL-MAT-J041VB,1,True,164114,119.79342697983874,107.07349361983293,134.18024956966352,91.85571823357371
DFL-MAT-J041VB,1,True,69525,33.02211584129902,28.934562016824316,20.696931515800756,29.407939914075385
DFL-MAT-J041VB,1,True,33325,34.60811989261283,33.62138865897237,37.53013481063493,32.081367803451606
DFL-MAT-J041VB,1,True,145389,66.7830079873641,96.40099058816159,66.56895488921899,86.71282294597499
DFL-MAT-J041VB,1,True,43825,79.3263185638622,52.677259106302934,81.90202987528527,53.556689133029764
DFL-MAT-J041VB,1,True,100839,112.99733495464729,130.87256660225395,124.87276433941523,142.43344168624338
DFL-MAT-J041VB,1,True,177439,89.17575112821339,145.31613478015814,64.51597217601132,161.37657024913497
DFL-MAT-J041VB,1,True,40425,92.29031226891597,102.61570233835461,101.69810722837455,107.6322688066498
DFL-MAT-J041VB,1,True,105014,139.2252721300263,113.92620112363,143.12719745222515,109.23006129607965
DFL-MAT-J041VB,1,True,38675,74.2233734476902,52.515949504001235,50.1622429281384,48.62834103812752
DFL-MAT-J041VB,1,True,51025,40.3554301935282,131.6955453402079,37.95215503381876,134.35230378673324
DFL-MAT-J041VB,1,True,22475,72.60074318342721,40.59169433967923,72.51109152681822,49.18141808248572
DFL-MAT-J041VB,1,True,155264,52.26335987006917,57.4738597525334,70.53816346598093,78.67330784000733
DFL-MAT-J041VB,1,True,32725,174.87066003388122,187.5007064320717,170.74005930141303,134.09373099506178
DFL-MAT-J041VB,1,True,183414,26.292540344406543,23.908933214220525,36.89284073782704,21.871953920208085
DFL-MAT-J041VB,1,True,112589,143.93300514604212,114.86157209910513,164.2963787148528,117.73497736686748
DFL-MAT-J041VB,1,True,48800,112.48013673237506,112.26378088626761,102.88550179753484,101.64915756319914
DFL-MAT-J041VB,1,True,34050,70.07934831130096,66.00960946375942,73.30512161362498,47.15038126921928
DFL-MAT-J041VB,1,True,155739,71.61985066613062,88.83718075185523,65.66752114795413,92.39045720787239
DFL-MAT-J041VB,1,True,181564,37.19904719989374,37.42623210929898,21.945316803539892,23.781627535157178
DFL-MAT-J041VB,1,True,133314,89.96746878626821,104.78510939674206,92.0044966158138,101.81538634878902
DFL-MAT-J041VB,1,True,15125,61.28523230347348,37.62480579953074,67.49367000706286,47.0001106609874
DFL-MAT-J041VB,1,True,73650,73.97320442619947,92.93610471512793,67.13844447733013,107.2498906344127
DFL-MAT-J041VB,1,True,134064,97.2192322914247,113.26960917214208,125.90418876959335,117.50961893002314
DFL-MAT-J041VB,1,True,43750,83.63774934998277,58.39846598387589,82.76582376458943,56.339191116329424
DFL-MAT-J041VB,1,True,76175,228.05881609947443,186.25211224823227,169.70744624056402,177.87071528357112
DFL-MAT-J041VB,1,True,52950,95.87011989108518,98.81914976752216,105.766635844951,98.71671030872669
DFL-MAT-J041VB,1,True,54700,92.14184388779721,80.97621407004952,98.19211338888573,88.73504655725827
DFL-MAT-J041VB,1,True,64750,79.84369480331792,74.5984246328517,79.2992497059263,57.25092084509778
DFL-MAT-J041VB,1,True,149914,75.08118890235643,45.95476775733533,61.94357263478416,46.39348574633672
DFL-MAT-J041VB,1,True,69400,51.00673197229828,57.12461990853033,43.39893922057476,52.69626541051466
DFL-MAT-J041VB,1,True,184789,10.742275092835014,10.276578848196351,16.76963114467686,11.171825839437169
DFL-MAT-J041VB,1,True,183639,26.95932390916426,20.283206669165114,27.729714094962674,23.83447691648857
DFL-MAT-J041VB,1,True,115889,179.51714402637091,170.0704267967264,185.30769897747712,162.5763597582663
DFL-MAT-J041VB,1,True,72175,164.7348854035488,116.5456744996314,137.31835180530624,111.39227985903031
DFL-MAT-J041VB,1,True,160039,139.98954563672947,152.53826473500902,113.27812230268239,158.5657310663914
DFL-MAT-J041VB,1,True,101089,120.23401934584498,121.92222874278777,138.5990522644219,119.31746970124814
DFL-MAT-J041VB,1,True,132664,47.91956371123604,28.21673878128535,54.59538349529914,38.649570370097145
DFL-MAT-J041VB,1,True,74650,39.816115313898415,31.312022162040737,45.366630404205814,31.969864280598646
DFL-MAT-J041VB,1,True,35625,53.79195139982907,30.549377876362495,49.961245762183324,27.080587885585246
DFL-MAT-J041VB,1,True,79825,60.58758247947281,135.4555938124498,42.66291144932896,144.55490006344
DFL-MAT-J041VB,1,True,126714,57.26376550152934,51.85697596602871,56.67488577028556,63.221543671427106
DFL-MAT-J041VB,1,True,43000,103.5547439654527,94.53114134722202,113.3689195323844,78.79563247082262
DFL-MAT-J041VN,0,True,167701,154.39734248223974,101.65032659070829,183.8853983748687,123.88010962162812
DFL-MAT-J041VN,0,True,154026,41.03921664766704,55.62773646261289,40.21513340452774,55.45395845489032
DFL-MAT-J041VN,0,True,55001,182.19005136110422,86.35188817650479,153.22296787140363,117.42560457137965
DFL-MAT-J041VN,0,True,74851,89.51454751485893,101.50718453932355,76.26815493443932,96.27316165432921
DFL-MAT-J041VN,0,True,167876,103.34888438487323,84.9845883661459,85.13597547925228,65.30792939699417
DFL-MAT-J041VN,0,True,171701,66.06352785690474,66.03980082105768,60.78296625868393,61.12987309818023
DFL-MAT-J041VN,0,True,172301,66.57443037676087,131.8443097314824,48.809885546434586,105.61340355761625
DFL-MAT-J041VN,0,True,170076,53.94111147837778,149.4958347718404,64.11787829611711,162.1980545547822
DFL-MAT-J041VN,0,True,120426,78.69494077878844,71.56177976394969,77.40564547487719,74.83507077530338
DFL-MAT-J041VN,0,True,53876,108.80095213137953,116.17221617786927,125.93777385403332,102.65955348979932
DFL-MAT-J041VN,0,True,52676,103.83649670481664,136.97544614946906,124.14361387023212,133.63125578655666
DFL-MAT-J041VN,0,True,131801,101.52118273195966,69.2441446912125,138.82278741153277,94.44971176270715
DFL-MAT-J041VN,0,True,145126,123.75611596163348,110.23983254922513,101.01092315549313,110.85486617784419
DFL-MAT-J041VN,0,True,129976,47.789079502257934,44.21527298210288,23.577907355447692,26.987268969613005
DFL-MAT-J041VN,0,True,134551,38.159187857365716,62.1047758998933,35.55520165757047,74.60017836990077
DFL-MAT-J041VN,0,True,160501,71.19707458419663,77.3817788611478,72.27967011427016,83.53161340245717
DFL-MAT-J041VN,0,True,110676,56.343113072327064,99.94971402304441,65.06821526651787,102.10350423764902
DFL-MAT-J041VN,0,True,171326,100.2471510257522,80.80954145992077,143.1143706764015,114.59664992976656
DFL-MAT-J041VN,0,True,171026,76.34170291446489,36.38117588067501,58.77567653682616,40.4442299345631
DFL-MAT-J041VN,0,True,10851,58.96597893971156,55.34087314571789,53.96620090678439,42.30399956311973
DFL-MAT-J041VN,0,True,15676,98.25229595984824,92.57935771737985,117.64001682315048,85.50058902357058
DFL-MAT-J041VN,0,True,138401,78.95974219058115,75.2388879278048,76.26202590978266,77.8404184653418
DFL-MAT-J041VN,0,True,121101,165.02873833186237,102.84126313261513,147.1982689499783,58.87958884389902
DFL-MAT-J041VN,0,True,123526,70.81212719055637,65.70478203593706,79.41560582776212,71.11704882927417
DFL-MAT-J041VN,0,True,136951,104.69678619884634,84.49334095223863,77.8178656883283,71.39959883586386
DFL-MAT-J041VN,0,True,119951,127.25348755359143,74.24909291479672,103.76351876432547,66.78893404293554
DFL-MAT-J041VN,0,True,143401,74.20283433842589,83.23130200323553,86.85098551149733,95.46583687946205
DFL-MAT-J041VN,0,True,102476,40.4578130197094,55.40657090499087,37.74316121787808,30.94901757008442
DFL-MAT-J041VN,0,True,28501,148.0426041975982,105.73598559830243,157.34442897002438,96.76725485290261
DFL-MAT-J041VN,0,True,123951,34.407281430066924,53.4342739411246,32.30267406154086,51.70200381215508
DFL-MAT-J041VN,0,True,104451,61.754451255029934,158.83967467740592,60.73770041207581,139.5871321814902
DFL-MAT-J041VN,0,True,74376,172.03839896220734,117.43729514394869,136.22044291986762,120.87075831092876
DFL-MAT-J041VN,0,True,25351,94.67507796891857,124.88368802550617,100.30418283631883,122.61407013820264
DFL-MAT-J041VN,0,True,80801,170.91877246338169,110.48739396952104,190.3197976096491,145.97096836813276
DFL-MAT-J041VN,0,True,172826,48.97935883107988,64.17642033126009,68.28612149331023,77.39462178350244
DFL-MAT-J041VN,0,True,135926,119.09740671466281,142.60015991887494,100.44316147884103,121.29236669912952
DFL-MAT-J041VN,0,True,59001,154.52675195212197,140.8773928607928,126.65025081684948,117.87158950005984
DFL-MAT-J041VN,0,True,170226,98.80327569658445,142.7631266721037,143.21185801609343,164.03415201384752
DFL-MAT-J041VN,0,True,157001,101.46121672930535,98.67747346187312,104.1972413246609,102.59073920623513
DFL-MAT-J041VN,0,True,172251,69.8256072025911,83.0125327972978,70.92556158168048,78.70826985074429
DFL-MAT-J041VN,0,True,122251,80.86553735278606,51.57998086022605,58.62838043149051,55.09721504163821
DFL-MAT-J041VN,0,True,105151,111.28794254144859,57.601146096234956,97.92265191778647,48.23701137575704
DFL-MAT-J041VN,0,True,105326,44.926967210860774,81.88562000715294,48.61980143608389,69.78523010608671
DFL-MAT-J041VN,0,True,34876,123.37747536555428,71.86934147553463,113.63549038884578,74.19005546338659
DFL-MAT-J041VN,0,True,51176,159.8424899317468,186.74723479816797,143.73226830890547,181.29420060984947
DFL-MAT-J041VN,0,True,154801,96.15343174932461,173.03732327036397,105.75995507499717,182.9502155241115
DFL-MAT-J041VN,0,True,32451,95.22916178792111,58.133727077241026,84.60502759542928,62.085310512315736
DFL-MAT-J041VN,0,True,143226,40.62284140350489,48.465215545220445,44.58090200738175,45.480745688031774
DFL-MAT-J041VN,0,True,154126,49.489561729324436,57.34390113673535,44.777921230465346,59.002130841209826
DFL-MAT-J041VN,0,True,139176,190.62238851760455,146.47630566215005,213.98052284438265,148.8768742524688
DFL-MAT-J041VN,0,True,149526,80.93026411267122,157.2419876435066,74.75855991113629,173.00620090170477
DFL-MAT-J041VN,0,True,147426,90.38441880801149,93.13490378318765,115.09300760128427,119.10803233446455
DFL-MAT-J041VN,0,True,77626,76.89872599918263,97.77154505269894,107.16681167216657,102.3936710477797
DFL-MAT-J041VN,0,True,100601,116.69991691481255,83.81744926262125,116.29646921378787,95.1608014595375
DFL-MAT-J041VN,0,True,83226,55.24336780220617,35.10403914321508,57.34898866367494,44.09286637868481
DFL-MAT-J041VN,0,True,24776,64.82382478045842,73.72527546468349,68.86159604736353,69.22134281396856
DFL-MAT-J041VN,0,True,61951,73.49694224670922,102.86708579770742,80.39913222410345,122.39310373563694
DFL-MAT-J041VN,0,True,107076,71.13878623200023,67.49111289682507,75.11199671149444,70.13287231790606
DFL-MAT-J041VN,0,True,20501,43.744211248781205,33.887021377746485,45.5373908577806,35.9734330102665
DFL-MAT-J041VN,0,True,123351,67.8624422800537,64.47466777238166,45.01394637101115,55.505477430090146
DFL-MAT-J041VN,1,False,82351,84.39827187608279,100.67671915408204,67.01490542000435,94.37061529707356
DFL-MAT-J041VN,1,False,169076,44.40412184472236,39.56926094901525,39.60187868783178,40.88516945969635
DFL-MAT-J041VN,1,False,60476,166.7055908966637,129.03714993260235,135.01461893399298,127.68395415413565
DFL-MAT-J041VN,1,False,104051,104.53154170594948,70.99577092433033,100.44181970680972,72.53842285515977
DFL-MAT-J041VN,1,False,23326,124.10298730166672,126.05606667860383,124.8655056419871,120.5487138347562
DFL-MAT-J041VN,1,False,26926,49.242169057048535,60.43090635157568,44.42130959001176,47.186776339614106
DFL-MAT-J041VN,1,False,43901,74.03225151004,41.21814817918623,77.69241357369944,44.25723991009092
DFL-MAT-J041VN,1,False,130151,208.2614742716607,183.0160097227372,172.8936199569162,150.35365516880344
DFL-MAT-J041VN,1,False,150026,102.55861423083027,86.69673624989619,113.49054513769731,95.3986440596852
DFL-MAT-J041VN,1,False,78601,58.23317888677955,39.019690459972075,59.41123516235728,40.85990025656503
DFL-MAT-J041VN,1,False,69601,39.141350723376476,38.65324726008631,34.719413463724734,33.062936970082966
DFL-MAT-J041VN,1,False,69801,40.395067288990845,56.51002296365379,39.332889057546375,54.70934948003031
DFL-MAT-J041VN,1,False,155551,52.52991493474718,81.1642533271366,53.38291701802019,66.00499958868222
DFL-MAT-J041VN,1,False,159126,88.46076893172211,156.38305294501225,89.45795069282048,131.97803741121749
DFL-MAT-J041VN,1,False,63026,92.31678655268529,139.529691267144,90.35132289222786,134.88904819897112
DFL-MAT-J041VN,1,False,50276,113.20115200289001,94.54924054116925,96.738089621118,84.09234472045497
DFL-MAT-J041VN,1,False,52076,71.57204480129487,58.13281385490366,72.09703453197285,62.94664397108628
DFL-MAT-J041VN,1,False,78501,51.846493667224536,38.38368670588307,50.51644163784855,36.087457794702686
DFL-MAT-J041VN,1,False,81351,54.403424287583405,89.50295650504631,52.68133588692381,75.27323942136455
DFL-MAT-J041VN,1,False,156426,44.445285008341116,40.04054180280967,40.511248952153764,36.089520967431966
DFL-MAT-J041VN,1,False,67226,100.14342676596438,110.28518993134946,99.3507876411912,103.37358888715156
DFL-MAT-J041VN,1,False,53151,45.448335895504684,29.737938233311144,40.13800468786111,29.759383761856565
DFL-MAT-J041VN,1,False,106251,84.66482245199893,54.45133973195875,86.38493634649654,53.08797113830335
DFL-MAT-J041VN,1,False,136551,145.81525405009393,170.65428926143807,155.49906425463192,150.82201035557554
DFL-MAT-J041VN,1,False,146951,89.0338151642078,86.16418034682559,69.67646282366432,52.40148667722021
DFL-MAT-J041VN,1,False,38576,46.51241872604579,82.71453264333822,44.40086752728445,83.51749851778375
DFL-MAT-J041VN,1,False,136826,104.87689776717406,88.88720228048582,101.39219565814332,62.725673822592135
DFL-MAT-J041VN,1,False,52051,76.30357371083709,56.833764653748794,75.7825340279484,61.34826350080744
DFL-MAT-J041VN,1,False,66426,56.06515689142321,54.601453647887084,55.96931553655347,62.19964141475225
DFL-MAT-J041VN,1,False,106776,122.60099534708864,102.32735423145067,125.78326461460783,89.53373189540008
DFL-MAT-J041VN,1,False,146826,49.85150186761324,30.210361498064362,42.05955838470404,30.146614510837168
DFL-MAT-J041VN,1,False,30126,175.48299602327538,135.1134586044054,211.97498529411325,112.62195939998789
DFL-MAT-J041VN,1,False,27851,39.05683651185155,40.35015670474174,39.25793253654561,41.92628699005021
DFL-MAT-J041VN,1,False,149601,123.95207556368163,134.50902649018806,129.32280054190653,120.5777228611188
DFL-MAT-J041VN,1,False,127351,44.41202097050419,34.58850803251851,49.13108528876016,32.57680178506143
DFL-MAT-J041VN,1,False,170751,29.240618802538382,27.788906127066575,30.29605930364152,29.265823075670422
DFL-MAT-J041VN,1,False,21151,151.1531678824384,130.65505829021163,144.04226335649932,126.22733112987292
DFL-MAT-J041VN,1,False,58251,68.66871769337914,31.39371463737228,72.31341803127148,35.15088094709746
DFL-MAT-J041VN,1,False,27501,34.14476123346816,41.61438355382932,32.399627103637044,40.20656663323916
DFL-MAT-J041VN,1,False,109101,111.14868135653883,115.75642147153968,177.66910103833382,151.47420530118555
DFL-MAT-J041VN,1,False,171126,181.6115360290882,101.78150405815806,207.16653717196482,142.86643069964717
DFL-MAT-J041VN,1,False,60626,87.71636559606132,131.03467510214182,80.27455040383119,134.61056017323097
DFL-MAT-J041VN,1,False,141001,90.92722023400944,79.07629519737563,110.25162570524701,95.04134260852851
DFL-MAT-J041VN,1,False,66376,70.99491778445051,84.32441417022814,69.95266027325378,85.43976590105841
DFL-MAT-J041VN,1,False,122951,51.87193882921977,33.910961417013255,46.909848132726324,37.7443176355423
DFL-MAT-J041VN,1,False,18501,136.30881777353056,151.24270790816016,129.82647560957335,146.82805650083117
DFL-MAT-J041VN,1,False,38526,59.99130665057281,51.59997936294335,66.72775406797169,60.76072206977761
DFL-MAT-J041VN,1,False,100076,136.19686716628513,142.26117873057746,142.9816379432965,140.36197426664964
DFL-MAT-J041VN,1,False,41551,109.21708960632654,115.52969073451493,125.27044036854969,127.03995513169647
DFL-MAT-J041VN,1,False,116101,70.50023667698665,87.71098421789272,78.14579144998531,74.52091152357679
DFL-MAT-J041VN,1,False,12376,73.23976751685828,26.87974570369952,73.21691688631157,28.53123313291853
DFL-MAT-J041VN,1,False,132626,19.399708518440328,51.34967118097541,25.75562909709326,51.7199322019772
DFL-MAT-J041VN,1,False,61076,82.75938594675678,95.4246275321801,71.65679730447741,99.79028258241188
DFL-MAT-J041VN,1,False,72451,135.87191047822117,146.53796935362314,132.8130596902288,141.90682552870598
DFL-MAT-J041VN,1,False,29426,115.02804416214319,104.25419653144289,116.26218895742518,102.50375936811822
DFL-MAT-J041VN,1,False,68151,85.84051588257148,86.4765972031833,118.52525089359827,110.53971598010183
DFL-MAT-J041VN,1,False,82226,43.329613778920525,31.105299561904047,31.514830781802488,20.32298509023633
DFL-MAT-J041VN,1,False,122726,209.8370047500229,140.79075464267873,201.49448161000947,131.59162658329075
DFL-MAT-J041VN,1,False,23251,92.77407239030627,70.70603299713115,65.6424892556901,49.36086735866214
DFL-MAT-J041VN,1,False,127376,44.25229003409571,35.4978747651578,43.55162142388795,40.50787080459063
DFL-MAT-J041VR,0,False,128053,90.04910324400944,119.71180809784438,78.38515687012969,119.66943182198474
DFL-MAT-J041VR,0,False,56425,140.77493812870227,105.00584897054725,160.93852767574782,118.94162129680204
DFL-MAT-J041VR,0,False,10900,230.20369631922017,150.02646785232517,216.90836467156046,137.21487838909886
DFL-MAT-J041VR,0,False,57100,102.15555746992563,82.30788736630659,114.00993150746892,61.62403850295498
DFL-MAT-J041VR,0,False,113128,127.7477530206372,119.3740148991938,148.0164472288356,130.26795686714377
DFL-MAT-J041VR,0,False,26700,119.81674115828939,140.36185994663163,101.23587318644753,98.2841663911209
DFL-MAT-J041VR,0,False,163153,64.74147503129824,89.96790005650125,58.57985037352867,91.39164430922615
DFL-MAT-J041VR,0,False,79025,42.23617077093066,60.09808049111592,46.58664425947969,75.1386187018248
DFL-MAT-J041VR,0,False,118178,61.538316414679805,65.1437676203863,33.050150327124605,46.944949837317104
DFL-MAT-J041VR,0,False,24700,90.72440512155431,92.28095039974667,87.68026768711964,90.92919648606602
DFL-MAT-J041VR,0,False,79100,40.52513055462138,36.712517756496624,29.585171835301068,37.585972063207514
DFL-MAT-J041VR,0,False,55575,135.62488813208643,112.37431477455257,123.31570040782911,95.87282262891678
DFL-MAT-J041VR,0,False,29275,116.21372545488259,150.4896469673782,101.08480649966528,138.31091063821262
DFL-MAT-J041VR,0,False,42525,96.39408742536764,66.23330899878239,95.12934457899335,68.49172284557521
DFL-MAT-J041VR,0,False,142753,87.98204389974049,80.05346299723645,94.51020496438139,63.91864862288237
DFL-MAT-J041VR,0,False,77375,86.35175385105981,85.34521057882932,85.15109635688803,92.10472438195868
DFL-MAT-J041VR,0,False,175553,132.6395180572919,138.21842221431854,122.0068427267038,104.43426105744905
DFL-MAT-J041VR,0,False,32850,215.70804004777798,132.4772834815627,171.57855111328254,134.61679737168058
DFL-MAT-J041VR,0,False,16700,32.7957882630003,26.897775415942952,42.157960008403705,33.21979144710038
DFL-MAT-J041VR,0,False,50800,65.95395384240523,29.96068182320241,64.78925383647254,28.7884337539276
DFL-MAT-J041VR,0,False,103728,112.54511911914773,105.61373439249734,76.70441899806896,96.5470286437454
DFL-MAT-J041VR,0,False,24600,90.6294695439564,98.5231263373996,73.99514182508463,113.31861614582398
DFL-MAT-J041VR,0,False,148678,105.6667770247854,78.50619601712872,101.75268684861051,70.84959402067572
DFL-MAT-J041VR,0,False,33725,93.95297926661473,87.79787855387858,86.18101215923613,88.26911111882748
DFL-MAT-J041VR,0,False,35275,134.30843035813768,91.46603735911634,115.06743914819565,63.65856011160725
DFL-MAT-J041VR,0,False,34275,66.59909797560361,26.13028804875778,71.36957375729129,35.288865102341816
DFL-MAT-J041VR,0,False,147903,67.43087886414577,67.2561865684458,72.93943320409329,61.06349151844851
DFL-MAT-J041VR,0,False,18950,112.82376612187515,132.79980687945869,84.07009716105655,111.31101104703605
DFL-MAT-J041VR,0,False,111978,125.86986669296392,143.50673058238834,106.63548620121713,131.2486886431964
DFL-MAT-J041VR,0,False,102028,70.47956366064987,40.59324792813878,75.93381757314123,40.5509452959548
DFL-MAT-J041VR,0,False,26800,95.075947299132,132.04607747358043,103.5992498714004,122.52117448568818
DFL-MAT-J041VR,0,False,159303,134.72271227908874,133.95325803485872,133.4868487139721,153.77985055274914
DFL-MAT-J041VR,0,False,50750,68.26370480165552,28.389089270657408,68.36152250702784,29.775278749394836
DFL-MAT-J041VR,0,False,156928,155.85002329062206,131.46348988931874,128.5449968623716,117.77302271172593
DFL-MAT-J041VR,0,False,169078,163.80699561539498,163.40764580496227,147.1898160802557,144.2880619164319
DFL-MAT-J041VR,0,False,108653,63.523830135194046,56.4657473940605,81.9911496551125,56.39415331706918
DFL-MAT-J041VR,0,False,79425,76.18850820461319,93.40143082128023,71.3713771165234,86.6689054115395
DFL-MAT-J041VR,0,False,172053,173.9672346653339,93.1265383130994,132.20829859693444,108.49788217210164
DFL-MAT-J041VR,0,False,135653,134.97009626655708,145.90834897997658,139.9296180144374,128.59786940958287
DFL-MAT-J041VR,0,False,18600,138.81845766940015,131.51212595040016,137.7344817240942,148.74751317166877
DFL-MAT-J041VR,0,False,169653,116.35093802095862,160.97254839840255,123.00342199456445,165.36982991362126
DFL-MAT-J041VR,0,False,127228,68.28379145875707,70.24972130715213,70.85724593352181,72.55039315399728
DFL-MAT-J041VR,0,False,40600,111.75226735048234,147.01062410040885,71.26907037942817,150.4573872050827
DFL-MAT-J041VR,0,False,121153,59.855814386669664,133.6654606446596,65.66768546601399,131.19550012157262
DFL-MAT-J041VR,0,False,166403,26.451052877227596,25.069743181183796,22.366599016116904,21.582787732608544
DFL-MAT-J041VR,0,False,57375,101.53667832339436,104.86611993003719,113.5608423991234,99.7744325145894
DFL-MAT-J041VR,0,False,147528,77.60938730144873,77.86968580955964,88.05108665694766,87.10049811705393
DFL-MAT-J041VR,0,False,43600,63.31942313215908,53.75520342700493,80.57497894940221,67.17619809518372
DFL-MAT-J041VR,0,False,20075,89.32889029570272,86.14388509244338,78.1867386201206,85.18063828160032
DFL-MAT-J041VR,0,False,18000,71.1340952468452,44.402715082670184,80.49364468754239,48.41389285446347
DFL-MAT-J041VR,0,False,74075,206.66830530735277,106.72217933534654,202.94240381881036,99.4321301895052
DFL-MAT-J041VR,0,False,172153,105.8403983549936,71.87943186179669,99.24101328837313,47.209633619142195
DFL-MAT-J041VR,0,False,10925,227.16301193613626,143.77458355315036,233.01867572259238,153.74057719840596
DFL-MAT-J041VR,0,False,55625,150.5602614825808,114.29810315577434,164.35017776150298,132.35248146793316
DFL-MAT-J041VR,0,False,167778,172.51634329812913,174.08308213182636,120.41883232092596,129.44325977753752
DFL-MAT-J041VR,0,False,147878,74.89894336788228,51.45675864342801,69.80520666777589,51.70023296345694
DFL-MAT-J041VR,0,False,20400,136.18034582143284,155.37488403302916,130.83282829505495,148.51210507343382
DFL-MAT-J041VR,0,False,100228,205.04993091646932,152.73533800218203,213.00998591313348,127.83040954529643
DFL-MAT-J041VR,0,False,102303,54.44025222853487,57.70501289263766,56.69036008171819,60.2102799216802
DFL-MAT-J041VR,0,False,57400,136.32262109545417,78.99429385154973,91.97331357071921,90.01393954725634
DFL-MAT-J041VR,1,True,54075,82.99808004008739,52.198766614706564,39.9093087946368,28.743592351462578
DFL-MAT-J041VR,1,True,134378,95.97545536727631,92.17743055846466,104.5793171579983,100.94070665665572
DFL-MAT-J041VR,1,True,118303,113.80734405139845,126.72178824338467,106.64634133228506,111.6204329431018
DFL-MAT-J041VR,1,True,138728,48.437745243078844,44.449857197902695,50.649047178587395,40.03381558838319
DFL-MAT-J041VR,1,True,143703,120.42863873375406,91.33213263037126,97.55958306569288,114.20409492613427
DFL-MAT-J041VR,1,True,159203,140.8691850990093,155.2692653005001,157.1064642352672,159.23072682599206
DFL-MAT-J041VR,1,True,53050,107.66263515426117,132.68453420649794,116.00260431871365,151.54748367431992
DFL-MAT-J041VR,1,True,59300,38.52810152584296,36.03320985929535,46.98324051772642,59.92569324222342
DFL-MAT-J041VR,1,True,109678,148.05450144567502,118.29351080842753,153.74035784822698,112.63781681011338
DFL-MAT-J041VR,1,True,142003,90.08986671279568,80.44318125872928,83.70258445151589,69.76179374552817
DFL-MAT-J041VR,1,True,155128,79.33222488243881,145.8240682879614,83.250768781224,125.13832459948114
DFL-MAT-J041VR,1,True,12575,87.97910248421029,71.96769706733302,90.85704149541117,74.40519230363647
DFL-MAT-J041VR,1,True,10375,85.69539327078544,108.34112773356992,74.82259454092298,83.70816666324782
DFL-MAT-J041VR,1,True,149928,149.0739680261135,102.06380322150031,112.74488540498683,88.33778017118159
DFL-MAT-J041VR,1,True,25975,92.17730681686002,119.65415992473574,99.84717819894942,141.79028105133472
DFL-MAT-J041VR,1,True,133028,165.04595312624704,137.69056228598907,122.00463042727161,115.89083500370283
DFL-MAT-J041VR,1,True,173178,79.28875157122332,81.60589437448773,59.15368602787014,66.0928131339535
DFL-MAT-J041VR,1,True,54100,141.27792663496632,96.61430352373331,123.7789922388948,90.91425169551263
DFL-MAT-J041VR,1,True,50575,164.64851866463914,156.36178848669508,121.52235443497543,132.03247472543458
DFL-MAT-J041VR,1,True,31800,137.53284802583997,91.38679207250743,133.19427502607357,94.84871916207517
DFL-MAT-J041VR,1,True,31525,129.8996114882969,133.85419409489137,88.87863217959112,118.57546118627499
DFL-MAT-J041VR,1,True,110803,73.55840643348847,105.12661265591414,100.3063385354908,99.45548527773136
DFL-MAT-J041VR,1,True,43900,163.06672253647017,111.87630301718931,146.50569900075075,96.45832522164926
DFL-MAT-J041VR,1,True,47125,25.042956942730385,27.281080887866985,21.96727341813282,19.974750679819024
DFL-MAT-J041VR,1,True,173703,113.41928577675526,93.47702640581072,105.89320892014352,85.13134471479248
DFL-MAT-J041VR,1,True,73250,110.21080197786367,151.51493497600487,97.03756101312145,136.48002201841962
DFL-MAT-J041VR,1,True,167403,50.617102422593945,49.0994263706024,53.27835843885329,51.00941336823579
DFL-MAT-J041VR,1,True,27975,216.83955646163386,147.56373085594657,151.0269316332469,147.15098795755432
DFL-MAT-J041VR,1,True,141078,90.10982272098316,70.12690944475634,73.61366664855498,68.2669877940483
DFL-MAT-J041VR,1,True,69225,88.78740040537842,80.8379230527854,76.990322125213,72.24326745012422
DFL-MAT-J041VR,1,True,35825,55.907561407013155,27.961883775283518,52.686704859853556,27.618635854373107
DFL-MAT-J041VR,1,True,103328,69.09611126600488,87.87990051721648,72.35007126040962,72.94014181639504
DFL-MAT-J041VR,1,True,156853,118.90490514420026,50.83318510081956,125.08832503587286,58.706707441123136
DFL-MAT-J041VR,1,True,102728,142.7759565631017,194.98002696295137,161.91984842487236,187.40807904077155
DFL-MAT-J041VR,1,True,130078,161.65576337798302,154.91165315430575,141.3463603965385,128.9027050942073
DFL-MAT-J041VR,1,True,174553,167.7067128259919,160.3174331013588,168.56419098148876,155.39716485818855
DFL-MAT-J041VR,1,True,157928,79.9786673314885,56.36067244876374,77.10978175145372,53.30083809420945
DFL-MAT-J041VR,1,True,146278,144.4474851114074,159.59829808084015,141.09402378976165,155.6317613164483
DFL-MAT-J041VR,1,True,46725,83.53418605768346,100.76578611062065,90.51608603490702,83.47214297541505
DFL-MAT-J041VR,1,True,132328,49.619045726739785,88.53191831380144,53.00843067613038,86.43586896439112
DFL-MAT-J041VR,1,True,13350,142.3906779130496,165.61841128254412,135.2950951733012,176.3219526704632
DFL-MAT-J041VR,1,True,54200,98.2497277459588,98.84988765814191,115.48029592313955,93.47037411528933
DFL-MAT-J041VR,1,True,20700,94.70825834330367,71.86358611462857,107.84192376228411,75.06926152586351
DFL-MAT-J041VR,1,True,61500,127.26977799361318,109.42234926528835,120.26708900731992,110.94501351732332
DFL-MAT-J041VR,1,True,153053,60.21376377330498,58.238127051299564,66.24604825184952,52.50396879435532
DFL-MAT-J041VR,1,True,145903,122.5475466470787,144.96314511398324,116.6338302980347,126.22160204944295
DFL-MAT-J041VR,1,True,149853,120.61436159518067,100.25649714621403,97.59176126590323,102.86317856893216
DFL-MAT-J041VR,1,True,126428,114.17687743477015,95.89046610520039,97.21429714572804,100.4076297996071
DFL-MAT-J041VR,1,True,76725,161.24200574940923,135.83226257642298,139.36405615918378,110.8584363581911
DFL-MAT-J041VR,1,True,132528,28.53230037520583,26.560358070976473,30.519763220856102,30.336246027282655
DFL-MAT-J041VR,1,True,20650,130.533341818327,122.86028949353282,125.16036199867004,125.26213527937965
DFL-MAT-J041VR,1,True,145378,96.36164184008919,89.91288263732456,101.15678781932377,96.75358533962469
DFL-MAT-J041VR,1,True,49150,91.29297040281848,85.91437438268993,87.26964813271978,77.1718739117727
DFL-MAT-J041VR,1,True,114853,149.2881558434434,156.5008229682336,125.97598663710077,131.5542391409742
DFL-MAT-J041VR,1,True,66525,54.378333749948936,46.15845911289335,58.981404761316846,48.632208660788805
DFL-MAT-J041VR,1,True,32825,89.04354950786596,172.06173444282948,58.59207412836226,164.93432987705788
DFL-MAT-J041VR,1,True,58400,97.08710618601654,87.11935644704707,105.47935415661173,88.02344381060149
DFL-MAT-J041VR,1,True,69325,176.39805397160606,97.73762341766134,143.82239039608376,90.83915412790373
DFL-MAT-J041VR,1,True,50050,52.75909684130696,62.83603833142413,78.25269897248434,76.5422731365419
DFL-MAT-J041VR,1,True,75675,142.3180257576482,103.13258715230062,119.23295677421972,114.08755876673484
DFL-MAT-J041W5,0,True,79901,146.39056011425492,112.76444140919834,167.2898631678332,142.65650019187953
DFL-MAT-J041W5,0,True,48951,71.04062316445939,54.12814373397411,77.82700364825054,88.22617622285439
DFL-MAT-J041W5,0,True,139669,107.76066874592449,96.76498823095856,90.55372627543878,82.32616659960232
DFL-MAT-J041W5,0,True,33276,71.22263653196387,63.39033926100529,43.82993235295547,36.88937275660735
DFL-MAT-J041W5,0,True,63376,157.71179676340375,105.76691547155556,129.96495598778307,94.27065330388989
DFL-MAT-J041W5,0,True,24001,37.14383120497426,27.531500315482575,37.48213761402691,39.23431504432522
DFL-MAT-J041W5,0,True,125644,141.80426601730215,56.50196624801772,134.6707077009048,61.86651581267358
DFL-MAT-J041W5,0,True,111119,102.9066144679509,114.66074081732604,101.43068509244404,105.48132736876362
DFL-MAT-J041W5,0,True,49051,68.66055246532315,31.141725932688285,68.612209101009,18.349776262234936
DFL-MAT-J041W5,0,True,15126,150.87632437091176,133.54233851072777,155.55763253674235,142.7306588536511
DFL-MAT-J041W5,0,True,32076,44.62140250837361,27.06242866474067,40.78581057413655,37.755982426463305
DFL-MAT-J041W5,0,True,110169,52.69849467196565,52.04575722502447,55.4968342255275,58.02389656755932
DFL-MAT-J041W5,0,True,176269,82.42100307841905,88.68065965235984,79.61437201860286,90.64065519268394
DFL-MAT-J041W5,0,True,167794,84.10198980007817,113.04214995935426,81.04003948608161,115.92026899450512
DFL-MAT-J041W5,0,True,134469,107.99748948631846,101.70065627884907,111.09421487934597,100.89458623012851
DFL-MAT-J041W5,0,True,177219,55.996923049771844,65.82894680971636,64.50324883895703,108.76900126370025
DFL-MAT-J041W5,0,True,137294,37.52261343844514,27.586643581688122,31.993720583448113,26.096245411772575
DFL-MAT-J041W5,0,True,129844,47.764871933584956,53.98306725084893,41.52671104956201,53.40500829495697
DFL-MAT-J041W5,0,True,165169,99.10960343190426,126.26526049137347,128.03598473799093,119.72664017997535
DFL-MAT-J041W5,0,True,141919,92.59443503417903,64.37113728243379,60.12436662245841,70.24502460032058
DFL-MAT-J041W5,0,True,80076,80.37308005079582,91.32300915170313,45.9505119970667,49.225458395610076
DFL-MAT-J041W5,0,True,166394,74.38090510793904,44.40257614249172,87.10079839571408,55.032745501177686
DFL-MAT-J041W5,0,True,64176,95.29948849476894,80.48604902724786,134.39099399077682,85.70774457222241
DFL-MAT-J041W5,0,True,47626,114.95216968347025,105.3845125622857,116.95973477606223,103.607186185413
DFL-MAT-J041W5,0,True,23726,56.81363377149069,106.77049779396035,63.27815801713003,100.39460269483747
DFL-MAT-J041W5,0,True,134394,155.15637835216873,141.29498637184858,135.6715169791182,146.1168638877959
DFL-MAT-J041W5,0,True,71626,38.680624610444745,62.68719628282037,36.704891005082565,52.37436485640801
DFL-MAT-J041W5,0,True,12251,134.11868232038984,78.77545561742981,192.40792425866425,75.35854919795682
DFL-MAT-J041W5,0,True,147969,79.79521323358854,67.00663348214955,88.28361258725974,68.49004166538161
DFL-MAT-J041W5,0,True,31351,155.05624255518265,162.31414639345763,156.61360762505967,159.28887145085056
DFL-MAT-J041W5,0,True,162269,124.72476809466211,119.13526102848236,100.74502330169688,113.09733824539425
DFL-MAT-J041W5,0,True,139494,32.360047057915644,36.638103614425354,30.198186731566942,32.25801763747605
DFL-MAT-J041W5,0,True,107469,75.3844661778362,66.94897818440184,72.99388619544176,60.9745000186273
DFL-MAT-J041W5,0,True,72401,194.01799597011058,140.22887708905563,182.16387370202187,96.59256183453977
DFL-MAT-J041W5,0,True,31401,145.22023182066457,157.16469327751722,123.64018456993398,146.6315012317823
DFL-MAT-J041W5,0,True,70826,89.26489461085542,90.54315251457813,84.20935221240906,86.50847519747728
DFL-MAT-J041W5,0,True,126494,96.3566858412848,86.80225992507555,74.12318838396948,78.88826770386697
DFL-MAT-J041W5,0,True,101569,36.699934062037784,39.538645445107996,35.48188859318381,38.76988227874618
DFL-MAT-J041W5,0,True,170244,67.54707472830394,92.05900462553376,69.79688400817786,99.77426919583158
DFL-MAT-J041W5,0,True,158644,96.99096937295694,47.7618333974375,108.97713623191022,65.13635370712987
DFL-MAT-J041W5,0,True,126144,66.86881914042823,50.48604579400556,72.80870894447548,43.98859264060258
DFL-MAT-J041W5,0,True,136869,39.40818123358788,34.59016293566686,38.76158682402902,30.449264659810996
DFL-MAT-J041W5,0,True,138594,31.681519754693284,40.13796912369179,28.516337777466596,26.95074217846313
DFL-MAT-J041W5,0,True,80851,78.18860284550556,66.63036983756932,73.03001809367494,69.63589518797828
DFL-MAT-J041W5,0,True,112369,146.91528468927146,151.4513185796139,154.6957209641419,157.80571577596015
DFL-MAT-J041W5,0,True,109894,68.43799318047625,55.989888880466545,59.0324537117696,55.04106302136569
DFL-MAT-J041W5,0,True,174719,41.487654319597326,50.65493494747265,35.21171215655967,44.898086088170054
DFL-MAT-J041W5,0,True,139119,46.687363060810405,55.02950547592265,46.21526840062575,56.946810476948045
DFL-MAT-J041W5,0,True,140019,174.163005599841,134.15865216739627,139.2451248745016,121.14138278008876
DFL-MAT-J041W5,0,True,138619,51.07692945240321,34.83194352844233,40.33632828974514,35.64162280690766
DFL-MAT-J041W5,0,True,175619,46.09829407429158,88.84892224534379,61.56990525405501,99.07024733046282
DFL-MAT-J041W5,0,True,60226,125.64250680974637,120.00496208213275,75.02789489630831,87.78664502410612
DFL-MAT-J041W5,0,True,101894,107.4610872291759,124.59401183936048,112.95749049062736,114.24601150006464
DFL-MAT-J041W5,0,True,36476,51.193876256886455,37.58659280323245,43.86976100042325,33.56747064249131
DFL-MAT-J041W5,0,True,162244,97.12890141131416,129.7631471108306,96.81904849966757,109.25561764784013
DFL-MAT-J041W5,0,True,37851,98.87079452833979,96.03532978579008,93.69035330233127,91.51309226036304
DFL-MAT-J041W5,0,True,113844,128.4676415761099,117.88324648743291,139.37732133813344,127.51882754836586
DFL-MAT-J041W5,0,True,162444,142.62630013617178,110.74778003047554,137.28640492212494,104.76756402197412
DFL-MAT-J041W5,0,True,173894,145.96365529463128,132.96866043930757,141.21820057999346,138.06367196935406
DFL-MAT-J041W5,0,True,126669,52.34271349328716,147.20779484830027,31.874756733318037,135.0885422010108
DFL-MAT-J041W5,1,False,41326,44.42486844052922,80.99742604883173,40.65694706611842,76.1200674688729
DFL-MAT-J041W5,1,False,45401,121.79361087921563,112.75240307442552,116.78784610181775,110.92344687996805
DFL-MAT-J041W5,1,False,115269,120.23397433565054,105.3994371672572,125.88969402859811,115.7948331822465
DFL-MAT-J041W5,1,False,77501,24.89874397247429,20.679742479705432,18.267344784756315,15.836139326802375
DFL-MAT-J041W5,1,False,26651,113.16738020627304,118.36018024869774,109.02663118597258,108.47147553376949
DFL-MAT-J041W5,1,False,81776,50.26420872308423,37.58102170461548,58.404461414931085,41.7140971834578
DFL-MAT-J041W5,1,False,166994,62.46249054076,46.63595871155866,61.942163965898786,49.31127007092053
DFL-MAT-J041W5,1,False,151544,140.53727143900298,105.16216633909626,96.78058317822787,122.19380059800264
DFL-MAT-J041W5,1,False,33351,120.50521060016939,183.075543423529,104.67151714176416,161.3162442610992
DFL-MAT-J041W5,1,False,11526,125.87737428556473,142.7128514169931,125.53969719817931,127.62666476637537
DFL-MAT-J041W5,1,False,141769,68.97098460373479,127.76322234198432,72.71658959903887,105.2935397755501
DFL-MAT-J041W5,1,False,165919,46.929532153645766,50.811825157921994,37.08131343940084,54.074875941907635
DFL-MAT-J041W5,1,False,168919,80.41396772018162,47.215556962341864,79.89308208874323,45.08746568478289
DFL-MAT-J041W5,1,False,121394,176.39679733735755,129.37896668021492,176.39727646313065,130.1460474893094
DFL-MAT-J041W5,1,False,57951,79.34432512286763,182.02997564031415,86.60076544333833,175.31088011211327
DFL-MAT-J041W5,1,False,74926,35.962538328542415,24.915654190923753,45.74260902542716,19.298583731524634
DFL-MAT-J041W5,1,False,158994,157.4711248295324,109.30161893853584,130.93554746462127,94.0167548039952
DFL-MAT-J041W5,1,False,170894,160.84397074203304,91.34923056138547,144.96748067142207,102.42198015570533
DFL-MAT-J041W5,1,False,16776,25.274754279629818,17.465047271525428,18.955872988699817,15.551059049008957
DFL-MAT-J041W5,1,False,26001,96.29887853611305,67.62610196112102,110.6372636054305,67.00125038494842
DFL-MAT-J041W5,1,False,146844,68.62705370927637,23.698197411336547,52.103870222156225,35.493690780118236
DFL-MAT-J041W5,1,False,21076,72.57618506376656,99.39388774400553,117.43129369388211,115.00655814033213
DFL-MAT-J041W5,1,False,154369,52.426730696608246,36.85642141078205,57.832459100413104,43.763176404139315
DFL-MAT-J041W5,1,False,133869,63.82811449590342,71.2139196916809,87.45012533132152,60.77238158270965
DFL-MAT-J041W5,1,False,72651,109.99346590120108,95.24033723375051,109.0478016476169,84.56956093328444
DFL-MAT-J041W5,1,False,26026,78.51639400582513,33.23025902418167,89.03815332829166,49.139431145299746
DFL-MAT-J041W5,1,False,46726,143.64282294956234,147.05864336093802,125.77175225675676,137.25924781307927
DFL-MAT-J041W5,1,False,46026,45.562609390523086,40.987118983175215,38.877492083050626,34.537267147054706
DFL-MAT-J041W5,1,False,154044,58.66403390651176,77.31219008684197,62.24140053132556,76.55608206549017
DFL-MAT-J041W5,1,False,76551,25.195856871088278,37.43940899572071,23.88519778578676,31.94390546308227
DFL-MAT-J041W5,1,False,39901,202.63397172852154,114.3636466674938,235.97884368043495,105.96156467342351
DFL-MAT-J041W5,1,False,27501,84.75320748567385,69.08740540395729,73.71184663298872,61.20708910224041
DFL-MAT-J041W5,1,False,30426,21.00497543090499,34.61270465931838,21.84795579281981,23.208946273270136
DFL-MAT-J041W5,1,False,61951,108.91523946001438,93.16457498576075,82.86998576774087,76.64669636895101
DFL-MAT-J041W5,1,False,69651,111.58194913880098,96.85564625751886,86.18930016266926,92.54673520708569
DFL-MAT-J041W5,1,False,124069,54.55046101294443,44.41509939553138,50.81654945020401,47.30193610023069
DFL-MAT-J041W5,1,False,40951,90.68646273698597,84.74081455245282,89.81083773929579,79.01417760192355
DFL-MAT-J041W5,1,False,110594,49.56818788205348,49.42836837246178,50.75566714959161,51.3208871457679
DFL-MAT-J041W5,1,False,105994,31.784585929485864,29.335135729534123,20.765975846929397,17.090380063964773
DFL-MAT-J041W5,1,False,76326,18.64877347999047,26.78236604410493,19.70731516841738,21.992870803319594
DFL-MAT-J041W5,1,False,55801,105.7292494254998,119.11840910712367,100.75338613239171,96.02523348858868
DFL-MAT-J041W5,1,False,17976,52.47125155810025,19.311183803110666,63.850492697677396,38.25272019877632
DFL-MAT-J041W5,1,False,140719,52.216832824304106,34.751940171710885,52.59662724155741,31.41898030079541
DFL-MAT-J041W5,1,False,43701,122.38979943031956,143.13621842836878,100.79949981968376,150.8874849255243
DFL-MAT-J041W5,1,False,63226,129.17979715876467,106.62418587543513,122.1827393086863,92.79407498513322
DFL-MAT-J041W5,1,False,31101,105.08621642183184,74.28009815429087,120.96130137568643,88.19662544797421
DFL-MAT-J041W5,1,False,57301,25.468888951484534,58.11050791488155,31.5431876886606,55.194154174543336
DFL-MAT-J041W5,1,False,78776,37.093107957293284,28.487706888295282,35.86133731727325,24.856314195100435
DFL-MAT-J041W5,1,False,50001,110.16313301724234,151.07391556988878,118.72926131059221,135.41782451951443
DFL-MAT-J041W5,1,False,171044,70.58272756874715,119.32995539956343,78.3724951014852,89.80920754745846
DFL-MAT-J041W5,1,False,108869,55.365881371998036,47.720056397564576,55.42172453477209,49.59364416522818
DFL-MAT-J041W5,1,False,52026,130.35110206530982,127.47846438010733,139.69977381592275,135.93270570590087
DFL-MAT-J041W5,1,False,167019,42.085974314461374,27.64247061958572,41.4890433422418,35.297883070046815
DFL-MAT-J041W5,1,False,77176,29.071189980877506,36.80369396322799,26.99385570822245,31.870758546903556
DFL-MAT-J041W5,1,False,133744,104.70558384784955,75.80240554586098,96.93662519008896,75.89169118452209
DFL-MAT-J041W5,1,False,77076,14.641631469369111,14.104939101278134,8.945022067017273,10.67021642464472
DFL-MAT-J041W5,1,False,154944,139.07858925493454,122.06271692217533,136.71415933033455,135.64317263318847
DFL-MAT-J041W5,1,False,44626,91.10393248509867,50.44422196429308,78.27482214721292,51.652765928915755
DFL-MAT-J041W5,1,False,22601,65.9816768568944,40.24350027022913,65.17252721575731,35.87286219155028
DFL-MAT-J041W5,1,False,56926,79.01830008639048,22.713877353540568,75.3971127053463,31.25766302711068
DFL-MAT-J041WE,0,False,36800,51.354615079301084,39.83300315870252,47.42522993207011,39.72655618312258
DFL-MAT-J041WE,0,False,178079,39.54697023634328,37.916365132154105,36.3733880098833,35.95125072691024
DFL-MAT-J041WE,0,False,180379,53.48679076270158,77.59817196671682,56.54369789540052,82.25839336131014
DFL-MAT-J041WE,0,False,109429,53.04146793394271,52.878717924038895,52.84553209988835,53.4763536971688
DFL-MAT-J041WE,0,False,32025,99.91547391778555,95.75650676461008,106.54674914417097,84.45661744184801
DFL-MAT-J041WE,0,False,16700,125.31088181240615,71.23994774653667,93.27541087271946,68.6815750726776
DFL-MAT-J041WE,0,False,164729,51.41220802624097,37.85723679487083,57.021859299013414,39.97030428989581
DFL-MAT-J041WE,0,False,38425,144.96784295937323,85.97809188326258,135.15641723398284,93.5208303272818
DFL-MAT-J041WE,0,False,41600,94.0507638876352,80.6617067305366,83.20493446725429,78.66517170879078
DFL-MAT-J041WE,0,False,107154,30.520727958157867,49.295793826751265,30.217838106381876,45.552955341799176
DFL-MAT-J041WE,0,False,59350,73.18150339775163,33.74486109497883,37.0468366769816,37.20546782362425
DFL-MAT-J041WE,0,False,177404,57.54997219067696,48.864894397418105,58.70543401708871,43.42731096191461
DFL-MAT-J041WE,0,False,172104,44.55381718065317,24.559829604427794,46.041328965471,24.515126427697925
DFL-MAT-J041WE,0,False,23450,73.04622782061867,110.91798568851678,70.72031877570319,92.79057520854283
DFL-MAT-J041WE,0,False,68000,112.17594322265735,138.72953652796414,71.44804412490355,106.77489655263399
DFL-MAT-J041WE,0,False,53550,110.95756764857236,96.3351570987286,119.96180369115538,125.52868309293207
DFL-MAT-J041WE,0,False,112829,38.853947190145306,37.94982367113101,41.61533788948857,37.28610132718865
DFL-MAT-J041WE,0,False,41000,70.31362149377514,32.904410697818136,49.230941785194844,44.026392371208715
DFL-MAT-J041WE,0,False,31275,195.655225894159,180.98227225204752,202.9873220865936,187.44773828858146
DFL-MAT-J041WE,0,False,150529,70.35968742967512,41.59623580482563,112.60893252090982,81.62953488621983
DFL-MAT-J041WE,0,False,50825,103.21197900796798,104.40076140770094,108.11590267466099,120.39825224551487
DFL-MAT-J041WE,0,False,128954,111.10741628464726,117.90323781742214,97.90128059993205,106.96524366118948
DFL-MAT-J041WE,0,False,49775,141.20426031949103,131.40044031752416,122.4181220769443,113.48532095910312
DFL-MAT-J041WE,0,False,182604,47.940214225136664,43.63693841222435,75.3297717119526,54.50011480599536
DFL-MAT-J041WE,0,False,14425,151.1738933417507,100.61472025287692,144.58408681636524,112.55951492118943
DFL-MAT-J041WE,0,False,122429,113.30405859449365,94.9622166333026,90.39547463330338,91.82519645871517
DFL-MAT-J041WE,0,False,38225,87.56091030857577,95.11478764714654,78.81075946379195,88.9784928909185
DFL-MAT-J041WE,0,False,110504,56.22050089089032,58.14246270228885,58.2736537296026,46.23635254804821
DFL-MAT-J041WE,0,False,59675,99.61046575436724,123.71540697372807,143.04712757244005,94.73364869338593
DFL-MAT-J041WE,0,False,67875,93.65274787010098,118.65583478344716,102.87211339094881,111.32297039577871
DFL-MAT-J041WE,0,False,79375,37.72987405394436,47.30157111913335,40.32895946296184,48.558149383745075
DFL-MAT-J041WE,0,False,140954,26.461109063993717,43.490924103511844,29.32501665525883,52.811407284037024
DFL-MAT-J041WE,0,False,100229,254.48585447418333,112.8984616005737,242.6569938219658,113.80250830895093
DFL-MAT-J041WE,0,False,149379,61.51322530494881,45.4949397964468,60.507533399091585,54.16002911755949
DFL-MAT-J041WE,0,False,70225,135.29304586293313,78.67405788452827,115.48360275121038,64.74889806185561
DFL-MAT-J041WE,0,False,38825,120.29729391676848,120.41939786494638,134.5484144430533,98.98458440467539
DFL-MAT-J041WE,0,False,165254,69.86122386960305,77.83533675262376,92.4714027770941,128.51122004449232
DFL-MAT-J041WE,0,False,38725,84.94228427927213,101.89112000735811,76.36970989168009,103.93891547989328
DFL-MAT-J041WE,0,False,72975,119.8390378246402,76.77697264270972,95.87137771628244,68.22338942762444
DFL-MAT-J041WE,0,False,177204,67.00607542327516,66.3225350549305,66.38565918906357,75.03328602967943
DFL-MAT-J041WE,0,False,37150,42.589350147551926,46.47417342737709,47.613906735415924,44.46604631531626
DFL-MAT-J041WE,0,False,59050,68.344394862815,52.34921010626246,69.34102157904012,53.69752633369667
DFL-MAT-J041WE,0,False,156079,39.14448888842928,52.45904006952544,35.89434365714093,42.11400588283965
DFL-MAT-J041WE,0,False,155029,22.61096956184232,71.53306817764654,33.39151912767963,71.49232070116783
DFL-MAT-J041WE,0,False,75250,104.85714358367727,125.16829992364912,118.67497344023252,153.43276771167592
DFL-MAT-J041WE,0,False,110879,27.1522307664504,30.126156945508914,32.88758685076328,35.632256036516154
DFL-MAT-J041WE,0,False,73850,112.10859745302972,83.43110618052208,81.25434502557438,69.96761489546773
DFL-MAT-J041WE,0,False,111179,59.453017533091966,51.50931620181394,57.975980455997224,51.48385410764835
DFL-MAT-J041WE,0,False,56325,115.83272765055516,85.22008857599384,126.06484711835968,106.60696028671546
DFL-MAT-J041WE,0,False,106604,79.37089610763998,79.47476824034169,98.27721955453663,96.52401318830331
DFL-MAT-J041WE,0,False,111104,49.31387383381515,52.523999472436294,46.35229294266932,56.16294113551585
DFL-MAT-J041WE,0,False,45400,83.42290312890894,34.733203896647595,87.43357357003879,43.11860616026299
DFL-MAT-J041WE,0,False,23325,113.88573462262111,78.76402000876661,112.29789512749404,73.07166234607162
DFL-MAT-J041WE,0,False,11850,105.5504872614856,79.05060850391352,107.07538606040606,83.28743072963351
DFL-MAT-J041WE,0,False,11975,139.81884247488833,149.98600907998622,151.42616597055758,157.96937885864568
DFL-MAT-J041WE,0,False,170104,157.27049131956545,157.9690221769695,213.23152583898707,184.19164250246143
DFL-MAT-J041WE,0,False,27175,42.03298963844194,13.88371882634899,37.93125153414701,16.851436177083027
DFL-MAT-J041WE,0,False,35025,188.19473038735237,119.30352723477355,207.60234415762253,127.96161511490222
DFL-MAT-J041WE,0,False,170229,109.72570954369587,128.99666057235785,83.31879574085568,112.37338408439106
DFL-MAT-J041WE,0,False,105179,68.65008926289595,83.33402325303832,60.34375461280959,92.53205416737369
DFL-MAT-J041WE,1,True,62200,76.77412140895211,84.24799531503878,99.63586349422432,82.42051834185783
DFL-MAT-J041WE,1,True,63675,82.52184648866101,67.41798781343962,92.7635952567657,65.82363984028491
DFL-MAT-J041WE,1,True,106054,167.84224632429672,84.5707536952427,177.43329950783763,105.58044216167602
DFL-MAT-J041WE,1,True,185404,50.12840470387757,37.5945933174166,54.91342844372895,37.21002104822121
DFL-MAT-J041WE,1,True,81250,73.88943884103034,68.7403624492022,75.02480512292566,73.54254519589254
DFL-MAT-J041WE,1,True,167654,94.74508172992373,133.4180037328588,94.37885480848622,118.52727116736379
DFL-MAT-J041WE,1,True,33525,64.52348792366446,48.2793218748089,56.46370877816686,46.33689169453201
DFL-MAT-J041WE,1,True,182179,128.64118179874367,144.64896180481506,128.37122534029925,134.80724769362484
DFL-MAT-J041WE,1,True,151354,54.10241236995369,48.922361357536,60.942879227376565,51.42750412077809
DFL-MAT-J041WE,1,True,125279,23.905309951674216,37.854110514112534,20.910124210264566,38.034401387502065
DFL-MAT-J041WE,1,True,78200,169.8055863978458,186.14969884318754,147.3080859534309,199.40414830304965
DFL-MAT-J041WE,1,True,181754,200.40755311093025,160.13695093804458,222.7668667303221,206.2969338158038
DFL-MAT-J041WE,1,True,65600,108.1598480091145,85.17593900615931,119.15803289385103,90.01041782202057
DFL-MAT-J041WE,1,True,183229,34.30176796783043,46.559573266152164,39.651860908305125,63.19053762055351
DFL-MAT-J041WE,1,True,120429,78.22552071140856,79.84805954670149,74.88210129329372,81.54856842573352
DFL-MAT-J041WE,1,True,71300,31.43404662673641,83.67698523592261,52.40488508565548,84.3552622517425
DFL-MAT-J041WE,1,True,65200,130.3053010104315,55.628175448512444,134.7721767849397,73.83352590959798
DFL-MAT-J041WE,1,True,69675,53.880689450787386,51.46360918536701,61.69503357007047,48.73487475574179
DFL-MAT-J041WE,1,True,138279,82.84276331359119,78.19375785174977,51.112574873496015,46.32110831928376
DFL-MAT-J041WE,1,True,175029,52.00242510192917,42.00376029980333,54.535139744666466,43.80688673622204
DFL-MAT-J041WE,1,True,161729,164.85718551873245,208.88566881998875,195.40886482140843,197.7120837457073
DFL-MAT-J041WE,1,True,151579,44.80563856829694,44.56446770890493,41.248084024179775,39.7628897285976
DFL-MAT-J041WE,1,True,55500,86.03750128700739,131.42948204030128,102.2863134446604,123.23816151786062
DFL-MAT-J041WE,1,True,146404,77.40936300356682,81.6390928838467,76.7451608193806,79.3452210785723
DFL-MAT-J041WE,1,True,118904,51.09675154827474,39.9950803299708,45.46205389669685,44.582151775249464
DFL-MAT-J041WE,1,True,15575,55.799745232472304,71.23761302610745,48.17040471117344,49.339525321614545
DFL-MAT-J041WE,1,True,151779,52.686113615643336,48.744604639963256,46.0639744138494,50.09718401729668
DFL-MAT-J041WE,1,True,103204,35.52340963937464,50.19730131657148,30.07134594195917,54.75869230313719
DFL-MAT-J041WE,1,True,147454,92.43575727508241,103.92893242208537,126.72336634798135,96.97456937634271
DFL-MAT-J041WE,1,True,33075,77.06407204404469,53.144854860755146,53.71537767849149,47.75753422593512
DFL-MAT-J041WE,1,True,70775,134.72277727392233,109.30562787969014,132.7482995897706,115.04186975261074
DFL-MAT-J041WE,1,True,53700,168.6407417163942,85.42583312607242,110.95760317395181,72.82881018629537
DFL-MAT-J041WE,1,True,161329,49.281047555019526,50.859698985342554,32.76642256580677,42.21691379405263
DFL-MAT-J041WE,1,True,150704,52.34209749613051,43.42306792523662,51.58879212430252,48.301895624689536
DFL-MAT-J041WE,1,True,70875,87.49208247400954,50.86934457093489,85.02655468787451,64.59677691889296
DFL-MAT-J041WE,1,True,174579,55.01139862567632,50.74219384644769,54.07034033270624,50.96123903975821
DFL-MAT-J041WE,1,True,64025,146.6449962472111,117.85694184041807,145.03071329260803,127.48883765761121
DFL-MAT-J041WE,1,True,149704,41.83075832086737,41.62063928181143,41.630608875484434,37.78469693295201
DFL-MAT-J041WE,1,True,72100,149.79381185684187,129.6811862426723,86.44468873329103,86.88672556540823
DFL-MAT-J041WE,1,True,103904,10.34585295099018,14.218644814722893,9.287383784718864,8.020993948727812
DFL-MAT-J041WE,1,True,137704,89.42560660304784,53.444442043510314,82.68381459871759,54.31577201515646
DFL-MAT-J041WE,1,True,59425,89.46788524402173,95.31991667537316,77.95361949011948,70.48959060581869
DFL-MAT-J041WE,1,True,63125,41.466709399608746,41.718670369389656,46.78870968688287,44.2547591186614
DFL-MAT-J041WE,1,True,142354,211.71086158181058,133.19254740303862,199.0853015477348,123.70678895114206
DFL-MAT-J041WE,1,True,150229,98.3353867888316,91.30022221476987,68.78245401497327,80.86879600566284
DFL-MAT-J041WE,1,True,30825,87.49992320135759,43.58005627507688,84.19417230891808,37.48713062924773
DFL-MAT-J041WE,1,True,172429,118.93364474465251,89.27435633619135,127.57598755076238,115.53566550234507
DFL-MAT-J041WE,1,True,49025,45.905754219361675,51.9415335062458,46.23935507482267,48.18767118500532
DFL-MAT-J041WE,1,True,22700,106.3591530971681,79.13702659944695,123.20996220875837,83.5848736673613
DFL-MAT-J041WE,1,True,22525,40.90772654977396,45.452106382495664,36.77528046909153,45.59489537896893
DFL-MAT-J041WE,1,True,26250,138.7240251961337,97.49683117267044,113.21693799139324,108.19025529478603
DFL-MAT-J041WE,1,True,76175,177.05897753031334,120.19582993339293,131.52181346482502,114.72931329877532
DFL-MAT-J041WE,1,True,34775,26.593700011072023,29.22632974660088,34.67389256112417,40.30956063464479
DFL-MAT-J041WE,1,True,20950,68.36454632450386,48.77439620917434,54.57253970787347,51.70353300007015
DFL-MAT-J041WE,1,True,76425,133.06498458123707,91.28020873027664,129.2262208705899,102.695399601812
DFL-MAT-J041WE,1,True,169254,115.96371509836166,96.60696115468048,124.86763210724648,94.8799110992996
DFL-MAT-J041WE,1,True,120329,86.22364127195769,47.931019504625304,82.56431068256715,67.64569897034141
DFL-MAT-J041WE,1,True,116904,75.5195135762847,59.62913184434243,97.06415686623804,55.419671121724384
DFL-MAT-J041WE,1,True,115579,17.212932761901094,19.81864220802422,17.036222236687934,31.47079658452766
DFL-MAT-J041WE,1,True,148079,100.94501578632018,147.37543701995617,85.1682640502735,107.74563605856895
DFL-MAT-J041WN,0,True,115174,263.4990983365054,166.02199914629819,245.8781751654815,142.61861351058963
DFL-MAT-J041WN,0,True,56200,18.166339613787933,17.032187474498286,18.251150740923453,16.185195658915404
DFL-MAT-J041WN,0,True,117224,86.37076846539146,84.14478776819692,87.50531488381279,86.5147968213197
DFL-MAT-J041WN,0,True,165949,87.04897224490243,103.52080314808465,109.87828216640948,106.87783200099499
DFL-MAT-J041WN,0,True,70950,20.671741956113333,17.81509782189058,17.5716650179208,15.029556177065707
DFL-MAT-J041WN,0,True,149124,40.36169321363665,38.367081980365015,45.121140518708216,39.57228772797547
DFL-MAT-J041WN,0,True,113174,86.28536328326038,47.38494026859699,111.38761002305621,86.14962717936444
DFL-MAT-J041WN,0,True,74900,73.42784472941612,45.59354433793844,77.83189434657788,53.22527448384527
DFL-MAT-J041WN,0,True,33725,73.95250232156968,63.65834596713553,71.03325311509067,67.47744901602039
DFL-MAT-J041WN,0,True,41675,115.6735357077554,90.28558100614367,125.82280461831661,84.77658065434467
DFL-MAT-J041WN,0,True,160424,116.42636740425763,84.03817132092401,126.60222472537923,98.53270134254198
DFL-MAT-J041WN,0,True,53950,46.22487982617255,62.61221097447441,48.37945900103576,69.96742689912301
DFL-MAT-J041WN,0,True,108374,89.82244637357313,82.5235934677512,100.16032115991364,85.29981883307077
DFL-MAT-J041WN,0,True,171124,71.67339725604786,45.719738447253384,59.44315578158057,40.09986020408908
DFL-MAT-J041WN,0,True,50825,111.21887336221359,123.01977710772528,131.24216907309182,133.21989647182988
DFL-MAT-J041WN,0,True,61125,59.789354490261694,100.17566239790446,110.785956996468,52.70838580957917
DFL-MAT-J041WN,0,True,70975,23.539257821272408,30.62149704495061,21.245644219145248,25.041574568077642
DFL-MAT-J041WN,0,True,50650,135.38965377427533,145.40661621678817,145.63769563642774,154.59863314653816
DFL-MAT-J041WN,0,True,66225,43.90640752177111,36.49694216390446,47.47141544911275,37.999512908881975
DFL-MAT-J041WN,0,True,131899,11.950231290425661,36.21791139646899,10.511896774377787,17.633200209487224
DFL-MAT-J041WN,0,True,100449,111.12171951283172,50.14159120796333,102.18566744394744,37.95134099051558
DFL-MAT-J041WN,0,True,127424,26.504485279614943,35.69826301492563,35.17524593917284,35.55632717573148
DFL-MAT-J041WN,0,True,78875,56.37829753824026,95.74330686523138,55.81547039472654,88.16244895758585
DFL-MAT-J041WN,0,True,104624,40.29834524182166,43.22213907622915,34.841022772913256,38.930243642454734
DFL-MAT-J041WN,0,True,148399,76.40514369358611,59.752433067192335,73.17617422352907,70.95431941513347
DFL-MAT-J041WN,0,True,110624,48.90548130399217,99.56796959176368,68.93647647490283,86.37341738914982
DFL-MAT-J041WN,0,True,159174,56.456520189146076,47.96879909825865,50.77777218760949,46.889585020291236
DFL-MAT-J041WN,0,True,123149,61.115760733590804,44.17239372969499,63.79885056507842,47.49959573280198
DFL-MAT-J041WN,0,True,34400,98.94068018872883,114.80488098021155,73.88881516534082,152.758297637934
DFL-MAT-J041WN,0,True,12800,240.95590189277235,93.49413057965062,181.25677793186634,86.39188893707825
DFL-MAT-J041WN,0,True,11275,123.68039007169774,96.11720340058835,138.49685578295174,88.55628044097476
DFL-MAT-J041WN,0,True,107324,37.08247171821179,99.43658236167066,33.58361243321032,89.47234947220262
DFL-MAT-J041WN,0,True,24075,133.6579225181636,140.51103284757826,129.70347834765136,167.9102536773884
DFL-MAT-J041WN,0,True,54800,109.10365075213217,136.63105335887306,93.32733239203196,135.8571951354617
DFL-MAT-J041WN,0,True,42925,82.03665361516968,60.15026617214832,104.71368926479032,91.87849797128499
DFL-MAT-J041WN,0,True,132024,223.79592390864238,120.48072219702652,220.53290380510222,128.0082199795306
DFL-MAT-J041WN,0,True,165874,71.72644219096576,64.30309009822587,58.333821334277495,53.51092707989844
DFL-MAT-J041WN,0,True,112599,130.2963217227409,131.2535849325572,130.70947385996317,114.77225581378981
DFL-MAT-J041WN,0,True,142924,111.58374253975146,110.33673024535805,95.62489793460543,96.8993138288669
DFL-MAT-J041WN,0,True,109974,210.03248709299075,105.81438718634644,201.6094668353228,97.70644419086028
DFL-MAT-J041WN,0,True,148324,57.54479912085551,29.919304060602883,57.10640446918488,27.99570179018579
DFL-MAT-J041WN,0,True,50475,76.77809417350586,81.06900889918992,89.56830450829939,85.14014629323296
DFL-MAT-J041WN,0,True,55250,33.84978285439333,53.90919156078007,45.40940618320039,40.09861486139522
DFL-MAT-J041WN,0,True,145799,82.4841515199093,120.81118564831374,57.33087103874164,123.06090769595171
DFL-MAT-J041WN,0,True,52700,84.78693091499296,70.80938560893155,107.18238810860767,66.44082364312303
DFL-MAT-J041WN,0,True,64950,95.85490198576254,70.31751574459766,80.62320424586814,63.77016767265396
DFL-MAT-J041WN,0,True,139624,80.25486104909356,83.92914802699345,94.04576631705035,92.73068263033309
DFL-MAT-J041WN,0,True,60700,86.7082663252132,46.499289559465645,65.67069029977213,39.169372503646116
DFL-MAT-J041WN,0,True,162349,50.67566533392086,23.356708523963984,57.372556801645324,24.94416812554064
DFL-MAT-J041WN,0,True,172749,85.8495857102233,37.40010436414032,73.76936166092919,33.60163601749656
DFL-MAT-J041WN,0,True,43575,52.0976500204734,31.853854687086113,54.1647654806949,33.616973264769406
DFL-MAT-J041WN,0,True,112474,85.90603198163667,67.70836474744718,72.05487426681368,56.06423359578529
DFL-MAT-J041WN,0,True,150699,57.044238141968115,36.984755608273176,52.139215267622205,30.449984087138713
DFL-MAT-J041WN,0,True,123074,51.92527638193008,43.13012905077661,38.132460891688176,36.86382197560941
DFL-MAT-J041WN,0,True,76300,111.86476919651824,93.09617529575895,104.5147656126532,120.71029768701578
DFL-MAT-J041WN,0,True,148849,121.86612705047003,84.19368702960928,110.43390083160776,86.59958945278217
DFL-MAT-J041WN,0,True,44975,18.21946433469911,16.20005870993572,13.653128113282937,20.270627299154675
DFL-MAT-J041WN,0,True,162849,46.75420031496407,44.03697316367612,49.931285447162395,48.230939091743714
DFL-MAT-J041WN,0,True,43750,34.78695377016089,33.204270145722724,33.80296800950669,36.48220465066561
DFL-MAT-J041WN,0,True,60275,70.99136723374367,86.25153912050109,84.2095620588207,111.63820716126091
DFL-MAT-J041WN,1,False,119899,53.91105286107094,37.073528013690975,45.40049665151276,34.98756022611412
DFL-MAT-J041WN,1,False,153924,78.4868388735642,43.6776782567312,90.3827900610641,56.88428300404826
DFL-MAT-J041WN,1,False,155349,89.91643310663763,88.76875040431266,44.825770875988276,101.28655755519632
DFL-MAT-J041WN,1,False,144099,61.50427593314763,56.742287747180725,63.03401765967341,47.16682825472306
DFL-MAT-J041WN,1,False,149699,98.26907195288062,171.61052253154904,91.82581009960559,124.48227087431309
DFL-MAT-J041WN,1,False,72475,100.23325842204976,92.32148701824643,121.22927006906373,85.1728407775259
DFL-MAT-J041WN,1,False,54625,181.73410696531906,145.63031291254873,171.41260668443581,150.24165043133453
DFL-MAT-J041WN,1,False,129049,90.2666507145694,52.84771464818029,87.71449049519747,54.04369364672839
DFL-MAT-J041WN,1,False,61900,105.17127539251129,121.30374137026729,123.09807865582648,95.08159289325746
DFL-MAT-J041WN,1,False,156624,83.28937649829578,54.31482381846979,70.38301018912016,59.670799568438866
DFL-MAT-J041WN,1,False,177899,25.17661156992938,52.07754081106033,23.239632360686855,50.3612198544801
DFL-MAT-J041WN,1,False,61450,46.90010284276072,50.81510366135405,57.030834789613806,54.97085401010376
DFL-MAT-J041WN,1,False,163799,125.85845187153762,85.61151872769233,111.52616521087259,94.69890401657278
DFL-MAT-J041WN,1,False,32350,114.06836103946969,137.46269343464564,108.92206821459783,132.80181922240368
DFL-MAT-J041WN,1,False,141049,49.26817568886992,75.7956658872426,44.05029991045222,52.97215210738239
DFL-MAT-J041WN,1,False,78000,49.58683089537564,53.13548589991583,44.457609233265394,55.74196085659955
DFL-MAT-J041WN,1,False,108799,105.41979986557094,120.27766837870958,109.60878749680363,103.74671705048719
DFL-MAT-J041WN,1,False,28475,82.28282117677254,173.3021000922907,56.437596220393445,166.31844232962482
DFL-MAT-J041WN,1,False,10275,46.21030820123768,74.92820121630993,57.76656737167872,74.79921859562165
DFL-MAT-J041WN,1,False,59475,106.73074906290799,125.99030181510733,118.451708053426,127.1922755034786
DFL-MAT-J041WN,1,False,173799,105.56694861108063,112.76481331074213,121.99445492654604,137.9486659247167
DFL-MAT-J041WN,1,False,25750,136.1147845086492,89.27474865318955,136.94118883284978,101.41934250441793
DFL-MAT-J041WN,1,False,75325,46.16823050412802,50.097277152577206,50.37286403960521,38.96528707250884
DFL-MAT-J041WN,1,False,140899,77.74281665089188,74.94254864996822,57.03449840204861,74.38856925984332
DFL-MAT-J041WN,1,False,60175,97.29136042591372,188.67086887907072,76.90359656323767,184.47734760995826
DFL-MAT-J041WN,1,False,36275,158.746266525801,98.25409554579454,155.9621694552988,103.24918482296933
DFL-MAT-J041WN,1,False,176449,41.43261820630201,24.13326966657096,41.002909698880266,21.361923971067913
DFL-MAT-J041WN,1,False,122249,95.46270967639502,80.00033239207593,72.74668426012487,69.55343115954349
DFL-MAT-J041WN,1,False,28250,160.8287365412172,164.90737080253317,142.60210856308413,135.975283383597
DFL-MAT-J041WN,1,False,154149,33.407518786114494,45.67003327362744,27.548906949329343,44.38029940634848
DFL-MAT-J041WN,1,False,48575,93.96396478959767,99.24990859342506,100.74108145036769,94.99680735075484
DFL-MAT-J041WN,1,False,18350,25.065799269165144,20.808863099670663,21.99770803451182,22.141934596690337
DFL-MAT-J041WN,1,False,144999,102.40298890172897,102.67783329822404,104.30109052469712,100.76121316070423
DFL-MAT-J041WN,1,False,25075,113.65086133597543,198.17245501538613,120.20978548542985,195.62301795523885
DFL-MAT-J041WN,1,False,57400,48.0297463011713,85.16155078873204,51.29105088461889,68.84952556494783
DFL-MAT-J041WN,1,False,48100,60.99478665920867,85.09480997076467,82.60992896177194,108.15575854571587
DFL-MAT-J041WN,1,False,168524,40.31810945595336,49.632165249363844,33.14968276147708,44.45499991781851
DFL-MAT-J041WN,1,False,74275,124.33139795421368,175.30207812422506,124.38265493696808,161.80877717539886
DFL-MAT-J041WN,1,False,61525,125.51905295561349,143.4235932013501,117.20072331224908,140.8831932328439
DFL-MAT-J041WN,1,False,42000,162.6111986536906,169.2506728493608,169.49320623365895,182.32210402695625
DFL-MAT-J041WN,1,False,68600,39.96332526930708,51.93311846585147,42.05795854675361,54.336403341126704
DFL-MAT-J041WN,1,False,21200,64.78581153740082,28.058268314903184,60.0329217159412,31.417084983675
DFL-MAT-J041WN,1,False,18500,54.335025786898896,45.223684745190525,55.311912869092524,36.55250412270785
DFL-MAT-J041WN,1,False,115499,92.75966496595797,52.437572107123444,98.00933966521356,62.457542483276185
DFL-MAT-J041WN,1,False,67550,74.35882511758362,53.65625413235859,62.16531710884935,46.992876365447835
DFL-MAT-J041WN,1,False,160799,82.8669049907136,76.62659117206485,76.14566526201399,84.56931519166466
DFL-MAT-J041WN,1,False,169149,100.40841588125429,91.77968576229009,103.1641146375381,104.46511666498583
DFL-MAT-J041WN,1,False,52975,143.8431892264291,105.0699931368505,154.05627589584665,116.93544311642448
DFL-MAT-J041WN,1,False,37300,154.03731283324103,138.1289681668262,120.32585823936702,134.81386625000286
DFL-MAT-J041WN,1,False,170399,127.46906065988965,156.61219818597695,155.2416226781572,162.6213818755428
DFL-MAT-J041WN,1,False,28850,116.11794951733552,132.63534412249234,119.78566343192502,134.43284454214918
DFL-MAT-J041WN,1,False,30375,116.68829567025011,128.7526472867669,114.5959274367279,136.38963251584212
DFL-MAT-J041WN,1,False,14800,88.60430349575284,120.55914991580633,83.35788652686554,102.84901686390576
DFL-MAT-J041WN,1,False,60875,114.72955808756949,136.3569212513422,178.23731985850205,150.87707493697974
DFL-MAT-J041WN,1,False,140274,64.77815382387148,41.552627757319804,54.540903802463816,25.9653484561464
DFL-MAT-J041WN,1,False,35325,97.39744542225743,67.40259498504425,102.7441759092008,46.05431220774244
DFL-MAT-J041WN,1,False,167424,99.8263567064939,102.1825181405804,90.83751065868368,75.23701531481944
DFL-MAT-J041WN,1,False,46250,64.19113256237982,84.3787527404898,106.3762059588432,91.18339320910212
DFL-MAT-J041WN,1,False,152074,138.79770646818562,120.1901653570036,152.26563345385802,128.24599495265525
DFL-MAT-J041WN,1,False,118074,196.5081429736233,184.86665005188735,192.22454394589073,168.16713527942545
DFL-MAT-J041WT,0,False,132660,85.7923609945713,75.31886971730056,90.42656777728973,56.54094473404385
DFL-MAT-J041WT,0,False,108360,105.54871844724863,42.405019025811825,92.08087630692734,37.83017348221582
DFL-MAT-J041WT,0,False,78950,49.76701683061085,48.15327345166691,50.69288932722459,50.54906381167332
DFL-MAT-J041WT,0,False,154660,58.93206520848978,65.48156246157508,49.710201088842275,66.91637308933005
DFL-MAT-J041WT,0,False,141485,74.77681705076185,89.25034035301826,66.84669313857344,78.16510924421449
DFL-MAT-J041WT,0,False,109485,193.9359703495009,194.14638473509734,179.04484148667203,189.94783237108066
DFL-MAT-J041WT,0,False,163985,52.98888295733066,30.14448854867371,47.73978956174425,47.67681093999378
DFL-MAT-J041WT,0,False,169260,27.440020999033194,17.46902055431001,27.05820768289558,24.481205300462875
DFL-MAT-J041WT,0,False,11875,37.55098689911972,39.21307352586763,40.41793051239108,33.53624083168518
DFL-MAT-J041WT,0,False,69925,74.4717208423276,101.00670500157628,75.26448167346665,91.45923506874485
DFL-MAT-J041WT,0,False,76175,72.03984241481095,38.59005142313185,53.80542664751079,20.564816036827118
DFL-MAT-J041WT,0,False,103085,48.46937896181763,45.216000303424515,47.857589350768585,43.42751466600521
DFL-MAT-J041WT,0,False,21675,96.48128705642864,100.0374757567325,93.9061667287793,106.45835942008138
DFL-MAT-J041WT,0,False,60000,112.70621048400875,112.46997849500359,112.3714656846808,112.10271739279275
DFL-MAT-J041WT,0,False,124610,155.21431594046666,159.22944763123854,157.58304722705978,154.01552640812582
DFL-MAT-J041WT,0,False,53200,116.11805898400411,133.3766128891989,101.39436700197294,119.41134896804347
DFL-MAT-J041WT,0,False,19325,46.780853303121816,113.01260653749792,39.95511631947734,81.08350995759028
DFL-MAT-J041WT,0,False,70425,56.864109777541806,37.92965470428722,89.12512057389438,66.80468602463269
DFL-MAT-J041WT,0,False,80850,48.75540458125141,37.982893173653785,43.62268730119646,45.28231247205042
DFL-MAT-J041WT,0,False,73025,83.53857519810123,68.29155759907256,64.83303383843842,65.17652375029785
DFL-MAT-J041WT,0,False,150635,71.11996227149189,92.0452433282146,109.81423485533509,71.91991411207056
DFL-MAT-J041WT,0,False,75100,202.6614743720172,136.60036185458253,154.21935867824496,131.7311058487893
DFL-MAT-J041WT,0,False,70275,168.23031979323997,104.97347480368047,181.40124248146154,105.15558289329758
DFL-MAT-J041WT,0,False,121710,93.17118162398461,67.72905035272389,91.47471145311214,53.13391901380065
DFL-MAT-J041WT,0,False,110510,190.66958198620176,108.2589365405155,143.08083786447187,111.91837804973298
DFL-MAT-J041WT,0,False,77900,136.7494433276295,113.47344126909215,133.4230286281286,109.88416187719079
DFL-MAT-J041WT,0,False,154760,13.657260348130176,14.173923892199927,11.692511182625298,8.481384972690316
DFL-MAT-J041WT,0,False,46350,107.21482933363812,73.95041551746684,116.72406801581481,74.43992774402138
DFL-MAT-J041WT,0,False,32125,56.05091544607232,45.91951321022413,45.682477206509894,43.78169682859399
DFL-MAT-J041WT,0,False,68250,85.37837900734537,140.23609740230128,83.8457627161342,135.38333035833503
DFL-MAT-J041WT,0,False,39900,104.21677237477047,144.1136969016518,97.3343841263543,139.54462468378162
DFL-MAT-J041WT,0,False,129585,126.95796376854133,121.18801074214579,121.62659842624673,123.97846654551525
DFL-MAT-J041WT,0,False,38700,145.82519786746818,146.00088609854174,157.3402305246467,110.57744035089652
DFL-MAT-J041WT,0,False,76000,19.151955333948635,16.966876754685465,21.420915734965124,17.387035198783003
DFL-MAT-J041WT,0,False,166210,161.89777982622533,176.5878668395085,184.90459755965057,158.72424608721172
DFL-MAT-J041WT,0,False,164985,148.10153567444573,156.70648860392367,126.26175569552456,149.18168571068827
DFL-MAT-J041WT,0,False,66625,35.52731207474044,22.085908545877473,25.586498134793885,18.88136320856983
DFL-MAT-J041WT,0,False,51700,61.553090318030726,75.65981242810949,72.9066193184319,132.77121607468248
DFL-MAT-J041WT,0,False,35675,169.1275942854165,100.51241192761259,137.74934695472447,87.22172836849482
DFL-MAT-J041WT,0,False,48925,51.817081782391334,135.97961526331832,59.14257881638455,131.08810206566378
DFL-MAT-J041WT,0,False,162035,53.85269606050666,57.9092795359822,42.576390846001374,40.7657337098088
DFL-MAT-J041WT,0,False,138860,57.71039612612445,47.286728998437425,58.11390422346342,52.87645431603561
DFL-MAT-J041WT,0,False,102685,78.10591035042604,63.07220256583563,83.73694797185519,72.52252054018743
DFL-MAT-J041WT,0,False,117410,55.05075690510807,41.03997666167527,53.30262545164199,38.99345250415425
DFL-MAT-J041WT,0,False,24950,64.08966272358974,54.69909177243333,63.325074332472155,56.7715396753693
DFL-MAT-J041WT,0,False,60100,93.85049050397505,99.3384585303108,98.86645112019778,108.26402761555222
DFL-MAT-J041WT,0,False,139785,106.84081774675464,109.83744141984684,84.0562818692489,103.89490105058815
DFL-MAT-J041WT,0,False,45450,101.87006898079575,94.8297487480516,121.61914209203776,106.18033781103391
DFL-MAT-J041WT,0,False,150860,86.3000646755923,41.44713238972275,90.61036173731141,47.65414681699501
DFL-MAT-J041WT,0,False,62450,41.301113718018456,36.202824119343866,43.196022886275614,35.01051077251835
DFL-MAT-J041WT,0,False,167585,129.06054014551333,114.7393132047345,128.67320518620943,118.5300088059713
DFL-MAT-J041WT,0,False,52825,127.50897701960402,96.94175238980439,138.15810828429483,85.07774959027478
DFL-MAT-J041WT,0,False,68400,109.10055144988821,102.87640268273223,65.67764603402918,102.51142340172642
DFL-MAT-J041WT,0,False,141610,97.28989294170836,93.31685353619488,94.28050611037733,93.41233500786117
DFL-MAT-J041WT,0,False,56625,73.13440609468047,73.47581890128703,83.28448411074669,71.96162143191326
DFL-MAT-J041WT,0,False,114910,169.66783682276306,88.3455107363345,148.13259755505496,99.98376483737773
DFL-MAT-J041WT,0,False,116760,98.38851329335309,137.4405051073791,59.38937500845643,91.41294213033507
DFL-MAT-J041WT,0,False,153460,48.07409938872091,41.26204849269452,50.66393120817633,40.2875224945662
DFL-MAT-J041WT,0,False,44125,161.91569153203068,93.36747936578404,123.57132409119134,81.17188729626787
DFL-MAT-J041WT,0,False,109535,114.25681216747486,104.23117659998171,137.95626961830433,126.35549748285209
DFL-MAT-J041WT,1,True,122585,71.16821770244998,68.94234487468107,51.60695181095949,44.24275455133528
DFL-MAT-J041WT,1,True,19100,62.2988080448738,47.344787028183966,62.12758587359575,37.71738135591247
DFL-MAT-J041WT,1,True,159060,85.5987711271708,156.36938396109576,94.44506112623033,165.41255581410795
DFL-MAT-J041WT,1,True,15950,126.4202323524108,100.21448337098843,102.79310112648125,97.46700175533324
DFL-MAT-J041WT,1,True,158535,104.29758243397957,82.70675133564637,107.20863220299053,93.56515003251846
DFL-MAT-J041WT,1,True,46475,164.58536439724978,94.87554546440508,160.8555678768471,100.46150854988446
DFL-MAT-J041WT,1,True,125860,175.2307665361413,116.59920512144951,111.85320990157038,65.9059820968624
DFL-MAT-J041WT,1,True,22425,38.37218880026799,64.44501486473202,40.98115201015752,56.22349729097254
DFL-MAT-J041WT,1,True,65475,74.46079268912149,110.70937728644098,99.41858661119636,91.74615148370056
DFL-MAT-J041WT,1,True,116985,204.53771049610205,109.86131175593235,190.171575248163,155.1662409551328
DFL-MAT-J041WT,1,True,14550,99.45091322238171,102.01354203035461,80.48984291309708,71.06691785634668
DFL-MAT-J041WT,1,True,47950,75.69881165744165,90.90896496272072,78.84811965276852,40.64250308105596
DFL-MAT-J041WT,1,True,20750,110.7152160875766,88.09029039898724,124.91413744812806,86.78156696336336
DFL-MAT-J041WT,1,True,77250,86.66021694713872,60.62487137244197,97.65239165602013,57.2369346238177
DFL-MAT-J041WT,1,True,101210,119.16343277475093,141.05834413389096,109.42761177204707,142.4176650591743
DFL-MAT-J041WT,1,True,58600,131.79040554629805,90.27483822973953,114.62217211866327,82.21898325526155
DFL-MAT-J041WT,1,True,165385,67.22885684514121,80.14765373063618,83.09711455069217,80.59270026633449
DFL-MAT-J041WT,1,True,13300,72.21673946485096,125.94917542434351,85.83793354922882,137.59412320516765
DFL-MAT-J041WT,1,True,142585,143.63421313122205,82.31516115483409,153.0003449936438,121.13156955216216
DFL-MAT-J041WT,1,True,30450,150.03218167085893,127.32028919738772,131.615578727736,80.57853191071423
DFL-MAT-J041WT,1,True,172085,73.45537925868395,41.045046201550186,77.23987056601204,72.22601990656484
DFL-MAT-J041WT,1,True,18850,51.4466707165431,35.906519624517884,40.40812045620191,27.96479674346397
DFL-MAT-J041WT,1,True,171960,111.92796873106903,134.10562637014033,118.75665520076608,131.16213711229128
DFL-MAT-J041WT,1,True,133110,40.118716375126084,35.23433738788359,53.12957087416383,44.75955342230107
DFL-MAT-J041WT,1,True,73950,88.96498675653905,139.00986544827236,108.8772924114543,109.48149837154075
DFL-MAT-J041WT,1,True,163835,61.39868049245175,147.52743134084395,105.7781497331887,101.72470574585026
DFL-MAT-J041WT,1,True,18950,126.00620629800474,86.84830788297414,122.58961002289853,81.81760432198942
DFL-MAT-J041WT,1,True,17600,20.83943804584979,24.58807051306661,14.127253377207305,11.048292626423002
DFL-MAT-J041WT,1,True,18600,110.63090166879118,75.17410758293349,120.72278966659805,60.13585294787007
DFL-MAT-J041WT,1,True,158335,55.08162873819986,47.605015435045686,57.734398953423394,46.47826659106215
DFL-MAT-J041WT,1,True,110860,68.4539478613034,87.15978122631381,74.47209417024207,69.3356582695238
DFL-MAT-J041WT,1,True,167335,119.41546519912971,132.70974339589296,109.18797296895342,63.912532748032994
DFL-MAT-J041WT,1,True,138235,118.73077936022908,103.98266765661579,98.98084853401284,61.08092262739856
DFL-MAT-J041WT,1,True,43125,86.46123703412586,43.66402167633972,113.87706704639444,101.4431329163617
DFL-MAT-J041WT,1,True,146435,46.93743961296012,16.036880832249793,44.213139463329874,22.021623905177805
DFL-MAT-J041WT,1,True,33300,85.24111788484203,115.4176957685865,97.62576531318585,124.0953767664819
DFL-MAT-J041WT,1,True,21900,43.91036309653235,39.14262357578568,40.370065349095206,44.597312303717345
DFL-MAT-J041WT,1,True,125660,73.39784851259596,87.85421554191738,66.70536215971248,97.9549027415713
DFL-MAT-J041WT,1,True,165710,33.893784877788775,51.642545189015905,33.154428442309204,55.36134684854643
DFL-MAT-J041WT,1,True,170285,67.08452102496477,67.47971908896417,59.45292082203127,55.52439292984753
DFL-MAT-J041WT,1,True,111660,67.93123348019421,66.4961359670354,72.70161479351881,68.20440037497085
DFL-MAT-J041WT,1,True,140360,62.34704447093256,86.12865361308435,31.780516606231465,60.491526203409244
DFL-MAT-J041WT,1,True,30675,97.41600820516216,93.42912953512324,92.39899825355285,94.54347149751031
DFL-MAT-J041WT,1,True,133385,122.75389735925906,90.76735335499576,85.51661810244674,78.3574345017585
DFL-MAT-J041WT,1,True,77625,91.93688612496928,85.31162599474854,72.42147003666166,88.99800453320037
DFL-MAT-J041WT,1,True,104760,104.83021884342584,88.78255997801939,49.332441149887266,40.611738877429964
DFL-MAT-J041WT,1,True,151610,41.45413687320566,67.53483404141073,47.56764921563426,65.9432046682038
DFL-MAT-J041WT,1,True,56975,83.76648757771144,94.91028336905745,84.70944121728982,79.95644121301798
DFL-MAT-J041WT,1,True,105935,118.97714564141855,92.26477307563944,123.46908721352251,108.53323973026728
DFL-MAT-J041WT,1,True,58325,124.09240769372926,82.9998232841181,87.89614465218544,81.4246961482264
DFL-MAT-J041WT,1,True,23750,134.59190413990393,125.78505798805857,165.0370442516242,165.783786834838
DFL-MAT-J041WT,1,True,138685,38.4973980069039,79.12454783184576,38.05196872334026,76.87943748718678
DFL-MAT-J041WT,1,True,166935,36.873897855451744,31.52805041868933,36.024270985816976,28.55219327502369
DFL-MAT-J041WT,1,True,31725,54.17615512695802,146.02994500360265,56.83916352478025,145.2431554044659
DFL-MAT-J041WT,1,True,58350,110.99885078171782,77.57657183516619,139.49405843237514,88.96028179395562
DFL-MAT-J041WT,1,True,14125,47.63055705706398,44.92693913844829,57.79817893590486,38.71413937345858
DFL-MAT-J041WT,1,True,101535,66.31962202946247,64.52592968469227,67.91980381431694,67.5404568969916
DFL-MAT-J041WT,1,True,170410,123.00612203899372,110.35007363459039,119.86049452629526,109.59714968611438
DFL-MAT-J041WT,1,True,26825,109.69701123091338,130.98588611324928,116.92332475987922,135.03464993901272
DFL-MAT-J041WT,1,True,138435,131.54128700819308,98.42255342404336,125.87115847831294,89.85039634410892
DFL-MAT-J041X5,0,True,108854,85.00437110642413,135.30801861391492,87.55109884476579,132.80963259489002
DFL-MAT-J041X5,0,True,113154,137.18092312142474,89.92044452795841,155.57831016260596,94.81108494945121
DFL-MAT-J041X5,0,True,172054,66.54295091558068,64.33245099327813,46.44776495623052,45.48147493485858
DFL-MAT-J041X5,0,True,80075,177.23131805076645,106.28305268316605,178.53794342229773,109.0660673847335
DFL-MAT-J041X5,0,True,41375,66.20936333607945,86.16992396774431,77.47857414071768,65.0604227545627
DFL-MAT-J041X5,0,True,159429,79.93588532092987,91.95889052799647,58.284150180665485,46.58519493784656
DFL-MAT-J041X5,0,True,59225,115.17045166525153,85.4453493204576,111.26338777212219,81.96647106169195
DFL-MAT-J041X5,0,True,104729,73.22039884410768,157.79686678561427,56.93111964874327,133.19627364760447
DFL-MAT-J041X5,0,True,17000,103.06892676031802,80.57414244518134,104.96919198034435,66.50584275783159
DFL-MAT-J041X5,0,True,33200,36.638814591725655,126.51554640523734,23.225216283162055,124.64403960638265
DFL-MAT-J041X5,0,True,74450,57.599072116799896,38.72630365425647,37.11757359785793,53.61657092306099
DFL-MAT-J041X5,0,True,73100,57.946990758404176,110.11709955647972,83.65896498362353,87.81929269748471
DFL-MAT-J041X5,0,True,172229,25.901754541368998,21.588160433610476,22.85781418529499,24.39174040597343
DFL-MAT-J041X5,0,True,19900,113.14599556169391,92.22573017728824,124.20127215572813,115.65733187519899
DFL-MAT-J041X5,0,True,52200,52.54826568822201,38.01926515867187,57.36676288277758,39.28771959065408
DFL-MAT-J041X5,0,True,156279,93.23107368960312,103.43203395377022,104.21518165325985,81.55197228972442
DFL-MAT-J041X5,0,True,124179,45.86082861151863,27.60029042013289,32.77957106586135,29.611514474887535
DFL-MAT-J041X5,0,True,155929,136.44207974702297,84.48112300155545,115.1612471790532,78.4281991734598
DFL-MAT-J041X5,0,True,65775,149.37446364241708,96.17026082975917,140.24534681292997,68.96444322369567
DFL-MAT-J041X5,0,True,15200,62.99029582188915,167.38171273097956,71.27022300235092,144.60219644307486
DFL-MAT-J041X5,0,True,164079,75.08618192599928,92.67337367855436,67.8960915991846,83.47426361125187
DFL-MAT-J041X5,0,True,167954,42.24748486722783,89.97955861736976,42.25010675067817,79.24686355818183
DFL-MAT-J041X5,0,True,116954,42.042054502057766,99.74228004716328,51.15608749864207,80.458782717802
DFL-MAT-J041X5,0,True,171954,21.709620081274185,28.484665400175196,17.005929222715647,29.2289294348292
DFL-MAT-J041X5,0,True,124454,168.78177425156258,98.23828172710547,157.0547207929253,102.72601380689201
DFL-MAT-J041X5,0,True,39475,68.60050511783614,78.92544982658532,77.7469024843572,69.26498667690358
DFL-MAT-J041X5,0,True,122079,40.40544163690106,27.75272552082364,50.108712530330074,37.29719596483804
DFL-MAT-J041X5,0,True,168079,65.31832800074778,55.025500588235474,63.84728991787987,54.313446923449426
DFL-MAT-J041X5,0,True,148129,166.53406682664172,179.22539846934498,178.49532515946393,173.95872530846802
DFL-MAT-J041X5,0,True,37900,71.31573595216075,63.489868933871314,78.50795014798908,78.10430766291739
DFL-MAT-J041X5,0,True,159054,129.35696498644623,126.24353928686598,101.66267299845332,95.39321104383824
DFL-MAT-J041X5,0,True,172004,22.229385840631718,18.254865288650223,12.538389309859427,7.542002955793735
DFL-MAT-J041X5,0,True,10500,171.060953818427,80.11129552830883,157.9153787875225,86.58664654629092
DFL-MAT-J041X5,0,True,154404,86.59485711198337,79.3566522759001,94.36592201797828,85.7847571070316
DFL-MAT-J041X5,0,True,155454,227.50491543951958,176.1333713250856,166.08454860747568,126.7005152623916
DFL-MAT-J041X5,0,True,109754,89.73849817040978,88.62811680319997,83.65003870690215,87.27129976482921
DFL-MAT-J041X5,0,True,145429,96.13905520332615,37.626735084029505,98.00010455000759,37.50834827049922
DFL-MAT-J041X5,0,True,158929,35.572693076673914,22.722224432703342,27.668548278494423,16.355814306665653
DFL-MAT-J041X5,0,True,23875,95.02127299545883,101.8770093308661,110.5379098057964,100.8240123957831
DFL-MAT-J041X5,0,True,144654,45.730992894840604,40.473167914148675,33.826793699591285,32.86646445998439
DFL-MAT-J041X5,0,True,14175,36.64090386935791,37.961699233224614,47.263832062855606,33.29251415232523
DFL-MAT-J041X5,0,True,168129,83.06400693536634,79.00770002112554,78.88198996624995,83.90859795230591
DFL-MAT-J041X5,0,True,108254,60.53534140348305,99.47681341977861,79.16007916504599,91.69890318870135
DFL-MAT-J041X5,0,True,80375,26.62563959974286,21.81558361084394,25.775274603906805,18.90155039458527
DFL-MAT-J041X5,0,True,130979,152.92414932624544,103.40740371541453,134.21292273059495,71.93768553213177
DFL-MAT-J041X5,0,True,34850,240.56492805796756,112.05274755061345,262.56925092477866,119.68506143128182
DFL-MAT-J041X5,0,True,19375,83.34906595109584,93.88948670958744,96.6278177408903,92.62167331768151
DFL-MAT-J041X5,0,True,63975,134.33714770659816,128.28582924876267,119.4927446645062,144.16673174816066
DFL-MAT-J041X5,0,True,48925,131.40281696814458,85.72890655361785,96.0851774338023,111.23103660686887
DFL-MAT-J041X5,0,True,58900,64.56044753301147,32.021759163476275,51.22465422724009,41.53471088689901
DFL-MAT-J041X5,0,True,108954,135.09305468156518,123.15790186058776,137.2351787599825,131.8026427545036
DFL-MAT-J041X5,0,True,167404,99.73079387217778,114.51424180709954,94.85370362191337,86.0096069223771
DFL-MAT-J041X5,0,True,75725,134.2744145409764,122.55813071539563,117.27037839433419,104.76279135066464
DFL-MAT-J041X5,0,True,10600,141.66862777750208,55.32629209628934,131.86507102603088,82.11212403536639
DFL-MAT-J041X5,0,True,175329,72.76587892157315,39.41094237738505,78.17789936302168,48.575614045494014
DFL-MAT-J041X5,0,True,155254,49.99452520312356,17.83743146341551,46.773468441421926,25.338102394457614
DFL-MAT-J041X5,0,True,165704,141.39345610107546,91.61335370642588,156.30650233903367,87.53720689784771
DFL-MAT-J041X5,0,True,165504,122.89316001293207,100.62662797490623,62.02044410108147,81.03352523273466
DFL-MAT-J041X5,0,True,48650,101.39022113397455,63.57030184209543,111.66414701908032,64.82244477809648
DFL-MAT-J041X5,0,True,174004,78.71680666029322,59.04911102040695,77.48532794406627,61.235935028208594
DFL-MAT-J041X5,1,False,22300,74.56198039879207,82.46268814098518,66.95077815213692,80.72781984147944
DFL-MAT-J041X5,1,False,142354,108.49974102608395,173.5928641802489,140.20112023775542,167.36127001677582
DFL-MAT-J041X5,1,False,11700,207.76059411379927,174.41564736625142,192.37936687215014,155.0273454440756
DFL-MAT-J041X5,1,False,171704,58.43037354917431,54.40576239464232,73.21648732774138,70.88551241842593
DFL-MAT-J041X5,1,False,35200,119.63255096376304,189.23150732103656,114.86718307127808,172.68893210167874
DFL-MAT-J041X5,1,False,130379,104.65047587536606,76.75121170714992,110.47987828213374,61.77459703609177
DFL-MAT-J041X5,1,False,101329,130.50825820443197,112.54355408008863,131.64883693991308,113.08688718805286
DFL-MAT-J041X5,1,False,76275,67.61544540756877,53.274528469863355,60.80804364176732,49.54727282041217
DFL-MAT-J041X5,1,False,60200,124.4555361407951,139.51578846167178,141.35014418018292,160.32074147414153
DFL-MAT-J041X5,1,False,157804,102.74201694988693,114.63205601014238,58.02883883924149,60.3219336760028
DFL-MAT-J041X5,1,False,159604,128.839439420691,138.76656567222017,92.91057471852041,180.34261246237207
DFL-MAT-J041X5,1,False,164829,134.22887626819536,116.58407842416888,116.62320808051248,95.30360334995648
DFL-MAT-J041X5,1,False,106154,145.07049127188404,137.51872796527917,169.49759337059493,146.34685114114467
DFL-MAT-J041X5,1,False,162429,169.07493389634516,151.40588162258337,175.5503660301191,156.4925955184598
DFL-MAT-J041X5,1,False,46750,125.84873174901425,104.01454860319866,118.01405488315568,97.81332572670668
DFL-MAT-J041X5,1,False,63600,146.38360032925863,149.3814032583522,97.7185753229444,138.5791404684191
DFL-MAT-J041X5,1,False,100829,115.99008315032354,143.14461372766243,105.27427741236961,126.12714308018725
DFL-MAT-J041X5,1,False,151954,162.3218806024684,144.6959759469052,153.99498258841692,94.27859753180655
DFL-MAT-J041X5,1,False,107429,85.87025868169945,89.50714991102437,66.80715678096354,100.95675966249559
DFL-MAT-J041X5,1,False,167829,166.56889448470514,138.2068752868363,147.6539964608504,143.54961106123991
DFL-MAT-J041X5,1,False,64900,139.52665582723068,158.47221677100296,94.82900244779286,124.70370077713139
DFL-MAT-J041X5,1,False,171204,79.71883265502073,56.97737437856065,74.5426617447915,54.8384085371031
DFL-MAT-J041X5,1,False,52100,78.40321570330596,79.86978395393167,80.72310569699276,94.15392107380889
DFL-MAT-J041X5,1,False,110479,54.35861129103221,35.067676293603505,61.64297623386516,33.4142028828112
DFL-MAT-J041X5,1,False,39325,167.3001622867007,118.99215926936839,146.49471093090443,90.80601333792742
DFL-MAT-J041X5,1,False,163729,114.03331315500012,103.52000015536811,105.69180248688177,87.09342994628412
DFL-MAT-J041X5,1,False,147129,36.21621130523421,39.52672272873962,37.691114087641274,38.716674025948166
DFL-MAT-J041X5,1,False,161604,114.86039772997752,118.19201994439962,146.30781660900695,77.372217528172
DFL-MAT-J041X5,1,False,149504,62.410131985577046,67.89393100852071,60.462154040868874,67.13571192948835
DFL-MAT-J041X5,1,False,109654,129.70959681309623,103.04611974846301,140.92446643852458,111.57260720095302
DFL-MAT-J041X5,1,False,71425,91.22262163034306,119.69834213634498,105.12239845364432,114.9644717745315
DFL-MAT-J041X5,1,False,111979,149.37048555505478,166.52876247194433,129.51098660542164,143.05513529908146
DFL-MAT-J041X5,1,False,135279,70.86902435615073,94.72375378371123,80.65207976020774,96.79033469263463
DFL-MAT-J041X5,1,False,132404,52.298913985561136,44.51786985592602,44.16671437415121,42.70750261086621
DFL-MAT-J041X5,1,False,29375,134.55530451419946,127.36270347753513,147.89622928460773,118.73893404314356
DFL-MAT-J041X5,1,False,66600,106.13103474625395,118.05955740876246,90.56029565919944,123.8313474060735
DFL-MAT-J041X5,1,False,123454,168.52993994879955,153.6998635609839,179.065156630807,150.64789826613168
DFL-MAT-J041X5,1,False,18050,76.96523469105925,134.53038854955508,73.60388837682306,102.25060681150475
DFL-MAT-J041X5,1,False,27325,146.87251215965196,104.17879216873206,177.64097035973455,82.68113027465688
DFL-MAT-J041X5,1,False,152304,48.960547075969394,50.6322984869755,50.95318386680138,53.49505253962937
DFL-MAT-J041X5,1,False,40375,47.92022149885932,39.81402465176265,43.41967946641873,40.57951782614064
DFL-MAT-J041X5,1,False,162929,42.49998305449288,27.092954985804482,39.00598674894463,23.619224654578392
DFL-MAT-J041X5,1,False,162654,41.61882507459552,35.60453945631133,47.66036242118057,31.792568387194862
DFL-MAT-J041X5,1,False,20550,96.87145703873198,75.7454141983974,86.27887208085245,73.71994575403878
DFL-MAT-J041X5,1,False,68750,67.25625059242988,35.50637450605665,72.64301831818321,35.365389937430876
DFL-MAT-J041X5,1,False,44275,59.872030311322014,24.23717827105318,59.44777075610141,29.969528106000535
DFL-MAT-J041X5,1,False,137629,95.88204798621962,126.82988547208491,64.73708636429768,92.03080303352152
DFL-MAT-J041X5,1,False,147079,56.5073626064344,50.21115379561592,57.47179001827687,55.908933174816
DFL-MAT-J041X5,1,False,49075,67.33794591004587,40.62971966678505,66.03130731416474,57.70795849286441
DFL-MAT-J041X5,1,False,114554,70.3151298083905,54.54746997995108,76.1079797210192,61.05191299056623
DFL-MAT-J041X5,1,False,22950,158.78063079265036,130.32023208956585,118.21932890992773,101.91950418074467
DFL-MAT-J041X5,1,False,21725,49.30540683705538,97.3897277002278,53.213088872998654,96.13832042831659
DFL-MAT-J041X5,1,False,42900,147.58466824653016,120.72788135028006,148.61292276049005,138.81612729579817
DFL-MAT-J041X5,1,False,35050,159.5445194340274,112.60934447786663,139.7869377968249,98.1959597578779
DFL-MAT-J041X5,1,False,32225,152.74002326252128,156.50683032312716,157.3792728423895,142.2560386514382
DFL-MAT-J041X5,1,False,76425,54.26004130754765,44.16135413894384,57.932206624270194,46.49548828788099
DFL-MAT-J041X5,1,False,140129,119.68686316726796,219.08283483587036,89.57421077273871,219.8889924406305
DFL-MAT-J041X5,1,False,30825,124.15690017638626,111.19232254366648,115.99691068672003,116.47593724223377
DFL-MAT-J041X5,1,False,67900,120.89990093587129,134.90576296882034,132.90701525932803,149.80949619330394
DFL-MAT-J041X5,1,False,18525,119.43350464104286,134.90150527184204,137.33419809672463,128.322699062408
DFL-MAT-J041XE,0,True,115048,47.73669701871244,43.48755512121477,52.580305641465365,50.8928185591109
DFL-MAT-J041XE,0,True,174573,40.95009836690582,41.60040230769944,33.73213147223463,38.98217421167296
DFL-MAT-J041XE,0,True,44775,86.52667464946279,75.62943456023132,55.71262220757513,43.47202528695908
DFL-MAT-J041XE,0,True,35225,36.0007964311026,24.735614492490143,29.413200114770348,33.168161766941985
DFL-MAT-J041XE,0,True,18400,28.701296614249994,26.717631877079924,31.43472512111406,24.286089545572867
DFL-MAT-J041XE,0,True,116723,163.93474870077162,108.30306638609511,100.74017137951853,92.48168767416387
DFL-MAT-J041XE,0,True,43800,131.70299864013893,133.46965766924103,81.2517903839648,94.20104733133826
DFL-MAT-J041XE,0,True,168823,145.64307063094336,129.2202302193747,138.89180847614574,128.25171365460707
DFL-MAT-J041XE,0,True,35050,35.03147130929534,32.73074046158787,37.061362193374116,31.041212171726603
DFL-MAT-J041XE,0,True,139773,12.566023197751427,12.57189292639905,16.864729904050776,18.11580006112267
DFL-MAT-J041XE,0,True,131098,110.65765437204571,108.9453346377397,102.51634417264245,96.64200623390269
DFL-MAT-J041XE,0,True,159223,60.529352788083735,72.74537542526146,56.351215759245534,61.82761759809193
DFL-MAT-J041XE,0,True,128548,75.82458398840383,143.45925479021096,91.3261120841347,135.20788998076708
DFL-MAT-J041XE,0,True,44875,95.85675847347086,91.19821687101602,85.88071321989023,61.5671836776226
DFL-MAT-J041XE,0,True,172398,101.14372736823292,66.19026171267431,89.96934966386512,82.08449490823271
DFL-MAT-J041XE,0,True,22975,56.53958601718927,45.50911723229779,58.072897529136895,52.37862225847893
DFL-MAT-J041XE,0,True,158648,24.81516239785706,54.50166310811009,29.195126692208788,54.403766230733495
DFL-MAT-J041XE,0,True,30425,154.92822665543383,105.66548565751896,164.48727716411403,99.27257359580219
DFL-MAT-J041XE,0,True,131648,59.86437952520951,81.30695687862185,83.05460983003277,86.25451415620681
DFL-MAT-J041XE,0,True,152373,62.622764457727484,85.53661914144095,60.22278227271741,87.0271399536154
DFL-MAT-J041XE,0,True,131573,42.19961792100066,72.96198322754506,41.43472935736816,53.262157716118956
DFL-MAT-J041XE,0,True,101673,43.640292378200265,56.72786891803978,54.15835179689032,53.220389894459515
DFL-MAT-J041XE,0,True,55300,50.01417874210029,52.1707864244623,41.43131508326592,62.35578376517173
DFL-MAT-J041XE,0,True,163198,50.575874868370434,60.97577662272128,50.16980051167425,58.63081890833637
DFL-MAT-J041XE,0,True,161948,82.17691912611117,44.538071968042814,90.37152440572356,54.874218416130574
DFL-MAT-J041XE,0,True,119023,76.63292102842586,103.65816796574016,61.19419876534311,85.24836947828685
DFL-MAT-J041XE,0,True,20150,89.93820961225123,78.92804774997305,77.51217097143325,71.83643955383268
DFL-MAT-J041XE,0,True,50950,61.119389229465234,63.84032387773119,59.68062531597071,63.904283840305
DFL-MAT-J041XE,0,True,52350,36.470007411790704,66.31252389126428,40.067733051951066,66.777107110466
DFL-MAT-J041XE,0,True,45775,92.0056126751643,69.65903588749217,101.46702671113418,74.69862633509486
DFL-MAT-J041XE,0,True,101573,62.86463517048739,56.58717401344177,56.72178015163521,83.57471288477932
DFL-MAT-J041XE,0,True,119048,143.46139951055326,67.17737541489502,100.61185302969322,66.7760680445341
DFL-MAT-J041XE,0,True,69300,111.1891214173683,95.09645030150524,97.59452223731522,86.56882486304531
DFL-MAT-J041XE,0,True,119548,30.291391440175374,38.03694429165803,28.93195293990249,35.614835433772384
DFL-MAT-J041XE,0,True,34725,53.917187216975194,63.947203625697654,58.070091656854956,70.32473885864907
DFL-MAT-J041XE,0,True,49275,43.56772412822939,46.958889163821375,46.46755336837802,53.233401602304504
DFL-MAT-J041XE,0,True,66050,79.13901155217421,31.977388893832092,67.43903120274118,36.174584474692715
DFL-MAT-J041XE,0,True,176648,122.44584256056764,93.26856386402369,142.9060110650969,104.84898441871279
DFL-MAT-J041XE,0,True,32625,57.42993157790176,72.07207589300958,60.795340591109294,72.08148330465316
DFL-MAT-J041XE,0,True,114823,69.97052494686291,45.729778427650125,65.43450535137562,44.64967653854623
DFL-MAT-J041XE,0,True,128598,121.81333184118972,86.81857172260167,107.06161500924522,88.2914504751022
DFL-MAT-J041XE,0,True,44025,187.74296776245623,119.37932536226589,167.81013505254134,111.93958591259516
DFL-MAT-J041XE,0,True,79425,94.59899190738592,88.66083975323221,89.89147639759041,81.36118242133064
DFL-MAT-J041XE,0,True,124273,29.82630718759174,33.79061005617331,17.575142384695074,28.74753690102249
DFL-MAT-J041XE,0,True,177123,103.92732657768562,160.60479104127523,102.09009170263253,172.7649725511559
DFL-MAT-J041XE,0,True,125723,56.08701958387789,37.150767664936375,54.16788681240837,36.21896426798537
DFL-MAT-J041XE,0,True,48250,127.08196162209298,136.39535295580004,148.74287307556287,139.00024159022377
DFL-MAT-J041XE,0,True,24525,100.32980672883289,92.08535351111563,92.72860446965257,91.50157022958989
DFL-MAT-J041XE,0,True,174273,94.30270862737243,89.8046026012619,93.57924261333707,94.45151152277819
DFL-MAT-J041XE,0,True,176423,148.50455611272693,125.16594489724473,155.64357522447327,125.8453565002865
DFL-MAT-J041XE,0,True,18025,39.098429970046745,42.84880491192372,39.15264287106565,28.714301650364813
DFL-MAT-J041XE,0,True,110198,142.3786081892328,126.10689033360923,115.213686388079,117.05327724156231
DFL-MAT-J041XE,0,True,66300,83.88973714502409,75.82106558778176,83.65509987431888,75.65618283595575
DFL-MAT-J041XE,0,True,160098,53.04434680009538,46.8981328480394,61.465354392977474,66.50912982673894
DFL-MAT-J041XE,0,True,157473,57.74592885407685,48.559409017121794,66.06470667758067,56.396836557306685
DFL-MAT-J041XE,0,True,73125,152.8864465226595,103.58357289711769,148.0687065779741,107.12111262848914
DFL-MAT-J041XE,0,True,169773,92.41101033754926,67.12129235585992,103.87598785520109,59.920596840816565
DFL-MAT-J041XE,0,True,163348,34.12080046686296,31.207263961877786,24.208193588421036,35.25052349304709
DFL-MAT-J041XE,0,True,28700,201.06199030719665,146.06537171138615,164.66911769846791,108.27705249922947
DFL-MAT-J041XE,0,True,167398,72.7480216891217,74.55909018825291,58.808371653831244,72.63110509937854
DFL-MAT-J041XE,1,False,37100,136.6462508466642,86.64465763501633,119.74699197098909,93.0297619756671
DFL-MAT-J041XE,1,False,73250,42.15492713966139,42.266675692050505,69.48441309793904,67.80952729792163
DFL-MAT-J041XE,1,False,60975,124.97232209763149,119.87906906166518,138.16537129803717,120.93680288483398
DFL-MAT-J041XE,1,False,122373,126.66026706742342,81.62683406608274,67.45452909745157,51.25458493981825
DFL-MAT-J041XE,1,False,63225,44.698691808805975,31.54943422234155,32.05328276860723,32.26457983994705
DFL-MAT-J041XE,1,False,153948,98.85985464859196,72.69729070879617,104.99661700714154,75.66908282357576
DFL-MAT-J041XE,1,False,100398,92.2282647175348,33.055463400236576,106.20634937829057,78.76709564307936
DFL-MAT-J041XE,1,False,143298,29.1626264053668,27.960866627133587,28.165299807839236,27.00132051459235
DFL-MAT-J041XE,1,False,138773,53.92694393246823,46.09739310579063,51.30146817654276,45.33370240267056
DFL-MAT-J041XE,1,False,167048,107.40598175117408,95.47776826025537,42.834727009574166,88.11782421616509
DFL-MAT-J041XE,1,False,113373,24.96200347101886,24.043575025891638,23.66607059357589,21.765005143256534
DFL-MAT-J041XE,1,False,147798,97.37928565743975,112.2991807169549,69.2550558195805,77.79794026562519
DFL-MAT-J041XE,1,False,127473,49.846270040203116,54.11566718302032,45.84773931414473,54.785640698077536
DFL-MAT-J041XE,1,False,69950,135.13245644247087,104.45561062328362,81.44315154297242,74.77525612589534
DFL-MAT-J041XE,1,False,17175,202.86630491393558,112.76640211308313,153.53759041438897,106.54119179143598
DFL-MAT-J041XE,1,False,108523,80.72070295042067,85.43705567138043,83.04420980378504,89.75300208499053
DFL-MAT-J041XE,1,False,47725,102.63628859471886,50.1453056267436,105.31155489384138,59.35731100254754
DFL-MAT-J041XE,1,False,25250,36.189003375812455,43.727476104413086,30.543101381375784,30.02606743206268
DFL-MAT-J041XE,1,False,151648,132.49015097664054,80.03888055536324,86.83492117424078,70.74217407238426
DFL-MAT-J041XE,1,False,25050,46.03633094691586,30.38018441004328,52.373471766313116,37.3694261364386
DFL-MAT-J041XE,1,False,72725,75.8476561677148,69.7059156472661,71.11403095764668,76.22262671826878
DFL-MAT-J041XE,1,False,136123,70.90762452785599,54.20579129282653,64.31920016137111,50.71947495992532
DFL-MAT-J041XE,1,False,63675,116.65491354355848,90.88925701412848,66.08718451815315,106.35097569913607
DFL-MAT-J041XE,1,False,134723,93.63634535603022,73.64549266933457,94.32365521906983,75.7961193611637
DFL-MAT-J041XE,1,False,113423,25.78155367299326,26.431775425457953,10.221150278491953,25.500359658514515
DFL-MAT-J041XE,1,False,76975,85.50598710689462,45.08064094939891,66.06357165743368,41.78607476020995
DFL-MAT-J041XE,1,False,134748,80.65157903572117,60.38490316974156,89.14875091266008,64.77356993818243
DFL-MAT-J041XE,1,False,77075,122.84008654923949,120.16372943186512,97.28737154312108,88.15170984344876
DFL-MAT-J041XE,1,False,120948,61.391533584893196,54.515094760196874,56.363237272180505,52.679885981835035
DFL-MAT-J041XE,1,False,46950,62.47114344613236,102.7180975372136,113.3387149025946,92.52775017060928
DFL-MAT-J041XE,1,False,154148,72.28522237992449,77.65431670767778,80.11207090741753,83.93929100077375
DFL-MAT-J041XE,1,False,73850,79.89544159457758,61.32339317973327,49.60078482502688,35.97672780924001
DFL-MAT-J041XE,1,False,138823,45.00708530082515,65.98384653579171,52.78390886871674,69.31682412748583
DFL-MAT-J041XE,1,False,117898,60.00958750080628,79.56881222660414,55.53017808159715,70.95993153819178
DFL-MAT-J041XE,1,False,21975,110.00266038632843,60.99886976915872,98.9073884941923,64.29539321825509
DFL-MAT-J041XE,1,False,113498,19.97257318238221,18.697060850290818,25.360093863379486,34.801563214628764
DFL-MAT-J041XE,1,False,68875,137.16013254562634,111.55694775673754,97.31061511256877,70.12458246898223
DFL-MAT-J041XE,1,False,128048,43.93979630302676,40.393180626143895,46.25846363282115,43.0723672254868
DFL-MAT-J041XE,1,False,108423,129.0122073290709,92.58361433000333,117.20355132927669,96.82896511145853
DFL-MAT-J041XE,1,False,137948,44.980913512480434,25.930620048566027,44.469997922503005,30.90518617033827
DFL-MAT-J041XE,1,False,39600,32.9202907786621,56.2803812063138,25.639015961885445,52.014922344665585
DFL-MAT-J041XE,1,False,40425,123.0601681117165,142.6684688163872,140.87250432058403,150.61935353773504
DFL-MAT-J041XE,1,False,61325,138.71973387268875,129.62370157068787,133.66515745600577,125.37179345618956
DFL-MAT-J041XE,1,False,26700,178.1952005231164,98.0784181757456,183.48803679710463,102.91843861336682
DFL-MAT-J041XE,1,False,15950,94.98380428726048,95.18845681806349,77.92084226716639,90.21999619793058
DFL-MAT-J041XE,1,False,68800,39.447389891725386,35.86828278771684,39.18603984931528,34.94572936154252
DFL-MAT-J041XE,1,False,141723,51.27760752772615,51.05720484451082,75.53365962139235,69.85011872456678
DFL-MAT-J041XE,1,False,78575,49.404404276693526,59.06671466797882,57.2876154709022,64.01226829348172
DFL-MAT-J041XE,1,False,63150,22.285987806649878,37.675665864698765,17.05234620240518,37.22349616788371
DFL-MAT-J041XE,1,False,135573,121.71843507337475,138.42906198255662,126.08913752053215,128.54756001375134
DFL-MAT-J041XE,1,False,128673,233.03662811716492,117.65427721465355,213.12940262547428,99.90072004761448
DFL-MAT-J041XE,1,False,157123,115.82992060129163,121.36523128640565,85.2776027908751,102.83968960353985
DFL-MAT-J041XE,1,False,36475,131.92323840423384,117.3107478493024,107.88091267208269,72.35882655123122
DFL-MAT-J041XE,1,False,72150,174.340031502152,94.41943198675716,189.21548421210065,114.7766952396043
DFL-MAT-J041XE,1,False,54500,74.52299154923493,61.62136951132112,74.95615321916198,62.294497029609225
DFL-MAT-J041XE,1,False,135148,79.9089681123457,77.31889877309004,86.0342032344529,90.17913357597371
DFL-MAT-J041XE,1,False,113873,36.579599698221294,37.79983876420391,50.85208980770244,42.22449412144562
DFL-MAT-J041XE,1,False,143598,27.810284306644334,21.58556679112214,27.34531537936378,20.171041108575956
DFL-MAT-J041XE,1,False,64750,41.4752314634896,32.83399475406215,35.465838949262604,26.82712702944352
DFL-MAT-J041XE,1,False,105198,131.52916751021624,109.15148028242882,97.39007985778973,88.1225772504908
DFL-MAT-J041XN,0,False,139943,112.9124556107428,141.51652447372211,95.88208495867457,122.30741909724496
DFL-MAT-J041XN,0,False,110393,64.42611029977269,44.160499760657345,61.120322012448234,45.09116323590441
DFL-MAT-J041XN,0,False,161918,68.26970691191211,79.88214279796931,57.13264891519781,83.79725711705073
DFL-MAT-J041XN,0,False,174268,85.05188877434342,112.0178917641612,78.4011023581291,94.73429914726172
DFL-MAT-J041XN,0,False,121968,82.09632262292631,41.30814197622704,106.72798741710537,67.25483018609246
DFL-MAT-J041XN,0,False,41875,69.21961021711823,74.07885485229399,67.0847061373379,68.93800189756142
DFL-MAT-J041XN,0,False,104693,122.96616843723817,131.5343991691848,137.965746910756,89.82333464538426
DFL-MAT-J041XN,0,False,165243,44.85976468551524,52.943320185272455,48.851850202511784,50.45919728645124
DFL-MAT-J041XN,0,False,151143,153.8246774567846,120.49609275902039,137.44208727212956,107.10901143063023
DFL-MAT-J041XN,0,False,39950,88.7033994027092,88.5185657549226,124.62307119264383,60.9522030474671
DFL-MAT-J041XN,0,False,158093,91.32454566686674,123.1839954505297,105.63731309945881,151.0615725008015
DFL-MAT-J041XN,0,False,74275,120.73677701806054,169.19332311471024,100.13182906306105,147.5465569973205
DFL-MAT-J041XN,0,False,58350,76.75267152858079,31.471710941388814,83.47969852353422,36.10696332545848
DFL-MAT-J041XN,0,False,103968,100.3535956738641,73.25946386405171,101.16855766761806,67.53103658784893
DFL-MAT-J041XN,0,False,120043,168.59444251158035,175.1158636267771,123.10117738920248,138.62408385946702
DFL-MAT-J041XN,0,False,122243,131.30046154414802,112.94223058021225,120.71617236458977,92.03031977866412
DFL-MAT-J041XN,0,False,65750,96.61665691705178,94.73483540265036,84.33408727199124,79.86559852371336
DFL-MAT-J041XN,0,False,14350,57.909899534323095,33.923398472027195,61.6093680378094,26.928788671974825
DFL-MAT-J041XN,0,False,59100,56.44802518595615,83.46685985671674,60.27048884769545,81.22723928867946
DFL-MAT-J041XN,0,False,100343,97.34696164554829,95.1389807147586,92.63941549498003,80.72084437602396
DFL-MAT-J041XN,0,False,143568,77.72872261052464,21.815122867518145,81.49306501725128,20.63323800129221
DFL-MAT-J041XN,0,False,114868,57.49140069186347,22.29249954060389,57.077693224084854,32.96789440274653
DFL-MAT-J041XN,0,False,47700,69.96010544314703,93.34303470374968,67.41322533540092,103.96503245144984
DFL-MAT-J041XN,0,False,162843,148.14927228490765,110.61608969164226,146.62092362377322,112.31534798701382
DFL-MAT-J041XN,0,False,65400,139.76572935816975,93.72364737657936,123.29740866880896,59.589566623957126
DFL-MAT-J041XN,0,False,74825,90.60501079939634,41.1346222935143,85.08473717937406,33.95834133875439
DFL-MAT-J041XN,0,False,64700,131.52200699637066,92.52685731675761,131.8794560071655,91.20155744975936
DFL-MAT-J041XN,0,False,140118,115.93018551521475,102.4398267619641,115.40571250980504,101.59019411956939
DFL-MAT-J041XN,0,False,102768,103.17328703802643,69.36742066900231,101.91968188807336,83.91424416893422
DFL-MAT-J041XN,0,False,13800,34.46810994832538,46.00820500324284,33.933659572417454,35.660596323979284
DFL-MAT-J041XN,0,False,136793,98.26936065461504,70.5801057252385,96.07214562865339,71.66619973882538
DFL-MAT-J041XN,0,False,104143,100.25144855650386,113.68956976242026,93.65381313925757,72.24425470534305
DFL-MAT-J041XN,0,False,112593,67.31535568013393,225.40524924254342,68.68126004714628,219.5172078083669
DFL-MAT-J041XN,0,False,126118,149.87196535702256,140.80604262267798,143.43942284667645,138.85544372003554
DFL-MAT-J041XN,0,False,50400,103.3319046707274,43.15594107354681,93.81662945412924,71.89417281801347
DFL-MAT-J041XN,0,False,33400,54.71040681942194,75.9779088213865,52.39226515558727,71.98985109289599
DFL-MAT-J041XN,0,False,131868,57.79041423987745,59.220977896859154,55.67531357462319,58.05210307285301
DFL-MAT-J041XN,0,False,125693,49.3808552605057,33.749378764827384,53.186922035802986,22.903722330347875
DFL-MAT-J041XN,0,False,104093,129.02498908382267,69.66740411422859,52.21248547907369,55.28605090903408
DFL-MAT-J041XN,0,False,21200,81.45812509676763,43.80736698015257,78.33625236829498,41.301698491025185
DFL-MAT-J041XN,0,False,162518,128.09364257023438,115.49947108801906,116.47704134767753,96.61356812627089
DFL-MAT-J041XN,0,False,17750,122.52126087795081,152.72157757686284,135.9542239372578,163.70341670325953
DFL-MAT-J041XN,0,False,133068,33.438598976385684,40.08049095484558,36.47007329771123,42.63487784894945
DFL-MAT-J041XN,0,False,46775,67.53625976003781,52.69222785303093,63.540640133415565,63.27450806154579
DFL-MAT-J041XN,0,False,174243,67.46479154005043,75.7803016586826,58.170028906262324,65.64060661944615
DFL-MAT-J041XN,0,False,28500,94.66724631965918,102.56446545246835,62.22050618714363,117.8875951671079
DFL-MAT-J041XN,0,False,157043,78.755463817515,66.31232228177166,115.27861715097099,84.81361932535229
DFL-MAT-J041XN,0,False,142943,69.89909459791316,118.21301874360987,81.41557498738725,108.78784679358817
DFL-MAT-J041XN,0,False,166418,44.835104420259164,48.02480823711899,43.43481645465143,48.591849139229836
DFL-MAT-J041XN,0,False,153218,185.3473927795235,114.93645821410145,162.68145035203514,125.58350223171291
DFL-MAT-J041XN,0,False,108893,86.01141185351939,84.04993670482938,80.13532423725789,69.47970062997385
DFL-MAT-J041XN,0,False,13625,56.19399652503435,37.91954592730606,58.321784206652346,42.024401835752926
DFL-MAT-J041XN,0,False,72200,38.69099603522356,78.37366183355878,40.2506749746755,94.60885859301804
DFL-MAT-J041XN,0,False,65300,183.6465896465786,141.94851975261602,194.17538093478376,138.48160095567715
DFL-MAT-J041XN,0,False,75750,34.62839364630633,35.173655955489906,37.578006460060045,41.20902629316398
DFL-MAT-J041XN,0,False,77100,102.27840287312186,92.19369183882925,85.65661615244021,94.54934137765433
DFL-MAT-J041XN,0,False,133768,75.40401736269692,80.02701490774052,74.54105864814017,73.69162009108383
DFL-MAT-J041XN,0,False,174743,134.14769769444584,86.83444403143625,134.93662953243305,110.54128321617976
DFL-MAT-J041XN,0,False,140593,35.41219501195548,60.828937072379844,36.466751878253284,62.42562974942205
DFL-MAT-J041XN,0,False,40600,108.18962809002136,140.31346187753635,131.55642019815087,137.73304357328794
DFL-MAT-J041XN,1,True,27600,54.36029316746962,55.58664259688288,53.00330628806453,51.43402483858637
DFL-MAT-J041XN,1,True,44925,27.075026456677534,121.57818440455245,33.69226046698106,100.81693409438383
DFL-MAT-J041XN,1,True,78625,16.02249877073695,17.298805050511387,11.93706289692235,11.077202753799517
DFL-MAT-J041XN,1,True,147393,25.78855622588414,23.941783790031135,22.747589022346908,21.54719687396817
DFL-MAT-J041XN,1,True,169718,77.07657543210114,115.26908212611315,97.24446169019237,104.01185638831437
DFL-MAT-J041XN,1,True,55575,53.756512013293715,36.68719370083233,50.83993753609763,38.97066776482465
DFL-MAT-J041XN,1,True,57700,106.4915473725733,114.25940552923564,106.87280955877488,118.23676863511214
DFL-MAT-J041XN,1,True,60100,171.30756376264978,138.60699259493066,176.34560758811688,141.86989705504777
DFL-MAT-J041XN,1,True,68325,58.77451392829109,73.92877263809686,51.33546559942727,68.05881408667406
DFL-MAT-J041XN,1,True,33025,122.33863164055067,105.80206872055565,127.77688257855112,103.07152313547336
DFL-MAT-J041XN,1,True,28000,83.49525286887899,49.039151745319735,85.33963160281048,47.85256525755058
DFL-MAT-J041XN,1,True,139443,165.56721330402422,131.4255017468473,142.35306655925805,136.86638881625103
DFL-MAT-J041XN,1,True,106718,111.130656371088,97.483417996315,117.90970474347694,104.24435093619135
DFL-MAT-J041XN,1,True,122343,209.4587228176721,189.76594657492637,208.26009070587222,148.49447030670225
DFL-MAT-J041XN,1,True,154118,96.32260043838794,89.19445945481979,111.39615295549368,108.06870396959062
DFL-MAT-J041XN,1,True,68075,48.70144413587064,38.75927517940517,45.01367855344377,39.157126698736356
DFL-MAT-J041XN,1,True,139743,92.74627986252268,111.82671132680464,118.80908110161455,128.116774703277
DFL-MAT-J041XN,1,True,135818,130.6088320346166,98.25694694642411,130.78945907740027,97.77677708954903
DFL-MAT-J041XN,1,True,15675,79.61190861477506,62.215825886125906,98.54240911585961,74.61499495530134
DFL-MAT-J041XN,1,True,152943,76.223077826022,116.18602326499133,82.95800856169008,102.79610557334787
DFL-MAT-J041XN,1,True,39725,101.55712923192658,88.12143861142674,83.72425641078217,74.35801931097345
DFL-MAT-J041XN,1,True,155693,69.56625598501094,108.2786585915044,77.17382294865178,117.54229089405872
DFL-MAT-J041XN,1,True,102318,138.50870485464654,162.55428661489566,130.13922813647247,165.64298079957618
DFL-MAT-J041XN,1,True,70250,38.52976154686785,49.88126491529466,35.2198991225375,29.451173198215898
DFL-MAT-J041XN,1,True,163843,148.80237402035738,137.14191237336905,151.33161346341632,141.63489340553068
DFL-MAT-J041XN,1,True,35475,129.8411433649907,126.35649860394405,88.86107104241422,87.52342803434743
DFL-MAT-J041XN,1,True,139568,96.71687951101534,167.96730066064782,69.4250922457785,145.3668564903423
DFL-MAT-J041XN,1,True,63050,112.1891610603075,100.83444586652936,84.13039168837088,85.5538344088198
DFL-MAT-J041XN,1,True,11225,27.423083818977098,73.484141425314,28.77455287916905,73.16204722963755
DFL-MAT-J041XN,1,True,134518,85.01915950319425,97.78464523762013,96.98145772776572,85.69527096428062
DFL-MAT-J041XN,1,True,22425,19.89595788760067,19.66354645127211,20.51508961138583,18.75426532333262
DFL-MAT-J041XN,1,True,31450,90.12735998683684,120.45623134734909,84.77876249151531,130.70296360567622
DFL-MAT-J041XN,1,True,111468,97.8628921763544,71.8580370403453,91.9446419847846,75.50255585835069
DFL-MAT-J041XN,1,True,35550,43.067618461103855,46.97393944931633,47.217572648635695,59.136741409377684
DFL-MAT-J041XN,1,True,35800,77.36524592753572,73.05516054830036,97.46372621127148,74.88478948256844
DFL-MAT-J041XN,1,True,145793,56.72611316715521,48.393353832866474,53.40078237858707,40.528877952361434
DFL-MAT-J041XN,1,True,137793,70.11857137535151,53.953926111673724,55.111000021256864,44.86220958071831
DFL-MAT-J041XN,1,True,101043,153.4385320265968,93.86303998415214,149.37354632312616,111.84841294376005
DFL-MAT-J041XN,1,True,34400,76.91294702773806,73.3820164951365,46.75073245908621,49.783975759158096
DFL-MAT-J041XN,1,True,115418,116.69055466359617,210.60981107675127,111.48703972277485,225.27263017741254
DFL-MAT-J041XN,1,True,111193,107.90330552063635,114.78009780380424,114.638501768681,109.30952401900429
DFL-MAT-J041XN,1,True,123868,131.81124541078623,118.86585508833208,115.59487921273114,112.97130947514069
DFL-MAT-J041XN,1,True,147868,9.95515142041318,14.328575643229524,9.173622828007053,15.936482249122635
DFL-MAT-J041XN,1,True,43100,162.71023452175962,58.50623374248572,158.08654687296732,67.05755362865395
DFL-MAT-J041XN,1,True,126768,94.8070460440547,48.493857530054086,84.3621868178552,42.22412445765968
DFL-MAT-J041XN,1,True,139693,243.59414426558422,158.08493539851648,186.32252322513978,133.91370579640787
DFL-MAT-J041XN,1,True,69550,65.39136194479578,80.39513932287663,82.21887290971796,104.30754065796603
DFL-MAT-J041XN,1,True,111418,64.37326917805636,79.85667645788332,62.59943300704376,55.381546198271195
DFL-MAT-J041XN,1,True,11125,159.2058750643836,113.07019246015238,168.4149920622818,99.31335015000697
DFL-MAT-J041XN,1,True,120793,117.20662036084407,119.49083323704458,90.91568940316337,102.98719974213307
DFL-MAT-J041XN,1,True,137543,63.20192380330039,40.281339461095186,60.54813917269678,39.96586061364308
DFL-MAT-J041XN,1,True,30325,14.432900292201868,17.29391109024554,16.617066197850566,13.239920741700937
DFL-MAT-J041XN,1,True,172118,96.5117719975402,77.53775676974014,84.02789353193191,51.60055316809505
DFL-MAT-J041XN,1,True,29625,68.07139035638195,63.59425738483249,78.24563162352456,57.22506222351095
DFL-MAT-J041XN,1,True,126893,89.50141205275014,66.17105597897213,90.05239512395784,73.32441852888259
DFL-MAT-J041XN,1,True,111868,97.61411117590724,86.49730259880208,71.452474329434,71.6872154050549
DFL-MAT-J041XN,1,True,69325,57.12736190841816,133.8787983234181,60.59541450540826,105.49417662569522
DFL-MAT-J041XN,1,True,137443,62.54038693008436,41.979900157076024,63.190831177566594,42.43421792577639
DFL-MAT-J041XN,1,True,60350,57.956556714598776,74.87679416867911,67.07420039600753,86.97754989553692
DFL-MAT-J041XN,1,True,172243,136.96604929558245,127.34513643648901,124.77488731454253,123.54009210885971
DFL-MAT-J041XW,0,True,148666,112.22652780151006,108.81791374655442,97.81125918796789,94.39698016481333
DFL-MAT-J041XW,0,True,147666,160.60291235650004,84.9515601877508,159.00510638209795,112.23325125548376
DFL-MAT-J041XW,0,True,145966,107.22810374638213,95.69276031639069,79.17421984281393,69.1763653045303
DFL-MAT-J041XW,0,True,101116,33.364394051591205,24.35335141083231,36.708478287671745,29.884024538347727
DFL-MAT-J041XW,0,True,109916,69.94345595176985,93.02304380283987,90.42389605850475,100.93669838177716
DFL-MAT-J041XW,0,True,46950,66.04841716822166,45.850066804758484,68.747323869737,49.53199512830522
DFL-MAT-J041XW,0,True,119916,153.88257403639463,205.98269741659607,135.5764320765507,177.5192272861812
DFL-MAT-J041XW,0,True,152691,61.71837031274453,54.34233364439493,57.50915821958809,58.67416774573805
DFL-MAT-J041XW,0,True,156741,28.571072571920322,39.90426925625198,32.65753189960766,39.55224306975697
DFL-MAT-J041XW,0,True,81275,83.99510746079837,77.83534982686174,92.52625412621022,98.14430362747625
DFL-MAT-J041XW,0,True,48525,73.53557561660324,73.28739598265435,57.803222991039604,73.77723840023722
DFL-MAT-J041XW,0,True,179566,55.40896402839649,47.869991010480135,31.365911514000597,51.602983580264535
DFL-MAT-J041XW,0,True,167366,119.0433142240604,109.24484838507276,114.41116079650658,118.3801819461369
DFL-MAT-J041XW,0,True,149141,94.81470946993176,89.59075186099615,78.61532770881972,72.97900049102427
DFL-MAT-J041XW,0,True,37375,120.91308305732491,118.07993103783707,142.5866365088068,117.97965005272816
DFL-MAT-J041XW,0,True,112666,127.85376292168318,209.9835922991182,103.30078152836595,201.54622685725488
DFL-MAT-J041XW,0,True,22775,93.83407251180121,60.7705157681854,88.27103476359721,61.821964084576265
DFL-MAT-J041XW,0,True,139491,173.56427165471263,132.47169587089584,153.46510406775283,140.40715942295412
DFL-MAT-J041XW,0,True,124941,89.02449026375407,129.8580428759257,107.1552265800216,132.64044648405144
DFL-MAT-J041XW,0,True,111116,107.6896029158293,114.21677318038428,122.17483781357399,119.67847257708571
DFL-MAT-J041XW,0,True,155091,36.09191229777344,51.02556316544551,37.105155170942204,53.59799886002028
DFL-MAT-J041XW,0,True,18025,97.37601092528715,99.8049947767352,67.09648340922905,66.39050950677259
DFL-MAT-J041XW,0,True,157666,29.667049690920813,34.556641565856424,33.98737494987982,38.76910852681168
DFL-MAT-J041XW,0,True,110141,93.67065668227121,93.08101853996594,44.82836108249315,56.474548172775854
DFL-MAT-J041XW,0,True,60850,65.39742055387867,46.60943640922054,63.092114583592426,50.368013933515485
DFL-MAT-J041XW,0,True,113316,37.939833132413035,46.91758663032288,41.86779476940876,51.27542477016831
DFL-MAT-J041XW,0,True,39500,165.76616679601096,141.19464260313646,146.36954676209567,124.85161729803222
DFL-MAT-J041XW,0,True,151166,79.26696938734433,57.185495418742754,75.53960506794753,67.45172765193531
DFL-MAT-J041XW,0,True,51775,98.52646008702494,53.392620604204524,54.78490068668624,60.723828061341614
DFL-MAT-J041XW,0,True,112741,161.0891571278685,188.9381555995501,169.77472567864652,198.93978667891406
DFL-MAT-J041XW,0,True,18775,188.42758229192185,159.42416353265773,170.07419779336107,125.27898468336754
DFL-MAT-J041XW,0,True,61150,72.51068965430868,51.2223390295923,61.36427948308515,57.524467550089454
DFL-MAT-J041XW,0,True,62150,64.00507191611952,44.548668201653236,63.688337275185,53.838141097993
DFL-MAT-J041XW,0,True,151341,84.00791003995172,86.87199790714631,63.46693129669285,65.90265731061497
DFL-MAT-J041XW,0,True,17725,73.12029981925136,52.56228394343675,62.08079268267333,48.899305837007645
DFL-MAT-J041XW,0,True,30825,110.12498290911999,108.91143788657128,114.42994989661338,103.23636306920342
DFL-MAT-J041XW,0,True,32075,57.19114150684931,39.420386213599166,58.067916260882264,39.97869920299286
DFL-MAT-J041XW,0,True,174891,66.1729032557567,83.72291790786238,59.043762290376364,63.56394885743704
DFL-MAT-J041XW,0,True,45875,109.9711376392711,109.93890639761841,110.61576349923504,92.77204586744169
DFL-MAT-J041XW,0,True,113566,62.40312164832504,57.37879859575262,60.26024371475335,58.266406742578184
DFL-MAT-J041XW,0,True,62700,132.36777466109368,123.79031160510858,124.72019455233236,127.87597020766783
DFL-MAT-J041XW,0,True,20050,165.6900742629166,105.48257658350646,158.93279342700734,106.84230745474306
DFL-MAT-J041XW,0,True,25825,74.88736060563274,47.468085870880266,84.05335480013035,64.63891842466911
DFL-MAT-J041XW,0,True,148216,70.97722684599258,86.85727904697268,87.66625900721957,76.3304465821836
DFL-MAT-J041XW,0,True,176066,152.6041379685434,125.69226397057042,136.92888169884662,118.75861205773609
DFL-MAT-J041XW,0,True,174416,68.72773744221733,54.32580815125428,63.67456422042015,50.77581169368864
DFL-MAT-J041XW,0,True,31075,64.51524594746222,54.3591779809082,55.422656498994364,60.808223429906285
DFL-MAT-J041XW,0,True,37050,66.41521492519185,36.883339417134664,60.83158337280839,33.609396926262235
DFL-MAT-J041XW,0,True,156416,58.22971077964385,44.971970129243026,54.336653595349645,44.85796167549431
DFL-MAT-J041XW,0,True,158441,87.35169310918953,105.23893227465315,86.14684501198005,109.91029874943798
DFL-MAT-J041XW,0,True,158466,81.64803547298854,96.35388961534052,87.02131989024514,102.42536765933633
DFL-MAT-J041XW,0,True,137541,221.31816242883505,96.08050656424518,176.18845777680602,121.28022298389784
DFL-MAT-J041XW,0,True,176491,58.30679676823499,51.559988173627694,58.71519498537718,46.21584354043859
DFL-MAT-J041XW,0,True,48325,82.22444612224136,61.163586057026265,80.40702269714595,58.999297075151944
DFL-MAT-J041XW,0,True,153666,56.627814877641605,44.464191758100675,56.873905677324124,44.284176180682444
DFL-MAT-J041XW,0,True,160541,71.85800593761661,121.89478489091468,102.52238995145818,128.57103963051262
DFL-MAT-J041XW,0,True,118116,68.90751683081095,60.02090498786855,67.38418512224911,55.55828203540346
DFL-MAT-J041XW,0,True,168716,63.361962390992026,73.26755689423527,78.54925770850177,103.39626113056644
DFL-MAT-J041XW,0,True,124416,116.89983416446498,92.85040243373793,108.63636486907406,92.51715495604986
DFL-MAT-J041XW,0,True,78825,41.31631832333889,28.770733806609794,36.50454465605733,24.820656645961044
DFL-MAT-J041XW,1,False,11650,82.14518612721267,98.25979790097458,79.16376634969318,84.84624207176797
DFL-MAT-J041XW,1,False,123766,77.66411570767723,53.78619020031571,62.84789084948333,37.41602179306591
DFL-MAT-J041XW,1,False,74250,87.68832937540328,95.03634051958947,97.31295279318121,89.4592709177842
DFL-MAT-J041XW,1,False,51950,89.5303494342386,117.3292890385991,124.42512154219338,103.86208382220256
DFL-MAT-J041XW,1,False,161541,123.43911479821854,125.26260168174856,117.45068018178544,93.7553028990767
DFL-MAT-J041XW,1,False,135716,30.126758816266417,30.98076415957536,31.902284786317765,22.697920665195085
DFL-MAT-J041XW,1,False,160516,135.9944972149535,129.9928027462157,114.16151294346169,120.94706441790159
DFL-MAT-J041XW,1,False,12750,61.144040826895974,43.752104645891855,60.94756571762024,36.73689533849042
DFL-MAT-J041XW,1,False,177366,57.70183651107391,34.779362012741764,46.75094303539963,44.277768670956846
DFL-MAT-J041XW,1,False,140191,53.61413963719407,50.794631516114144,59.34118405543457,56.53560645299295
DFL-MAT-J041XW,1,False,17625,120.44598070168693,169.1988176588777,93.6148907929767,131.60534539499895
DFL-MAT-J041XW,1,False,59525,91.66826614223704,61.33584991682065,104.1435770956028,58.613926048715975
DFL-MAT-J041XW,1,False,138841,58.49174590592271,77.3722033541579,68.72496188398492,76.86236578897034
DFL-MAT-J041XW,1,False,64575,109.34725312686919,90.95075545161926,96.1067859297937,100.12995402168745
DFL-MAT-J041XW,1,False,42750,200.83479397555266,166.0898562118944,212.1569117767343,184.18878175007788
DFL-MAT-J041XW,1,False,105891,89.21938673005377,78.22018663306892,92.07448647657681,66.54867372899737
DFL-MAT-J041XW,1,False,47200,46.77660791791746,59.22461414212512,45.14085651275078,42.7225820962406
DFL-MAT-J041XW,1,False,17350,168.4649458194008,128.07682358541084,162.97149817157018,130.51254074645783
DFL-MAT-J041XW,1,False,140391,43.498810268660186,36.22799075500207,44.1985666764082,37.65019052996317
DFL-MAT-J041XW,1,False,41925,84.96084541158699,122.20809353312248,111.50245050979738,117.60254967537396
DFL-MAT-J041XW,1,False,26400,49.01564364367759,167.32820621386202,90.91468367501324,169.0073454705688
DFL-MAT-J041XW,1,False,144841,61.121217392135335,73.17010740580399,64.54633055058544,57.35114536924942
DFL-MAT-J041XW,1,False,57825,67.29769222657893,55.420292514159435,56.12271052475578,54.41706536316144
DFL-MAT-J041XW,1,False,64650,83.73177452096553,122.34297414225652,94.3680431146983,140.24303724832924
DFL-MAT-J041XW,1,False,171491,33.68787450237603,48.09978802134288,46.02859306128527,55.47776078348787
DFL-MAT-J041XW,1,False,21175,145.48215279805424,149.9023951746775,125.14447481978843,122.09939387550394
DFL-MAT-J041XW,1,False,179141,133.28401934332024,60.74259483521261,128.52265191849008,79.06546432433787
DFL-MAT-J041XW,1,False,132566,50.41984635510422,45.572882368760354,52.906340883892604,48.172342243697436
DFL-MAT-J041XW,1,False,40950,137.40227328627287,134.04551904573168,129.24239749787694,127.45968481053987
DFL-MAT-J041XW,1,False,43650,108.379007502362,97.34979573492248,97.232981676006,94.41082737920783
DFL-MAT-J041XW,1,False,163416,20.77645576876118,16.775398883226195,19.790484008887653,20.27318131529663
DFL-MAT-J041XW,1,False,103541,64.77430126684528,49.204604832748245,69.10627650105985,55.37780070220129
DFL-MAT-J041XW,1,False,81925,98.52578557129965,80.49300330361258,115.60005253687663,94.43433745402177
DFL-MAT-J041XW,1,False,159766,42.30261736415918,21.635224912425294,42.53755960616954,24.646009833490737
DFL-MAT-J041XW,1,False,71175,168.20776369618702,143.3370884445586,134.56307744291766,126.4528624040218
DFL-MAT-J041XW,1,False,131116,60.03768560831103,50.125855014510876,58.55968944607682,50.428434029181886
DFL-MAT-J041XW,1,False,171066,35.132177785114735,35.174045862848644,38.88747882102324,36.97034862797243
DFL-MAT-J041XW,1,False,70850,130.5261332210216,99.6176679972986,141.6414011498721,94.81429702931321
DFL-MAT-J041XW,1,False,26750,21.68811155968339,24.757513227359933,19.95203598917234,29.70847383084581
DFL-MAT-J041XW,1,False,56975,61.49731815281206,62.686088915245975,58.725866148322524,67.64541197102193
DFL-MAT-J041XW,1,False,103941,129.7384958537015,112.18249061335085,120.03982319800059,79.76191618562459
DFL-MAT-J041XW,1,False,103816,73.47077642618203,67.96227165628865,66.61132338864374,59.865855423576264
DFL-MAT-J041XW,1,False,54225,72.9790914829952,46.330698476245814,77.59688388278549,63.491281885037395
DFL-MAT-J041XW,1,False,143066,163.8140212868096,143.82624400691273,149.5214210363326,123.31030091310724
DFL-MAT-J041XW,1,False,135741,42.19946665765456,35.60364834972491,34.157198288785246,33.14355672089886
DFL-MAT-J041XW,1,False,151641,104.16266550338453,172.44938394877295,106.91828729317542,172.28835221970766
DFL-MAT-J041XW,1,False,58150,115.07933213315265,96.82404632330761,114.36903572277113,90.80252826760966
DFL-MAT-J041XW,1,False,20825,147.45821623173217,144.86963236695794,139.30549355036507,157.85497492842225
DFL-MAT-J041XW,1,False,123266,27.44003264222867,37.68239144385751,26.64802823618344,34.069251453797705
DFL-MAT-J041XW,1,False,47950,143.84702554621833,127.85667448379105,101.32134915869298,124.20252820895698
DFL-MAT-J041XW,1,False,135991,24.298718582103508,29.23357579416311,30.635920666250296,31.329755771328806
DFL-MAT-J041XW,1,False,27850,54.38373433139408,57.085456509208775,42.079196598711256,38.89827100587016
DFL-MAT-J041XW,1,False,56725,76.26766580961417,56.65424659583085,69.32899243855665,50.31794633270288
DFL-MAT-J041XW,1,False,71625,119.98183508845112,91.47693570392249,102.53026346538113,69.25662222246089
DFL-MAT-J041XW,1,False,64975,95.54321535878941,93.49609046812415,111.65069538998475,112.2647585193658
DFL-MAT-J041XW,1,False,165066,66.87454244180852,46.33817808153151,77.31790755765034,50.52580206190407
DFL-MAT-J041XW,1,False,135866,33.72801250088314,36.180009892261154,35.682555585461664,33.92767553470002
DFL-MAT-J041XW,1,False,63550,33.79183509029517,40.52105213546685,26.107697702443822,39.994656970901865
DFL-MAT-J041XW,1,False,147691,112.04597883299358,59.73883033364187,139.28655376635015,99.23589005680788
DFL-MAT-J041XW,1,False,12500,50.31094551745535,43.167112826496584,47.07007340528042,44.87223162694613
DFL-MAT-J041Y0,0,False,32200,153.2005119829412,86.4773682226797,133.17562131676328,90.41789387004339
DFL-MAT-J041Y0,0,False,63125,98.95707829803618,77.02877199476312,88.51407112630189,67.28983595388934
DFL-MAT-J041Y0,0,False,22750,80.57874102725853,97.41865553711335,78.65243932611457,90.4016078616018
DFL-MAT-J041Y0,0,False,25850,149.90213909139018,94.20720060668428,154.35815544379932,96.63312018073643
DFL-MAT-J041Y0,0,False,47050,36.81105587654964,27.11994521668687,37.025609768046344,27.117611248415326
DFL-MAT-J041Y0,0,False,70000,190.64694972303502,112.65933570308175,220.23062191025699,93.73082275818746
DFL-MAT-J041Y0,0,False,69550,68.17034803515068,141.47017123357045,53.85577993831316,148.00517508918358
DFL-MAT-J041Y0,0,False,132335,34.58959390005506,35.520879886061664,35.186734185570415,33.80998634395221
DFL-MAT-J041Y0,0,False,148085,108.71407021150921,105.60031281827965,109.35115471236018,103.21269771544337
DFL-MAT-J041Y0,0,False,159160,28.979571914483664,35.67299906331726,30.055125674949192,29.067364499055955
DFL-MAT-J041Y0,0,False,161510,81.37495347721864,90.02743896390427,90.19241544762589,87.76942468378992
DFL-MAT-J041Y0,0,False,108960,48.315544724236844,46.60891985390608,57.65538334434386,57.32517264787854
DFL-MAT-J041Y0,0,False,159460,151.54970970261854,117.91135401901604,159.7888224118842,167.07300897682796
DFL-MAT-J041Y0,0,False,137860,120.87422371966983,116.83824515097665,106.11053808800709,104.33491392883182
DFL-MAT-J041Y0,0,False,131810,32.89093635298146,33.71320539235395,29.994799136622646,29.993258803754006
DFL-MAT-J041Y0,0,False,130685,51.59233518238817,38.15791497849949,50.90012748907117,32.872904364158636
DFL-MAT-J041Y0,0,False,151960,98.89763792770988,96.88350334320616,134.53112941895773,119.31762310376259
DFL-MAT-J041Y0,0,False,182885,103.55996786412385,114.60218523356437,70.79887219694253,87.51814761271037
DFL-MAT-J041Y0,0,False,158035,38.003292640917856,29.776972683999414,46.667502990561246,32.48006665735949
DFL-MAT-J041Y0,0,False,130335,81.4540739614325,60.91129738478313,82.88764640572384,60.432557178700854
DFL-MAT-J041Y0,0,False,180735,95.69456308690339,140.1123020256427,100.66115934398096,173.79441695314694
DFL-MAT-J041Y0,0,False,21200,99.53880735499376,80.21472249939853,97.90450985201602,75.298779486416
DFL-MAT-J041Y0,0,False,137360,68.56143936283827,75.28265199103927,73.39872972031047,78.81829399074509
DFL-MAT-J041Y0,0,False,148010,70.30426150407179,51.03896446596978,57.29846962855856,41.909995752207365
DFL-MAT-J041Y0,0,False,148810,134.3505996805555,121.03076663206478,116.6881235795356,119.11056118459442
DFL-MAT-J041Y0,0,False,150085,108.60400421431916,84.16414736874744,106.93745957420272,86.17624228468894
DFL-MAT-J041Y0,0,False,129835,38.68215729574312,75.52010002848506,41.04504440183785,72.79965690840677
DFL-MAT-J041Y0,0,False,158385,41.702604358577474,40.131351154609305,41.65125054277074,40.7788575753478
DFL-MAT-J041Y0,0,False,67575,100.13512108050021,93.9028113477022,90.88941865991583,95.1533840486342
DFL-MAT-J041Y0,0,False,167485,27.904402305130215,33.19138086625079,25.645644577057123,23.33718706967719
DFL-MAT-J041Y0,0,False,140760,80.68077803716773,68.1893772903924,100.96446350628936,57.47242022805084
DFL-MAT-J041Y0,0,False,161810,85.62021497201788,105.64540253647799,82.01594954132719,120.7860307717002
DFL-MAT-J041Y0,0,False,121785,138.28970061062708,117.03590181368381,124.49681619142844,112.75799771016801
DFL-MAT-J041Y0,0,False,140085,129.41755036289203,87.32257504525305,128.09842928675127,88.37834687690297
DFL-MAT-J041Y0,0,False,109810,43.37477885950588,44.0875231256804,36.30747135249045,35.17998381320457
DFL-MAT-J041Y0,0,False,56350,35.286634111269755,33.883448162119684,32.253777486501576,47.5950298442964
DFL-MAT-J041Y0,0,False,165560,44.16347193881731,37.63789940054012,17.703281708116794,14.239801748171146
DFL-MAT-J041Y0,0,False,49200,111.3338961410017,65.50920435592553,118.1878618158884,74.5175259000346
DFL-MAT-J041Y0,0,False,55750,90.78871500354734,68.78010156454076,107.92650317358465,89.00597671610821
DFL-MAT-J041Y0,0,False,49800,50.07950145144139,40.02541724942859,44.02151813687775,36.38627952794617
DFL-MAT-J041Y0,0,False,109460,25.635952182175682,47.934074236707644,26.300945127588232,44.83172996189678
DFL-MAT-J041Y0,0,False,140060,116.58339038144744,86.86993951420493,111.94563388633864,86.16591220925514
DFL-MAT-J041Y0,0,False,158460,46.7188425815271,40.956716986387825,52.59646017331256,45.95620998753522
DFL-MAT-J041Y0,0,False,61400,62.012362014908746,56.040897707320774,63.50283793235247,50.513799056011635
DFL-MAT-J041Y0,0,False,17775,159.25781744047353,85.84966005536342,130.19514297156562,74.5273453529217
DFL-MAT-J041Y0,0,False,104860,42.70213624651796,65.39262068473805,41.19905717497435,56.42771904176282
DFL-MAT-J041Y0,0,False,122185,50.04989560205281,145.4507175700233,67.28492622272466,127.40988166302422
DFL-MAT-J041Y0,0,False,148485,84.31597528998792,77.41169405134468,85.66158747180096,76.82703179197735
DFL-MAT-J041Y0,0,False,109735,36.38292929122392,28.911409785282924,32.347440837436615,27.906684497001013
DFL-MAT-J041Y0,0,False,69625,59.68766255956047,50.69572588707821,59.443644379976185,50.79861419304464
DFL-MAT-J041Y0,0,False,129735,92.73327928858916,105.1987610453594,96.78381374596209,116.64719358635394
DFL-MAT-J041Y0,0,False,169410,65.93115769792813,36.98629696653417,46.92136961715136,51.50933345933902
DFL-MAT-J041Y0,0,False,70375,96.19532749835349,108.63922068909308,109.40311663000162,121.47437306366892
DFL-MAT-J041Y0,0,False,130510,61.18781256981792,47.71469492945236,62.26136590292372,48.529729575971345
DFL-MAT-J041Y0,0,False,62800,81.04585557780345,143.57406577634268,54.333327645858965,130.77917399823266
DFL-MAT-J041Y0,0,False,109410,45.46372508141507,52.13254807360522,43.424747956215455,52.28383894625389
DFL-MAT-J041Y0,0,False,21000,57.27747881779622,102.13372022187954,33.516752633167016,58.28652811139301
DFL-MAT-J041Y0,0,False,138510,110.10135913021287,98.5632279765268,113.70977769451628,119.02591066697869
DFL-MAT-J041Y0,0,False,38450,128.10286265371332,150.47996300912118,115.87921791268428,143.2349690092381
DFL-MAT-J041Y0,0,False,121235,122.16556982622355,72.27301809008713,143.8530897191872,79.30463275817196
DFL-MAT-J041Y0,1,True,127785,30.585057696234404,12.914059031060512,30.63301771591039,14.608850713957414
DFL-MAT-J041Y0,1,True,174460,60.347852093934044,41.306881506450395,84.33008658431024,73.33985068380454
DFL-MAT-J041Y0,1,True,51775,85.90041521554281,78.60755845263097,85.23368806272556,80.8406443059358
DFL-MAT-J041Y0,1,True,171010,160.2073474570606,127.04768411790505,162.14285722864628,146.16105740425795
DFL-MAT-J041Y0,1,True,137635,74.36842098603505,153.13248912762054,74.19239203971986,126.94015537716572
DFL-MAT-J041Y0,1,True,48850,100.28849471246515,95.66711400618395,100.1716169298957,99.65202728946136
DFL-MAT-J041Y0,1,True,63850,72.08334638706819,74.366551455013,57.74801199072867,84.23792877116455
DFL-MAT-J041Y0,1,True,100410,49.66105500771236,106.22420772011971,69.90068408180598,50.29989716234174
DFL-MAT-J041Y0,1,True,27575,82.11150984965178,49.70656605639434,81.755722885202,52.8475758428456
DFL-MAT-J041Y0,1,True,184485,54.669145003505754,61.33073957638505,58.03896422491039,52.83334604920283
DFL-MAT-J041Y0,1,True,32725,94.64419654119257,94.3518597886375,120.50521121410887,120.73010236423866
DFL-MAT-J041Y0,1,True,59900,38.70549426813425,44.42224901782198,50.54967977022451,50.267026233233636
DFL-MAT-J041Y0,1,True,100810,95.0747804469538,77.75094171019214,85.824883245298,64.99337127812781
DFL-MAT-J041Y0,1,True,108610,67.46448988995314,54.486123374224476,67.15114499463162,51.30622593630761
DFL-MAT-J041Y0,1,True,152385,83.26529926237167,104.13840719530279,83.72143552594079,111.16589849998098
DFL-MAT-J041Y0,1,True,141835,74.71487006856765,76.51995672681775,80.55739897584131,67.61347248688149
DFL-MAT-J041Y0,1,True,183060,131.60646031209103,155.99290671471474,112.54092876052863,127.38773673397522
DFL-MAT-J041Y0,1,True,36900,132.31154142395422,103.15135834503398,123.49530286770559,127.72943879925212
DFL-MAT-J041Y0,1,True,48750,14.71201464270486,96.26400153291038,28.06156160228993,63.97456573587072
DFL-MAT-J041Y0,1,True,137610,129.68075005353984,113.21057669171994,147.28574274809648,133.2581035325135
DFL-MAT-J041Y0,1,True,161560,162.18993783199065,72.92964266799235,203.28716513115762,87.00472350619452
DFL-MAT-J041Y0,1,True,34425,65.47590421491407,59.07279072648346,53.712995002461085,45.374041886144695
DFL-MAT-J041Y0,1,True,12050,61.24224333041427,106.60372092606806,51.845803929358595,92.44408268650434
DFL-MAT-J041Y0,1,True,163835,142.60444907712966,172.21073996901902,127.50359090722671,150.12190315363537
DFL-MAT-J041Y0,1,True,62125,92.58982240315987,49.28271596451527,90.4925773672714,57.87282996631096
DFL-MAT-J041Y0,1,True,181760,197.02443872153796,131.04180050942765,143.66787382809977,95.46170602952706
DFL-MAT-J041Y0,1,True,182335,101.17641973262896,107.37726457994776,60.389708125273856,110.17907649937169
DFL-MAT-J041Y0,1,True,124535,66.49786445208015,68.92256616394859,54.32560218293233,73.03426523372929
DFL-MAT-J041Y0,1,True,64350,74.93899145623955,51.27014214246327,59.32217590649155,58.393082596443264
DFL-MAT-J041Y0,1,True,54800,145.11306501034196,126.36264094508151,165.9720518848564,142.5571226089752
DFL-MAT-J041Y0,1,True,45850,39.74855848278685,49.84361746578043,43.147968199157916,52.1569476660005
DFL-MAT-J041Y0,1,True,72475,95.01512381549105,124.94028133065935,59.36818188737186,76.64640359005982
DFL-MAT-J041Y0,1,True,64800,25.941297131053656,27.998560636263605,25.194009132412788,30.03168280415676
DFL-MAT-J041Y0,1,True,123435,182.57708355387336,121.7030148551062,183.55200646481651,99.8563702182855
DFL-MAT-J041Y0,1,True,42350,132.21200466274416,142.3070721765157,186.02979980255438,155.83857729378252
DFL-MAT-J041Y0,1,True,155835,94.64675169761809,74.79904025914885,84.087207721363,68.34374860304996
DFL-MAT-J041Y0,1,True,75875,33.953229244056544,33.66759415837199,30.26205297167865,44.93697882428608
DFL-MAT-J041Y0,1,True,40200,88.92163225389804,81.88863815322404,49.06797071309801,48.955541863143424
DFL-MAT-J041Y0,1,True,77475,73.54615781252045,102.67655393521083,86.2600633457017,128.5640611438712
DFL-MAT-J041Y0,1,True,42950,89.76977760390274,118.47382754218869,79.46203689730733,100.23427775844952
DFL-MAT-J041Y0,1,True,51725,98.73262986629219,93.95397289060368,106.53243759046804,107.14836312944226
DFL-MAT-J041Y0,1,True,124385,69.345581758102,43.845672263595326,70.74568530159242,36.308771580725214
DFL-MAT-J041Y0,1,True,184160,50.583771766464885,66.63027317619772,57.734094160615335,73.41850838049682
DFL-MAT-J041Y0,1,True,175760,52.2525134223882,113.91211968099464,58.65190495500593,111.389507565244
DFL-MAT-J041Y0,1,True,141685,100.31046591430604,54.20565731738171,129.32829721025226,78.82480678726255
DFL-MAT-J041Y0,1,True,128885,48.76852073079833,43.50673689837094,45.38626840869989,47.144373250325835
DFL-MAT-J041Y0,1,True,59100,151.3147448798306,68.26894146868395,156.32200457000064,79.4367079122762
DFL-MAT-J041Y0,1,True,39700,64.70440214021362,56.86638982847222,48.563421447303774,39.45128175901895
DFL-MAT-J041Y0,1,True,65300,85.3535862938447,73.29514359210359,62.42488903865583,38.1548090838809
DFL-MAT-J041Y0,1,True,39925,58.536769101950455,68.9213196897935,63.363168098224236,66.61748560053582
DFL-MAT-J041Y0,1,True,53275,12.744549667331057,14.56539094817235,11.982882748835916,13.450765722612797
DFL-MAT-J041Y0,1,True,43075,87.13493392662907,45.35899397967536,84.39647601999434,35.913467286178914
DFL-MAT-J041Y0,1,True,141510,71.23414177976002,175.65047051083138,71.08469695782675,159.3197524598835
DFL-MAT-J041Y0,1,True,33500,66.88402215949195,64.05265527240147,67.67384360877776,67.3617110936967
DFL-MAT-J041Y0,1,True,117185,44.982305169685056,42.43403001191517,44.54972545711308,45.05106924678261
DFL-MAT-J041Y0,1,True,174760,54.1217664783677,82.67184823894169,32.20263278554814,34.447309366885506
DFL-MAT-J041Y0,1,True,173360,29.732340208467363,20.73102476561741,18.81054011026573,15.084829639179556
DFL-MAT-J041Y0,1,True,37900,28.14225176879459,23.434714744304834,28.47913893540131,21.008276674027893
DFL-MAT-J041Y0,1,True,182685,75.25222781685348,63.1516636359534,58.57161859839405,31.27832523622206
DFL-MAT-J041Y0,1,True,71500,56.01265083720346,78.57183414314488,47.10708102865776,75.97676914962146
DFL-MAT-J041YE,0,True,82800,62.48769927950455,63.868809837893416,58.72026903945451,61.6095189447394
DFL-MAT-J041YE,0,True,82000,94.8495546286675,124.88734223319635,102.65110279577999,129.92883614611804
DFL-MAT-J041YE,0,True,62800,35.179745749462356,53.66396129535991,35.619195014963,52.3201916366005
DFL-MAT-J041YE,0,True,67550,107.19545784910969,114.20478003681262,99.67687893781064,116.26424589808532
DFL-MAT-J041YE,0,True,139344,114.66868819543612,105.94059689634973,111.64152831990462,106.52451800391626
DFL-MAT-J041YE,0,True,118644,60.21838908216494,48.35805600342149,63.75706435243296,39.03163596406926
DFL-MAT-J041YE,0,True,63525,50.12485924074148,39.785504013222216,46.00550904260984,37.20399118272605
DFL-MAT-J041YE,0,True,76450,102.05885532262955,77.52834648462114,109.87336845751067,77.47803693851597
DFL-MAT-J041YE,0,True,65650,102.37319308601832,114.8906156781684,80.76411504847331,67.23842044540274
DFL-MAT-J041YE,0,True,42925,48.017243588219415,51.1061998948037,44.084386508611566,52.427281757313125
DFL-MAT-J041YE,0,True,116019,101.76431649177768,178.37894331259818,83.15295043939076,193.2696480988827
DFL-MAT-J041YE,0,True,150144,82.08612734453163,111.78226542213548,49.38969923910421,107.23450768727392
DFL-MAT-J041YE,0,True,116194,94.93223896456098,83.55264424126456,82.2333846128426,92.07164193541271
DFL-MAT-J041YE,0,True,161169,150.78222127345012,184.87127112057374,119.90034701451208,161.38058790124902
DFL-MAT-J041YE,0,True,13050,131.430249548701,169.9654221363464,97.72454113391697,143.76328774146683
DFL-MAT-J041YE,0,True,109994,143.17771703832062,99.0991278503712,143.76932295626324,89.48299247239203
DFL-MAT-J041YE,0,True,115119,30.664791452089993,37.78072441122783,24.002470350283243,35.28071274185607
DFL-MAT-J041YE,0,True,129594,103.0880502511301,77.45111569355463,91.26293887768044,85.53186050334311
DFL-MAT-J041YE,0,True,161994,77.99664241441823,62.86902520926509,75.6888251135567,72.67821132401036
DFL-MAT-J041YE,0,True,136269,64.8412642502603,43.82589883762415,51.64830698889498,33.43244622341861
DFL-MAT-J041YE,0,True,43775,146.76195488603065,118.99019318618902,150.8560586182091,120.3140485064196
DFL-MAT-J041YE,0,True,57925,83.73223073886926,66.93624908617606,85.63971689954379,71.2894505320043
DFL-MAT-J041YE,0,True,109944,137.93980957603122,145.15314218287753,137.05433900751305,140.95168377655688
DFL-MAT-J041YE,0,True,127644,104.10057387546507,147.9826291881466,77.6254298922761,142.59118796269718
DFL-MAT-J041YE,0,True,145994,134.74731870067362,141.49870593803752,140.96410664897724,131.09023443049145
DFL-MAT-J041YE,0,True,151769,39.78833760921274,41.95704102726746,41.752696665643825,37.94196393913664
DFL-MAT-J041YE,0,True,128669,81.40577057375803,76.32854905953609,87.45047443572568,87.11382536881352
DFL-MAT-J041YE,0,True,109794,134.73505695363707,157.62311351870997,134.9215983941339,144.5308615113296
DFL-MAT-J041YE,0,True,65050,34.52408123885482,35.20385097563383,36.17066874383204,34.51325985401366
DFL-MAT-J041YE,0,True,148394,77.63550948771825,57.447321641250404,74.86462088013926,64.73630620674113
DFL-MAT-J041YE,0,True,103469,72.96521059823232,95.03501820061452,90.4743639332801,88.45302740904285
DFL-MAT-J041YE,0,True,141244,125.04066109598907,60.68914174999555,98.99044645127607,95.59410007368585
DFL-MAT-J041YE,0,True,171919,140.06331235908536,119.13595229319887,109.70109191145549,91.54366006252901
DFL-MAT-J041YE,0,True,27750,81.29676071375829,67.43520518345684,61.91647711836197,64.30973641960287
DFL-MAT-J041YE,0,True,141769,32.28687277075298,25.966616543297864,34.964639267466715,28.14395460435992
DFL-MAT-J041YE,0,True,41225,118.06273366978178,76.24406017210434,130.32672029185198,96.03535486665501
DFL-MAT-J041YE,0,True,111394,25.280908006599518,27.11831554088622,26.4157475728707,22.06315728665793
DFL-MAT-J041YE,0,True,36175,70.91735146256275,43.59768933198501,67.00675599783357,35.655113631107156
DFL-MAT-J041YE,0,True,158019,82.0214248636734,87.01069603717464,86.73223131210818,89.98831710726486
DFL-MAT-J041YE,0,True,124894,85.21831726830095,128.727468690442,108.7007453416788,129.70444406520645
DFL-MAT-J041YE,0,True,17650,79.65183548642261,38.101057136560314,67.64126894738229,43.386722546899435
DFL-MAT-J041YE,0,True,76375,124.30631379657449,92.7061590102149,118.43137843885916,94.10249128956195
DFL-MAT-J041YE,0,True,162444,57.102890081068956,94.30466194686844,62.5662018289195,100.42033833835248
DFL-MAT-J041YE,0,True,23275,121.56843342801002,75.6590597485455,96.78148134505368,45.97035510274111
DFL-MAT-J041YE,0,True,130869,57.738856909485975,41.09477402577888,45.654681506436305,31.371553018273424
DFL-MAT-J041YE,0,True,51250,2.652323118513555,5.729267011476278,7.444132473508217,10.15864873678005
DFL-MAT-J041YE,0,True,122919,67.44572007948233,117.86817226635337,63.22259834199805,51.42573098185051
DFL-MAT-J041YE,0,True,104494,61.583078126499565,50.69360372267492,98.54459533769253,65.67448158010798
DFL-MAT-J041YE,0,True,146969,189.66173171493736,113.23325395286591,167.5245307623488,109.17840953453421
DFL-MAT-J041YE,0,True,78475,129.74240671223524,133.58487728737717,118.20621466014113,129.9432314892466
DFL-MAT-J041YE,0,True,33700,18.664057843814053,14.26697011130406,12.284148916432878,15.04399040490412
DFL-MAT-J041YE,0,True,167244,70.86345391440153,42.6447736256491,74.72331923054705,43.92357010179997
DFL-MAT-J041YE,0,True,171369,54.727149846982684,38.23488429675171,52.015914337580575,40.06562444990362
DFL-MAT-J041YE,0,True,100544,58.19106313749421,65.49559573027834,68.91846107127455,80.95099387702973
DFL-MAT-J041YE,0,True,35375,52.42574042158745,54.21908369227922,50.30136384658047,59.22256540880603
DFL-MAT-J041YE,0,True,65675,118.31971077353224,93.16835811288406,104.72105189061942,99.96950913599346
DFL-MAT-J041YE,0,True,76250,89.64067766843463,62.72132214433943,79.91215183233702,58.649183004875624
DFL-MAT-J041YE,0,True,47400,126.49559395265683,122.31035276573252,114.90752742030847,131.0214454263604
DFL-MAT-J041YE,0,True,47225,112.33064327507971,108.86472623667767,109.3878209481959,111.41551746865923
DFL-MAT-J041YE,0,True,11875,43.678860078577635,65.82580656542275,46.00574001559301,62.2220470232321
DFL-MAT-J041YE,1,False,168794,140.47926569161893,101.18575533392358,166.88966501057058,110.39990540131609
DFL-MAT-J041YE,1,False,46400,38.58555632329423,25.11270446961936,33.66594586354486,29.943761845887046
DFL-MAT-J041YE,1,False,133969,70.30326357595027,60.79434187844864,71.85886793036298,56.54267139282956
DFL-MAT-J041YE,1,False,133344,97.16289532967487,104.82212611483254,90.63125687814073,101.65405438506127
DFL-MAT-J041YE,1,False,105144,74.15948899116553,86.65385433401205,95.83806915371594,96.3577260496465
DFL-MAT-J041YE,1,False,134144,100.03987771260032,95.43927551631631,88.16940671832953,91.45412978814961
DFL-MAT-J041YE,1,False,31175,54.20206948002085,39.64846718695232,50.548346369872746,42.05720335962093
DFL-MAT-J041YE,1,False,79600,123.46118053370233,130.98735304741362,117.73509518332101,122.42331286117492
DFL-MAT-J041YE,1,False,134294,51.92286227427217,62.17055610973958,60.87609317462636,68.19409063434819
DFL-MAT-J041YE,1,False,66750,119.4035765550086,172.00644702464302,146.03705889151578,161.3409358468649
DFL-MAT-J041YE,1,False,108519,40.800452375633654,80.46571910656044,38.31078175261719,75.86584135572478
DFL-MAT-J041YE,1,False,29550,69.44371235806287,62.9893095292268,77.48989621595288,44.95184586272394
DFL-MAT-J041YE,1,False,168194,108.67256273328378,114.68445544371954,104.95882353838174,86.9911632172766
DFL-MAT-J041YE,1,False,172469,182.75335097701384,123.93528994798099,160.473941344876,107.96280317054782
DFL-MAT-J041YE,1,False,61475,78.9234445565605,54.675698996497836,82.60225920069959,61.436956230043464
DFL-MAT-J041YE,1,False,29575,86.13463147480951,83.29660125159343,71.40517905452542,79.89594037660953
DFL-MAT-J041YE,1,False,38025,48.115957033141626,64.87923425340101,49.06110070475182,58.598860826875246
DFL-MAT-J041YE,1,False,26375,65.30050932010991,77.77607621719706,61.43459191642245,77.77741601999298
DFL-MAT-J041YE,1,False,122419,45.57322739338219,46.33068319730845,49.61741211353679,46.0409290020114
DFL-MAT-J041YE,1,False,134444,73.0383469609432,52.82998941559235,56.75814515464476,30.35407670445181
DFL-MAT-J041YE,1,False,106819,52.28618838314597,43.174373371497836,50.528665840459745,43.56875271728727
DFL-MAT-J041YE,1,False,143294,99.92438731692047,103.98370636488045,90.31852713731153,98.82984296912188
DFL-MAT-J041YE,1,False,116869,57.323400964254596,41.10644046004117,53.13477178398703,43.757630901226534
DFL-MAT-J041YE,1,False,133719,31.76547398043196,75.31714439165223,36.86850403225416,76.02861382086364
DFL-MAT-J041YE,1,False,67775,71.23932410021972,109.77728659055143,71.11262548761702,120.75779115947985
DFL-MAT-J041YE,1,False,166344,104.15384989592393,143.58394270205875,103.17715590205529,145.9228608979138
DFL-MAT-J041YE,1,False,130794,64.54486578928581,51.37266761980212,63.59584552732578,71.67871680516713
DFL-MAT-J041YE,1,False,125769,96.42398445115819,78.46746651489124,62.79035013850327,77.0840922119518
DFL-MAT-J041YE,1,False,127944,106.47286800565173,108.35538048028484,139.65247074959456,125.6722351311232
DFL-MAT-J041YE,1,False,130519,168.8168569915484,98.80906532315642,160.55143784791227,74.40515345822817
DFL-MAT-J041YE,1,False,152669,75.96276964561993,150.77911700082035,72.87946508046284,144.0780290160686
DFL-MAT-J041YE,1,False,35975,95.86704110821911,90.01805965155286,88.08796807551128,61.73282041129305
DFL-MAT-J041YE,1,False,106744,34.773391181943225,40.761853056842526,33.0487303050314,42.46168433233157
DFL-MAT-J041YE,1,False,172319,51.522903207834936,70.57984837469188,51.952747030980106,52.21151207580862
DFL-MAT-J041YE,1,False,22250,76.89177771333713,84.52503868355862,78.62913606165985,77.21823293811553
DFL-MAT-J041YE,1,False,22400,66.70186161130398,56.002154135457154,67.33970606337067,54.36554271864544
DFL-MAT-J041YE,1,False,108169,34.46665383913636,35.92592356218841,35.411780726682565,37.29173353676195
DFL-MAT-J041YE,1,False,53925,136.27007783929184,84.04642449083188,200.63409618002774,128.8602459869729
DFL-MAT-J041YE,1,False,21825,51.10649313527613,45.23503077505141,50.104925732367086,43.902630704671985
DFL-MAT-J041YE,1,False,80150,41.92889305570628,42.17938370055266,39.389839895290216,45.02389329528967
DFL-MAT-J041YE,1,False,82150,136.03488142447137,131.74539805002678,148.896504118929,129.76941298779332
DFL-MAT-J041YE,1,False,43325,88.55742908339697,154.2325517922687,93.67335101392406,153.60232129400444
DFL-MAT-J041YE,1,False,156669,94.41443563964624,163.235863162821,112.82047786435456,166.92074855702506
DFL-MAT-J041YE,1,False,13300,98.1415066206514,124.47294779604864,97.38428599252786,122.06658954308458
DFL-MAT-J041YE,1,False,174969,44.953698980960276,31.405470892279233,26.960501340040036,18.811873960533852
DFL-MAT-J041YE,1,False,153494,131.61262621475933,133.8038765602865,133.34949288881816,131.48681563293488
DFL-MAT-J041YE,1,False,53650,137.65983960825977,114.69812686326026,123.24486946281628,104.62945784956443
DFL-MAT-J041YE,1,False,58725,94.31323184822264,80.8458575909602,81.16088748999104,81.72229435281656
DFL-MAT-J041YE,1,False,123194,65.57759715988101,35.02683872895393,67.1991826543095,28.801003317412608
DFL-MAT-J041YE,1,False,125544,150.5168560729133,146.31944537949127,123.43929254068472,123.00342291215156
DFL-MAT-J041YE,1,False,122869,142.22356546576347,129.66609411990672,122.91181519692243,116.46103946535833
DFL-MAT-J041YE,1,False,27275,99.10676618899086,106.12833866311698,103.67165140139024,110.63872685532213
DFL-MAT-J041YE,1,False,159144,128.63884469250965,118.36685088185213,106.57237363060395,107.82383739367141
DFL-MAT-J041YE,1,False,165744,67.48558824586928,55.39858947985569,62.05717738568415,45.54073996658508
DFL-MAT-J041YE,1,False,32025,48.39012099240373,34.07528686212033,37.95608731691285,31.479371917448965
DFL-MAT-J041YE,1,False,120594,57.41038370267297,63.57055778411384,55.51239099333654,57.30867943673437
DFL-MAT-J041YE,1,False,83450,53.24354957266469,29.21307757975018,52.32135593200274,29.2939154850945
DFL-MAT-J041YE,1,False,116894,59.864481833654914,44.32719060064261,60.90604757760215,47.40463024155754
DFL-MAT-J041YE,1,False,38875,26.18351466241801,36.430671847693645,25.177563422965566,22.673017022026816
DFL-MAT-J041YE,1,False,20250,188.9753852928292,132.94482553771775,189.6598692570872,124.5266751707091
DFL-MAT-J041YN,0,True,24150,93.16339576738021,102.29813842596936,109.83840584629048,112.32925386364663
DFL-MAT-J041YN,0,True,56500,79.71025438049142,105.38232306732439,66.92262901027928,116.06562187983144
DFL-MAT-J041YN,0,True,155700,227.97545226900715,102.06558246030632,198.76688873462248,95.18205686437047
DFL-MAT-J041YN,0,True,110725,81.01469167212464,74.44608696587639,67.45057670023976,60.02423232896377
DFL-MAT-J041YN,0,True,102400,238.36938845812065,210.07396366717157,220.63141450309035,171.71481039464052
DFL-MAT-J041YN,0,True,62625,47.0977046860575,78.77233759626607,50.231639794086895,79.3789796541933
DFL-MAT-J041YN,0,True,49875,101.2984367472381,72.95622872267579,80.98241620573702,64.70686414128927
DFL-MAT-J041YN,0,True,136525,109.53062743952444,128.4911651587771,89.83825329327749,114.30369817223563
DFL-MAT-J041YN,0,True,148250,42.753679799596036,48.98550911507161,47.726782744960076,45.46254304273806
DFL-MAT-J041YN,0,True,29425,88.50741248506604,111.7582076091981,98.19797783138306,97.86100879693667
DFL-MAT-J041YN,0,True,148650,69.94712099043652,70.79823910513294,70.76087994831647,67.81207437494247
DFL-MAT-J041YN,0,True,171625,151.23668278406663,98.75419613538594,134.13137744576534,102.65455364373966
DFL-MAT-J041YN,0,True,23625,94.79347176916966,99.15809002371692,79.60772487555761,107.8686567077848
DFL-MAT-J041YN,0,True,38425,126.97150733655828,131.48741134931984,141.99318069187385,156.26437910854344
DFL-MAT-J041YN,0,True,56875,129.12491848967835,96.76348896526972,99.30273813049712,86.98914392929758
DFL-MAT-J041YN,0,True,156350,24.687022891588708,36.99341331412275,33.46013392763512,41.121069019874895
DFL-MAT-J041YN,0,True,174650,21.7556291551969,17.42935710772065,31.132787404875838,17.553110468828514
DFL-MAT-J041YN,0,True,153250,121.07510266362087,117.73758965438154,93.7117894014961,97.08748090352064
DFL-MAT-J041YN,0,True,166625,136.3745052018491,118.33009457652817,115.69628095788273,107.38618626218525
DFL-MAT-J041YN,0,True,58725,114.20180682799463,108.80471874291342,121.66970259258368,118.52737149569147
DFL-MAT-J041YN,0,True,69925,99.76357813029267,108.84760528403419,105.0288157410804,112.0935725038418
DFL-MAT-J041YN,0,True,65350,106.89360305940642,83.30273463361799,100.371350989113,84.76806325010722
DFL-MAT-J041YN,0,True,160100,28.695262707705286,44.85189988089715,34.230061175735216,45.29988212780238
DFL-MAT-J041YN,0,True,110025,56.90599018122838,35.78299024309601,46.643454801344895,30.35222916109152
DFL-MAT-J041YN,0,True,75200,21.9102057801923,24.721269078230637,19.598332623634928,32.68589679296784
DFL-MAT-J041YN,0,True,35375,46.35423867207582,64.83899173782325,49.41140786921736,68.52049941035912
DFL-MAT-J041YN,0,True,124925,61.428977166282294,102.82141445314029,55.1407681484777,93.33914413432475
DFL-MAT-J041YN,0,True,171000,103.21739019788386,88.22168275386413,107.74869358849452,80.63692820499524
DFL-MAT-J041YN,0,True,157400,11.13072581542961,26.19533584054178,10.114144877356885,17.786412471818497
DFL-MAT-J041YN,0,True,12100,47.87923669352662,45.62767133156072,42.17508152584368,40.29724032428261
DFL-MAT-J041YN,0,True,176225,92.65442342524587,68.14154598581297,99.00149229269904,68.5516891441298
DFL-MAT-J041YN,0,True,127800,101.22633771047103,73.51760817416296,82.36832013369967,73.05223678286035
DFL-MAT-J041YN,0,True,136075,46.906106264,27.617548181092932,41.71456999265864,22.68047718514741
DFL-MAT-J041YN,0,True,117200,172.2519038287519,133.9800073083365,170.52705367834176,133.79219531741904
DFL-MAT-J041YN,0,True,44975,52.68291391056518,56.39469099580103,59.362259808756356,64.40466925848203
DFL-MAT-J041YN,0,True,22425,42.8616595643443,72.8615597121478,38.28068446679166,65.91123127042664
DFL-MAT-J041YN,0,True,157100,34.750961564023356,33.804126461235924,36.656436630256664,38.652007120319695
DFL-MAT-J041YN,0,True,47525,39.23220825051637,28.42242636236627,37.382223062263016,23.325908281666283
DFL-MAT-J041YN,0,True,103200,236.3158688658325,106.47316823218752,216.13173106158513,90.86624057420418
DFL-MAT-J041YN,0,True,44700,96.90981078440856,115.81850094991367,96.928783068134,103.11530291139236
DFL-MAT-J041YN,0,True,160850,145.27532704666874,151.20617013481584,147.054169063871,152.10978221172698
DFL-MAT-J041YN,0,True,16400,31.003045516003517,38.34951346100722,33.584539509308435,40.25653032458743
DFL-MAT-J041YN,0,True,115275,60.17364915238648,55.18762760645225,58.88215533115949,53.21479758033081
DFL-MAT-J041YN,0,True,176625,43.405545653140756,43.93571832608331,37.87718633531442,37.98623002896381
DFL-MAT-J041YN,0,True,176850,40.54918838667438,60.822079567240365,39.51195934920647,59.080240722397654
DFL-MAT-J041YN,0,True,152750,107.1193747596753,101.13853031660543,95.07044153734073,78.43637547457108
DFL-MAT-J041YN,0,True,58200,59.89918114366235,77.60166732781263,51.702285266494656,97.29441732183528
DFL-MAT-J041YN,0,True,66675,91.04686980072007,162.48360744784245,82.29439073097849,156.3041703860069
DFL-MAT-J041YN,0,True,103725,51.595117847607746,51.254993313713356,51.92666377099712,49.73300530677575
DFL-MAT-J041YN,0,True,178000,158.70083160869348,213.99792609267683,138.04622199883678,186.77214325656018
DFL-MAT-J041YN,0,True,23925,56.220800976538975,66.16702210272697,61.782937519779985,63.721494450164634
DFL-MAT-J041YN,0,True,12500,82.04270190423067,61.32234865055709,81.89237017219091,76.35315837193794
DFL-MAT-J041YN,0,True,29700,62.46579044967637,102.59699582161574,61.57073628765859,102.23875330382715
DFL-MAT-J041YN,0,True,11150,122.53742329818598,131.60279505122625,121.7644903004035,146.88553117816463
DFL-MAT-J041YN,0,True,159525,67.0535674731317,118.331846649938,55.61212743390559,106.71926888867202
DFL-MAT-J041YN,0,True,102425,233.06947695516627,193.56111004056274,228.2903599327096,211.56940112587893
DFL-MAT-J041YN,0,True,150250,76.46865826887255,91.40787625123123,81.94370679018947,65.39211122717757
DFL-MAT-J041YN,0,True,12525,82.0871745462374,47.02529346763439,82.89790843813434,54.66058807896012
DFL-MAT-J041YN,0,True,118750,77.32057998341129,61.42329949809072,58.708286496665565,65.94088668179398
DFL-MAT-J041YN,0,True,150650,73.31881211059223,38.49828588605264,90.34157791324101,66.55818422132495
DFL-MAT-J041YN,1,False,165950,78.94564509653539,62.02859105596966,90.48295074932099,54.40900734061188
DFL-MAT-J041YN,1,False,15700,112.83040496084993,86.92008980022388,94.35294392796342,86.30997209980467
DFL-MAT-J041YN,1,False,117500,171.00909896869138,146.17477915118013,164.47398973722647,121.28060812410497
DFL-MAT-J041YN,1,False,48050,142.8142779166775,144.85834127394398,141.8925417801039,137.03226622671335
DFL-MAT-J041YN,1,False,132275,46.826280745594836,37.11258856141391,49.32887827382756,43.29052497448169
DFL-MAT-J041YN,1,False,15475,136.61085789642593,51.85165395127988,142.34417065944808,64.45965783859663
DFL-MAT-J041YN,1,False,164775,173.57283236789982,167.84855226950225,179.7808190321864,152.06137166638064
DFL-MAT-J041YN,1,False,151475,35.01160170770961,38.715253408392655,36.761589657899606,47.66571886599761
DFL-MAT-J041YN,1,False,102050,91.54752271267529,96.83685726024676,60.806840494675164,67.47272987089947
DFL-MAT-J041YN,1,False,132900,66.05147935441782,55.671382759352134,78.5506595141609,61.20182571541952
DFL-MAT-J041YN,1,False,27075,32.575116534287176,86.32326011472502,36.13748935176348,83.00789550624135
DFL-MAT-J041YN,1,False,102950,107.20273637454527,119.03473488171767,106.46863155840781,108.22886428390161
DFL-MAT-J041YN,1,False,113125,115.08850033512726,128.97034849031652,123.25907574421237,129.1947118177526
DFL-MAT-J041YN,1,False,60800,72.81752035629327,76.24736024935957,68.19916970010112,77.41828692875342
DFL-MAT-J041YN,1,False,54875,104.12450174650084,78.09824405991087,115.49467977598373,75.92953731235603
DFL-MAT-J041YN,1,False,61400,50.71480622525931,46.2505807990445,40.79409037971511,35.75852847846139
DFL-MAT-J041YN,1,False,71250,31.77139689431807,42.291302951495894,22.50932766068579,36.58805711146398
DFL-MAT-J041YN,1,False,52125,160.07898721581125,167.03508670086939,134.6654367781878,143.65912828921412
DFL-MAT-J041YN,1,False,42925,62.49752531684973,55.90702327423689,59.540489331970456,54.09930270857603
DFL-MAT-J041YN,1,False,106875,103.58912747088874,120.74383341469931,115.31786971485168,126.39436979116493
DFL-MAT-J041YN,1,False,45875,71.54415112244665,51.81574173924327,64.41034727364999,47.836203727439226
DFL-MAT-J041YN,1,False,108375,99.84534499355469,106.10189090696271,141.55938891598908,129.88780554351047
DFL-MAT-J041YN,1,False,51850,67.06669579669646,33.98347563402937,70.80562651673985,37.07808981593986
DFL-MAT-J041YN,1,False,36775,85.57153583567343,65.6548905425094,128.94262006381638,90.70323573405774
DFL-MAT-J041YN,1,False,68800,119.45448583025909,145.89309465321634,121.61488175804347,133.31093089464161
DFL-MAT-J041YN,1,False,27975,187.25546469283188,153.9516816119581,181.5620502622295,120.35297212912667
DFL-MAT-J041YN,1,False,61925,50.350532944756615,39.3227549315343,87.03013526627322,70.17158891890287
DFL-MAT-J041YN,1,False,37950,88.9197732350499,95.69200605289058,144.1856200995285,112.37067290927268
DFL-MAT-J041YN,1,False,112375,90.62945720791005,79.55343915062346,90.44261538327379,83.5249295586712
DFL-MAT-J041YN,1,False,67250,21.272147463641314,60.295979836150615,32.640132397100224,56.69493846258848
DFL-MAT-J041YN,1,False,111550,91.86578033498459,109.52460496085065,67.40468855113996,97.99984376860934
DFL-MAT-J041YN,1,False,31400,132.11256698822376,120.73567920324192,149.73685663547084,151.2735054148535
DFL-MAT-J041YN,1,False,60750,68.62620584844967,84.10988025255361,63.491225328075316,92.85930581702387
DFL-MAT-J041YN,1,False,170825,158.64043682868186,139.821983391895,119.2698681550332,117.6551493965136
DFL-MAT-J041YN,1,False,143800,103.3606020356935,140.87784891422928,80.19129417057346,108.69333999698834
DFL-MAT-J041YN,1,False,107825,61.04078436075733,91.91295573129337,70.6154724589212,92.81907604474074
DFL-MAT-J041YN,1,False,172700,177.88328595385548,99.79878003854323,197.55940673281071,114.57722126883611
DFL-MAT-J041YN,1,False,102975,77.1595582548945,125.42300598518374,87.08220628941854,119.14622176679151
DFL-MAT-J041YN,1,False,138300,184.4108541996195,127.01005409137682,129.39869427878395,128.84658616975432
DFL-MAT-J041YN,1,False,35850,166.05123897339368,88.46297258571013,175.45337996923942,93.64631038093988
DFL-MAT-J041YN,1,False,75725,104.94110230218342,111.83569985779273,110.06871065363781,121.66776641082711
DFL-MAT-J041YN,1,False,128450,128.4181729424353,150.6887417637327,126.12449777401844,118.72561708732623
DFL-MAT-J041YN,1,False,130575,62.11113961638827,42.997463726601524,58.22878928706438,42.29988853075191
DFL-MAT-J041YN,1,False,130175,51.67791075740415,39.06623907882743,46.55160537221361,40.14243167446949
DFL-MAT-J041YN,1,False,122350,17.953152418749532,17.659975976146853,16.933301124165347,13.241748383438582
DFL-MAT-J041YN,1,False,55200,146.86616552013191,117.29857894705438,111.48427191334625,101.69337330737127
DFL-MAT-J041YN,1,False,148950,38.71243831274913,32.896656424974005,33.424430729779665,36.21365340652386
DFL-MAT-J041YN,1,False,63500,90.72959521564775,113.35682277706195,81.04767539925585,83.17056980139259
DFL-MAT-J041YN,1,False,130300,50.37152996117871,41.60686285987694,44.9603794270792,43.65126770277326
DFL-MAT-J041YN,1,False,73950,55.12167013124261,44.90381026654836,61.817452137252296,37.32462429368253
DFL-MAT-J041YN,1,False,101850,94.67515926219795,142.33312046025557,104.49038221855078,142.9626793704045
DFL-MAT-J041YN,1,False,180475,126.46131777284107,96.63633717476856,101.37929445236267,92.76000866052988
DFL-MAT-J041YN,1,False,30325,82.96849862360068,99.86161128328989,83.17286543998233,132.670106111865
DFL-MAT-J041YN,1,False,180875,168.01992415102032,110.33507165568669,167.47463316637962,112.51839453171574
DFL-MAT-J041YN,1,False,126125,65.27376750484962,91.49564603479875,45.493961541872814,96.45511665667351
DFL-MAT-J041YN,1,False,126450,98.87282256962406,100.4589091268398,58.634514505701375,81.44366204260545
DFL-MAT-J041YN,1,False,19500,105.4291139631242,77.42254084099437,68.48886469417734,92.88143591531443
DFL-MAT-J041YN,1,False,126925,141.0020304109879,114.15539632020024,148.2896651812219,123.0332311177284
DFL-MAT-J041YN,1,False,60600,130.74339372877847,65.37487631236901,151.62481617395062,78.43320449869071
DFL-MAT-J041YN,1,False,60950,68.65148819801244,84.8308121239656,56.69388400108828,66.4077310640564
DFL-MAT-J041YV,0,False,13700,68.57363851927656,68.42592597485115,72.77269314511331,72.58507535003577
DFL-MAT-J041YV,0,False,132128,139.60725820562595,86.42949947151293,94.63558274844955,62.12989086094895
DFL-MAT-J041YV,0,False,135028,84.5035111592393,84.73949053312079,84.74753462180048,77.42087776732654
DFL-MAT-J041YV,0,False,76550,74.00375041576353,45.651133188855184,51.756995040701796,26.057092462902833
DFL-MAT-J041YV,0,False,138728,127.96264515595381,113.385196882413,106.70615081612624,104.41936534111971
DFL-MAT-J041YV,0,False,51775,49.217698089489495,74.84063286882926,58.55494493678062,72.25439696957639
DFL-MAT-J041YV,0,False,73975,61.75257093246192,92.45643378787717,62.93011061405403,72.41077746635789
DFL-MAT-J041YV,0,False,14200,135.03667296042224,69.06901169170736,121.39322252905433,95.71904169780342
DFL-MAT-J041YV,0,False,121903,84.41519692150312,87.61718173080078,70.43665203571526,74.79425881383277
DFL-MAT-J041YV,0,False,26725,49.70444061346932,38.498535410962454,53.24437457563552,33.244662235103874
DFL-MAT-J041YV,0,False,67525,77.57859778811606,53.318305586991926,82.99389649405751,46.16664018415382
DFL-MAT-J041YV,0,False,15050,81.26953044986206,78.38735900545113,120.22124444083458,73.84969041658005
DFL-MAT-J041YV,0,False,158403,54.414643420812446,40.7935243453664,51.91703661781028,42.30084060830835
DFL-MAT-J041YV,0,False,154978,190.8464170417004,113.37761087783706,136.22367876238212,118.8084297247806
DFL-MAT-J041YV,0,False,148403,37.259567439470544,58.2158685826538,37.48984989795708,51.812675901965285
DFL-MAT-J041YV,0,False,78625,45.28371035887749,72.05468562654704,51.69808978913482,61.71611069141455
DFL-MAT-J041YV,0,False,133353,66.7366028919471,55.1961876964851,67.16508090412819,39.715664654909816
DFL-MAT-J041YV,0,False,151478,123.19904529125222,90.6593482519338,146.68737244654776,88.51907510451471
DFL-MAT-J041YV,0,False,135578,46.60083482032387,126.08632203171483,37.494800812428394,123.41257021877186
DFL-MAT-J041YV,0,False,169628,89.47738345771218,96.11278851595328,54.89308325520199,59.904354653363164
DFL-MAT-J041YV,0,False,168078,76.89578188256928,67.67919780794409,66.88716670843512,90.09440374708136
DFL-MAT-J041YV,0,False,105953,202.45073554597033,66.91135769062002,177.11770293860613,100.40275418284592
DFL-MAT-J041YV,0,False,73400,112.14815158459909,130.00242987044854,130.50362287320118,135.12727899492958
DFL-MAT-J041YV,0,False,48575,99.19083844886984,150.47904415714515,89.98936128055337,128.73099438866444
DFL-MAT-J041YV,0,False,149353,48.37382762526385,45.00271649672474,33.7452466060451,49.890617842106025
DFL-MAT-J041YV,0,False,133103,72.5212430954513,40.18714761619886,69.34238723564981,33.025893743436065
DFL-MAT-J041YV,0,False,52125,89.96076327735862,82.66896158691414,73.28429857026302,65.49965431833621
DFL-MAT-J041YV,0,False,18000,136.42687569600818,127.96874770019431,135.82775878134296,132.59972182476116
DFL-MAT-J041YV,0,False,52075,45.34543917479072,32.442503044911525,52.057047481406286,32.84735023609597
DFL-MAT-J041YV,0,False,26800,49.612010004275824,50.89368158817548,53.73788324862728,49.35924450369632
DFL-MAT-J041YV,0,False,115078,63.28502482763162,135.09108962532406,59.30956322319571,117.61917097803602
DFL-MAT-J041YV,0,False,158503,83.10498734618578,76.50259647249219,89.5085205683417,81.11140661357749
DFL-MAT-J041YV,0,False,122528,64.79517823544747,60.71149660878755,67.48285969921926,58.9262448501784
DFL-MAT-J041YV,0,False,148153,106.12054760486906,119.34359848270593,120.80594426616688,126.60681683382235
DFL-MAT-J041YV,0,False,29900,41.908355305992636,23.744512630836148,36.73737722229745,24.99430654061665
DFL-MAT-J041YV,0,False,104328,47.9240493939172,26.273978929878034,53.88847376958946,34.3965944591009
DFL-MAT-J041YV,0,False,55275,136.0629754226837,93.86844114784296,99.57787308720603,69.42706777734237
DFL-MAT-J041YV,0,False,23525,145.47447937452625,105.31518074025044,78.29866121642199,114.28019565256676
DFL-MAT-J041YV,0,False,60300,102.74201158974348,72.04720371225707,94.79279750126408,64.05487369292743
DFL-MAT-J041YV,0,False,138553,126.37599176915134,128.50126680134366,110.60872761259688,112.44426176524097
DFL-MAT-J041YV,0,False,49250,124.93186322399416,128.4120541845768,127.93563307160103,109.34936202673028
DFL-MAT-J041YV,0,False,123428,117.01166405994717,125.98631264450889,89.54237691585668,125.97479152448669
DFL-MAT-J041YV,0,False,70725,103.08854378719599,114.78198724384141,98.84098859800986,123.82359449795494
DFL-MAT-J041YV,0,False,28950,74.97673376712933,64.05864313327261,69.22734350975412,56.4188901210502
DFL-MAT-J041YV,0,False,73825,133.74945098329272,175.37991528489732,109.82473575235694,161.20386602412628
DFL-MAT-J041YV,0,False,132603,88.7423723973097,124.20341327862717,72.79379804054958,77.13512352614063
DFL-MAT-J041YV,0,False,76050,89.61744851840484,65.10403559971665,108.94052356833856,91.43895143350979
DFL-MAT-J041YV,0,False,37050,107.36084539226489,107.99613822499467,97.0448464212125,98.8006343643288
DFL-MAT-J041YV,0,False,166878,87.98740038076023,76.0825210420374,106.43998690084234,93.01169065973814
DFL-MAT-J041YV,0,False,138853,128.02255751856563,100.44543491786776,121.17262134170055,104.94012775042887
DFL-MAT-J041YV,0,False,135878,23.239635183485984,27.599794042726725,20.798213536049325,24.48813218665474
DFL-MAT-J041YV,0,False,61850,15.34767792283977,10.699005414796924,7.863643346289783,15.104351503901846
DFL-MAT-J041YV,0,False,79350,76.82237573359089,74.23703258188992,60.6160122828354,62.93432347024842
DFL-MAT-J041YV,0,False,167278,75.13084198577691,101.23913100651855,77.5307668824358,102.28835094325987
DFL-MAT-J041YV,0,False,13525,46.313279948286215,39.28764686725741,63.025653193084096,56.199556896992064
DFL-MAT-J041YV,0,False,148203,74.82824138965377,108.92492247639636,82.5007744746988,110.90499996258548
DFL-MAT-J041YV,0,False,84675,79.14160658232784,50.28493435315453,75.62875018519858,49.65565980296919
DFL-MAT-J041YV,0,False,128853,55.765987826747484,39.60244521754651,54.95381063431908,35.65797755781758
DFL-MAT-J041YV,0,False,27125,86.20218713533933,39.79938140116587,82.66268325874304,32.5726149249736
DFL-MAT-J041YV,0,False,131428,82.96295318375687,71.14828880130122,73.14934182276583,71.71368423777034
DFL-MAT-J041YV,1,True,170528,32.474281923985444,28.96584401157425,35.96065182356596,26.792993952670976
DFL-MAT-J041YV,1,True,106628,60.087963217098114,77.5560385867156,67.63235095933203,81.38722162227862
DFL-MAT-J041YV,1,True,154428,96.0225072410924,69.25852875860492,124.90360323955736,63.67671391504932
DFL-MAT-J041YV,1,True,135678,72.25395899899489,67.4936713524164,56.77225895785528,80.6654009831624
DFL-MAT-J041YV,1,True,16575,159.2637363471742,178.51685542094273,169.46549056304445,188.5631103990211
DFL-MAT-J041YV,1,True,58575,57.76525335620184,55.89454264602308,57.342348238100136,55.623159778312036
DFL-MAT-J041YV,1,True,154853,188.93637072265804,113.35689447649042,104.0477257528757,77.3507310315533
DFL-MAT-J041YV,1,True,22075,62.06843590199927,62.6659536541026,55.33317324781413,55.24348473673591
DFL-MAT-J041YV,1,True,22325,29.581218101409696,34.12585963038014,23.33225907832534,30.54899076853909
DFL-MAT-J041YV,1,True,134678,33.85315825867148,38.75587915677621,31.3836752722672,25.964787517601085
DFL-MAT-J041YV,1,True,46375,53.47572344025223,33.72876132436152,50.68581718134405,38.65829043677986
DFL-MAT-J041YV,1,True,156953,142.3641036969435,108.7153793251729,113.31365773093748,129.26003949026097
DFL-MAT-J041YV,1,True,55600,64.43265860907601,61.77671969530805,69.53799077420055,72.81649444039644
DFL-MAT-J041YV,1,True,115453,107.58263104809372,69.32110386374475,110.25815784177982,75.6333386277642
DFL-MAT-J041YV,1,True,46225,53.94917349941492,50.008888163014674,54.747061757493555,50.96308300636244
DFL-MAT-J041YV,1,True,56900,105.67983495342405,114.68007176269249,105.16710889737587,112.62782012273834
DFL-MAT-J041YV,1,True,35075,49.13612893159187,46.16399291851283,37.47412883155384,34.95736402001556
DFL-MAT-J041YV,1,True,125028,61.25606803419309,57.09673504351284,67.28454988896377,88.43262807494705
DFL-MAT-J041YV,1,True,157503,80.83617583081032,57.38191461075526,99.69481148482843,69.16139107887427
DFL-MAT-J041YV,1,True,151503,141.61081131580897,161.68274455339534,145.75589099939234,138.44096848789152
DFL-MAT-J041YV,1,True,53350,95.90600293100947,91.58914995043335,98.48512989288257,115.72651523237973
DFL-MAT-J041YV,1,True,77950,124.22061798150993,147.02649125225153,121.70651470927591,145.68667507966632
DFL-MAT-J041YV,1,True,150428,128.72580342838063,129.72268567666944,133.6479795906629,127.46796162302529
DFL-MAT-J041YV,1,True,56750,55.641500597903416,39.09546750656173,57.91106229657516,29.172154671357443
DFL-MAT-J041YV,1,True,102228,52.07517063655483,50.96028205031938,48.9678172865958,47.74935804144503
DFL-MAT-J041YV,1,True,125153,69.57419427235482,43.3318580598292,61.222451930617744,80.14638080619272
DFL-MAT-J041YV,1,True,20375,56.13223894028288,41.83525903790283,51.76442451157516,39.89631643171027
DFL-MAT-J041YV,1,True,125578,63.87173198516036,45.867103027980946,67.21873506144071,49.1579125440068
DFL-MAT-J041YV,1,True,102103,24.285637570259144,21.404918797106955,26.572947926530503,23.651871669317206
DFL-MAT-J041YV,1,True,22450,63.36124635128719,72.37132034285352,27.77677440013958,43.047455075418874
DFL-MAT-J041YV,1,True,19025,43.257320946751115,50.312738619106845,53.05127914263822,80.33426758144957
DFL-MAT-J041YV,1,True,157878,61.27968411738802,180.92048297228905,52.600737660413685,197.09455382217416
DFL-MAT-J041YV,1,True,170328,50.96477227324733,51.82496750206048,42.49579248136958,62.38515291811636
DFL-MAT-J041YV,1,True,75200,53.72828955329293,43.57141257290269,63.452159111163596,56.96778305155393
DFL-MAT-J041YV,1,True,51300,82.77816580551246,152.44693661095363,82.56348840456147,153.43876886474257
DFL-MAT-J041YV,1,True,55825,92.07634863813145,169.09738234411466,68.11028435730269,101.73220659334329
DFL-MAT-J041YV,1,True,69175,40.62267027446047,91.07327459074921,39.96584077282769,91.91391646254608
DFL-MAT-J041YV,1,True,32000,24.350364906787284,43.635501195947526,18.846711566321698,52.28598249580661
DFL-MAT-J041YV,1,True,166478,59.46459845484953,32.51749266442283,65.43443015882563,30.351118539207658
DFL-MAT-J041YV,1,True,152478,129.00644393809688,124.71673239561038,116.55586907250964,107.16545965877329
DFL-MAT-J041YV,1,True,161778,115.40346919086716,99.13878049565534,175.0498970354574,140.99082144055618
DFL-MAT-J041YV,1,True,71625,79.14392887541943,69.8565888520387,106.34504890563313,79.92723724714756
DFL-MAT-J041YV,1,True,72525,73.08430698710085,38.62225962873315,59.94169575013865,45.21964240611005
DFL-MAT-J041YV,1,True,46250,43.88996768980187,34.377651471733515,46.45565422063639,42.02980491538675
DFL-MAT-J041YV,1,True,102903,50.09153726536085,32.38357066611146,46.70783558463521,28.474957279346587
DFL-MAT-J041YV,1,True,21400,27.296070412836347,41.79221208873995,24.102546934562323,44.05547739930468
DFL-MAT-J041YV,1,True,37750,68.49746440286002,59.46699368195869,77.38225530075174,63.10747325970547
DFL-MAT-J041YV,1,True,124903,102.23341984127052,94.7980950287693,82.5923458210339,84.40261771309898
DFL-MAT-J041YV,1,True,133278,130.2670389265157,149.55708205921096,124.5290951918555,137.42670848030178
DFL-MAT-J041YV,1,True,53650,201.48765617688008,173.95634500775282,197.46551832662175,163.00045677510636
DFL-MAT-J041YV,1,True,77150,59.853836531594744,86.0082753242315,75.332951618545,66.68118190469788
DFL-MAT-J041YV,1,True,116103,168.78612742239338,146.26668570217058,153.86697088736545,123.52582663912415
DFL-MAT-J041YV,1,True,53200,119.11539615397992,153.24939206182307,101.82095132428208,158.03338849411085
DFL-MAT-J041YV,1,True,72575,82.52228803490698,54.880811226934895,65.35353768168254,45.41719581679901
DFL-MAT-J041YV,1,True,46150,49.83597575494421,48.69858046313145,56.61689192721726,51.12874796266055
DFL-MAT-J041YV,1,True,102978,49.21558473865797,41.07170377442112,47.83975327743355,30.556683014279628
DFL-MAT-J041YV,1,True,84875,178.2087361367336,101.09560152528657,161.8550940312436,76.89490844002762
DFL-MAT-J041YV,1,True,46350,55.737232917404825,39.917070439348386,57.725057411288425,47.92724109106032
DFL-MAT-J041YV,1,True,157003,148.15273434494065,75.26116910012806,147.60411237780406,79.70667771071204
DFL-MAT-J041YV,1,True,119078,80.14153143637431,74.13722610512632,78.32623540525937,67.10696948785576
DFL-MAT-J041Z5,0,True,50200,76.65858599912869,87.3410442448339,82.15960760910697,85.09626463418978
DFL-MAT-J041Z5,0,True,136226,151.64765465564008,123.60773150311688,123.10586991537669,120.55130055270043
DFL-MAT-J041Z5,0,True,123601,64.57081852021895,61.56140692223551,48.11910850602634,57.413737764423466
DFL-MAT-J041Z5,0,True,125276,207.3028959909421,142.43688283683863,194.71244493501158,112.43948845302386
DFL-MAT-J041Z5,0,True,177601,97.82625155132743,78.49166704701351,79.21876578812747,59.729797735637824
DFL-MAT-J041Z5,0,True,79200,76.46582494443699,63.80257532698957,90.1512593344094,94.9039703040151
DFL-MAT-J041Z5,0,True,24525,61.19264769877065,67.66239261635837,64.96060366011557,68.32296099338323
DFL-MAT-J041Z5,0,True,41525,97.32918175231346,89.93724259911156,92.08562038044126,81.53826334333634
DFL-MAT-J041Z5,0,True,106451,142.25375927139797,166.38344640835055,175.34338134984137,159.88844002500394
DFL-MAT-J041Z5,0,True,121601,77.12652009937356,74.6656415451332,62.670549806145914,57.147143727249656
DFL-MAT-J041Z5,0,True,24700,65.02421957734326,72.35798364951211,55.48325340649632,68.77424298125784
DFL-MAT-J041Z5,0,True,122176,15.191973469521372,17.19839404943706,16.08916818776338,17.3906204392277
DFL-MAT-J041Z5,0,True,12150,117.41116380042813,102.97818749680302,120.5214478524853,107.30150589126521
DFL-MAT-J041Z5,0,True,25700,76.31817087604055,49.39491546661133,78.76870793395355,41.05239116730821
DFL-MAT-J041Z5,0,True,61875,57.75737748931937,53.76303929621126,64.32410968386996,54.74271284723243
DFL-MAT-J041Z5,0,True,137501,58.97181373672793,55.8609521916419,56.658111072757684,56.148929107817864
DFL-MAT-J041Z5,0,True,81150,66.76937288108533,67.38486049841121,66.88472477497939,72.46807696319404
DFL-MAT-J041Z5,0,True,154726,37.13282737378704,36.982708724424995,34.65245963553674,36.91332563085341
DFL-MAT-J041Z5,0,True,177251,179.0470892995947,110.91903452735062,131.43533054730295,101.44652656823557
DFL-MAT-J041Z5,0,True,23200,88.11598905058992,66.16282521916148,95.09873971358297,78.07154700423003
DFL-MAT-J041Z5,0,True,81550,114.91079994954114,100.15773915714549,116.50490221211408,101.56424460445167
DFL-MAT-J041Z5,0,True,103351,75.75640595070838,60.32137300754089,58.63531967359681,49.35910041660842
DFL-MAT-J041Z5,0,True,168126,46.50527410925182,66.55325485849782,68.40000345752526,52.59869347160008
DFL-MAT-J041Z5,0,True,157401,95.68290253066267,151.40419388242663,103.45138755646839,168.77246655908934
DFL-MAT-J041Z5,0,True,145276,29.65249680291319,52.866620420804075,42.35900765996957,46.02162447071178
DFL-MAT-J041Z5,0,True,115426,58.24026664058476,51.33733869347075,66.32836913682591,50.686907762497356
DFL-MAT-J041Z5,0,True,142351,105.04538844407426,58.12341465057715,108.41724690243056,62.754473195165225
DFL-MAT-J041Z5,0,True,15425,53.787467637836826,57.43468594399245,54.4582326262942,57.40799723186334
DFL-MAT-J041Z5,0,True,138801,142.05244625906585,109.87347413942838,120.83139598892278,157.72142225377527
DFL-MAT-J041Z5,0,True,143776,67.64524903787405,156.17631586761834,84.7133556866968,145.75411124579173
DFL-MAT-J041Z5,0,True,136876,71.85570439170999,50.724160589591214,75.1908446003274,54.471084949834115
DFL-MAT-J041Z5,0,True,53500,76.47314030503591,77.33738866189398,58.258462431675134,56.84333994030964
DFL-MAT-J041Z5,0,True,22850,58.9609951216466,66.35371292090342,50.20387287999682,78.60671533512648
DFL-MAT-J041Z5,0,True,12325,147.78412515009435,135.2060325260694,104.47780103857541,117.56850929796545
DFL-MAT-J041Z5,0,True,163201,160.21146965701845,170.30683260380806,137.63190890123684,168.29470420100876
DFL-MAT-J041Z5,0,True,127701,92.23461331259362,106.17371077270764,76.67239079177374,103.33153308021191
DFL-MAT-J041Z5,0,True,157201,163.35129329121122,183.25887128593862,152.06933200824696,164.79969629886713
DFL-MAT-J041Z5,0,True,13875,48.54323457664713,51.14426720371013,49.49709353460255,52.505519323758655
DFL-MAT-J041Z5,0,True,39075,174.30245862543012,120.02238101371066,178.74271120023215,117.5892807064858
DFL-MAT-J041Z5,0,True,38700,80.8313814762174,131.28462856622113,95.83720534328268,122.29992740630479
DFL-MAT-J041Z5,0,True,101526,36.828635342048294,55.66362497001624,38.607472825289186,52.367866371833315
DFL-MAT-J041Z5,0,True,137426,50.50260612374717,50.3407771289617,49.13490555214834,50.821142958616
DFL-MAT-J041Z5,0,True,115226,129.00647323490918,78.76143802385155,93.09270370390655,49.76439187119244
DFL-MAT-J041Z5,0,True,164301,112.27254772409168,106.44935717950752,121.78446948951299,120.35585622595461
DFL-MAT-J041Z5,0,True,108951,96.09207191060823,92.15182290459936,66.45378332835014,74.43528229741604
DFL-MAT-J041Z5,0,True,37925,46.05134746863759,32.10221886654243,44.803040983222026,40.05689707817178
DFL-MAT-J041Z5,0,True,102251,34.191593212823044,44.20888982789628,36.188937853798286,44.605374964147614
DFL-MAT-J041Z5,0,True,14450,88.22893817548895,107.01563854827752,86.61872118902997,108.65989828482323
DFL-MAT-J041Z5,0,True,156776,51.40399197109266,41.21910310577675,46.94145477147084,42.080861066981804
DFL-MAT-J041Z5,0,True,84475,130.85745692878345,97.4510923969173,163.0344160209367,113.20218600655828
DFL-MAT-J041Z5,0,True,148001,131.77477675262148,104.34815100430087,121.56878366579515,108.07800740956644
DFL-MAT-J041Z5,0,True,143651,125.69236130332428,145.82131227908712,121.03028898903841,130.3513548062804
DFL-MAT-J041Z5,0,True,139226,79.20106153670791,90.03609883830165,63.72340374679804,76.55324928082649
DFL-MAT-J041Z5,0,True,137676,49.34826263123626,60.57212893231098,51.14198433897872,58.09164810768481
DFL-MAT-J041Z5,0,True,153776,22.806784538811534,24.227755771247526,27.10048313490443,24.235103134576264
DFL-MAT-J041Z5,0,True,13850,56.72786668082647,56.96327896418271,54.89296576237644,55.01319943718399
DFL-MAT-J041Z5,0,True,51775,126.40480792467962,129.6163516267644,146.58399447639874,98.1921229719701
DFL-MAT-J041Z5,0,True,34175,86.44750840260645,80.5386335429104,119.17047188833791,113.40448212588308
DFL-MAT-J041Z5,0,True,37300,123.72279745247236,133.5329991240538,120.03736120344898,123.76645714417609
DFL-MAT-J041Z5,0,True,28975,95.42158960731959,118.76859701480299,77.16029452993273,105.01399037321394
DFL-MAT-J041Z5,1,False,109701,116.97617708058789,177.43681432832213,119.31814555341842,164.7723259887453
DFL-MAT-J041Z5,1,False,48250,110.12581447798097,147.7713086817337,84.82008543737729,147.34582439046497
DFL-MAT-J041Z5,1,False,85900,165.82399510121815,136.78744858453567,134.7845670651544,113.01804566002953
DFL-MAT-J041Z5,1,False,159026,21.701715010878566,25.555998341810838,22.457488151451145,29.330362705872645
DFL-MAT-J041Z5,1,False,19575,123.13535531878236,122.44412750177577,123.25209157958206,131.65025599367914
DFL-MAT-J041Z5,1,False,20400,109.24165334564951,95.63601681548957,110.75224435282287,82.36201295796448
DFL-MAT-J041Z5,1,False,158051,61.99539903774494,87.24645484684085,65.72584855289189,83.92164063395043
DFL-MAT-J041Z5,1,False,24025,162.43820669039545,111.26145181333328,125.33020775333347,109.29497111471144
DFL-MAT-J041Z5,1,False,133976,125.50675251275759,132.4030299233075,184.73492590536517,164.2766657053391
DFL-MAT-J041Z5,1,False,157801,65.05940705613865,54.537062892233706,57.31050730421458,56.12912898553731
DFL-MAT-J041Z5,1,False,16275,196.01359093387617,166.65674448187264,182.25575554183527,149.98817903193165
DFL-MAT-J041Z5,1,False,32050,101.94161816010448,147.54093706548326,119.19824392603907,90.64500693241341
DFL-MAT-J041Z5,1,False,19625,105.8655304621042,84.6944931257951,98.35572892843402,82.12689139660112
DFL-MAT-J041Z5,1,False,15725,41.35496407166653,42.02893430866571,39.70238748126787,43.523431817936526
DFL-MAT-J041Z5,1,False,110701,129.27424462567154,130.98049580646168,113.13045474958481,112.98003444348458
DFL-MAT-J041Z5,1,False,73350,5.66966720910108,13.94612480789549,9.517542910754978,10.157180530889054
DFL-MAT-J041Z5,1,False,48450,104.08617367969882,63.41433028768341,98.15668184283902,75.6493721975527
DFL-MAT-J041Z5,1,False,132501,126.74308283708086,141.33983260613388,132.02816283331146,161.7071079157749
DFL-MAT-J041Z5,1,False,32500,129.75634375448368,87.22621806572067,133.54724431008597,92.68214623620472
DFL-MAT-J041Z5,1,False,73000,65.85560501576056,65.64819032801609,71.61383108414178,68.07023570928052
DFL-MAT-J041Z5,1,False,135226,176.09000699982448,156.5327023791728,128.35600511250124,129.66708682391987
DFL-MAT-J041Z5,1,False,64775,40.89030250946437,36.60364008610668,38.660868860222664,35.81975734891439
DFL-MAT-J041Z5,1,False,133726,130.60967501667676,112.31514624056075,122.01830164773791,98.41702601584953
DFL-MAT-J041Z5,1,False,56900,31.777498697904942,48.97247015595767,31.818052624441222,48.077284403574936
DFL-MAT-J041Z5,1,False,119651,185.2284938051268,94.3588875888873,164.19448982927517,93.36610190110736
DFL-MAT-J041Z5,1,False,19775,85.77623594626382,131.76271373371378,79.84093605774852,129.89929110382622
DFL-MAT-J041Z5,1,False,59800,6.425199614652246,9.284924378104233,1.8514112049293772,9.806737086759457
DFL-MAT-J041Z5,1,False,58900,42.14669210500804,39.37728296720016,42.809160236722605,40.441474662607376
DFL-MAT-J041Z5,1,False,181726,56.33494713191597,113.02835505013677,55.178278237964726,118.3394349785672
DFL-MAT-J041Z5,1,False,111201,52.76548244209703,36.90823731840497,45.000497264288434,46.22829491920961
DFL-MAT-J041Z5,1,False,75300,82.24185705790158,69.22423066359944,71.80773075981752,100.92024952924258
DFL-MAT-J041Z5,1,False,38600,147.385474518026,115.95097255558201,122.74347530975334,100.74451659283048
DFL-MAT-J041Z5,1,False,69825,138.04829662595913,144.03601642171813,123.39849405177947,170.10087711071628
DFL-MAT-J041Z5,1,False,129151,113.53003322875557,152.1922153613384,118.30122475016603,161.4313658702385
DFL-MAT-J041Z5,1,False,167426,205.58172855094637,139.2142609058612,205.66040407062212,135.5767235606728
DFL-MAT-J041Z5,1,False,182126,47.31137422684347,77.28899250115076,36.53955380150058,77.17330272251917
DFL-MAT-J041Z5,1,False,179526,90.78002409544294,149.99140758650418,106.06717251848497,170.8964448378124
DFL-MAT-J041Z5,1,False,58875,44.08928157305404,43.885186534870826,38.37560853870989,36.36883275103165
DFL-MAT-J041Z5,1,False,110576,149.70109982048976,106.72353313258023,165.0143596546139,136.0814067833751
DFL-MAT-J041Z5,1,False,158376,48.442274947126975,43.58044958503637,55.28762045224365,47.67206191223863
DFL-MAT-J041Z5,1,False,175776,40.54420731858107,45.77817789496227,40.90385455849421,46.87660121227556
DFL-MAT-J041Z5,1,False,20750,155.0624608207388,111.68531349126127,95.42883954879632,58.109517799304804
DFL-MAT-J041Z5,1,False,74625,141.4158148526155,126.32279510582345,116.5890364800072,110.61352236569422
DFL-MAT-J041Z5,1,False,133526,113.50077385856073,116.05234353274871,83.22173357588366,103.16922505463563
DFL-MAT-J041Z5,1,False,162426,30.192467732589805,67.49596328066319,27.3167426130161,64.0868935308988
DFL-MAT-J041Z5,1,False,13150,34.35672944035765,43.126590178961486,36.194418058541906,48.0424605211028
DFL-MAT-J041Z5,1,False,174626,30.114426736733844,42.95975118312501,27.95254559997342,43.890895176801536
DFL-MAT-J041Z5,1,False,60350,15.360342435392747,47.867740458144006,7.644570373972965,9.332274658093768
DFL-MAT-J041Z5,1,False,105151,62.754341847991384,59.44482370051453,69.95918176470529,65.29997343149215
DFL-MAT-J041Z5,1,False,64575,39.44281982211411,45.5479763367529,43.0298866684752,41.784014403375444
DFL-MAT-J041Z5,1,False,45175,103.69351268882767,105.56073682464277,115.0609646000232,104.93765182625388
DFL-MAT-J041Z5,1,False,70575,135.15290143049745,106.80012065648968,128.44396076691297,116.85215484792836
DFL-MAT-J041Z5,1,False,40425,110.0944642175521,89.70408550196791,148.91481920759875,115.35061991338233
DFL-MAT-J041Z5,1,False,25300,143.77752416514573,127.52861924818316,137.67692182220063,120.37911237760585
DFL-MAT-J041Z5,1,False,59975,14.767686018955365,16.014289669726924,17.594195535764193,16.844914670685956
DFL-MAT-J041Z5,1,False,31325,35.38963248793401,36.48665320045168,35.39315502221714,46.454526838577884
DFL-MAT-J041Z5,1,False,130076,104.38282785219442,95.39987620220825,93.16201900022955,96.98907562173943
DFL-MAT-J041Z5,1,False,10375,188.51481492891418,153.56510191170494,176.87248978957726,130.24408714516738
DFL-MAT-J041Z5,1,False,162401,25.798188501884646,63.45005178544493,30.221955256272118,57.234139888840524
DFL-MAT-J041Z5,1,False,15875,126.33613458092337,120.60509136886282,125.70648284299871,108.2744756844765
DFL-MAT-J041ZD,0,False,84925,53.03778049718853,23.34042823030969,76.91508160686786,52.87710622213486
DFL-MAT-J041ZD,0,False,103183,33.24874036988493,38.87131886925883,30.007447836277812,43.112250628544714
DFL-MAT-J041ZD,0,False,172783,137.3840150262717,125.17178407690085,127.34958825104043,116.21253061943197
DFL-MAT-J041ZD,0,False,46600,40.88142552634194,74.92156107090287,44.89435047729536,68.05933194114805
DFL-MAT-J041ZD,0,False,166283,32.683003957599155,42.52038704184267,31.7968231194204,38.46395852298835
DFL-MAT-J041ZD,0,False,18875,90.20329578101746,88.52800350587118,138.24749541878163,107.82256712328827
DFL-MAT-J041ZD,0,False,40200,22.995000549814492,25.874197970817804,27.480537112042956,20.53665820563628
DFL-MAT-J041ZD,0,False,168958,127.58376236195832,113.64719011606948,77.93575149549002,71.44938398384308
DFL-MAT-J041ZD,0,False,45650,65.31686667910047,80.67527553978907,69.91141444196556,84.47167828814742
DFL-MAT-J041ZD,0,False,23575,144.7917106287149,80.12333607363641,164.36564346121676,76.37569223644549
DFL-MAT-J041ZD,0,False,77525,48.01553029367342,45.60759225592711,44.995851634071364,38.69029957706836
DFL-MAT-J041ZD,0,False,72700,207.94464395511207,172.19270519359907,203.84238265141164,157.71974769367776
DFL-MAT-J041ZD,0,False,173533,49.683230440350826,56.90760886521754,59.94070561067589,58.79958478898491
DFL-MAT-J041ZD,0,False,144733,69.14856934831089,58.7351522773804,64.80415521311586,48.05857663028789
DFL-MAT-J041ZD,0,False,28650,115.26092635687857,130.38688624924936,121.956141929203,122.68260268576398
DFL-MAT-J041ZD,0,False,135583,52.636885845897716,50.23475538833223,61.12069406844381,59.308286855946896
DFL-MAT-J041ZD,0,False,37725,183.98085767107324,158.72334410405318,191.4276124157978,179.04393091353947
DFL-MAT-J041ZD,0,False,58575,39.240022817389324,48.13773486755712,36.9415311334349,46.734752749350584
DFL-MAT-J041ZD,0,False,135958,23.982920356396857,19.160646880694195,20.82620065249745,13.45338292097028
DFL-MAT-J041ZD,0,False,62075,39.095487608159296,20.741031871081766,36.33188245518382,19.685538060012096
DFL-MAT-J041ZD,0,False,18475,162.79572545007508,88.54139044551336,149.6417200342392,91.4005294694343
DFL-MAT-J041ZD,0,False,175458,62.58661878491891,72.21441114357019,65.94446708977172,80.08840779642587
DFL-MAT-J041ZD,0,False,47425,41.99481550631918,22.84290261979282,13.825432174064987,6.463318976699771
DFL-MAT-J041ZD,0,False,149983,36.618640850290575,58.561190973793074,32.39773342639639,61.930210036521004
DFL-MAT-J041ZD,0,False,146183,122.38869426509976,135.47208507560302,73.46650394522837,81.13786800778352
DFL-MAT-J041ZD,0,False,66100,123.5985749477596,91.55964893576314,108.63700869901677,91.30636358116209
DFL-MAT-J041ZD,0,False,149433,52.163687968360875,75.38384891642373,51.40418001942774,76.75087423181179
DFL-MAT-J041ZD,0,False,43400,140.49572951350558,155.7668946972326,164.31984114118168,176.22797939801987
DFL-MAT-J041ZD,0,False,102833,48.73936064424205,42.19078432560327,42.01648331931646,30.527760844892907
DFL-MAT-J041ZD,0,False,84675,61.479211030897,92.64302142935877,90.31915992983026,97.3049413890598
DFL-MAT-J041ZD,0,False,104108,151.489197017326,128.54476526653994,146.53641363257157,115.11159350278812
DFL-MAT-J041ZD,0,False,80950,34.70822522559248,67.90102165793512,27.136292880389703,60.09172214330926
DFL-MAT-J041ZD,0,False,30100,121.47596227768923,110.94633194809886,140.12813731506728,121.41377783988911
DFL-MAT-J041ZD,0,False,58450,84.1354605991426,77.6322620967864,78.66997039871598,79.48751252934247
DFL-MAT-J041ZD,0,False,100008,65.74989340107683,90.28805855560539,36.13271126771338,65.52647513099176
DFL-MAT-J041ZD,0,False,159258,148.2808811648153,136.99349554367927,130.05104398471175,126.20400762448986
DFL-MAT-J041ZD,0,False,11150,156.83955903157948,146.0893456434771,194.21739554082438,139.14972942894317
DFL-MAT-J041ZD,0,False,44600,145.30552470344008,116.16154914504354,131.6108385518065,124.34255090218974
DFL-MAT-J041ZD,0,False,69750,45.460245927849854,40.14038066998878,43.78278955097652,28.51781407478966
DFL-MAT-J041ZD,0,False,39400,48.938353929569494,33.77005288199005,39.852872014622335,30.83197349089967
DFL-MAT-J041ZD,0,False,65075,87.01574956646543,94.1126021610799,99.03394211989118,95.74783248186746
DFL-MAT-J041ZD,0,False,38825,53.00954030093072,34.42484934192593,45.262447528048256,37.30281112511524
DFL-MAT-J041ZD,0,False,26900,164.21380567287082,109.79489999098507,98.57269876744716,78.27944662466408
DFL-MAT-J041ZD,0,False,100858,83.06609000149271,68.2026273549797,77.91251737168052,54.182989414177555
DFL-MAT-J041ZD,0,False,135783,88.31676118978656,77.14409765884582,106.40790915834619,94.23837498396874
DFL-MAT-J041ZD,0,False,124808,148.51356454566664,107.29779130364335,146.7412352714309,106.36270095342022
DFL-MAT-J041ZD,0,False,136033,113.05152435429862,72.37683428167098,99.16137519536443,69.26575380983992
DFL-MAT-J041ZD,0,False,28150,63.48436336606971,66.43197082696145,56.54862893377445,52.875368807998356
DFL-MAT-J041ZD,0,False,35400,65.360644830984,73.48448193661575,113.35600502479033,84.62096775974913
DFL-MAT-J041ZD,0,False,135033,121.67692925506451,119.50802422372995,139.2427694795552,137.8087315918036
DFL-MAT-J041ZD,0,False,149658,39.306103617641156,50.45620014592465,35.174076795460515,48.795225617681105
DFL-MAT-J041ZD,0,False,160983,54.655231158864076,36.82122567981492,46.66702737589463,34.424481096781975
DFL-MAT-J041ZD,0,False,55175,54.46405555265421,170.531602109678,72.40428489600322,178.6798373938508
DFL-MAT-J041ZD,0,False,53425,173.3401030436201,145.98374856935698,146.86220506264763,160.29750417134173
DFL-MAT-J041ZD,0,False,60800,133.71583985601154,97.93930073543774,142.77274952188117,107.10671063348543
DFL-MAT-J041ZD,0,False,11350,135.88164866632724,55.44361412144645,106.06639436724573,64.95083246637729
DFL-MAT-J041ZD,0,False,54500,33.72557825384729,70.2624408548863,42.955730285849704,51.683951956997966
DFL-MAT-J041ZD,0,False,79825,109.86915337771988,78.97267340290693,150.64236693326353,111.95181033593911
DFL-MAT-J041ZD,0,False,105583,129.83567502196206,109.02118617458711,96.41370403135913,81.39263977847975
DFL-MAT-J041ZD,0,False,171308,43.731488645278006,47.00544616881304,43.521606525669654,42.36458091205734
DFL-MAT-J041ZD,1,True,115883,158.88064215278803,160.7907655629721,132.51399610367207,181.72104121269635
DFL-MAT-J041ZD,1,True,124183,85.61819392660531,80.90066620849075,91.82546973260968,82.78316106894218
DFL-MAT-J041ZD,1,True,52675,113.98952076685559,87.82839921623108,120.68577308364193,85.15087191085453
DFL-MAT-J041ZD,1,True,127008,43.63085457304966,35.897021770671586,33.45066908125308,36.52601921175899
DFL-MAT-J041ZD,1,True,63900,156.49430890428533,144.2299685113941,125.6023728391023,135.859843414813
DFL-MAT-J041ZD,1,True,130183,121.3616076441412,161.77660356920913,95.22637994556109,159.23985042997333
DFL-MAT-J041ZD,1,True,172258,92.57417773539983,77.5388831986959,103.37765154108206,73.62446607971775
DFL-MAT-J041ZD,1,True,31550,31.15975721049771,31.607875831532258,30.6025985402463,32.11401092807379
DFL-MAT-J041ZD,1,True,11975,120.03447651433746,106.45088808713103,153.19375728069508,129.0592096877818
DFL-MAT-J041ZD,1,True,141608,21.79303151140745,19.942276570717766,12.463588848579228,7.649244732442076
DFL-MAT-J041ZD,1,True,12600,38.93000515244866,28.90837746540461,27.337671694954338,31.847650022694257
DFL-MAT-J041ZD,1,True,153708,84.04496423854316,43.313642220966834,60.041955166303175,33.60397940456059
DFL-MAT-J041ZD,1,True,143108,47.22538218883197,44.19660502117153,46.52276450594676,45.46617754225742
DFL-MAT-J041ZD,1,True,139258,114.48940231509486,149.7744658295756,118.54731250683355,165.66958242061844
DFL-MAT-J041ZD,1,True,65500,60.0002123420408,53.61583038100277,61.842127990936,58.86097466247245
DFL-MAT-J041ZD,1,True,122083,33.479369787778424,18.79545023845641,32.63074578523737,26.850233562365798
DFL-MAT-J041ZD,1,True,122908,37.06450594175616,47.148107689548574,48.43804583373378,58.15504195582007
DFL-MAT-J041ZD,1,True,33300,90.41065433398207,71.53357272591393,71.15399574939639,64.32198720438798
DFL-MAT-J041ZD,1,True,154708,67.39055072999228,43.31099214362038,72.00393476348155,55.028210146734246
DFL-MAT-J041ZD,1,True,118758,46.1102850360599,48.04824403661334,44.761903749964745,39.55079422869135
DFL-MAT-J041ZD,1,True,123833,141.20759507862277,202.6371941462682,132.22791291327462,194.62525932622313
DFL-MAT-J041ZD,1,True,122208,34.18666621348824,49.498947085495864,34.63800757865373,41.63488218614357
DFL-MAT-J041ZD,1,True,43525,50.17344834271891,52.96317350234485,46.332178689215084,47.19078165365086
DFL-MAT-J041ZD,1,True,159033,193.17970382239338,167.64433181693744,184.24859416998817,166.0058224076696
DFL-MAT-J041ZD,1,True,170233,144.9703782593558,130.81198351763055,147.2108176107984,101.87156668329527
DFL-MAT-J041ZD,1,True,55950,132.17703956492576,104.8136198551276,120.86444160564517,92.891916536354
DFL-MAT-J041ZD,1,True,128083,114.08102241628727,116.65935627030889,136.29827437777215,138.19120822976953
DFL-MAT-J041ZD,1,True,167433,111.44080416523663,111.29706479237826,92.61972644651917,98.21419728374892
DFL-MAT-J041ZD,1,True,144883,82.51502580572324,110.20490028801629,75.41629908171547,100.51875679026134
DFL-MAT-J041ZD,1,True,136858,175.67829716508112,137.66240372017717,158.85975648840065,121.04863724912323
DFL-MAT-J041ZD,1,True,153833,135.9310860963783,124.17364805156868,127.80086732037641,129.27884119358106
DFL-MAT-J041ZD,1,True,108158,93.87682223710644,104.32420922501474,102.96431523013958,124.18944242768175
DFL-MAT-J041ZD,1,True,130408,80.57419608541335,77.34858310341663,71.87876057356466,71.66984767962965
DFL-MAT-J041ZD,1,True,109983,47.539309317028376,45.564996521822636,44.284135298012046,49.268349514457626
DFL-MAT-J041ZD,1,True,13325,50.91971240350817,28.929352461971707,51.75591001109065,27.57085483758073
DFL-MAT-J041ZD,1,True,117983,119.72942556125547,120.7007525741729,106.26917925638297,139.08660573638122
DFL-MAT-J041ZD,1,True,20400,10.770555980135954,16.32124992319006,8.07493628831628,6.644854429379618
DFL-MAT-J041ZD,1,True,138633,68.54351644975658,62.93183025883175,57.041480052846524,59.79074150176296
DFL-MAT-J041ZD,1,True,15100,63.21828405111146,47.48413277971022,71.14283935445513,58.675315873061066
DFL-MAT-J041ZD,1,True,114558,68.28439863752294,79.81429325920244,79.85109682700043,75.86197166828923
DFL-MAT-J041ZD,1,True,21425,154.23970182348918,129.46035211453028,129.05815662874477,130.64794875842878
DFL-MAT-J041ZD,1,True,108258,145.30819211895255,131.98981665580249,159.42339861035916,151.00068995622726
DFL-MAT-J041ZD,1,True,60725,91.05301059317473,111.0574317275387,84.81372823786894,119.90934531511722
DFL-MAT-J041ZD,1,True,115058,55.6135546474921,144.91946820887608,69.91228862356616,108.48841452636299
DFL-MAT-J041ZD,1,True,75125,82.72009739106706,82.55782026460038,98.70685571617005,112.34206220936699
DFL-MAT-J041ZD,1,True,41475,69.00915338462609,141.77791081578454,63.018622926042184,148.6985730596394
DFL-MAT-J041ZD,1,True,21150,55.52443064174047,55.76461268360794,36.22021078310268,38.9190702277415
DFL-MAT-J041ZD,1,True,174708,140.96171189619747,98.21919537274954,116.82007854702651,89.09957504974001
DFL-MAT-J041ZD,1,True,81175,77.25996470354414,118.73452652438127,81.3598606491021,123.04913208496497
DFL-MAT-J041ZD,1,True,120658,50.09190976701832,108.46100012022276,82.94976815263854,92.48947830002207
DFL-MAT-J041ZD,1,True,16025,160.85938678535544,112.90290081873307,139.7828306414823,91.8233889645402
DFL-MAT-J041ZD,1,True,53650,155.61648461026846,115.62251620701899,160.00956957840717,106.93951086883983
DFL-MAT-J041ZD,1,True,139733,75.21453024769463,83.01880304580739,73.61459104232021,79.9873558768051
DFL-MAT-J041ZD,1,True,154733,58.49910929189126,42.269087862618065,62.91504630348167,40.21822697978753
DFL-MAT-J041ZD,1,True,74300,100.384078428449,182.48016596860575,79.46831931168919,169.57252049770338
DFL-MAT-J041ZD,1,True,122008,107.3992657519041,104.14991023924671,131.1848677250632,130.9085644987835
DFL-MAT-J041ZD,1,True,81075,74.69875284518866,143.54810867125636,71.45265987401409,143.44265748912972
DFL-MAT-J041ZD,1,True,33700,83.42011696167793,151.41250117987394,103.85727600683009,169.32241489105846
DFL-MAT-J041ZD,1,True,156883,22.02060488786321,24.391870958135485,19.149937005303872,20.80542602282286
DFL-MAT-J041ZD,1,True,120908,61.656794276636724,29.28075717660169,57.88384195115731,37.2210781288706
DFL-MAT-J041ZN,0,True,131579,52.523056212203194,74.54742163206579,74.74882763510739,124.79417401771826
DFL-MAT-J041ZN,0,True,171804,173.0013027818933,91.3710032376917,171.70963383900568,114.8970375497037
DFL-MAT-J041ZN,0,True,115079,99.89919384078641,52.83750125802174,106.12496433926471,73.78524028634676
DFL-MAT-J041ZN,0,True,150179,209.3342785863133,149.86354004568332,138.3946343596426,147.9161144856881
DFL-MAT-J041ZN,0,True,76725,140.82066128148222,135.5104031141437,110.78806857987277,99.12171309980602
DFL-MAT-J041ZN,0,True,166529,58.48979689726389,113.6106799867748,59.92491463625646,116.14009379084644
DFL-MAT-J041ZN,0,True,127954,178.3037512849506,68.53262330685325,147.47593053759718,67.0225661770196
DFL-MAT-J041ZN,0,True,26350,72.6925207985944,86.02510539637534,99.95631911997008,85.59986618159081
DFL-MAT-J041ZN,0,True,37975,42.25347378865226,32.43224568323506,37.31691882799934,23.978252014698
DFL-MAT-J041ZN,0,True,47075,85.55404264529474,83.71716850901785,67.35994343988443,59.27048609356364
DFL-MAT-J041ZN,0,True,100779,130.81308592928778,128.73669723787424,92.10573877620455,136.90140398775688
DFL-MAT-J041ZN,0,True,67025,17.003407377077853,14.064457207221352,16.390325185475245,14.905043104543777
DFL-MAT-J041ZN,0,True,120279,48.63862508845125,43.45532507006924,51.144467236523546,47.07304293835219
DFL-MAT-J041ZN,0,True,80225,83.18929454705862,109.73862987114997,71.87670195189382,60.774943398983886
DFL-MAT-J041ZN,0,True,141079,128.89305582165804,105.7749911309895,114.37903072423609,84.20540792072929
DFL-MAT-J041ZN,0,True,161504,61.37159880754449,58.527790119526685,60.437215137740836,64.37095725563518
DFL-MAT-J041ZN,0,True,155929,73.95007102615355,76.87672840993082,62.33692661391524,81.50436498431239
DFL-MAT-J041ZN,0,True,154929,46.29559816038078,68.81810220970799,51.798537965825204,73.02779146289123
DFL-MAT-J041ZN,0,True,136079,217.83591406269332,194.74755258885946,204.71638637857953,173.9774625204081
DFL-MAT-J041ZN,0,True,81475,43.00071051112672,15.758757609822446,42.38432346704078,16.397226364455715
DFL-MAT-J041ZN,0,True,70225,166.1605459251961,65.00656814169928,160.2545539442756,58.885465219101384
DFL-MAT-J041ZN,0,True,42425,85.85136910160323,94.21229938766439,96.66111944917421,93.0071044248937
DFL-MAT-J041ZN,0,True,17550,160.28384926998135,95.14660864663644,140.9259557907331,119.10076749800197
DFL-MAT-J041ZN,0,True,164429,143.43393699730788,120.49744957167134,116.65820740144345,115.22548682204325
DFL-MAT-J041ZN,0,True,150129,63.329017756156155,93.03352028780657,69.31241754110826,59.972951868355736
DFL-MAT-J041ZN,0,True,130929,93.93543728963574,97.01502521180417,81.86195306100637,76.67263714872328
DFL-MAT-J041ZN,0,True,141729,125.13414175938442,113.5953608501454,126.45458281088038,104.25041032718394
DFL-MAT-J041ZN,0,True,138379,108.70486912353614,58.313940729075924,90.20760735066368,84.69501340773121
DFL-MAT-J041ZN,0,True,166829,39.055544515376816,47.52165447499289,40.25350945327273,50.1993351905662
DFL-MAT-J041ZN,0,True,129679,43.75683906935312,59.40842905303052,48.00187567856307,65.89793353866118
DFL-MAT-J041ZN,0,True,169029,34.19100853559707,23.247102473282713,32.21253956184819,21.903290150414332
DFL-MAT-J041ZN,0,True,160954,101.89816233640104,89.38610903278607,80.46130725374566,60.06041762975803
DFL-MAT-J041ZN,0,True,57850,90.30519582621848,73.17670447572549,98.89861504424124,76.53260676377694
DFL-MAT-J041ZN,0,True,168379,51.765859942327495,20.576687449035735,55.36300886746297,29.212457403507603
DFL-MAT-J041ZN,0,True,155954,58.89254624189832,78.44647105581258,68.44838294594453,77.24232920261112
DFL-MAT-J041ZN,0,True,175479,92.69283993234568,114.7473124825622,87.16224083951634,113.50987347573478
DFL-MAT-J041ZN,0,True,20875,96.83853291237072,53.34450316470875,95.20313212811548,58.52208071944557
DFL-MAT-J041ZN,0,True,156029,57.68183659416619,60.10606186051752,41.50258846966593,58.35758472857845
DFL-MAT-J041ZN,0,True,110454,109.64249871273009,75.98490445167175,105.08263075024404,80.19124413694644
DFL-MAT-J041ZN,0,True,63300,48.21414167232442,40.83282030359349,52.623166650404755,45.98754505386423
DFL-MAT-J041ZN,0,True,61675,136.72861253847498,101.63329608702425,139.28118815326454,103.91588155798702
DFL-MAT-J041ZN,0,True,19350,75.19616955458494,44.494305648198406,56.55321263348379,43.67930704897057
DFL-MAT-J041ZN,0,True,133454,88.9087832446445,103.30756186156198,92.8194084744756,93.12258765225862
DFL-MAT-J041ZN,0,True,149379,48.56348131433581,51.71241329338208,42.28376915343364,49.08272432578435
DFL-MAT-J041ZN,0,True,173254,232.9763528515189,206.2249462506252,203.27400206794945,197.16822286224564
DFL-MAT-J041ZN,0,True,175004,121.17783225445608,106.55899426276059,116.1325805914368,71.68127809524027
DFL-MAT-J041ZN,0,True,166654,21.505134013992585,64.86357821737523,17.93348889874081,68.83360420939935
DFL-MAT-J041ZN,0,True,35450,26.714331609401174,17.90289865073435,7.089031324052226,13.669597845568445
DFL-MAT-J041ZN,0,True,153779,104.08710472641916,49.84478971568364,90.71892441663499,36.824326974470765
DFL-MAT-J041ZN,0,True,106354,112.68626167810005,165.2464595289829,101.97184927687346,137.2623249667823
DFL-MAT-J041ZN,0,True,135629,101.55516274693896,131.87515810559404,64.79508324643788,114.48535115656374
DFL-MAT-J041ZN,0,True,34650,125.22404315750863,74.54570564298103,118.28018836574815,74.86749717921698
DFL-MAT-J041ZN,0,True,15200,96.13549571359093,93.10760945853076,98.22395371721295,99.53551994455704
DFL-MAT-J041ZN,0,True,28575,35.11730860077855,44.70661268558811,39.42304508291604,40.80858579368939
DFL-MAT-J041ZN,0,True,19175,62.95355936774724,37.69902706960241,66.02752263244321,37.625152163390155
DFL-MAT-J041ZN,0,True,68250,71.11817840177773,50.87905830284352,68.40768553247685,51.678894028374415
DFL-MAT-J041ZN,0,True,32300,88.18385963288112,68.43452309055614,89.28709549800793,70.0774783514885
DFL-MAT-J041ZN,0,True,44250,186.01638103761528,173.45153037230878,189.18854410335945,172.34557456437602
DFL-MAT-J041ZN,0,True,43250,90.9945463152204,78.37462345204237,56.52916382448929,75.07869207450015
DFL-MAT-J041ZN,0,True,168554,42.456893118641354,59.295537021039145,30.012290511354614,60.90929146610732
DFL-MAT-J041ZN,1,False,83675,120.49753504924907,100.25743351697038,133.7589228066161,92.53724169240789
DFL-MAT-J041ZN,1,False,51700,52.63709422285504,63.98984054066683,49.9000508660942,70.71705973718859
DFL-MAT-J041ZN,1,False,114079,87.61383466910631,87.47056712442335,74.27241361499513,75.17663056068409
DFL-MAT-J041ZN,1,False,112954,126.61254670728636,101.75164733904866,124.9816346533524,117.1278637132235
DFL-MAT-J041ZN,1,False,151054,75.67335903500444,42.2303997717333,52.817402026037435,49.099514597558745
DFL-MAT-J041ZN,1,False,48100,65.97722836080614,75.89551758192357,64.59617391656563,77.02919564696379
DFL-MAT-J041ZN,1,False,129929,100.25012701576267,113.29793529459346,113.1810463078722,119.74183656564989
DFL-MAT-J041ZN,1,False,105129,171.12305432515387,126.2778875037179,120.762571793362,128.50386851191755
DFL-MAT-J041ZN,1,False,147004,44.45879801890433,45.910532122807545,46.31917729489436,39.98878018473871
DFL-MAT-J041ZN,1,False,26100,61.534280024076104,75.27140034280029,88.94517067973557,93.62682404076317
DFL-MAT-J041ZN,1,False,118354,57.196601950442506,85.60186110051049,47.3637376028268,74.45310050566829
DFL-MAT-J041ZN,1,False,117929,74.84665604536129,115.32867542769175,55.33891701192132,124.23276849855984
DFL-MAT-J041ZN,1,False,104179,64.61482406225844,62.79718369599426,69.02542620169314,60.80242881625278
DFL-MAT-J041ZN,1,False,12050,76.70616668216651,52.36381852863255,76.16684720987178,47.94309425479404
DFL-MAT-J041ZN,1,False,74275,83.06875819717848,75.30131167729157,84.28951378645411,88.36919764159802
DFL-MAT-J041ZN,1,False,41725,97.46974145417573,62.38811681045689,99.53140224240083,69.58921287681845
DFL-MAT-J041ZN,1,False,143254,47.430417019525336,39.93647145765513,44.548088892435345,35.978000826999384
DFL-MAT-J041ZN,1,False,126529,71.912309031805,48.51222736204125,66.2861289506095,50.58260870485701
DFL-MAT-J041ZN,1,False,41350,48.07399264977389,59.21951327776371,48.1935818708458,60.836656195544826
DFL-MAT-J041ZN,1,False,55050,117.11289176839757,105.94242335124189,127.59692323277635,119.65850419717489
DFL-MAT-J041ZN,1,False,165454,40.63970182434598,56.681509585932105,39.85495606692924,61.50293846079412
DFL-MAT-J041ZN,1,False,34225,36.18595610474486,40.238755121063996,26.191315879669933,31.932152733580693
DFL-MAT-J041ZN,1,False,24500,118.49501482919977,84.08945299653313,92.89427936855851,70.10400102535
DFL-MAT-J041ZN,1,False,132254,37.15803033532583,61.046506026298594,24.62045426488136,53.06593875287737
DFL-MAT-J041ZN,1,False,120729,41.809086874998656,44.30153878297788,47.65926686270946,47.329165846081445
DFL-MAT-J041ZN,1,False,63675,56.09704397746411,23.897912670940734,51.5857510428465,30.8358296434739
DFL-MAT-J041ZN,1,False,13300,58.83270031012259,90.52278981605684,57.678201314888014,88.88950579760602
DFL-MAT-J041ZN,1,False,74475,96.98771765718915,59.98383180635611,129.81207950824535,73.64638548553012
DFL-MAT-J041ZN,1,False,60100,54.90694102564385,111.28440409988127,70.52856084769314,137.5327753991852
DFL-MAT-J041ZN,1,False,58650,74.90728998115378,130.80709317209087,43.64797536462319,129.46847126404683
DFL-MAT-J041ZN,1,False,20400,91.97224450710806,178.7851586376388,90.82134206144552,172.44745035767096
DFL-MAT-J041ZN,1,False,73550,71.73832802353463,62.236758649941955,59.33775817488139,59.4826165348953
DFL-MAT-J041ZN,1,False,10500,123.86528741969371,118.02751639853666,132.57360984304447,129.60136059205578
DFL-MAT-J041ZN,1,False,113429,182.43617485063317,100.45920626537165,156.47014008010305,125.00444849610331
DFL-MAT-J041ZN,1,False,76900,54.805855112539476,114.05863506691836,53.127918086755784,119.64130924330027
DFL-MAT-J041ZN,1,False,58800,199.4061243208144,156.40175448316867,180.94681074722172,154.77129180869824
DFL-MAT-J041ZN,1,False,14175,166.95269207669614,152.90174528181936,115.66680663280796,80.96244130277262
DFL-MAT-J041ZN,1,False,123154,131.78006314938222,124.85558312033254,112.45952057828865,131.3970992880152
DFL-MAT-J041ZN,1,False,40825,37.59415001137592,57.62704833295194,33.45239551446518,60.770171854888616
DFL-MAT-J041ZN,1,False,139379,46.89672049906867,40.53897537041994,42.834634257330656,43.43181629212619
DFL-MAT-J041ZN,1,False,150404,115.31385574541983,163.5960659669184,119.58636051458545,171.4065431647565
DFL-MAT-J041ZN,1,False,126004,190.8807583395897,121.68633248258877,176.63087236275737,110.59739710339615
DFL-MAT-J041ZN,1,False,76800,80.41347398115934,58.093327403713644,76.22411091626655,38.69489074805278
DFL-MAT-J041ZN,1,False,140279,252.55345893650585,184.30242325513117,206.38870818347206,158.69141992515344
DFL-MAT-J041ZN,1,False,176754,148.66610888834535,113.7988181450932,156.24417152658972,119.79999966799538
DFL-MAT-J041ZN,1,False,152954,162.42484885050715,128.27164784839195,177.88095462147157,128.30424285968047
DFL-MAT-J041ZN,1,False,114829,159.61470933759645,140.95789486625554,168.41993385400156,133.36336671013322
DFL-MAT-J041ZN,1,False,64900,78.21211601719624,93.20984164520188,77.74321315456176,95.70227035880255
DFL-MAT-J041ZN,1,False,28225,110.78074746350795,134.91845862109244,87.63051293920815,112.54019077319835
DFL-MAT-J041ZN,1,False,120779,36.13645107441646,44.62753079923462,31.866902138572303,47.30636057725667
DFL-MAT-J041ZN,1,False,12925,142.3792194382507,162.88992470668475,118.81812303188693,154.91301850276466
DFL-MAT-J041ZN,1,False,33500,36.07205286942018,62.13650874425725,37.48703974154426,59.40650030311038
DFL-MAT-J041ZN,1,False,31175,62.0401217184496,82.91177504466738,54.78821408492855,70.63368389597952
DFL-MAT-J041ZN,1,False,56650,26.177349421368884,21.36962131458518,23.27887311146641,24.378097710791618
DFL-MAT-J041ZN,1,False,49400,33.56478933479034,26.948889974428436,34.34687351182229,29.841203662962048
DFL-MAT-J041ZN,1,False,165279,28.17751497866135,135.50546367404996,28.033513016595524,143.16021353512465
DFL-MAT-J041ZN,1,False,20125,89.32251302240853,90.1359415103375,87.90354404368755,85.14931502009206
DFL-MAT-J041ZN,1,False,60925,94.1913215859984,88.1572261036166,91.9201739277764,88.12522892771457
DFL-MAT-J041ZN,1,False,113879,88.19734001562057,92.7909456087817,57.370681581374335,50.28991178579988
DFL-MAT-J041ZN,1,False,116629,19.951159190629365,16.969460592311666,20.441076868338428,16.4198405547588
DFL-MAT-J041ZQ,0,False,66600,90.93777652965235,47.177531672007426,70.80469882099416,40.46025497865864
DFL-MAT-J041ZQ,0,False,158521,125.05888874299899,110.33758055378141,126.32670139082352,98.32590481791354
DFL-MAT-J041ZQ,0,False,104746,40.85405733091121,35.175679207510434,38.805893352697645,31.108792601731714
DFL-MAT-J041ZQ,0,False,142571,33.12674445600593,39.68868091470779,36.84400041313446,39.760129784730765
DFL-MAT-J041ZQ,0,False,160796,101.9221221874703,131.76867759879755,116.57357352369608,152.25239556818227
DFL-MAT-J041ZQ,0,False,43650,148.37810322575774,147.1080778375298,134.15192997745245,153.86397917365986
DFL-MAT-J041ZQ,0,False,56900,191.30848003343587,148.19009168087592,201.73660058208074,144.64709181482888
DFL-MAT-J041ZQ,0,False,158796,49.441721024208135,36.006509385505375,46.30183951728266,31.324406983114486
DFL-MAT-J041ZQ,0,False,108996,228.98216639140284,214.182027592313,187.6123828438624,199.1739866180795
DFL-MAT-J041ZQ,0,False,57125,162.5562214593599,170.459510092301,141.93006955102396,149.25376958927092
DFL-MAT-J041ZQ,0,False,65825,64.22002604647004,62.07972934017498,65.4650120837874,78.82831828626527
DFL-MAT-J041ZQ,0,False,136671,47.0017956926605,100.20167525775308,33.64607564923373,84.37665518794104
DFL-MAT-J041ZQ,0,False,79350,17.77142077409732,19.845807743280947,23.702902019592642,24.838959528142148
DFL-MAT-J041ZQ,0,False,117196,64.18727376250878,112.8341179964498,58.91791846047223,86.09102556114371
DFL-MAT-J041ZQ,0,False,100296,212.0331257422885,170.99729451567873,184.6250701917912,109.42490447252449
DFL-MAT-J041ZQ,0,False,115896,95.52930654176463,85.13926361772239,91.69888283235785,95.66874907774752
DFL-MAT-J041ZQ,0,False,130946,56.723375188209886,48.976643144236306,58.04067123409809,58.35033381203403
DFL-MAT-J041ZQ,0,False,75000,122.60170237936785,106.06949512830089,107.89881306986904,99.30815683051053
DFL-MAT-J041ZQ,0,False,109421,64.27783645283962,54.712774722307145,63.837503731326535,50.318174692158806
DFL-MAT-J041ZQ,0,False,22325,30.84905565311927,30.29726312594915,26.87976398544779,18.327499343801723
DFL-MAT-J041ZQ,0,False,143396,27.953672367435033,55.42324685930612,27.701783674878,48.05920339704455
DFL-MAT-J041ZQ,0,False,112196,41.94877685137309,34.7423608320676,49.4727111872278,41.142404151081955
DFL-MAT-J041ZQ,0,False,172821,38.45190661446245,44.090477998425165,44.50661587314686,38.074645830517326
DFL-MAT-J041ZQ,0,False,36925,34.618628638966435,50.02950277389322,40.59413640891578,52.65067870873207
DFL-MAT-J041ZQ,0,False,19975,63.313548989169874,60.99441651059064,60.86264473680185,62.90461587001902
DFL-MAT-J041ZQ,0,False,29700,27.326844121282715,36.276260152060225,39.56356462810136,47.10912304392882
DFL-MAT-J041ZQ,0,False,126921,19.141717660010272,20.96474886030761,9.484951441384474,12.277321778904051
DFL-MAT-J041ZQ,0,False,154071,105.14430189039341,69.43718941586866,83.01099152763723,58.4772744244369
DFL-MAT-J041ZQ,0,False,164146,112.89001248690627,96.76874894671253,106.53927538727547,82.9817236371825
DFL-MAT-J041ZQ,0,False,60825,8.97855639473226,10.206685713573645,8.530234466638133,9.578318562217069
DFL-MAT-J041ZQ,0,False,153871,76.32307257005691,120.46668537214855,65.48144567612249,136.4672606620607
DFL-MAT-J041ZQ,0,False,35775,65.44361422470632,71.09672994319614,70.9314723978243,57.144323564411124
DFL-MAT-J041ZQ,0,False,106871,146.1066815051605,130.93410176661143,142.2607918694612,129.13131290398763
DFL-MAT-J041ZQ,0,False,42250,73.0906374841613,58.43377073012063,69.76912595744693,56.41451091496744
DFL-MAT-J041ZQ,0,False,156171,85.23445947704114,87.78716803358147,87.81285559213259,91.14309856758759
DFL-MAT-J041ZQ,0,False,160471,159.4657780641996,100.45962171776209,206.87597037812344,162.72058188138504
DFL-MAT-J041ZQ,0,False,57525,49.18290264071521,57.44588753730499,65.56042352638242,55.56261587540298
DFL-MAT-J041ZQ,0,False,148221,80.86605682163173,57.90305230992048,93.82663483655683,86.01506319184793
DFL-MAT-J041ZQ,0,False,57475,98.60890950774254,57.74866103841632,101.1364227714887,55.38093947540336
DFL-MAT-J041ZQ,0,False,147096,52.88277276811271,34.899432820219495,48.65206616566074,45.239005582441784
DFL-MAT-J041ZQ,0,False,41200,38.144288700404964,36.242657272096714,41.0074170302907,50.14962041255315
DFL-MAT-J041ZQ,0,False,105971,58.928713488889656,30.83661334179128,49.38956997278665,37.563471429742954
DFL-MAT-J041ZQ,0,False,130521,53.10273641548257,30.379520865763144,54.69246166700142,32.53216026689009
DFL-MAT-J041ZQ,0,False,49875,138.65757550108304,77.83708377814477,103.38005657629371,56.0984516777688
DFL-MAT-J041ZQ,0,False,131246,83.87132510642012,63.84327573499225,80.64356234003475,86.5510849854711
DFL-MAT-J041ZQ,0,False,49500,39.81434764196175,54.1706275562246,38.32082156130032,56.75227898232234
DFL-MAT-J041ZQ,0,False,49425,34.867885169664255,77.54983520728103,31.330135739733933,83.90729422625654
DFL-MAT-J041ZQ,0,False,156271,99.8403943125367,83.55329248677837,82.86178896919564,76.9532240375865
DFL-MAT-J041ZQ,0,False,41300,120.44246805051142,160.21439675035455,131.94598616695717,151.44888097420957
DFL-MAT-J041ZQ,0,False,56850,109.57974718908399,138.0510532429037,53.32912657374908,115.02786544873454
DFL-MAT-J041ZQ,0,False,144221,56.5898805355624,115.09771117508902,42.21083415331916,106.383342512161
DFL-MAT-J041ZQ,0,False,157221,77.63827340290607,124.01491659851739,69.35281525962706,122.5653270218428
DFL-MAT-J041ZQ,0,False,123846,118.80823818911256,130.98723889249212,83.75555780496816,116.42172044024582
DFL-MAT-J041ZQ,0,False,132771,40.86838450104948,33.31095057592142,33.38164995863795,30.44982613959266
DFL-MAT-J041ZQ,0,False,148571,186.8097789969652,100.23673595399707,152.12428004528735,148.53128291311066
DFL-MAT-J041ZQ,0,False,157121,72.59926777333884,112.19224421005619,67.94875958032601,149.099472980942
DFL-MAT-J041ZQ,0,False,173296,22.139239455422874,22.345758047814787,24.077386812817807,27.266137210239084
DFL-MAT-J041ZQ,0,False,40000,43.779404050280206,51.022919000183606,55.56382963366633,55.86620568421429
DFL-MAT-J041ZQ,0,False,37850,93.99609881876675,85.344603021512,95.12511737577898,93.74546514381113
DFL-MAT-J041ZQ,0,False,105546,51.88266283868572,46.924179838104685,51.92422848425612,46.54820052845436
DFL-MAT-J041ZQ,1,True,11600,186.5098457824191,142.69783414716719,132.651938242223,80.14964575873495
DFL-MAT-J041ZQ,1,True,139621,166.05485324203374,151.43996003052308,167.92545021346297,148.94038648236724
DFL-MAT-J041ZQ,1,True,101621,122.9779514446844,123.27848169139975,126.02970523416847,126.99944938612941
DFL-MAT-J041ZQ,1,True,11875,93.31169159089278,76.00640041077503,108.73990225086914,59.776132505690846
DFL-MAT-J041ZQ,1,True,109896,88.49205205227254,81.47583645717503,86.18582948093815,81.97018767090978
DFL-MAT-J041ZQ,1,True,129821,101.34425307440988,85.8850818781384,123.95250822078569,105.84230333194236
DFL-MAT-J041ZQ,1,True,166321,132.66114129841915,120.38323483805941,119.94418322451216,102.3162896846797
DFL-MAT-J041ZQ,1,True,16675,39.94830461591637,31.642985788568854,42.53797713484563,30.541313541978006
DFL-MAT-J041ZQ,1,True,35250,90.15300660967156,44.540204506580295,90.65570027839621,32.34822649629708
DFL-MAT-J041ZQ,1,True,123521,44.61974413196177,33.09056648182721,49.264747594158145,30.17012378605909
DFL-MAT-J041ZQ,1,True,50400,92.37260603007304,93.52023245114242,94.49068001200605,114.89552962202465
DFL-MAT-J041ZQ,1,True,155496,35.29901949862816,39.07227138536775,36.15401509949414,32.27449282733813
DFL-MAT-J041ZQ,1,True,135146,70.05391266156818,90.69756465880465,64.55131959813266,80.83233048497554
DFL-MAT-J041ZQ,1,True,146821,48.15888433420786,46.9083669571411,50.19582929417026,43.9104735452013
DFL-MAT-J041ZQ,1,True,61425,136.45747596177253,87.20365700977942,99.43311805503731,123.32250726578035
DFL-MAT-J041ZQ,1,True,72900,54.3837163923594,53.026618868923535,75.75318377079286,70.53229471457362
DFL-MAT-J041ZQ,1,True,150696,74.42803424474617,29.13722839694827,76.94251341690793,37.967812333486094
DFL-MAT-J041ZQ,1,True,169596,51.0331904053984,49.904571237871274,42.784297847123256,43.335640613703404
DFL-MAT-J041ZQ,1,True,111746,65.72176577414146,41.90367468465372,72.50005698006368,55.5671416316946
DFL-MAT-J041ZQ,1,True,139746,176.5078716289973,102.78649398858558,149.27122348347203,72.53140350542473
DFL-MAT-J041ZQ,1,True,107146,77.29313010176786,176.8722713591909,82.58645849240831,160.03642687336185
DFL-MAT-J041ZQ,1,True,102546,84.00644213321306,104.55421649960395,82.88731295123274,87.70992569961453
DFL-MAT-J041ZQ,1,True,72025,126.38468851070223,88.52582420590512,129.0837899755272,85.39163671168606
DFL-MAT-J041ZQ,1,True,103296,23.057390714382866,23.936051633680385,7.863085079348659,7.0474749130056695
DFL-MAT-J041ZQ,1,True,128871,55.32352473618731,58.38198459489809,54.50451075999981,52.899989431009146
DFL-MAT-J041ZQ,1,True,64250,117.93246856967365,128.06961544905073,138.78788314839306,141.0093787474316
DFL-MAT-J041ZQ,1,True,72475,104.2551915091143,96.16895414514494,101.15220673816223,92.26971578110914
DFL-MAT-J041ZQ,1,True,21500,68.53839648543371,97.08510718007561,66.32113210052731,88.49768918670198
DFL-MAT-J041ZQ,1,True,139921,84.2352651756318,122.29809414499294,80.51442599895341,98.76997439397861
DFL-MAT-J041ZQ,1,True,32925,80.94547457166342,122.6790309297535,59.18016715378026,112.89654212561221
DFL-MAT-J041ZQ,1,True,114646,105.90924901138546,116.3183956771563,80.329693609974,113.56403479521438
DFL-MAT-J041ZQ,1,True,35200,72.86023415389585,56.08750122710507,68.81893757292313,66.8599982777314
DFL-MAT-J041ZQ,1,True,155021,98.99902246839592,91.82372759489388,61.077990138890506,89.47319233536638
DFL-MAT-J041ZQ,1,True,68475,22.460200027919026,33.410484225246805,29.388168453524926,36.3181543490603
DFL-MAT-J041ZQ,1,True,48325,67.15615192565788,62.26205066643116,67.41634853221764,72.51518031157534
DFL-MAT-J041ZQ,1,True,161271,69.80244660730028,55.5275320529493,70.78029762417395,56.293256303809734
DFL-MAT-J041ZQ,1,True,148196,97.89197980910969,90.29480241769295,63.24366655818495,54.48453973138984
DFL-MAT-J041ZQ,1,True,147296,108.20703105265699,127.23612865833398,101.34317034170387,88.92174015770694
DFL-MAT-J041ZQ,1,True,72650,61.08235283630164,89.89551617304188,44.393445233731235,86.47408819607828
DFL-MAT-J041ZQ,1,True,152746,193.85876236320448,158.96917277582492,181.85053238275418,132.28723654391743
DFL-MAT-J041ZQ,1,True,166371,192.33169640773488,145.1058328724356,162.55022456546493,87.85084688596203
DFL-MAT-J041ZQ,1,True,38675,69.6736444538054,74.20164015343626,72.62468885033881,79.34667670058656
DFL-MAT-J041ZQ,1,True,53200,111.34811944950435,63.003235671107916,106.19911644929053,68.64250042436854
DFL-MAT-J041ZQ,1,True,107346,74.50226970401144,61.48430453274954,75.02588128461952,62.070238327732895
DFL-MAT-J041ZQ,1,True,165796,136.2903214239924,120.93375386395486,159.4084691198991,129.00750673122812
DFL-MAT-J041ZQ,1,True,110421,32.97674147125676,28.513537322955962,32.55843257326679,24.997407249482546
DFL-MAT-J041ZQ,1,True,129396,136.35148658380388,137.89626985707284,138.87783977235904,144.8736211874668
DFL-MAT-J041ZQ,1,True,146171,66.99659777421088,66.99467494342976,63.84453048722358,64.4422982379112
DFL-MAT-J041ZQ,1,True,12350,159.13965929902488,116.24121444527944,207.8055754844499,127.70429370555965
DFL-MAT-J041ZQ,1,True,139721,115.93214611628927,65.82813131810997,109.78015549272833,69.29713124829465
DFL-MAT-J041ZQ,1,True,145096,90.94059544619763,85.9479090762256,97.42419836606105,86.53330543583732
DFL-MAT-J041ZQ,1,True,114696,106.90515788519433,92.57761370945137,122.0895504156189,88.4267065322826
DFL-MAT-J041ZQ,1,True,16975,108.70060092977185,90.04480054142685,96.27529599162594,89.5494093988141
DFL-MAT-J041ZQ,1,True,148021,141.10687526969218,110.17373264955296,164.86468219640432,172.62660491686685
DFL-MAT-J041ZQ,1,True,170971,44.73114145994335,78.51748273732971,68.52904992380412,90.6768335179871
DFL-MAT-J041ZQ,1,True,39250,166.34118165688955,130.06287368434982,169.89602745326007,143.92512991800265
DFL-MAT-J041ZQ,1,True,47750,111.95163658504195,103.37287986056505,117.93166475265738,90.14840254113084
DFL-MAT-J041ZQ,1,True,51750,103.39117850094125,123.9807577803283,107.13622348507042,131.28090332209786
DFL-MAT-J041ZQ,1,True,128296,56.67104482815131,30.805948953852738,52.29801705520404,29.70321366635439
DFL-MAT-J041ZQ,1,True,127796,45.580785806390075,95.56235460080535,52.2307357867393,89.6964811025075
DFL-MAT-J04205,0,True,103310,160.1129122806414,149.46035311244415,173.07931462337012,116.76240771434506
DFL-MAT-J04205,0,True,128610,49.89723780839311,65.39639174080948,71.50680335070936,66.30311238424694
DFL-MAT-J04205,0,True,134260,155.2246391631922,129.47874114731025,97.60089197478528,100.20376901726952
DFL-MAT-J04205,0,True,44275,89.36713326974721,90.01599832872927,94.37427091361216,95.57577444616285
DFL-MAT-J04205,0,True,43725,76.9389109441691,82.92428509391885,77.08118544918825,94.01511410557266
DFL-MAT-J04205,0,True,116860,52.82115711962016,51.47174037917666,47.36079356058091,46.88990505521934
DFL-MAT-J04205,0,True,39625,148.70958099664597,108.07456106789522,139.5190515057373,98.51468585935224
DFL-MAT-J04205,0,True,102410,52.93029854431878,28.3801140130654,44.37840394251436,32.395204850879615
DFL-MAT-J04205,0,True,125360,53.26057472826949,46.430795111761306,26.678359036357147,20.665773049711348
DFL-MAT-J04205,0,True,110110,54.834070693603,50.40142663530777,49.965569296012205,47.14187522050966
DFL-MAT-J04205,0,True,19800,67.11863767049041,43.536565981935084,72.57692151050342,47.42541070063766
DFL-MAT-J04205,0,True,144810,102.27321207790476,83.59104080073475,97.46377977049063,80.83664637233603
DFL-MAT-J04205,0,True,136060,55.89131173277938,48.202237427419206,53.509084343901144,51.204511331245264
DFL-MAT-J04205,0,True,110235,54.54413190496941,47.357073525249376,49.789101776406824,47.35832296905079
DFL-MAT-J04205,0,True,41625,88.48629004368718,57.86201127494406,74.7662139841406,66.40582266083725
DFL-MAT-J04205,0,True,113610,167.4430418866408,115.11004714893005,196.05779789455343,126.55788966404661
DFL-MAT-J04205,0,True,83375,80.16510494639795,73.71744905830379,64.11083032097649,85.13783753502176
DFL-MAT-J04205,0,True,81750,28.626760088412908,24.73503354575471,28.969272143951972,19.630422260121907
DFL-MAT-J04205,0,True,22350,46.980739637169826,43.943484718353986,53.895559680052344,46.860597526716205
DFL-MAT-J04205,0,True,156385,42.61351151656467,39.87468384249064,41.87471089407928,41.123433689830584
DFL-MAT-J04205,0,True,148660,75.87366880845356,64.61631580413963,46.310458158148755,59.262041093331646
DFL-MAT-J04205,0,True,170235,122.31880123073485,87.00867962313333,143.11942632037037,92.87153537351388
DFL-MAT-J04205,0,True,102610,49.522192406214636,70.45882819473896,50.642650859947075,73.03109797557285
DFL-MAT-J04205,0,True,17000,75.49349521515062,105.4855883693372,72.8993084197596,101.69297852108564
DFL-MAT-J04205,0,True,76350,53.85927256908491,26.078249485078423,36.966634561378626,33.19582833945041
DFL-MAT-J04205,0,True,113160,67.27052486404428,58.27367847703771,78.56539615164867,56.71162264051399
DFL-MAT-J04205,0,True,72000,22.52189595634186,19.414852614441568,21.08503661348707,24.099243635467875
DFL-MAT-J04205,0,True,169185,88.87789075835676,50.77022563333299,68.10197618615013,54.06184891441617
DFL-MAT-J04205,0,True,153235,76.99855298452555,77.88622172940237,116.95512053682499,111.35490891188938
DFL-MAT-J04205,0,True,75425,70.78503637547367,76.09115270255896,114.57144094629625,73.93217514765608
DFL-MAT-J04205,0,True,30525,119.45556084750805,77.60390553216826,119.80236541408625,71.56080869165244
DFL-MAT-J04205,0,True,16800,98.55809605549578,69.38327786799543,103.4130143875498,66.95249023438829
DFL-MAT-J04205,0,True,137735,90.33385788960867,39.38426196998265,114.07387940709553,54.64695092808166
DFL-MAT-J04205,0,True,79475,107.37570648219234,81.3832175069904,100.8383983256339,79.84386117807163
DFL-MAT-J04205,0,True,28800,44.784239206059134,49.07582585400423,41.18636581936546,44.53493740332479
DFL-MAT-J04205,0,True,39825,59.30889496536328,40.41714990359708,60.77712132134513,61.55535857315627
DFL-MAT-J04205,0,True,144960,64.09464069577861,122.60166560712747,122.39818701100062,117.41971531375731
DFL-MAT-J04205,0,True,161860,75.7824901727843,138.96263218817563,73.12254689400191,137.9506925138544
DFL-MAT-J04205,0,True,135210,83.2833129570212,92.68157852656452,78.44240484903413,74.80716985496292
DFL-MAT-J04205,0,True,134935,81.65072981230243,79.89875312256618,95.55930908628649,89.05796752651985
DFL-MAT-J04205,0,True,133710,81.89782870908401,60.10357624066351,76.70721151873401,73.38984524885818
DFL-MAT-J04205,0,True,45950,133.8754009178002,134.7082491254562,134.43677643159128,131.9299553728002
DFL-MAT-J04205,0,True,29525,33.118510826979374,16.207859335721842,25.958395862691226,15.556439174113446
DFL-MAT-J04205,0,True,159560,68.55970964230809,119.12734228564021,58.151332719888444,121.35378830864299
DFL-MAT-J04205,0,True,23600,64.11793526696097,57.36454878733238,72.18581149580193,62.60393399410793
DFL-MAT-J04205,0,True,157735,97.8210582342396,64.89517937268569,95.58380255596796,57.53804704422225
DFL-MAT-J04205,0,True,50950,112.65948793504927,207.75348000548527,113.63577828518827,216.1961901886173
DFL-MAT-J04205,0,True,28775,35.14600721781957,54.76638496588738,31.163351035927803,52.710723894080346
DFL-MAT-J04205,0,True,123310,6.086592485969776,9.98382510310978,9.40979621704311,15.261368314592394
DFL-MAT-J04205,0,True,102860,128.90493108249805,138.50882464892754,132.08243961265688,124.5247203305935
DFL-MAT-J04205,0,True,100035,102.98368977398111,173.07412891435638,109.0694056403273,140.4933321332376
DFL-MAT-J04205,0,True,59475,107.42849510088956,117.8691982021655,103.29806240610812,96.40005527963004
DFL-MAT-J04205,0,True,57750,30.111664144901127,24.945327442677474,28.073674601026774,28.782524890308075
DFL-MAT-J04205,0,True,64425,17.854479410155637,17.41984898688549,21.416294170978297,23.512336232702413
DFL-MAT-J04205,0,True,16225,190.00796679009534,136.84952951543823,195.40871777754896,103.08590121709071
DFL-MAT-J04205,0,True,175560,109.98684587069442,150.82979997707767,116.83810534596344,144.71282042331495
DFL-MAT-J04205,0,True,121535,44.20771739015186,47.08398806651432,44.14522939804564,46.31469801966263
DFL-MAT-J04205,0,True,125410,151.32724794666893,194.63924506262063,143.51709203336623,184.0457808208599
DFL-MAT-J04205,0,True,152235,74.94480717262842,86.17403501532146,81.56508505684863,83.43047434796323
DFL-MAT-J04205,0,True,110385,45.441425546117536,42.7156745405433,40.79096981641511,42.735965876937605
DFL-MAT-J04205,1,False,169885,171.98199631635958,106.9983685275749,159.06246898825702,128.4964658705883
DFL-MAT-J04205,1,False,77700,64.04081685651407,66.1769967437431,68.01062296225426,69.36147859574056
DFL-MAT-J04205,1,False,127185,41.115302451471344,38.33175335432701,38.27835342365883,40.00587714215916
DFL-MAT-J04205,1,False,146635,36.68630654234926,29.704151837002282,29.761501811195142,32.176246723510715
DFL-MAT-J04205,1,False,56325,46.91956902121008,33.5173908283961,47.35424344827419,39.56855731220898
DFL-MAT-J04205,1,False,24775,58.94466155004047,49.95390138542298,61.4748177938027,46.202685436888316
DFL-MAT-J04205,1,False,173560,6.352521989794397,7.674083442734408,4.477716189475553,3.0674597129953223
DFL-MAT-J04205,1,False,33675,61.412471096002086,36.677263620956836,52.64863843154534,32.77500975533332
DFL-MAT-J04205,1,False,59525,115.82366352754657,103.75147094214822,111.46775425684523,106.80477486470762
DFL-MAT-J04205,1,False,50225,30.293074905410677,46.87394460272627,34.897369129654074,54.99224367731095
DFL-MAT-J04205,1,False,106485,59.98852614150228,133.8011477658295,66.74310351565242,99.99303777302977
DFL-MAT-J04205,1,False,11975,60.30192617573839,36.88088295519142,62.00207012148595,42.887935116823286
DFL-MAT-J04205,1,False,175310,127.69554475165745,75.80564995447146,117.77790656063449,50.30694568322362
DFL-MAT-J04205,1,False,151635,86.76258166817027,64.1928742954698,62.76290208912343,41.52775835650413
DFL-MAT-J04205,1,False,100460,55.845213957639785,39.128088225115455,56.698502395954485,42.85618185406945
DFL-MAT-J04205,1,False,75950,112.84794748772025,104.11629462544785,100.50148932786864,116.71222191846323
DFL-MAT-J04205,1,False,47850,36.84724579788554,60.20733208984931,43.77820995286024,65.27659130561001
DFL-MAT-J04205,1,False,69825,105.42310874658743,106.05000152752922,89.25396745239576,85.28193926860618
DFL-MAT-J04205,1,False,139660,127.92483229832943,129.02621345566257,98.695516320571,102.3454235911445
DFL-MAT-J04205,1,False,135760,86.90750166843345,87.88497333177155,78.73966074875189,92.62892058504367
DFL-MAT-J04205,1,False,32100,62.43103043035666,49.62519913114996,63.45433312244148,51.01877160721648
DFL-MAT-J04205,1,False,150035,206.87807706746,111.80333470492839,208.42787403879646,111.82726314658181
DFL-MAT-J04205,1,False,175235,129.40871385006628,67.68946349184517,116.44195328602525,72.78659370944904
DFL-MAT-J04205,1,False,146560,37.40278017979643,39.00276026858114,28.43017224222879,41.00934895680328
DFL-MAT-J04205,1,False,41075,103.2010135587848,154.71842221090048,116.05741915249791,146.1030387510617
DFL-MAT-J04205,1,False,140285,130.88998015181886,190.69857945677177,133.04693453957447,196.42553317676635
DFL-MAT-J04205,1,False,55900,58.716843383241184,42.19120284324091,58.213084314275626,47.306864157910184
DFL-MAT-J04205,1,False,33225,37.51730509613028,41.16132789330491,43.780853691543115,41.1463601787805
DFL-MAT-J04205,1,False,117735,148.6736406742697,151.70899340110904,149.59658214930707,149.53588739086882
DFL-MAT-J04205,1,False,171210,134.17844330427724,127.94483545661586,107.41435927615234,112.80808134701522
DFL-MAT-J04205,1,False,125535,120.51813353241913,88.31551609959557,121.51839252253515,89.70826615508177
DFL-MAT-J04205,1,False,49850,134.25658330986192,89.15474349950927,126.86098652709885,89.36476008059128
DFL-MAT-J04205,1,False,14200,70.17050576535298,48.081343631836084,60.78871018822188,49.754796764508356
DFL-MAT-J04205,1,False,161035,73.68780387181283,122.54070578221295,70.04753741119029,107.24148613283785
DFL-MAT-J04205,1,False,113635,177.08603264420012,115.33638797843678,167.42972373426335,74.81359324054611
DFL-MAT-J04205,1,False,77900,115.2472802492978,94.67475642556609,129.41110803369656,113.68640772849876
DFL-MAT-J04205,1,False,174760,69.74716728765311,58.10133878257106,61.647996256734594,57.85704264256711
DFL-MAT-J04205,1,False,102910,187.64541000055652,170.87205438554312,156.9769065034075,148.52312036784306
DFL-MAT-J04205,1,False,129035,91.30970202519133,96.54612878715066,90.47795579134447,108.44862061369747
DFL-MAT-J04205,1,False,167410,215.3372672674949,158.56496057233932,214.44443919337286,209.43319187162848
DFL-MAT-J04205,1,False,165285,145.353385860174,115.03019040470741,139.6804437742263,105.435370502341
DFL-MAT-J04205,1,False,14525,64.30913193609344,76.15272138542683,59.151750254240426,89.78176473379963
DFL-MAT-J04205,1,False,118260,154.0338924903403,114.58681363117937,151.86169308705877,128.56186930542844
DFL-MAT-J04205,1,False,164360,170.89000297290525,152.62548220630907,176.8764188593218,154.27358559496818
DFL-MAT-J04205,1,False,13050,102.12104021820527,63.43487377375553,111.29037292709287,65.11467154950762
DFL-MAT-J04205,1,False,111410,88.080027887415,163.88493674179375,138.73729201470877,124.30121469310784
DFL-MAT-J04205,1,False,10775,50.17666102149268,37.33718005220394,58.98062104382022,52.34642162941892
DFL-MAT-J04205,1,False,139385,132.33547608025742,104.5455325414325,130.67076483284828,105.78414965815165
DFL-MAT-J04205,1,False,28100,89.86211490590452,102.94015582448361,97.0592891417964,106.07025543590518
DFL-MAT-J04205,1,False,142535,94.56202746550164,164.08412078927805,106.86772545592703,153.52363406333313
DFL-MAT-J04205,1,False,45250,79.29810760906038,106.45536333769144,86.05332041216893,108.14119093118009
DFL-MAT-J04205,1,False,118285,144.04169207694662,123.68141731922682,144.50413132932016,109.16639723586145
DFL-MAT-J04205,1,False,147660,85.1192842290934,58.10302391916935,86.66913398105604,52.324665141199254
DFL-MAT-J04205,1,False,106160,130.14081092446312,133.29140723817576,122.3364066789054,118.36256756089392
DFL-MAT-J04205,1,False,13375,20.670326861581596,25.14959012446439,21.80659985395558,23.61733797768783
DFL-MAT-J04205,1,False,24025,120.11248754001372,132.33177892361434,117.55820814887089,137.1444242295812
DFL-MAT-J04205,1,False,147335,129.5748856764995,98.64705644215798,124.98527986959898,84.56347011326707
DFL-MAT-J04205,1,False,16275,219.799916426372,155.76985889698997,236.2702417896571,181.60752062088125
DFL-MAT-J04205,1,False,117235,118.62439819235557,109.81116799642611,119.14481320407195,94.4615869504243
DFL-MAT-J04205,1,False,11550,58.052739269556,51.27299760389208,58.80847663276754,48.860058035868455
DFL-MAT-J0420A,0,False,165134,45.81419164779248,45.83485661466445,46.14336032927943,50.71884026222624
DFL-MAT-J0420A,0,False,177784,79.41961311461085,46.5814140226758,75.99548009323316,33.03445828092285
DFL-MAT-J0420A,0,False,73150,96.19845029941952,105.45064528346855,135.34807034325274,132.0971911587565
DFL-MAT-J0420A,0,False,76750,56.039307025436415,45.70640692268086,54.36171301775769,43.17062280342647
DFL-MAT-J0420A,0,False,27225,52.91974167621671,57.9414686087141,50.2819611552583,53.58236300402656
DFL-MAT-J0420A,0,False,73275,34.47173094634673,66.56781044363206,104.9663345213964,112.7065017751076
DFL-MAT-J0420A,0,False,47200,97.28297059086883,112.38528713577674,70.89309079953485,132.76664239138694
DFL-MAT-J0420A,0,False,43700,38.49210988240856,71.7155116981526,43.418283212318926,73.99045431654268
DFL-MAT-J0420A,0,False,63825,37.16066232622181,72.94297362290409,30.706083748673528,66.95866011438208
DFL-MAT-J0420A,0,False,179459,83.16666591395538,69.38554491197412,74.77117826632183,44.51025279498839
DFL-MAT-J0420A,0,False,72300,173.5998420032071,144.49451433553403,167.73650787695726,162.74321633629557
DFL-MAT-J0420A,0,False,42850,219.3042168716388,174.37316727509932,206.92068061830238,205.39321951441593
DFL-MAT-J0420A,0,False,160084,60.95173464030179,51.46647697286375,62.83209762297266,52.69320733700755
DFL-MAT-J0420A,0,False,12950,139.96982854632802,158.530319688882,129.90124898922954,140.30897544219272
DFL-MAT-J0420A,0,False,149559,159.7768477137128,81.15124645554894,123.62318733967322,52.703781683108346
DFL-MAT-J0420A,0,False,61550,35.542507757731286,31.4802447467574,28.3552969380649,20.75495524452025
DFL-MAT-J0420A,0,False,78925,93.34073477782117,98.56032492381834,93.39114615209115,105.48264456872502
DFL-MAT-J0420A,0,False,22575,106.50570584664635,80.99358669493478,109.28176173008335,71.6016675254636
DFL-MAT-J0420A,0,False,148859,134.08350399984684,118.62776463873553,85.7208123749824,59.03133740196044
DFL-MAT-J0420A,0,False,61125,60.26073065710924,46.4213456031603,41.84000299925495,44.22798773140846
DFL-MAT-J0420A,0,False,101484,55.94268831741236,52.994720071263366,51.18900012387415,57.07588611833945
DFL-MAT-J0420A,0,False,100334,199.14843705167542,208.1630696978634,168.45603678664492,192.89344155962974
DFL-MAT-J0420A,0,False,104109,54.48113623269418,80.49436291281995,73.01855572677866,62.290696542420044
DFL-MAT-J0420A,0,False,160484,35.043951963970436,37.58216634692049,36.5191164598354,36.463057899882735
DFL-MAT-J0420A,0,False,43675,49.55462230110902,79.45712119859816,54.095265224899826,88.4774829609669
DFL-MAT-J0420A,0,False,49350,76.318623417022,108.93385374258322,88.41307216084402,111.53405182000905
DFL-MAT-J0420A,0,False,41350,28.739550570464278,34.23734702066029,35.442153634653856,43.159693578690565
DFL-MAT-J0420A,0,False,171459,81.39969213527347,35.92370861662851,60.276905624468384,42.61270616770032
DFL-MAT-J0420A,0,False,33300,129.5990142903064,112.46037402200668,79.3823446858309,76.03598586311381
DFL-MAT-J0420A,0,False,12675,59.49161151312357,37.059040637251904,58.03765661467741,33.91824512483491
DFL-MAT-J0420A,0,False,100759,157.2317714013989,194.07331088055207,159.7018560732854,197.743497578114
DFL-MAT-J0420A,0,False,27325,47.23143575858624,67.02439681881863,48.476159533279976,60.725921554974235
DFL-MAT-J0420A,0,False,61500,17.882297219788246,14.452572833262362,13.646586796685632,12.968696719022745
DFL-MAT-J0420A,0,False,28050,78.7981094050587,71.13148431405932,82.29600402777284,71.48578690086885
DFL-MAT-J0420A,0,False,72875,129.8087102899937,161.9153219261888,146.61297015088266,146.33999876507093
DFL-MAT-J0420A,0,False,78825,138.31623810793153,124.27295558910005,99.02769653472205,82.28836163081216
DFL-MAT-J0420A,0,False,41175,65.46489670372699,53.53360127161642,65.73383053671024,56.069445184775375
DFL-MAT-J0420A,0,False,43175,66.44708510010302,48.770388910617164,65.59916695126263,48.21683497196943
DFL-MAT-J0420A,0,False,80675,31.038008468290066,29.92425122099974,36.09529365212016,27.615810457478855
DFL-MAT-J0420A,0,False,25225,152.2574989189419,120.20745010977053,154.24346436492908,119.40238493744339
DFL-MAT-J0420A,0,False,76275,119.80289145350832,103.19835719314328,116.00251031939369,100.24960964370509
DFL-MAT-J0420A,0,False,156734,34.182444518135924,41.673039516921136,31.203139530579612,37.58375414556015
DFL-MAT-J0420A,0,False,31775,109.59979674219865,136.5696223816386,79.67302532662693,92.60824755171795
DFL-MAT-J0420A,0,False,104484,70.50167255848933,46.45985606335771,80.7634427841293,51.95524030748438
DFL-MAT-J0420A,0,False,10350,37.61776893645194,34.29440824655707,33.70022878768935,25.824671429074712
DFL-MAT-J0420A,0,False,102159,152.68069868008695,109.11913573977131,142.8761684575091,112.05621338082959
DFL-MAT-J0420A,0,False,113034,58.77505737113428,105.1556346501978,64.7808024460653,112.88556441836009
DFL-MAT-J0420A,0,False,14325,47.44787581535454,64.92643509024651,45.42242278544796,62.83595359041672
DFL-MAT-J0420A,0,False,28225,158.2932492808991,87.17492371897657,137.45985934951233,101.94652524256098
DFL-MAT-J0420A,0,False,62975,93.3465940422818,96.19679027109909,91.35079654689616,113.72524513616388
DFL-MAT-J0420A,0,False,78550,131.98268057898056,72.23646516227954,111.24948558063669,80.84609283099961
DFL-MAT-J0420A,0,False,123259,115.66400001265491,79.24463409128778,127.6635876190439,81.11859730594662
DFL-MAT-J0420A,0,False,10900,150.69408220329234,86.66063320689953,160.6219846674691,98.65846744109172
DFL-MAT-J0420A,0,False,156134,62.17204625213466,55.88861727116615,55.87021224875737,57.30014513157866
DFL-MAT-J0420A,0,False,133109,110.51148463421751,67.77448638977181,97.4234420227441,81.23070508762294
DFL-MAT-J0420A,0,False,116859,18.150455129932,18.448860245762287,20.347086434808027,17.34105799957838
DFL-MAT-J0420A,0,False,104334,41.325743512710396,31.366473562363804,45.105529826431,32.03853272833886
DFL-MAT-J0420A,0,False,136334,145.2857240226592,141.67772428209847,98.49102650099904,91.46208302963139
DFL-MAT-J0420A,0,False,117259,50.705913535290904,51.081070581682134,54.73756369228269,54.34215534891309
DFL-MAT-J0420A,0,False,60000,44.794362076452224,68.28782254088624,44.8689131387412,57.493328088779684
DFL-MAT-J0420A,1,True,35750,46.287588556472535,45.51837057723023,43.21126466790599,45.48959014071722
DFL-MAT-J0420A,1,True,147209,59.34005766109337,34.78859218352055,54.466765276090634,31.92403837910924
DFL-MAT-J0420A,1,True,120809,59.430452311976104,55.706853104246946,52.89984832145849,46.93728842330427
DFL-MAT-J0420A,1,True,52925,7.650265153895443,41.93187772582747,6.987035830493195,40.59170790811779
DFL-MAT-J0420A,1,True,129534,133.1282551392895,111.24030964372622,124.50385656344548,98.99331583870483
DFL-MAT-J0420A,1,True,138209,37.113429003064326,58.35842176048401,43.3064181470077,51.557883748445434
DFL-MAT-J0420A,1,True,149759,63.207336893272455,53.25388300163464,43.213515200063895,51.68067130742181
DFL-MAT-J0420A,1,True,121809,27.988324688887957,22.58237700371594,24.12754424778841,24.037192714791352
DFL-MAT-J0420A,1,True,153834,49.96894406854568,68.05116367842524,52.94802597627869,70.44588477074204
DFL-MAT-J0420A,1,True,30575,148.4263159757597,111.23064141225724,145.3605249301593,126.36438878800016
DFL-MAT-J0420A,1,True,58250,133.65542000412202,140.67114753671393,128.62285532874836,147.0083675890615
DFL-MAT-J0420A,1,True,129734,132.37570331517094,132.77546677194047,108.57008286088427,105.57123843946098
DFL-MAT-J0420A,1,True,11450,74.15239697782552,105.07968074088195,59.06987108431215,93.97904529008795
DFL-MAT-J0420A,1,True,168034,42.6323439628088,52.44480793395029,47.08441175063853,53.772773860127195
DFL-MAT-J0420A,1,True,41950,32.334612239431095,31.351545000730724,14.637715010581346,14.96492951306469
DFL-MAT-J0420A,1,True,37350,81.42596267989208,132.3348202993975,105.52393339784281,108.9605961370186
DFL-MAT-J0420A,1,True,120009,29.389727376478923,48.949133821510536,26.01994804882414,48.33233575132555
DFL-MAT-J0420A,1,True,142109,29.68499684984256,28.03335354740548,29.69183366493112,27.707780777805816
DFL-MAT-J0420A,1,True,31475,58.80863145705184,59.68489985431226,59.4690170943906,61.13574736157712
DFL-MAT-J0420A,1,True,176809,12.507103316994513,12.688943855558668,12.84341139705655,16.932804696040847
DFL-MAT-J0420A,1,True,135284,36.799769108773546,38.32716746330438,41.884977338614426,44.48413744795144
DFL-MAT-J0420A,1,True,179009,103.05154168874334,103.00210080322951,132.9983795454478,76.98219376123461
DFL-MAT-J0420A,1,True,143759,34.38170285894713,29.985309932369532,38.86243615719657,32.46521080379205
DFL-MAT-J0420A,1,True,36000,36.886592273510416,69.05959397113374,42.17873408139375,83.84769995523693
DFL-MAT-J0420A,1,True,129634,141.00227637671875,123.26517192542407,125.03333013473458,109.69153692039049
DFL-MAT-J0420A,1,True,52075,20.193272010191457,41.79437217066594,20.969817796566083,44.87906793352124
DFL-MAT-J0420A,1,True,120734,44.07115475263848,67.71118540468291,45.86072334173664,66.22832821478578
DFL-MAT-J0420A,1,True,59700,96.34481099230085,86.11932012014951,88.80964918149475,92.90346665023912
DFL-MAT-J0420A,1,True,165309,95.79305138981935,67.58528817510883,92.49236362727417,72.42578014450697
DFL-MAT-J0420A,1,True,74400,109.88241820011298,55.81546544170962,90.46329796341207,48.24047476617943
DFL-MAT-J0420A,1,True,11750,121.36225947939515,96.86861361084729,138.7168144531231,89.54169238960388
DFL-MAT-J0420A,1,True,109709,136.5140191431495,96.85913045641921,85.76341926672191,71.88575165412571
DFL-MAT-J0420A,1,True,134184,134.1085930542795,97.16323459739083,123.89028442253556,94.7803389853455
DFL-MAT-J0420A,1,True,137859,63.506093635256285,83.92188619766237,59.98424068681106,115.53973768726945
DFL-MAT-J0420A,1,True,115209,131.1571870264846,161.1455288322099,135.81939247010177,133.17586549471562
DFL-MAT-J0420A,1,True,35500,88.44579204106874,89.86376303332847,100.49329816764221,92.47159139165339
DFL-MAT-J0420A,1,True,37225,198.2732487974508,103.26307935301259,209.4476527738672,95.7287376631938
DFL-MAT-J0420A,1,True,163584,55.781440808457255,49.30659628645542,46.37334211908966,46.56144738203545
DFL-MAT-J0420A,1,True,64275,87.03515466190328,78.9318122660426,85.64649102877482,106.70419062279254
DFL-MAT-J0420A,1,True,163484,61.41061010893826,40.324267729041296,59.73727123837206,42.183259981029636
DFL-MAT-J0420A,1,True,52375,31.81557075304177,31.082414825651863,31.981422764196004,30.552873109454055
DFL-MAT-J0420A,1,True,177209,110.91384796806186,78.44146396466306,45.78983449855101,47.988313370275094
DFL-MAT-J0420A,1,True,46600,66.80059076816413,31.871337364562397,64.76247101513498,22.749568412335336
DFL-MAT-J0420A,1,True,100609,125.5931201973426,145.90369116656467,133.36010534439646,113.95845016667893
DFL-MAT-J0420A,1,True,53050,13.1495866743578,41.79151978647826,13.845589774846855,37.82873450777992
DFL-MAT-J0420A,1,True,17200,46.350925390879745,55.24602683503365,43.56697477257405,64.81637036167228
DFL-MAT-J0420A,1,True,135809,175.7639314674397,113.93739296312887,168.10395485908336,114.45428660497612
DFL-MAT-J0420A,1,True,169234,113.77788016968792,80.27919970180812,117.50736958932646,98.5217187261583
DFL-MAT-J0420A,1,True,161834,59.857279866173855,70.0479754899214,67.78857190682929,83.97991287463914
DFL-MAT-J0420A,1,True,55450,97.49937081509371,112.67107965960754,100.88865725124194,117.81497607117129
DFL-MAT-J0420A,1,True,128759,34.81810145810043,57.38509349332821,53.57987518839917,59.14892125323116
DFL-MAT-J0420A,1,True,168409,107.80186152617819,87.91359857109141,107.57478530172861,101.62461870427914
DFL-MAT-J0420A,1,True,118959,45.34931308696838,55.09017908083371,51.508796235631344,50.37272454655835
DFL-MAT-J0420A,1,True,159734,112.15365835931328,131.17874150449012,113.03103487535583,103.71009628594513
DFL-MAT-J0420A,1,True,153209,82.61285608127065,88.83734089374435,74.65136418837737,85.48529057840464
DFL-MAT-J0420A,1,True,24925,70.4834904220406,68.2596954990081,64.8581386813333,56.57273974794298
DFL-MAT-J0420A,1,True,121284,44.9254381048997,34.30392064115539,47.52305468616184,40.362135389892934
DFL-MAT-J0420A,1,True,20550,100.741423071268,91.3787097571907,91.39177745807527,99.94207266581547
DFL-MAT-J0420A,1,True,54650,32.45009981319372,48.33582600652733,34.78529279371305,52.078944140113954
DFL-MAT-J0420A,1,True,100684,136.45179577935278,153.7146531342929,127.34510330086428,144.32248216905538
DFL-MAT-J0420N,0,True,53825,174.8460888369297,143.6147046465836,173.42045145552797,163.11760269847633
DFL-MAT-J0420N,0,True,133181,84.54340069541236,77.37467209392571,60.54372808874373,56.07831466003676
DFL-MAT-J0420N,0,True,169206,26.11183129189992,23.6162788346993,36.302803848270806,25.778140790385788
DFL-MAT-J0420N,0,True,126181,153.13649548718834,145.15422070309873,153.1736062094072,144.27907693785707
DFL-MAT-J0420N,0,True,154706,67.0384442158876,49.30232425322341,35.25826298832137,35.27133931977956
DFL-MAT-J0420N,0,True,43550,33.4784724720656,25.430013573935422,26.8805882259316,29.192348804065173
DFL-MAT-J0420N,0,True,117381,33.305576336646325,33.8550443333831,34.95849713967234,37.24829873564814
DFL-MAT-J0420N,0,True,50100,135.9547994232846,178.20364364481188,107.8766560785297,171.12136160394428
DFL-MAT-J0420N,0,True,173356,99.97189319720003,77.63733650405432,99.0525053288035,71.9403426161675
DFL-MAT-J0420N,0,True,169081,34.90398452118398,72.28338924871059,35.34349445887909,70.06869228938372
DFL-MAT-J0420N,0,True,134931,39.46639311621579,58.22388177108145,42.596069530989396,48.48058310913991
DFL-MAT-J0420N,0,True,140881,62.93119874707175,94.6412525297139,75.58824858130431,77.80278604383834
DFL-MAT-J0420N,0,True,124006,125.6701366121134,82.05610616335078,122.4436998874894,78.45296065925093
DFL-MAT-J0420N,0,True,73850,39.73088662606736,71.36816694230296,53.110818675247586,96.29213345392134
DFL-MAT-J0420N,0,True,28925,28.264320345409015,48.898396601434946,27.878449938882085,63.253795937858655
DFL-MAT-J0420N,0,True,159031,139.54942093968296,112.12706175635968,142.4052421837361,104.09188818846646
DFL-MAT-J0420N,0,True,127806,60.35052715454665,44.052606786349834,59.45365405937096,80.9676094448758
DFL-MAT-J0420N,0,True,155931,98.52960821008041,149.33263771033296,74.75806981269598,139.68893462321833
DFL-MAT-J0420N,0,True,24875,127.78089462618748,153.73647209097294,153.75499300632316,144.8948950430647
DFL-MAT-J0420N,0,True,167606,58.273258229609326,46.13439139212271,53.95855439990718,45.96431308089111
DFL-MAT-J0420N,0,True,105431,191.8186078472185,182.47788801104173,173.4673224544274,166.8027782437291
DFL-MAT-J0420N,0,True,34550,193.10690591331982,114.95967715395466,174.70418154179703,110.82780605046382
DFL-MAT-J0420N,0,True,152656,30.769440292971982,30.249359155329596,25.149938106661264,23.50535473385354
DFL-MAT-J0420N,0,True,43600,45.618828095388864,42.1117020213915,45.106148426418095,37.13909950549386
DFL-MAT-J0420N,0,True,44750,133.69686463556965,150.82395217076302,157.58796572146497,120.58066236413315
DFL-MAT-J0420N,0,True,176181,106.06579077799304,125.41133934479639,82.15573129260636,128.27125345651382
DFL-MAT-J0420N,0,True,139331,100.78980301134617,93.90607323508893,103.78705601264623,94.51004114287359
DFL-MAT-J0420N,0,True,159806,126.46246115703157,91.79600103420627,132.3720893863806,107.91728135208116
DFL-MAT-J0420N,0,True,117556,44.028659734576834,93.01158104239796,49.29038192902468,63.59370027748661
DFL-MAT-J0420N,0,True,18250,70.60865753122148,73.75383470473241,81.18058371341338,88.51310317768134
DFL-MAT-J0420N,0,True,134631,57.04476230286147,40.65662176989385,46.271335214982344,29.630354026625547
DFL-MAT-J0420N,0,True,53300,38.95442432702935,23.655874805883265,45.91570059897021,30.621422501566197
DFL-MAT-J0420N,0,True,40400,47.91756088926805,33.77300550605672,44.007725607945034,34.36008062489428
DFL-MAT-J0420N,0,True,128781,42.627091982297316,72.41337691773249,49.80572647024291,75.41791003751891
DFL-MAT-J0420N,0,True,128056,46.815648622608975,71.15634732123098,36.99496362989216,47.298914863694826
DFL-MAT-J0420N,0,True,124706,86.48246712682312,35.57934566927862,81.8519857370153,37.947373457021115
DFL-MAT-J0420N,0,True,157181,7.869593423988902,7.947222254168441,16.624951287657908,14.95573619095436
DFL-MAT-J0420N,0,True,50650,50.777524900946375,39.21483124576218,51.2191126844496,35.68235584060794
DFL-MAT-J0420N,0,True,39250,189.1284152681612,162.6839975918074,127.20637702780775,135.19264676667575
DFL-MAT-J0420N,0,True,56600,62.66110031899757,54.86654062639154,54.48206836958587,50.92952908046336
DFL-MAT-J0420N,0,True,124881,51.599425157930625,33.89585791641815,48.758938459491446,31.00044368343424
DFL-MAT-J0420N,0,True,19800,73.66128907701004,95.87596237100475,28.792209262592195,39.33377218843009
DFL-MAT-J0420N,0,True,124456,47.167562745759845,27.921236485658785,43.17391235587764,32.35016418827231
DFL-MAT-J0420N,0,True,19475,115.22633789493483,75.00161091217001,113.3674409321905,78.45654342659698
DFL-MAT-J0420N,0,True,35075,126.41175823649553,151.98279938562663,98.17177143670182,147.79991923061618
DFL-MAT-J0420N,0,True,109606,58.72542534462805,41.73796435823381,52.55187950560568,48.97362513621583
DFL-MAT-J0420N,0,True,105681,75.96944826980913,74.22172476366433,81.7427338073127,77.55352265523975
DFL-MAT-J0420N,0,True,28950,19.354315074788705,47.17956175865755,25.009863884269834,43.71902809872351
DFL-MAT-J0420N,0,True,137531,196.18653558627824,153.59364378738624,165.3543583994977,132.7936899922656
DFL-MAT-J0420N,0,True,155706,85.18798803250337,52.513916089384466,57.20500226400761,23.216071318379793
DFL-MAT-J0420N,0,True,140506,43.482914349730876,109.05973178741047,55.18925078095496,113.60749656346738
DFL-MAT-J0420N,0,True,119606,147.47371813632972,154.3721037997842,135.75560221191296,150.23559150783967
DFL-MAT-J0420N,0,True,130931,89.0962704832017,44.707164339904715,80.24272807492802,41.82433532595124
DFL-MAT-J0420N,0,True,124381,38.30810014262066,29.552360259729113,34.38579769503464,28.13197176726075
DFL-MAT-J0420N,0,True,46750,55.68326688508715,42.73927589851931,60.96544997821906,53.34530184658053
DFL-MAT-J0420N,0,True,124906,52.554294296691225,35.76757363542724,49.10019949130329,32.9592619262496
DFL-MAT-J0420N,0,True,155556,48.713610012308365,48.97709986740037,47.94788418026318,56.222957436672424
DFL-MAT-J0420N,0,True,177531,32.26127464142764,27.94897506803272,16.361092065739214,23.45799607312707
DFL-MAT-J0420N,0,True,46375,95.08713919417055,88.72269122680505,101.05486124881133,96.59330057203533
DFL-MAT-J0420N,0,True,19075,75.87951705471367,74.032709973984,70.81478316178588,71.58943905422481
DFL-MAT-J0420N,1,False,156656,39.27733226423399,36.79467963272929,32.51805146482547,40.157495025230894
DFL-MAT-J0420N,1,False,29675,46.53030229338342,49.97159813579889,49.7983112346971,53.914748496187165
DFL-MAT-J0420N,1,False,41575,55.133801365371625,35.07803710090199,47.17102266024166,29.27390100745456
DFL-MAT-J0420N,1,False,69700,119.06948715737394,114.56051218330965,129.84075503011547,110.08773096670049
DFL-MAT-J0420N,1,False,12700,80.34959197518873,67.21437566519101,99.61706199449497,82.23869622044052
DFL-MAT-J0420N,1,False,76925,138.85675279166017,102.85126210486044,128.5989716730716,115.16677132513509
DFL-MAT-J0420N,1,False,26200,28.860939716459566,18.992860752185805,34.03412829522682,26.316226769164388
DFL-MAT-J0420N,1,False,156706,28.182132077175602,38.99092037454803,32.548188972536565,38.24743437083481
DFL-MAT-J0420N,1,False,141981,65.26387232555767,54.189869498041446,62.915784637933996,53.71777970296819
DFL-MAT-J0420N,1,False,72600,136.1357362845388,107.7089672296259,124.12690707273428,103.24287441093925
DFL-MAT-J0420N,1,False,144006,42.302210345543244,30.93233779466878,46.02981160787683,35.77097796356111
DFL-MAT-J0420N,1,False,37725,78.64404696762959,150.97314964877367,51.90343790245046,81.50960609336317
DFL-MAT-J0420N,1,False,145731,106.03508636422882,64.06322091481783,124.72013909787731,79.49453989293418
DFL-MAT-J0420N,1,False,162381,96.71297298210325,125.70143513994326,100.29282610495027,132.14070174569875
DFL-MAT-J0420N,1,False,78325,110.81244241623953,56.17675163750726,104.87286280325043,100.85472826020415
DFL-MAT-J0420N,1,False,114706,54.065147622308075,47.13386307939804,52.9745890508155,47.068807738507736
DFL-MAT-J0420N,1,False,35725,42.62097697726361,33.753083526857026,37.74829246956616,31.96961268227372
DFL-MAT-J0420N,1,False,160831,155.07532658337868,162.80795625478956,165.25924015021243,174.35499504477463
DFL-MAT-J0420N,1,False,115756,65.4086526836535,72.40466443979538,53.65479303943598,56.43739416622543
DFL-MAT-J0420N,1,False,150256,27.280954865524343,23.147017591429623,32.92922929215934,25.449179366631288
DFL-MAT-J0420N,1,False,35950,38.17408522901095,40.64363867576228,41.759178685211694,44.229707407539145
DFL-MAT-J0420N,1,False,67450,149.60264774273446,205.6148203662766,176.67229307887808,229.21937338078536
DFL-MAT-J0420N,1,False,118756,43.035198979469996,48.19262230866852,40.38983624972309,50.672441916118906
DFL-MAT-J0420N,1,False,36450,52.08621380996217,50.61112451197617,57.48926894924571,54.21087313450559
DFL-MAT-J0420N,1,False,116606,130.36901527304823,78.86590563068337,148.6698745986951,76.05611163282965
DFL-MAT-J0420N,1,False,156356,67.2128915923194,34.52328319361048,79.63218784041074,39.68677315227322
DFL-MAT-J0420N,1,False,123556,140.6140718922316,117.4264548351339,151.33509765221578,151.55905405072258
DFL-MAT-J0420N,1,False,162306,104.7534776167901,131.18192767979292,103.3249298909957,92.92067259290087
DFL-MAT-J0420N,1,False,10550,85.47088584621781,26.778994216086836,75.22621925258403,46.69360302008072
DFL-MAT-J0420N,1,False,31275,89.81025027261242,62.37376937525399,97.37120740542058,82.84066514252996
DFL-MAT-J0420N,1,False,77600,76.73748826350374,33.15429072074381,65.714445120704,27.455862003787228
DFL-MAT-J0420N,1,False,62800,140.15955490999792,154.52581824552792,155.78280954349958,141.11307641689527
DFL-MAT-J0420N,1,False,133331,51.690681766192824,49.075319761416104,38.708530449103655,37.866140419957034
DFL-MAT-J0420N,1,False,139931,139.61896815724202,122.85570436143652,119.69728264715692,118.70592970802622
DFL-MAT-J0420N,1,False,37550,102.39455434180597,70.0916240488533,105.93237135507371,71.34331255710555
DFL-MAT-J0420N,1,False,61525,85.09444569861883,50.669783422518655,96.73259052442477,66.62684419984475
DFL-MAT-J0420N,1,False,28300,98.09633333092576,131.6780500757288,111.59469180446932,112.32209369911746
DFL-MAT-J0420N,1,False,114181,42.248841533748944,46.70300730169515,49.410517029005426,52.65987698826923
DFL-MAT-J0420N,1,False,148856,92.23859655921207,83.8839215962922,88.15666361201205,81.63066727305429
DFL-MAT-J0420N,1,False,22600,53.13135091638063,81.55729294004854,59.93376733225275,63.947503578832084
DFL-MAT-J0420N,1,False,34350,40.84429219025754,37.63337031333076,44.9214951579075,39.31807361583447
DFL-MAT-J0420N,1,False,41725,38.581615053212644,47.213093076477506,39.39615025909784,49.134262451016674
DFL-MAT-J0420N,1,False,30475,76.44029758360035,30.39526779617609,60.35521730635852,36.60587910967066
DFL-MAT-J0420N,1,False,69725,124.85178931658413,104.53232250843384,119.21774280409932,106.9735507333657
DFL-MAT-J0420N,1,False,45500,42.5189197539716,30.785294888301557,42.845612755360406,39.35164458558068
DFL-MAT-J0420N,1,False,114981,48.23187663971066,40.148468578677814,49.28062262951075,40.28781908607573
DFL-MAT-J0420N,1,False,71700,43.46304962842201,32.79934539480169,49.13595780206518,32.9617625817888
DFL-MAT-J0420N,1,False,172481,198.64135247806936,149.09521652947436,193.23735340174528,150.08427710309257
DFL-MAT-J0420N,1,False,122681,103.75137006698768,99.75340673656864,93.56888993124409,84.3619466405476
DFL-MAT-J0420N,1,False,27225,107.14835900141317,75.29992731934213,108.28242860056606,74.79468397731499
DFL-MAT-J0420N,1,False,134381,65.85192561771318,39.33952579952385,66.4232621137069,35.75315222299243
DFL-MAT-J0420N,1,False,143706,58.169434713419015,23.164497896521304,62.89810770765201,22.246489548953214
DFL-MAT-J0420N,1,False,49125,84.68954208948509,94.13061640417682,85.21822647707822,103.72466333562318
DFL-MAT-J0420N,1,False,107781,32.23910124402161,27.45569282973187,32.33180163604285,31.681305544249216
DFL-MAT-J0420N,1,False,147256,11.588403808848,15.039136846244302,7.741954087259836,11.407456891657475
DFL-MAT-J0420N,1,False,56800,35.786310463793235,37.13083102074051,35.245818464066765,36.69203239726877
DFL-MAT-J0420N,1,False,113681,78.78924375142722,47.48876548947601,75.57906810559365,45.855712620206184
DFL-MAT-J0420N,1,False,54175,98.44115981296903,102.56430522440985,87.18297167807273,126.32555696128294
DFL-MAT-J0420N,1,False,114381,48.20627941858172,45.90528446175615,41.142861801116595,48.228127466939966
DFL-MAT-J0420N,1,False,172281,99.69573432400495,70.90478179910596,97.11206420499053,62.75767381825967
DFL-MAT-J0420P,0,False,53050,50.974101851435364,44.93484186433686,61.09446168118255,48.29990415693242
DFL-MAT-J0420P,0,False,11600,63.087087499690895,62.67132832058421,59.44204461428052,61.468284796268584
DFL-MAT-J0420P,0,False,73600,101.16583283482426,48.661013911880445,112.35071036062696,52.7079561254375
DFL-MAT-J0420P,0,False,128463,40.43908778542477,30.29783647890984,38.974723409512805,37.691245333909364
DFL-MAT-J0420P,0,False,169038,39.709771496557536,41.06824243353904,41.11879059077611,38.88233005378984
DFL-MAT-J0420P,0,False,116063,103.05637378144404,83.45605933807987,119.99915697234495,75.11024267409577
DFL-MAT-J0420P,0,False,31650,145.7143915934773,142.87178857327046,134.38523937156177,138.04894529183187
DFL-MAT-J0420P,0,False,14800,63.75968525502827,28.699172672452438,62.41879707456407,27.23244570390253
DFL-MAT-J0420P,0,False,37975,28.984826750234973,77.13389192794195,30.760204956067327,75.81801187164291
DFL-MAT-J0420P,0,False,167863,178.08412093486663,137.8159644317304,189.59860711393182,145.11478181461322
DFL-MAT-J0420P,0,False,167363,49.79624946020474,76.12828998644201,55.51993479788077,86.1074002754235
DFL-MAT-J0420P,0,False,176013,24.67382595463714,112.51942080602068,31.169158538821947,112.17100074900343
DFL-MAT-J0420P,0,False,44350,37.22308906013037,33.43201517216134,38.63754322286669,36.500227273538506
DFL-MAT-J0420P,0,False,126913,140.49984039188647,87.68188928154854,144.85736670543216,86.69763004822731
DFL-MAT-J0420P,0,False,112788,49.09776191531394,30.491927175746856,50.4757189993128,32.17998309820288
DFL-MAT-J0420P,0,False,113413,135.2881107198216,112.97298818132248,123.67415395355673,112.59803958451292
DFL-MAT-J0420P,0,False,50825,194.63573120068656,76.28425297916795,137.35509759940882,68.78730725669205
DFL-MAT-J0420P,0,False,64350,48.6642170876725,37.581797966195865,47.59570324189792,33.364369346896446
DFL-MAT-J0420P,0,False,59425,71.961307268545,77.34772932737465,85.89939185384257,83.60915452912315
DFL-MAT-J0420P,0,False,119488,81.94565413120527,85.38096768436179,94.33945865592656,98.80250068289793
DFL-MAT-J0420P,0,False,112963,53.60323550400394,35.63299704483097,44.2189436837075,27.660769098928398
DFL-MAT-J0420P,0,False,120263,162.5767510207111,78.86872042769012,117.53194810922606,89.19225914876867
DFL-MAT-J0420P,0,False,15150,92.55284113050735,83.64860665334447,83.8041556355401,68.95558781998402
DFL-MAT-J0420P,0,False,142188,47.39401026516863,62.776213012790585,52.057496441108356,68.69237482358523
DFL-MAT-J0420P,0,False,75350,52.512767667250316,46.152869976006386,50.51890833734366,44.138030140487146
DFL-MAT-J0420P,0,False,59725,100.84637760856323,96.45951364702279,108.58550835828862,107.09327834233876
DFL-MAT-J0420P,0,False,109088,148.356899549397,120.25272730100944,126.6560198601504,117.69688084502008
DFL-MAT-J0420P,0,False,25725,63.545619151784805,46.27215604035945,66.6768197809178,40.359071031652235
DFL-MAT-J0420P,0,False,59675,107.9592662593291,105.83356744364467,101.34973393579929,91.04634113552054
DFL-MAT-J0420P,0,False,51375,87.1763929433949,52.86972924598127,94.46788500800855,45.98908168828224
DFL-MAT-J0420P,0,False,100888,129.51358123607199,83.88174250271177,121.54522444856903,84.78128674332318
DFL-MAT-J0420P,0,False,159513,74.12704897065112,64.5367704967317,79.01808710556028,69.90108421194944
DFL-MAT-J0420P,0,False,30950,137.6129630723188,98.02793495966107,125.70332876295211,102.84346961095154
DFL-MAT-J0420P,0,False,132213,122.72029497345764,158.93360804416625,138.38512947106244,135.87945517675348
DFL-MAT-J0420P,0,False,71425,130.08694338462797,75.90309045920975,136.05347484967848,76.68672943687862
DFL-MAT-J0420P,0,False,142588,30.103558441290943,25.626109518481176,29.565460493765727,23.200863557715476
DFL-MAT-J0420P,0,False,105013,110.24426788397605,131.3254108142613,129.82674453167613,108.75848841890908
DFL-MAT-J0420P,0,False,138488,45.22801308835394,39.95064799973229,51.35527591113747,46.62570743780656
DFL-MAT-J0420P,0,False,68400,138.56921879663423,113.24062489640745,98.0042154183111,91.00670408934985
DFL-MAT-J0420P,0,False,31450,88.7494900540039,112.05361012597953,77.53724890313356,95.13075934774625
DFL-MAT-J0420P,0,False,73650,49.909160639702414,31.359924582117632,58.784745192533336,30.78030716151527
DFL-MAT-J0420P,0,False,167113,95.93620197843755,71.67873922500955,104.34762311031733,76.72197253598253
DFL-MAT-J0420P,0,False,45275,150.19420280343374,146.3565548440428,171.65129170019966,134.3786324249852
DFL-MAT-J0420P,0,False,119263,134.34775712369668,164.03863731929468,112.23792083282304,135.68092909212922
DFL-MAT-J0420P,0,False,10350,71.7158633722605,63.98326138905284,58.77167682561616,59.11970999140775
DFL-MAT-J0420P,0,False,31275,58.28856286857966,77.74718265536609,49.737452655387465,73.04794770711008
DFL-MAT-J0420P,0,False,52250,55.48612610250369,47.96871114648334,36.878557811795325,45.284920713147
DFL-MAT-J0420P,0,False,18750,89.20434468888591,87.54586555490717,169.6507966238926,107.5835172642464
DFL-MAT-J0420P,0,False,139488,29.404344330852723,49.95284225257659,28.915455341061755,50.94529989878965
DFL-MAT-J0420P,0,False,63725,42.01695298757923,31.3007521844612,43.33284882437742,32.9413596548555
DFL-MAT-J0420P,0,False,175788,67.1047924501594,99.0009581278758,68.08037526406272,103.52294182515689
DFL-MAT-J0420P,0,False,51775,52.605367584967794,42.01524832040365,49.48309957682851,39.87847690996013
DFL-MAT-J0420P,0,False,55875,129.80194093261792,111.95671241446081,150.90291227515323,101.62742221113237
DFL-MAT-J0420P,0,False,168563,44.150040476303076,54.44668323830148,48.569622071929174,51.51946095239728
DFL-MAT-J0420P,0,False,33225,43.40372525629408,34.357618133863284,40.01815657691738,30.864655620808765
DFL-MAT-J0420P,0,False,33700,12.539733373298233,23.591323062771774,14.512318794587593,36.23495424654583
DFL-MAT-J0420P,0,False,141513,58.680817684767895,114.27176928191338,56.86659341316934,119.13638525434129
DFL-MAT-J0420P,0,False,116213,124.95131962546327,88.72619647850316,141.0969618877451,114.5984910311477
DFL-MAT-J0420P,0,False,31975,41.6403463862056,31.179608113676135,42.86821100680843,35.8662620457374
DFL-MAT-J0420P,0,False,14300,116.09300204644092,111.13047675316953,121.02698610963708,109.09488795526624
DFL-MAT-J0420P,1,True,23950,91.69398641217586,56.571986914884114,106.08764200262728,62.74225329246838
DFL-MAT-J0420P,1,True,106288,74.62652787403839,111.0007993915943,59.23893161363448,91.59836190518159
DFL-MAT-J0420P,1,True,46100,48.202442753948844,51.796647797857204,42.74256781557191,45.40181190053869
DFL-MAT-J0420P,1,True,19325,35.46047618029615,27.90223589023448,33.220239984103635,34.325503265435664
DFL-MAT-J0420P,1,True,40225,78.54481477674949,71.05788851226512,65.8292415104665,58.18913193054537
DFL-MAT-J0420P,1,True,130113,16.915681197580348,14.519350956835115,16.731141274944736,16.075852150610384
DFL-MAT-J0420P,1,True,114188,163.9852893590744,107.09487610934174,139.49969699748618,108.6007357372242
DFL-MAT-J0420P,1,True,104463,105.38889464605245,98.19376165269216,135.96710652155693,131.49276555168464
DFL-MAT-J0420P,1,True,173938,47.31182749239786,55.41877659978037,63.37323291828387,83.74721537793071
DFL-MAT-J0420P,1,True,23875,43.060717551107054,65.29665250654082,39.180127359354486,72.07552027187151
DFL-MAT-J0420P,1,True,41150,122.57154391271663,166.49248916333426,141.94111026863703,154.66581815785383
DFL-MAT-J0420P,1,True,128038,48.396799398853425,23.176701941788956,63.332485546024664,52.68589537391038
DFL-MAT-J0420P,1,True,148463,141.7871245773847,132.15084781770636,118.57960165233861,114.49371101497621
DFL-MAT-J0420P,1,True,29775,173.2387660282477,140.43605298330758,183.81156091036738,150.19104693573948
DFL-MAT-J0420P,1,True,60350,96.6910775842042,48.848197089936384,92.44501429607928,51.469544062572034
DFL-MAT-J0420P,1,True,22325,125.35326758125078,101.44856510303538,103.41353427607041,86.1748927596533
DFL-MAT-J0420P,1,True,124613,94.20488012765149,97.20046949964718,83.1433831092936,84.7467038398438
DFL-MAT-J0420P,1,True,129488,60.400400383787414,68.59709380818359,61.05205219923227,67.18702927996026
DFL-MAT-J0420P,1,True,146088,54.389006596143226,49.82153784889038,55.37386416380574,74.90038375765921
DFL-MAT-J0420P,1,True,56325,129.78109182476518,99.53652051331832,117.45968134589955,98.03362946620848
DFL-MAT-J0420P,1,True,29425,103.28480159378512,49.526793786250806,95.6894231201122,52.69982746639965
DFL-MAT-J0420P,1,True,134138,114.49278294847525,115.51286508705361,48.705677167922026,49.38476402410003
DFL-MAT-J0420P,1,True,54700,85.20937399428219,65.88711013332816,82.27928462218433,64.51121493671238
DFL-MAT-J0420P,1,True,121713,72.39539132080203,116.71966162199332,109.63108383397172,130.18298644545249
DFL-MAT-J0420P,1,True,131938,105.41771342220122,48.713789263614835,75.84718781293402,62.88253049198591
DFL-MAT-J0420P,1,True,122188,96.84530165027911,79.72399818267041,96.15247297280614,85.76228670470174
DFL-MAT-J0420P,1,True,172038,115.32561943692308,66.77305890479487,127.87646875562926,76.21610296961917
DFL-MAT-J0420P,1,True,26575,103.43976447078727,103.11781717410278,93.19604202154362,96.36003481537314
DFL-MAT-J0420P,1,True,169363,73.71832087074792,66.40476156827035,62.21020664299479,56.32486857849156
DFL-MAT-J0420P,1,True,144988,37.8256074976758,108.83721723537371,42.713527387233704,95.08903803413652
DFL-MAT-J0420P,1,True,165363,69.28301731104081,47.11097811015152,71.71487544008886,52.61275508506856
DFL-MAT-J0420P,1,True,152313,105.76418164759724,63.2949465400076,102.29329613530993,53.83242787736489
DFL-MAT-J0420P,1,True,173913,75.48608145445148,90.10266101064548,104.42860398644291,44.99180225600268
DFL-MAT-J0420P,1,True,34350,105.30145136501407,152.13566447135412,109.54297651710242,139.6693578012804
DFL-MAT-J0420P,1,True,134113,87.00656921448166,69.19774225091359,71.6881735433128,70.29087928129157
DFL-MAT-J0420P,1,True,156763,13.54087086867754,11.173193112326627,15.884086603597805,13.669602671731337
DFL-MAT-J0420P,1,True,68775,183.29735871235272,103.22425411671719,216.4552988938639,122.47230134647118
DFL-MAT-J0420P,1,True,130913,93.34515947314091,82.44002800374338,76.92047637447548,86.33768195585792
DFL-MAT-J0420P,1,True,30275,72.6386928332056,26.28994832110231,72.78249161738856,26.30830079391003
DFL-MAT-J0420P,1,True,165663,80.45983536924959,179.23754811529892,56.43908939407024,136.19377833919137
DFL-MAT-J0420P,1,True,20450,30.880110385500775,54.462964466911046,34.01553189617974,54.30132937742117
DFL-MAT-J0420P,1,True,21875,14.504712520182,30.622322454101845,7.791889247360177,32.256895258324185
DFL-MAT-J0420P,1,True,153438,125.83401069889916,111.40856426911131,108.23130067877356,115.8903266424445
DFL-MAT-J0420P,1,True,107888,53.727356084783644,74.98009522367674,53.773294545454775,94.69305336358877
DFL-MAT-J0420P,1,True,22050,10.293569393866385,39.25810577749636,8.595534240991878,25.814671137709162
DFL-MAT-J0420P,1,True,21200,91.36256095150635,69.21238992790417,106.7652700581042,78.22702861608525
DFL-MAT-J0420P,1,True,136913,54.5499173648809,34.227539156494004,54.60933655154365,32.663583727688554
DFL-MAT-J0420P,1,True,145613,136.16113449460653,68.34391877127642,118.06122946568134,89.50114285783442
DFL-MAT-J0420P,1,True,41475,71.79662498383865,51.04469541193638,85.87717106518164,71.71129301330424
DFL-MAT-J0420P,1,True,12150,95.48210679349899,55.590676788316266,89.12857997479317,54.90458617042258
DFL-MAT-J0420P,1,True,109763,69.00781375284332,74.55833930290288,71.78264216043182,78.02754174366473
DFL-MAT-J0420P,1,True,18525,204.39403478453977,82.985588692456,140.4385831792968,63.22788582478338
DFL-MAT-J0420P,1,True,154588,102.44079482524995,122.9047152786763,95.26557046409758,130.77724749696387
DFL-MAT-J0420P,1,True,117138,41.213970854456896,52.734988202884956,43.67423049954623,53.50123638798008
DFL-MAT-J0420P,1,True,17950,151.44634130679728,99.8775621955165,150.7299195741326,95.08201974259333
DFL-MAT-J0420P,1,True,57925,67.89803822472058,46.36334797346463,69.74648583296126,50.59108063064867
DFL-MAT-J0420P,1,True,48850,118.77540641920768,122.44162157237281,85.8332248767421,118.2167010679015
DFL-MAT-J0420P,1,True,106238,47.048044548259185,33.514845119153264,48.369076670968056,29.359013752257
DFL-MAT-J0420P,1,True,71650,119.46133835206447,78.74862134697906,121.41373404195853,79.95490421507162
DFL-MAT-J0420P,1,True,162613,16.53529661041698,26.812032120747745,11.735739219600516,17.4287829108994
DFL-MAT-J04215,0,True,112403,72.16844670717803,57.75450864859183,86.08590605842099,76.62404901912771
DFL-MAT-J04215,0,True,60325,68.66155851499103,78.68916009852293,74.33183104877425,88.85530213835136
DFL-MAT-J04215,0,True,134853,54.99712426658194,55.180950456559145,49.199712660136925,55.460030989053294
DFL-MAT-J04215,0,True,25400,80.54298936295257,68.7075920885465,76.07526992633463,60.58913436930458
DFL-MAT-J04215,0,True,150178,65.6979534436676,97.88694128664683,86.24946708290973,102.01418895248827
DFL-MAT-J04215,0,True,13600,114.87996139831328,82.964943972423,87.97030238481831,83.35205987477363
DFL-MAT-J04215,0,True,30200,93.64309803007006,80.1701264167827,93.69293803198074,69.85852975964912
DFL-MAT-J04215,0,True,21900,58.797089197267475,30.760169411327738,39.89414704452153,22.59215364526092
DFL-MAT-J04215,0,True,142828,48.670624257522206,48.14905147722155,69.8781384281788,62.64707398264423
DFL-MAT-J04215,0,True,163878,25.66990302464306,40.30652698301039,26.000948949214013,42.23035266477949
DFL-MAT-J04215,0,True,39300,100.07052811275683,125.94156877941471,78.33659963731465,98.43870592461087
DFL-MAT-J04215,0,True,47725,233.45807680728097,126.18664510964113,188.42077711856032,128.48071505946723
DFL-MAT-J04215,0,True,80950,11.62954819511967,14.173683682130253,10.031404229171274,9.601878826573921
DFL-MAT-J04215,0,True,129953,11.611010948777373,32.96760214975105,8.484888768886833,29.261068703558305
DFL-MAT-J04215,0,True,101178,27.234137918799174,23.582631815414246,27.718901189763486,20.736155122266307
DFL-MAT-J04215,0,True,53850,45.09277104752803,49.128643487256234,51.8357461782354,47.54987193974472
DFL-MAT-J04215,0,True,127228,234.1465809507239,183.58094331411428,223.5964812573604,160.05231583380814
DFL-MAT-J04215,0,True,52550,39.76276258164354,44.72708322329333,43.01890647558075,42.18703554370373
DFL-MAT-J04215,0,True,158228,48.853344780953165,47.3913025961918,38.4348746447702,39.51830754763813
DFL-MAT-J04215,0,True,123803,89.90836064619037,56.15222142278436,113.73039498904487,59.03131600156439
DFL-MAT-J04215,0,True,139628,54.48995498923509,54.34545588155811,57.404741213850485,49.178468755653036
DFL-MAT-J04215,0,True,165853,55.65063649728285,41.840397471731016,41.97067855852929,40.35384559556943
DFL-MAT-J04215,0,True,35150,94.81681901439684,80.11517704637662,119.5090661026395,82.54027407044016
DFL-MAT-J04215,0,True,64650,89.29506522567443,84.2220827964066,68.78658088362639,61.694909732258616
DFL-MAT-J04215,0,True,171978,102.82087211469477,85.85278245227437,111.75327265030563,90.43509125151034
DFL-MAT-J04215,0,True,166528,131.63054092438804,142.3741673819145,142.43504079425657,108.84872890787224
DFL-MAT-J04215,0,True,47325,52.25361808295899,50.108413035377986,48.654416125746636,49.33202228293805
DFL-MAT-J04215,0,True,30275,49.146196309557205,71.4720653067915,53.14313663907001,83.57729869214052
DFL-MAT-J04215,0,True,60075,149.28917917737988,113.14832648944721,138.5303164339381,113.19479723112788
DFL-MAT-J04215,0,True,117278,99.74050339849666,67.20859917452741,103.73297964851253,79.05376715155222
DFL-MAT-J04215,0,True,77325,190.762489631392,205.1879588449655,205.0784155093303,166.03882794402583
DFL-MAT-J04215,0,True,101678,80.77641832029032,69.07715694650179,81.67646021699575,76.85851796432618
DFL-MAT-J04215,0,True,32350,134.13450764557118,133.06683848788333,134.0615184214423,131.94865938597752
DFL-MAT-J04215,0,True,126528,40.082538481935735,32.008891245729,48.91283822637505,30.549276722487047
DFL-MAT-J04215,0,True,79675,16.218442620366073,23.016432941660767,13.6821163359375,18.837672208399702
DFL-MAT-J04215,0,True,12850,136.72788415329316,126.7484105467257,135.63221953079827,147.36501521509717
DFL-MAT-J04215,0,True,114603,32.740129707455864,35.32578268421341,36.94439956915971,38.69523747057648
DFL-MAT-J04215,0,True,142453,118.22928381251009,109.29759096000016,131.00120042356994,123.52248544042315
DFL-MAT-J04215,0,True,137603,72.16158089877489,62.835679538333494,83.27297382154256,44.80593084242206
DFL-MAT-J04215,0,True,28150,48.28401516054714,39.0982008326462,48.96472330023491,33.37761123993198
DFL-MAT-J04215,0,True,52975,83.15837740147387,75.50609219451421,68.14446322030854,62.17314455346118
DFL-MAT-J04215,0,True,134678,55.3126245557365,54.60251698697967,50.56700834079202,54.71088214743088
DFL-MAT-J04215,0,True,30650,90.30937451796723,94.25648466757772,98.75859673459551,102.37574001421929
DFL-MAT-J04215,0,True,78700,38.869910682373465,38.54686615292141,53.60549063764578,47.8837080697732
DFL-MAT-J04215,0,True,47650,115.61775609018328,108.35537993842712,106.62925335649041,103.57005776776465
DFL-MAT-J04215,0,True,136053,81.51712709806033,47.572438901342764,70.03384081515394,41.26115908927722
DFL-MAT-J04215,0,True,38575,99.52203612580442,120.8695897740395,95.94087486877923,91.60611971775049
DFL-MAT-J04215,0,True,65975,89.73337762106047,131.12868612191363,83.67281271544012,112.1993509389894
DFL-MAT-J04215,0,True,34850,74.57601476302206,75.54186871020906,97.46946598977412,125.2649976953308
DFL-MAT-J04215,0,True,126303,108.83221327214616,70.13071718760791,99.46550887069674,64.58381836695618
DFL-MAT-J04215,0,True,67050,71.47888663924668,77.4404810842355,54.94307202504754,65.93420979013997
DFL-MAT-J04215,0,True,149128,265.0875364922579,158.5289791187719,252.5141404406803,123.06994864205194
DFL-MAT-J04215,0,True,15175,95.56029601261498,144.5179701194395,81.89855269857351,144.88055619364675
DFL-MAT-J04215,0,True,105703,43.88838718223948,31.172087933186702,34.80086317200237,44.58452478211912
DFL-MAT-J04215,0,True,54350,29.42634144990724,27.59143502879273,24.032481649972592,27.074115145876608
DFL-MAT-J04215,0,True,53775,42.52492901179111,45.68073150335852,44.087543335414274,44.41517562380459
DFL-MAT-J04215,0,True,49100,175.45608249457186,104.39382967342146,158.63978249758938,96.55871027030815
DFL-MAT-J04215,0,True,65325,55.289810905582385,40.55581660149204,62.06789175490145,37.46759446218951
DFL-MAT-J04215,0,True,142553,68.98115241263507,72.95608371171846,73.18648155456872,83.18461498106419
DFL-MAT-J04215,0,True,166228,167.55406833743777,169.37927211275965,191.2689587186324,165.46068497412793
DFL-MAT-J04215,1,False,13050,56.94642091846321,49.80657326758962,59.46045903394055,52.67668290288432
DFL-MAT-J04215,1,False,22450,101.35833682463121,66.60001747171654,96.32508302937845,84.37699753040975
DFL-MAT-J04215,1,False,77775,27.59256638767793,44.61470941702881,27.01623686730075,46.42985072664363
DFL-MAT-J04215,1,False,74475,69.04723735916599,61.802425326936635,57.33284940659423,57.310437124996966
DFL-MAT-J04215,1,False,16300,151.31507090189808,114.41995244217078,121.38468434456529,83.65545080324175
DFL-MAT-J04215,1,False,73800,60.375905878107304,51.880470015361446,58.72548335944869,44.821811147350154
DFL-MAT-J04215,1,False,168228,53.92687081061874,69.39794463089837,55.04812084552872,75.39589266122377
DFL-MAT-J04215,1,False,165453,140.22731652070166,123.75548799949252,134.4476860605118,136.27491027214793
DFL-MAT-J04215,1,False,35450,120.80193249329199,129.38743536620356,128.05930257856872,106.21042399666196
DFL-MAT-J04215,1,False,36525,44.913186343866734,36.30686693994583,45.22151837233467,38.936183327182825
DFL-MAT-J04215,1,False,167553,19.215864064992726,18.26652788591301,13.17899413310466,13.000368058040584
DFL-MAT-J04215,1,False,166628,89.30621716701937,91.21813609448924,82.4515219633262,70.50624878352978
DFL-MAT-J04215,1,False,56225,48.350897876716054,62.527050881186916,46.70073902906988,67.25596650187245
DFL-MAT-J04215,1,False,29100,78.21299668612065,48.99229537472247,78.90558980493259,52.15958611804264
DFL-MAT-J04215,1,False,28600,166.66682479753655,182.7814483789645,178.64696816340083,191.60493208369095
DFL-MAT-J04215,1,False,48050,191.50322070312632,106.46253215599305,205.60492341342984,117.90803019632564
DFL-MAT-J04215,1,False,131853,36.906084906657746,40.283974290473886,36.62715384567827,40.464050401825524
DFL-MAT-J04215,1,False,14425,195.5074788100989,180.3196562631354,200.22297901975475,163.1544505162286
DFL-MAT-J04215,1,False,13325,107.27274846167234,91.71237212542441,92.04536455181336,63.78237353895586
DFL-MAT-J04215,1,False,23975,89.96829061178146,91.71947474398935,85.21435858481667,97.31256961701186
DFL-MAT-J04215,1,False,81950,61.56507594087177,44.493970132209625,57.948553295705,31.518887756160222
DFL-MAT-J04215,1,False,66900,59.48631681750114,20.94988609156781,64.93200194502019,21.260953738457125
DFL-MAT-J04215,1,False,22725,40.80732616410623,48.420455038700865,44.62180723077591,45.88085331796832
DFL-MAT-J04215,1,False,119653,134.97167397707892,103.24066127399134,107.97270501992999,81.11323496035433
DFL-MAT-J04215,1,False,148553,95.34468152521963,70.66130029702154,116.57367626581694,104.55587948358796
DFL-MAT-J04215,1,False,75525,108.45356678632335,111.53759285797437,102.22279789458325,107.18837339664702
DFL-MAT-J04215,1,False,43350,38.894282488167015,52.76614305152029,41.97081702130394,48.76426449443315
DFL-MAT-J04215,1,False,61775,70.81420575134179,48.12995860408055,75.3523423380208,47.81665640626911
DFL-MAT-J04215,1,False,27700,47.47822601396293,52.333865330484215,49.58763609450371,52.733763575224444
DFL-MAT-J04215,1,False,10875,114.05489975928964,79.65077269841083,70.99080340449723,46.94240172739085
DFL-MAT-J04215,1,False,120428,28.15061072852529,50.64147843799603,30.06324124276977,44.30092284252201
DFL-MAT-J04215,1,False,116303,106.30540101782368,89.18141636302745,102.86039833056604,77.7422482552218
DFL-MAT-J04215,1,False,146528,25.956027610205258,12.662624724363784,17.150523007058947,8.89641762800838
DFL-MAT-J04215,1,False,27750,53.01400631914838,56.944359622645386,49.088900370255764,53.997321998438736
DFL-MAT-J04215,1,False,59125,144.70232741101722,145.68652574781058,98.3247305662827,106.17572460250958
DFL-MAT-J04215,1,False,101528,133.619202630152,118.60161139854152,100.58386043313583,94.92158933602072
DFL-MAT-J04215,1,False,122728,60.11658013937049,40.12480367847122,58.23141319770856,40.69595007123291
DFL-MAT-J04215,1,False,75750,80.16576150030576,45.406224148992905,79.59407671663203,48.628475684991685
DFL-MAT-J04215,1,False,67925,87.8129929816817,91.704615174763,81.76100655558382,95.98797537097673
DFL-MAT-J04215,1,False,174128,142.97863610495733,194.0972784457132,135.1698369925225,177.0916414000584
DFL-MAT-J04215,1,False,23525,116.27457764722374,137.28078578591138,95.75838068083449,125.32262326343353
DFL-MAT-J04215,1,False,132503,26.973695441415884,48.10286808308613,29.793330626638067,48.52621803421286
DFL-MAT-J04215,1,False,68925,51.35657082283178,39.428854441725086,43.210995528054035,37.16071931092602
DFL-MAT-J04215,1,False,106478,96.36694190986566,34.93212113061413,92.77467723314395,32.137666502935325
DFL-MAT-J04215,1,False,106703,77.6921840210385,73.5188979195016,71.60018106101215,75.39244029998429
DFL-MAT-J04215,1,False,174203,120.70000011282904,164.18737115242158,127.09980832934937,184.84635163831848
DFL-MAT-J04215,1,False,70700,57.12596516156643,52.307029307378144,98.6523493453905,66.60308179723837
DFL-MAT-J04215,1,False,118603,170.27896074003314,134.631525878374,208.07686098157183,144.07479233074574
DFL-MAT-J04215,1,False,32050,54.28639334366955,95.29575962218088,70.62463971699296,139.757729450177
DFL-MAT-J04215,1,False,124803,34.66737895608573,32.37502024201526,28.439784976199235,37.41145515555633
DFL-MAT-J04215,1,False,104753,59.758873918820356,33.9771963377319,58.574347964866604,30.06774382520317
DFL-MAT-J04215,1,False,108353,41.433224486625534,32.905368547356595,36.27915162062806,36.097138911405644
DFL-MAT-J04215,1,False,140078,126.94467706432417,72.2898987660248,125.94248311435932,78.08329504281332
DFL-MAT-J04215,1,False,128428,18.60249774654369,28.501873926897563,15.540098211348646,32.178961902066156
DFL-MAT-J04215,1,False,13825,140.8896557929995,118.4040867050061,84.6297276372927,85.46792386484874
DFL-MAT-J04215,1,False,110028,74.52836870973377,114.67433355383514,98.21775639946759,126.90901899409093
DFL-MAT-J04215,1,False,128003,52.08254090653093,47.302388139729594,51.29133250333116,55.764010234350934
DFL-MAT-J04215,1,False,75425,250.83024829309954,165.54531952428778,283.36061323493715,189.1569685620167
DFL-MAT-J04215,1,False,153578,132.3203884903983,164.54536187699154,151.22080946882298,151.74112706305152
DFL-MAT-J04215,1,False,118978,73.0550961244336,104.63867820891758,75.90739709536228,119.2510647281165
DFL-MAT-J04219,0,False,54050,114.055242663335,129.56552502471254,110.47854403199874,130.77416324650082
DFL-MAT-J04219,0,False,24675,54.4594339275076,75.15476445966765,52.58711115516187,80.89340567692666
DFL-MAT-J04219,0,False,58950,120.84507262603398,123.18160698132009,120.01463637504798,110.90871679864573
DFL-MAT-J04219,0,False,110330,194.73434030666976,157.99885216558698,139.62856693162766,143.22045947429055
DFL-MAT-J04219,0,False,161080,70.06854030134564,39.986230020978034,71.36394119246353,44.191789011654315
DFL-MAT-J04219,0,False,14750,101.30249471862462,79.52367598548405,96.78074215507974,79.8851261353327
DFL-MAT-J04219,0,False,129805,127.47894323408434,172.48150392217156,112.32213719748516,151.19694423330003
DFL-MAT-J04219,0,False,76725,106.2614739491964,100.06298623456705,88.3023646737928,107.38470122221386
DFL-MAT-J04219,0,False,151130,60.76123438039494,45.25416109870603,57.42116576456296,44.01263210396627
DFL-MAT-J04219,0,False,110905,114.50965399669005,82.75025620310645,104.81879913422985,81.8448409761544
DFL-MAT-J04219,0,False,17750,91.79786908653942,51.41841099692134,94.63681801697803,50.13503411152152
DFL-MAT-J04219,0,False,60575,91.09375264084218,87.39840438575283,85.29311081596906,117.84330021197215
DFL-MAT-J04219,0,False,106255,54.590313180060186,51.485840021306686,49.2091633932059,51.652348656740834
DFL-MAT-J04219,0,False,104305,82.32615922746562,70.70094354467444,81.79797422142548,82.75818814579542
DFL-MAT-J04219,0,False,34475,22.23866166831956,24.911023718075388,20.700604869193036,30.691763556319334
DFL-MAT-J04219,0,False,56650,120.2049897679069,138.8113627893313,118.75059136812614,123.26133840226554
DFL-MAT-J04219,0,False,143830,88.93496752246256,67.71946724386677,99.326918733219,75.08443403278898
DFL-MAT-J04219,0,False,158655,114.30360990118093,135.3746305585148,112.09767601877066,132.905200903543
DFL-MAT-J04219,0,False,28025,109.56610525685608,83.13562062911839,137.17926048989096,102.85240573004367
DFL-MAT-J04219,0,False,106455,45.735969451985675,50.68923104661238,43.23650517499833,49.599831375115535
DFL-MAT-J04219,0,False,138955,56.00426753385494,45.33764488301538,59.82471449629392,60.290471507210384
DFL-MAT-J04219,0,False,44775,142.4656433457615,132.3819367348856,152.05475221376668,137.0962305611264
DFL-MAT-J04219,0,False,160680,50.277112062788625,50.280746300986806,50.43889139428138,49.66255951781881
DFL-MAT-J04219,0,False,103105,95.86129441772187,83.4708175751664,93.72233318785362,88.64990081004898
DFL-MAT-J04219,0,False,27100,86.77694297071342,117.58825143865664,86.64752364241048,116.19962687447942
DFL-MAT-J04219,0,False,129955,132.22372184386873,109.79001255098522,122.8859993400311,92.24356987430923
DFL-MAT-J04219,0,False,147605,113.27124143065714,107.82322613318773,104.69586683645228,92.7911365971317
DFL-MAT-J04219,0,False,159055,144.3019811903787,131.30903357771916,123.22721373258322,148.9294989890094
DFL-MAT-J04219,0,False,77200,88.50420144761597,85.45310717117376,82.74256190265868,70.07100767448843
DFL-MAT-J04219,0,False,111180,95.7347080477442,98.07016021508828,85.86409350168786,128.1229589484807
DFL-MAT-J04219,0,False,131005,103.16521336960602,89.33758682818784,94.72650503262436,90.21651362496159
DFL-MAT-J04219,0,False,41700,123.61339900744896,126.4886928497628,113.84005979041143,133.73725435540462
DFL-MAT-J04219,0,False,161030,86.73154013431662,23.63150973054773,91.67496157877187,22.099492887736243
DFL-MAT-J04219,0,False,131930,97.6877849218475,79.79536933357029,100.30587698273234,83.38832960309564
DFL-MAT-J04219,0,False,104055,35.05527227508613,34.47781779613619,25.344207891029825,32.57047456063682
DFL-MAT-J04219,0,False,49500,146.72681045298697,101.75486046020248,140.11564645928513,68.9281009442883
DFL-MAT-J04219,0,False,50400,63.26384186972886,41.53787042363873,59.07092302592174,39.81233603656772
DFL-MAT-J04219,0,False,56600,105.30964901520944,117.84634050980974,86.20230168753969,118.61287239896214
DFL-MAT-J04219,0,False,156705,68.22749912546354,37.96071565219566,65.53832528667066,63.701767933646416
DFL-MAT-J04219,0,False,36325,53.65736316396448,36.8745590436384,53.323924257247235,34.375178689711326
DFL-MAT-J04219,0,False,14925,160.74445289616943,136.26201763928333,140.45679708657667,141.860386944401
DFL-MAT-J04219,0,False,38675,103.40956134017738,57.74637258867361,122.15093110850444,74.20593245975485
DFL-MAT-J04219,0,False,106880,127.66237905664664,116.91064100080952,109.40709194081455,124.45514420739197
DFL-MAT-J04219,0,False,131155,33.20384733862617,45.27052928247356,32.27783168518302,51.76698423013495
DFL-MAT-J04219,0,False,58625,67.72820173928646,80.29340771124576,72.0258549622324,82.8910121290222
DFL-MAT-J04219,0,False,111230,59.034680889614094,134.12794909765097,55.81296726029373,106.86960457891479
DFL-MAT-J04219,0,False,36975,87.38832828074213,57.75871633810654,50.21104798823351,69.68866669010903
DFL-MAT-J04219,0,False,150280,116.12412845596853,137.7561999261037,108.34347894497226,130.2884351476421
DFL-MAT-J04219,0,False,117505,43.618858671228914,81.69257051447717,70.76387471575916,83.52313287781719
DFL-MAT-J04219,0,False,58050,36.42229144377047,73.90609853355208,36.512761621562674,73.93494983947937
DFL-MAT-J04219,0,False,66200,119.73234031752715,93.80547950553955,114.55101487587979,82.25767477682435
DFL-MAT-J04219,0,False,32950,64.52746258775274,37.89915800858943,73.18624328380783,45.92372530509662
DFL-MAT-J04219,0,False,36025,57.21614534345602,44.68810444368657,60.827204645769456,37.75774100596449
DFL-MAT-J04219,0,False,16200,108.3942146795501,69.37304216793838,125.09054245994933,84.89569099815652
DFL-MAT-J04219,0,False,57275,90.6457508023669,59.57049535603029,104.60426295658115,58.09218342104278
DFL-MAT-J04219,0,False,57950,26.358724619916643,56.41477098541446,24.416239502921467,59.90302725731344
DFL-MAT-J04219,0,False,141680,71.52775695480732,61.186921084354296,68.24133396810522,61.45996012258005
DFL-MAT-J04219,0,False,165305,42.42797368155356,13.04247843779908,45.24945963079823,15.41025499288524
DFL-MAT-J04219,0,False,56525,190.65850503388666,105.22354932171355,206.85284387930326,106.70966604110843
DFL-MAT-J04219,0,False,37050,73.78138055628114,37.381813374199425,96.0029389608495,47.275396784329295
DFL-MAT-J04219,1,True,152005,39.05858990904747,37.236367986813946,28.42653203541984,26.508747382296793
DFL-MAT-J04219,1,True,78150,96.17897956584407,72.79689559148954,83.24446601821812,62.418806557566256
DFL-MAT-J04219,1,True,18500,54.757893070525505,87.97495458994719,45.00475658935276,104.80461352408827
DFL-MAT-J04219,1,True,16500,78.07699975154809,83.7856421031259,70.88880700321351,94.0998959978436
DFL-MAT-J04219,1,True,117155,47.93594063467634,39.3484413028568,47.41832373034778,41.655839688851465
DFL-MAT-J04219,1,True,172005,36.81272625253472,25.096180909371373,40.990078221114175,30.941419064982863
DFL-MAT-J04219,1,True,18625,65.47309156618152,51.31826701372855,57.599513716018166,58.95069017749261
DFL-MAT-J04219,1,True,51825,41.47659611993085,53.35938772429125,47.60825020205284,51.884567055914175
DFL-MAT-J04219,1,True,17250,88.9806723169267,73.39969363000282,107.87709743122808,86.09044818127539
DFL-MAT-J04219,1,True,149955,106.32036331952794,163.72946675649993,84.28310922276647,150.1595658741947
DFL-MAT-J04219,1,True,172330,100.84989993453537,48.78659380917982,96.22013381768035,57.0439368283229
DFL-MAT-J04219,1,True,53725,133.4812429979236,132.7649008472718,142.10194137838997,123.65822856520383
DFL-MAT-J04219,1,True,105955,58.50357775628881,49.551818213443816,58.67572014016865,47.28378850336703
DFL-MAT-J04219,1,True,145355,111.09414744230637,138.49357602435765,131.41508359769287,149.2682442397139
DFL-MAT-J04219,1,True,41075,147.24881236282147,100.91454734665848,134.99958491877885,93.27282908417708
DFL-MAT-J04219,1,True,70375,206.70448962221266,187.16497866572834,158.04148252394717,179.33095513978054
DFL-MAT-J04219,1,True,107655,167.6056351876262,172.02173138351316,178.81610372297075,154.04293797006676
DFL-MAT-J04219,1,True,143480,139.06771899989207,171.60109160152237,178.52579704429868,169.86116179828358
DFL-MAT-J04219,1,True,15925,122.04372326847984,80.37737262568979,112.17344451278088,76.2574770840851
DFL-MAT-J04219,1,True,121780,182.5976050595026,126.49670114162106,193.18364908660567,125.92578236613541
DFL-MAT-J04219,1,True,73750,133.08129518291847,88.52278172118946,114.97339367325078,81.62145816657288
DFL-MAT-J04219,1,True,43700,112.90122222658763,56.792246658479336,100.88510957810314,85.78731746700429
DFL-MAT-J04219,1,True,26800,70.19850206612941,96.20221145026991,78.71475276107003,83.94220741230873
DFL-MAT-J04219,1,True,157405,92.56483904821663,85.27119558986594,89.96687785475105,84.82807283854727
DFL-MAT-J04219,1,True,125180,65.30508604169809,148.58156306480387,53.49796262709027,145.94282524459786
DFL-MAT-J04219,1,True,125505,87.16408007245842,133.897486582022,64.35330255392992,105.95829247354762
DFL-MAT-J04219,1,True,132830,92.9724925768737,101.86827451314795,109.11776874591662,121.74837285389481
DFL-MAT-J04219,1,True,67300,78.26985940039704,76.77623032752652,81.45348308171819,57.09438494791035
DFL-MAT-J04219,1,True,22050,51.31519542271305,103.19049853502321,51.61621267977123,57.7345111453525
DFL-MAT-J04219,1,True,147930,57.13684390255947,95.60666990234284,56.03604879827926,77.6613866355004
DFL-MAT-J04219,1,True,100980,80.33283151561854,77.89991252509627,75.49633060256473,85.85489496844467
DFL-MAT-J04219,1,True,148130,55.75847205671816,30.05411315032277,47.70300685518825,36.59160576850698
DFL-MAT-J04219,1,True,69850,104.63009951347338,131.95868681194386,89.58739511610818,150.23840139547985
DFL-MAT-J04219,1,True,168180,123.63242151793229,269.09114318746987,132.37746701048974,265.59542340079275
DFL-MAT-J04219,1,True,152055,34.64719974538978,45.383255729481824,30.46874963455624,41.06263276737372
DFL-MAT-J04219,1,True,130480,143.35861474959023,86.55022940539997,125.77981637005288,69.29054234012388
DFL-MAT-J04219,1,True,151480,41.336700227061506,40.60351266249117,36.19043639326394,37.92751987320646
DFL-MAT-J04219,1,True,142380,83.03644595012531,67.7056082924961,95.29153623469121,78.72784559783706
DFL-MAT-J04219,1,True,130755,31.490947781559914,37.84914054089141,35.76099623827635,57.73727696611644
DFL-MAT-J04219,1,True,17300,137.2673024748231,138.76982596629966,90.92520424202637,109.05673291949745
DFL-MAT-J04219,1,True,149855,192.57937177351093,135.79669243007567,187.28056928859948,126.7420676594087
DFL-MAT-J04219,1,True,77150,91.62623306446174,87.81033231446636,72.03428554838302,88.65220820523953
DFL-MAT-J04219,1,True,63650,72.64228372713683,106.12208578661964,68.023809156683,102.67618640644059
DFL-MAT-J04219,1,True,21375,75.75816773864058,80.73424322027769,72.28005190384603,40.30796099822005
DFL-MAT-J04219,1,True,16725,81.34136339225195,91.26299322146791,93.79449676635926,101.214779590571
DFL-MAT-J04219,1,True,116905,48.991647098262796,59.126497380405155,48.22819508845688,57.18600776795078
DFL-MAT-J04219,1,True,46350,47.89845303996212,60.70266830566291,46.35004303302969,56.55859584397245
DFL-MAT-J04219,1,True,40750,137.9849696282581,145.03402725842187,104.72977410205426,131.54383339512464
DFL-MAT-J04219,1,True,100030,65.39580714745036,144.99583216376888,47.73394361588867,117.40574951941736
DFL-MAT-J04219,1,True,13000,52.59480940759468,58.18051866070443,57.7323247034343,64.24245661287348
DFL-MAT-J04219,1,True,78325,80.64975585429735,72.24189339826405,78.50860639141402,70.70784541553415
DFL-MAT-J04219,1,True,145630,118.38460225298786,139.44123513933386,98.23849893493195,128.02167852336106
DFL-MAT-J04219,1,True,17550,93.36713915274935,132.84258459565478,156.9750459962325,99.32850439412796
DFL-MAT-J04219,1,True,158480,148.44136112177887,130.51570753532593,93.41177216546218,120.01579022103917
DFL-MAT-J04219,1,True,102330,105.26895932123148,124.66451213436079,98.88972926139152,117.8731981658654
DFL-MAT-J04219,1,True,102055,106.89660572434997,130.35393195398598,121.1080908101606,126.21897566023624
DFL-MAT-J04219,1,True,133930,146.2280896872942,127.6958413748445,123.62366558377565,101.51867232703084
DFL-MAT-J04219,1,True,123080,111.34643358959546,131.59783092099363,110.71303914255688,110.29656462431961
DFL-MAT-J04219,1,True,121880,146.6080861517214,97.60634141950506,131.13110086676483,86.86545759675701
DFL-MAT-J04219,1,True,146855,42.398486088936565,46.2556784879566,39.86032616318061,46.78518738643065
DFL-MAT-J0421J,0,False,133709,149.07294186634815,137.89420647406422,159.99557265359365,146.97858751182733
DFL-MAT-J0421J,0,False,147684,100.72048897202414,154.39476414996616,95.98018142116969,156.00677715882267
DFL-MAT-J0421J,0,False,173909,98.61459816245508,103.37646640469646,65.104933371865,66.46042421310973
DFL-MAT-J0421J,0,False,124059,82.28573952400649,70.70197902930624,88.77583213376953,72.64090277075724
DFL-MAT-J0421J,0,False,106734,140.82418371471448,160.46393675241555,145.01539402303314,158.65989244316364
DFL-MAT-J0421J,0,False,140734,58.204900971392526,63.27412511260201,19.22773003129193,33.55734595121383
DFL-MAT-J0421J,0,False,19725,117.79372071444655,121.70349862806745,124.13848681846193,119.42468689733536
DFL-MAT-J0421J,0,False,10325,72.34972570225457,63.83068298638226,46.92269197229879,54.665156723275174
DFL-MAT-J0421J,0,False,78425,124.13023721075874,107.674714935502,132.19134946685253,96.38242501520278
DFL-MAT-J0421J,0,False,180584,105.71936768127433,130.51262384266644,95.8459432367173,128.91881718994057
DFL-MAT-J0421J,0,False,153659,81.71382217055071,73.4469715746449,45.94256775333722,49.21419269668819
DFL-MAT-J0421J,0,False,27675,54.501492511709046,58.837776287269435,63.055689578892334,61.289179157997246
DFL-MAT-J0421J,0,False,63525,155.93484132215403,135.67318817576466,180.81817208214244,180.9232933621442
DFL-MAT-J0421J,0,False,169959,100.17983785628208,59.283249690999305,104.21926389670458,61.66325944790112
DFL-MAT-J0421J,0,False,16400,18.209120344295783,15.450038362768156,16.459245303327656,16.68464120959568
DFL-MAT-J0421J,0,False,13600,112.87248735542039,117.87371881621159,108.12436393787549,121.62243152337376
DFL-MAT-J0421J,0,False,174809,66.17577595680577,64.53693085636314,71.56550974233357,70.5199676173824
DFL-MAT-J0421J,0,False,171434,75.44826807240543,60.601129424380105,63.839887284096264,58.99383854961749
DFL-MAT-J0421J,0,False,106984,48.15589361873319,53.155885836548585,45.613518998419025,59.443606142016854
DFL-MAT-J0421J,0,False,113134,204.95647849103963,134.77993591227641,239.78205155533237,153.75813737120876
DFL-MAT-J0421J,0,False,45625,64.37150158014418,22.129919984165014,64.85464019613354,40.050990048695624
DFL-MAT-J0421J,0,False,69525,88.25713351286872,105.05492794076929,90.96641147677498,114.67500047668841
DFL-MAT-J0421J,0,False,72275,57.06234625730023,50.757685058086636,60.85056393157077,52.66695561605434
DFL-MAT-J0421J,0,False,116184,63.56915167330536,38.19502543667651,47.08968535108865,38.470356447743576
DFL-MAT-J0421J,0,False,110484,31.2523047754524,30.23206918685245,32.825069585399184,34.144932641175075
DFL-MAT-J0421J,0,False,131559,74.66349101022308,56.84424596008584,63.4729822913237,54.43777208061259
DFL-MAT-J0421J,0,False,186484,116.00448265362971,58.09340637662273,129.4736749305026,65.567124513822
DFL-MAT-J0421J,0,False,29250,144.77040606334205,101.29731012415257,137.518702909037,92.42767434607558
DFL-MAT-J0421J,0,False,107959,44.48533706163032,34.819768313837415,55.67260396614678,27.301743479276848
DFL-MAT-J0421J,0,False,43175,38.142261929540105,38.11915283180303,41.584445453503044,44.053297942640896
DFL-MAT-J0421J,0,False,62625,90.61180352066957,139.5042862381648,97.66491572548522,114.0611527560701
DFL-MAT-J0421J,0,False,58825,115.40259013990543,141.4077820929401,125.09924230212243,122.39052301170457
DFL-MAT-J0421J,0,False,125259,36.10513272874857,44.963714383429824,40.99153735753792,40.443790200803605
DFL-MAT-J0421J,0,False,62375,101.14333841471931,93.66947410298692,111.97791934063615,118.0876743172977
DFL-MAT-J0421J,0,False,154409,80.11875289335649,94.94706088649912,70.95133617388731,85.7269861273864
DFL-MAT-J0421J,0,False,108259,71.82238778783324,59.8824854240135,65.89613630982565,54.594996900533936
DFL-MAT-J0421J,0,False,130584,18.354158362241485,45.45481418082739,29.00650177986268,43.9835599357547
DFL-MAT-J0421J,0,False,101759,96.5817983869055,135.91922347860174,115.9914464944262,105.63747170119304
DFL-MAT-J0421J,0,False,155284,48.72629003585848,30.190991276454408,48.05812150426149,27.81679428219871
DFL-MAT-J0421J,0,False,107459,122.8508691977918,117.63278917355515,110.20826817765027,100.39656879251483
DFL-MAT-J0421J,0,False,76275,145.575200198502,179.529585460209,141.33752976527884,152.89636862141126
DFL-MAT-J0421J,0,False,51375,93.25058853008505,91.88980836383566,70.91662295934314,62.555332707369544
DFL-MAT-J0421J,0,False,153534,84.52678887262901,86.22544202946203,90.36045549383127,88.48991977538087
DFL-MAT-J0421J,0,False,149434,28.95511139899846,46.71717283511287,24.60818205100124,45.64977837868104
DFL-MAT-J0421J,0,False,151709,45.85718837416052,27.228112594715547,46.49657254050243,24.894213032375
DFL-MAT-J0421J,0,False,154309,76.8044832563231,114.20995047865186,62.66700759356434,120.75464665769464
DFL-MAT-J0421J,0,False,65950,45.63052700026091,65.3530290747186,31.644245729259847,73.3169031103622
DFL-MAT-J0421J,0,False,19375,108.06615411650905,115.08873897884655,102.50030895098344,109.04284214101408
DFL-MAT-J0421J,0,False,64600,115.3805341963484,161.1119817195476,123.31027326777476,152.4294229622069
DFL-MAT-J0421J,0,False,159434,55.21193562208451,74.23326023638356,58.78250841905557,72.15174412172495
DFL-MAT-J0421J,0,False,156309,24.940397680775405,22.44401552027462,22.559846742403703,25.672047096789438
DFL-MAT-J0421J,0,False,63300,79.17745326565883,132.20621500829958,74.26368867552868,123.78550854176828
DFL-MAT-J0421J,0,False,178634,63.83870290188148,29.78827619806357,61.36345853500079,30.694617720077346
DFL-MAT-J0421J,0,False,154034,142.91026151099015,140.7333564808092,185.98296023418402,118.00740482510794
DFL-MAT-J0421J,0,False,26650,61.1764392313239,90.95036650160694,47.90311161198038,79.17057435796451
DFL-MAT-J0421J,0,False,155784,41.03193429381591,29.4410813158311,44.936935619142446,32.61700246872866
DFL-MAT-J0421J,0,False,124134,36.44756536539096,46.64506645919127,44.69214407256599,48.006942070597084
DFL-MAT-J0421J,0,False,19300,69.90687021261006,88.8077594160302,59.1003133437284,89.8206078257568
DFL-MAT-J0421J,0,False,108184,60.315566702754225,62.446229346765634,57.489439871238645,55.25513532153039
DFL-MAT-J0421J,0,False,110459,40.12706906440313,33.96855889468586,40.446307657046894,23.291260524125097
DFL-MAT-J0421J,1,True,102284,68.7837528109124,41.2963806948525,66.08993163263996,41.13218767105254
DFL-MAT-J0421J,1,True,184059,142.56129041814035,137.78233022642814,148.1071690070423,116.30029443899453
DFL-MAT-J0421J,1,True,152834,36.85263928913767,69.6068886877918,35.73711950892483,61.34138479516333
DFL-MAT-J0421J,1,True,133284,104.54264041081363,114.2941157247452,115.23229718713394,81.6412966573419
DFL-MAT-J0421J,1,True,78500,135.20299496466245,78.4569708783338,122.71409364945146,84.11178369451011
DFL-MAT-J0421J,1,True,17175,50.00444801849364,51.56147464019416,50.83263251684958,52.226490433224754
DFL-MAT-J0421J,1,True,180009,98.34178857496451,75.55690492075776,101.0864457252599,74.18686079554021
DFL-MAT-J0421J,1,True,182909,117.42986828962876,227.16630955773135,78.15766757793523,247.86398713525398
DFL-MAT-J0421J,1,True,77550,55.45654660293065,22.714229420765587,52.877056267382,26.24896295419358
DFL-MAT-J0421J,1,True,172634,53.24216092176788,33.55367170212334,58.1814885583168,36.87303173584981
DFL-MAT-J0421J,1,True,78275,50.86010252319008,48.00202879308387,51.31870089466107,29.126117616441306
DFL-MAT-J0421J,1,True,14300,89.69905849903759,85.27744981603686,101.5724663893,94.86052304258067
DFL-MAT-J0421J,1,True,24550,153.1915917673694,124.69992329327262,147.5864195345746,119.12206317428384
DFL-MAT-J0421J,1,True,132609,44.534932466216,56.1733157258571,45.59101023527277,53.17644758207016
DFL-MAT-J0421J,1,True,80775,108.84810547024581,126.14214753138808,87.71220971556333,100.36414813998357
DFL-MAT-J0421J,1,True,100909,117.29947013268425,87.7817336672385,129.8878048151338,85.29474111063267
DFL-MAT-J0421J,1,True,28625,86.25813454598904,108.8937078345759,105.65910206495876,129.87288599475704
DFL-MAT-J0421J,1,True,161959,29.74839187376584,39.06072829630833,25.27683479962195,35.339303943591176
DFL-MAT-J0421J,1,True,183384,75.55802903968899,59.88969732367761,67.75646009750238,59.473705025369696
DFL-MAT-J0421J,1,True,184909,68.83579743205902,55.95537141040386,69.93937360343878,52.74063995526734
DFL-MAT-J0421J,1,True,159659,55.77585617182706,50.368164014176116,56.206402151282326,50.803355236384114
DFL-MAT-J0421J,1,True,172534,48.206862557564335,35.711525895316996,47.59269156851339,47.954782874129336
DFL-MAT-J0421J,1,True,37425,180.55697717446932,117.25470310968986,157.36188455440742,115.4335427837872
DFL-MAT-J0421J,1,True,60825,85.82337877529028,60.21310054439813,75.97476620293497,42.61688033882919
DFL-MAT-J0421J,1,True,184309,145.75127502046385,151.76132087897483,160.87396333451235,156.56299042491366
DFL-MAT-J0421J,1,True,112384,106.22808972356742,98.25982544877823,108.74733462628666,101.05970049487318
DFL-MAT-J0421J,1,True,30550,153.9748089181404,138.19821175858402,143.77262924924077,121.05139518044125
DFL-MAT-J0421J,1,True,159984,76.811113755175,77.26284897903749,76.20106487982632,77.16223746335676
DFL-MAT-J0421J,1,True,152684,86.7875228108646,78.04384717554635,89.00253208597286,71.58076557599209
DFL-MAT-J0421J,1,True,119634,94.8778143066622,73.19316593830534,105.27391601638776,79.52072177393522
DFL-MAT-J0421J,1,True,112359,113.61008081457778,101.3345781386373,93.13379233308487,89.60895929079277
DFL-MAT-J0421J,1,True,23075,156.37407517553598,72.0148231861469,141.36082246648579,58.21257552805858
DFL-MAT-J0421J,1,True,165659,6.673652319836146,6.7180396813684435,9.182206436698156,6.587321591359197
DFL-MAT-J0421J,1,True,113484,127.00987353756817,222.43002560235308,113.5060297856423,205.39721430689303
DFL-MAT-J0421J,1,True,48675,64.34768828251212,40.18612334783783,62.41404714268035,42.09904631960875
DFL-MAT-J0421J,1,True,52575,91.71608638458251,101.4659261824313,76.49641463488426,137.3681016616991
DFL-MAT-J0421J,1,True,11500,23.382476387372122,30.119766480464126,26.035352245697098,29.7304535929773
DFL-MAT-J0421J,1,True,113184,101.3618286471358,143.94376976011918,131.086656390117,129.83822535290594
DFL-MAT-J0421J,1,True,112209,78.02711307679198,41.10587588764039,72.90081710793915,44.993354100931555
DFL-MAT-J0421J,1,True,28475,65.12168110691455,57.71962060822797,73.34584956943647,60.62429646347113
DFL-MAT-J0421J,1,True,144384,77.86059134157405,59.07863012291495,81.67441995383948,60.62035248287816
DFL-MAT-J0421J,1,True,60725,64.73395849957751,46.387951205571,65.25181658596622,52.945174509184234
DFL-MAT-J0421J,1,True,141784,38.891038148023505,41.54040781658113,33.10611892985463,32.859864323410875
DFL-MAT-J0421J,1,True,38125,70.38941797142817,45.4898982790433,69.10006419696131,50.60556886280675
DFL-MAT-J0421J,1,True,37200,122.7122409325836,126.01429809880501,122.09440861904741,136.63226704817154
DFL-MAT-J0421J,1,True,30100,53.92472584862733,40.07863006027125,43.666429387308284,36.64711240520278
DFL-MAT-J0421J,1,True,10575,79.71064771596221,79.68177733256425,85.76402821841756,78.29834812495335
DFL-MAT-J0421J,1,True,157559,97.62744042180232,43.802744596933465,99.1062521574276,51.44327781847195
DFL-MAT-J0421J,1,True,81775,132.60220915623634,129.8898582637459,120.76376611468953,112.2835045394574
DFL-MAT-J0421J,1,True,159684,54.30463517308604,51.60176278036224,55.02491889428395,50.93347725660472
DFL-MAT-J0421J,1,True,176434,126.56305735212163,157.66064734540905,138.2207276721512,157.23229638117337
DFL-MAT-J0421J,1,True,153234,54.467436839942486,58.04835470708989,72.32682230430198,67.34206786503368
DFL-MAT-J0421J,1,True,74800,72.21407752293653,48.788018112066226,73.87719106924814,44.28462180495229
DFL-MAT-J0421J,1,True,113009,106.20641924235345,134.2758537258704,113.93604678060302,143.50978400971965
DFL-MAT-J0421J,1,True,23150,153.67683762908274,138.94782588773234,140.60043046679823,135.66673296178874
DFL-MAT-J0421J,1,True,47025,48.41329962973729,45.71805884189584,44.51213541420278,41.84260059869588
DFL-MAT-J0421J,1,True,74050,87.1686279049961,83.91458701574479,67.12407665659377,74.39448851704827
DFL-MAT-J0421J,1,True,126934,116.68631535786903,117.02168978581513,120.92083809678529,108.95497390671834
DFL-MAT-J0421J,1,True,12425,107.11565332406555,106.24906292523853,97.66745047782555,108.15822006273584
DFL-MAT-J0421J,1,True,134834,178.49618903462908,132.7792141300667,154.65917284944777,139.52479199670182
DFL-MAT-J0421W,0,True,147687,93.44382779071682,97.12643791707882,96.75920602369982,85.07219515130576
DFL-MAT-J0421W,0,True,67350,73.59096353127745,104.71231912500691,65.8653910767658,105.29337382189621
DFL-MAT-J0421W,0,True,22875,80.80170498148627,73.33684632790306,65.72282543068904,66.57084603105679
DFL-MAT-J0421W,0,True,140937,78.19657864113174,129.51190075238068,78.6411379936136,95.32074298333988
DFL-MAT-J0421W,0,True,20400,65.27612263588288,178.98107704865384,67.28442992316906,171.35202910783204
DFL-MAT-J0421W,0,True,136512,120.93796715469828,181.2721027472487,102.57341252109644,195.7199659453918
DFL-MAT-J0421W,0,True,136062,57.824041448117974,55.11478295487097,57.54482312584336,51.638613716239256
DFL-MAT-J0421W,0,True,57150,152.43204424831873,153.09279468241016,133.96774462398,156.0803270285365
DFL-MAT-J0421W,0,True,58350,34.57192691476227,48.6867565050276,39.679944582161724,45.335711304161556
DFL-MAT-J0421W,0,True,80325,70.73378829766058,141.35267504775038,92.08162677297143,136.2421157175055
DFL-MAT-J0421W,0,True,172962,129.45606361246587,93.54584718020858,145.29505928467347,93.38825082979687
DFL-MAT-J0421W,0,True,51475,135.53371750089443,67.98683837045934,85.164434860817,42.96138718374531
DFL-MAT-J0421W,0,True,24450,153.71937089036805,114.56557020627166,133.6118844398859,115.77819549592728
DFL-MAT-J0421W,0,True,171162,55.812988901118445,48.317771183426665,60.47174611023854,46.31580547628401
DFL-MAT-J0421W,0,True,33375,105.38336842834482,76.31269481589473,120.59438230404137,78.0870903256892
DFL-MAT-J0421W,0,True,157037,57.117732497655105,44.75537701195187,61.575842645258376,42.49751851980548
DFL-MAT-J0421W,0,True,144412,66.62662757533633,36.828714318519225,61.995441898506854,48.66889775801616
DFL-MAT-J0421W,0,True,50675,117.03030794294192,86.62508763325833,127.33205466277207,104.76772593675604
DFL-MAT-J0421W,0,True,50125,87.1263125422483,130.02158634516658,69.55568249487335,130.13241437426032
DFL-MAT-J0421W,0,True,144837,58.35191023212016,92.26654661889789,49.76511528395261,45.65805495783383
DFL-MAT-J0421W,0,True,143587,105.44500990232041,99.49038859247662,108.24707075766356,104.28442312173121
DFL-MAT-J0421W,0,True,78725,124.20220278255573,113.31627923774384,117.5753232103741,125.88055366770618
DFL-MAT-J0421W,0,True,59050,48.61240841294275,38.12632256147901,49.45932286909024,40.0445561298004
DFL-MAT-J0421W,0,True,68475,50.75676232157445,66.55867737357022,43.03511437872102,70.84644373658791
DFL-MAT-J0421W,0,True,35925,98.51015808023311,72.11783617272674,80.91039786385117,70.08229683811679
DFL-MAT-J0421W,0,True,60225,23.323374404380175,46.027691327041865,24.673884897636697,42.52790372270158
DFL-MAT-J0421W,0,True,73775,63.91822037936618,75.99539958336176,58.379820194198075,79.80999788644638
DFL-MAT-J0421W,0,True,135987,56.574397332224095,49.77035703171171,59.63004315531848,54.58893591862273
DFL-MAT-J0421W,0,True,20450,99.245310639129,208.77648621265638,99.8261941351831,204.894983729967
DFL-MAT-J0421W,0,True,135587,95.90844912368516,119.36515046345649,95.99238410119814,98.16690100208214
DFL-MAT-J0421W,0,True,80825,63.31444818175834,64.65403582426617,61.835737436891634,68.10992174410354
DFL-MAT-J0421W,0,True,171512,81.10542491189463,40.473302663985606,92.52047614692864,47.10493545935278
DFL-MAT-J0421W,0,True,158862,100.69278618024536,112.95789120650522,104.12265255755565,95.05563562781617
DFL-MAT-J0421W,0,True,53925,160.20597991235718,90.27635392262889,139.09493867822795,79.37453528603832
DFL-MAT-J0421W,0,True,137237,65.46946429791491,77.78217617110747,56.15383761122935,60.61231860053064
DFL-MAT-J0421W,0,True,38900,87.30423621264046,121.86674120567459,91.29010508786617,105.61702791618222
DFL-MAT-J0421W,0,True,35950,81.00613180610227,113.2263745537342,93.05613756579152,95.14681008493106
DFL-MAT-J0421W,0,True,166987,73.59595021667306,99.24988589167492,63.402096874886034,98.387373911815
DFL-MAT-J0421W,0,True,68650,91.74483168210206,99.48983842650796,74.17358525931394,108.2412719667051
DFL-MAT-J0421W,0,True,71950,204.52178732520625,136.26835900890418,177.95958630636525,146.84852105462454
DFL-MAT-J0421W,0,True,59525,60.47965417489019,54.533134731818684,62.079007794959644,55.41921431638528
DFL-MAT-J0421W,0,True,111837,27.10625579258191,22.075571732149047,12.996422398424661,11.557278563703862
DFL-MAT-J0421W,0,True,55725,41.853139514772586,36.236465207324635,46.80004940685441,63.54358375312517
DFL-MAT-J0421W,0,True,111462,53.56817548549602,42.34697531282813,52.56532690339101,46.12870745253301
DFL-MAT-J0421W,0,True,145362,177.39866478859292,100.00952054107991,110.28064458718386,81.68160333311472
DFL-MAT-J0421W,0,True,108262,178.79404073601998,114.43204276268449,182.80390812609036,120.17474244781286
DFL-MAT-J0421W,0,True,153362,42.372520270966994,37.11766054289311,29.940819244586258,31.626053237929742
DFL-MAT-J0421W,0,True,117687,90.87186974949539,89.33232157368818,84.76409669217398,85.67041494409149
DFL-MAT-J0421W,0,True,153987,125.87218249765189,85.04793155489249,115.6651967330811,76.03712926320748
DFL-MAT-J0421W,0,True,67250,41.944074686759365,95.12999602548416,56.311520718182706,135.03115210016256
DFL-MAT-J0421W,0,True,26575,52.41780292144708,60.23806319909815,50.09624042351124,59.171007334445676
DFL-MAT-J0421W,0,True,117437,174.17776542581487,105.96505573240839,172.84796305043466,121.58087013029774
DFL-MAT-J0421W,0,True,66875,83.75079723227782,89.91710815790796,109.81709197160352,97.6435487877818
DFL-MAT-J0421W,0,True,152937,101.78791135951572,106.51668088846051,107.51131519402205,112.45312281740941
DFL-MAT-J0421W,0,True,132137,113.7289364194082,101.77376083641755,108.21443584912669,103.54002876747546
DFL-MAT-J0421W,0,True,41600,100.94378712370563,121.56382612611728,90.33079696342813,112.96943448131746
DFL-MAT-J0421W,0,True,73750,90.6257350947457,86.77265331624503,92.45699980823221,97.12121286919727
DFL-MAT-J0421W,0,True,52550,80.19717473323561,125.6667979203179,86.75802820949144,135.98518276982404
DFL-MAT-J0421W,0,True,132562,71.21618388750396,60.97015510070602,72.53517769352709,70.67173514523036
DFL-MAT-J0421W,0,True,74275,65.31234530316219,135.40261318744047,64.03590826223054,128.86435608914346
DFL-MAT-J0421W,1,False,139462,101.4937464634734,89.13133106968424,72.46408093091495,85.38882723653157
DFL-MAT-J0421W,1,False,65275,21.420423038392716,17.384153415537337,16.789024161980528,13.967688509430218
DFL-MAT-J0421W,1,False,40625,93.98608515509669,86.01886073664251,85.26417616910378,68.83521373674097
DFL-MAT-J0421W,1,False,107762,76.77011525062383,59.07885205555332,69.04188933736344,61.586841583539766
DFL-MAT-J0421W,1,False,102012,110.4599685190009,91.74887415428222,107.98686313530999,94.93964269458904
DFL-MAT-J0421W,1,False,48300,66.31627866691765,58.175913652059414,73.17224594674896,53.39839755247239
DFL-MAT-J0421W,1,False,154562,155.0171223380526,108.25845253559787,136.8642225479695,96.31027493517364
DFL-MAT-J0421W,1,False,29425,62.817358096910596,39.51576466364042,68.61066665630531,39.9623638892524
DFL-MAT-J0421W,1,False,155812,88.66091364421702,93.6335870403729,82.94323790941444,83.42337372840109
DFL-MAT-J0421W,1,False,107937,64.18821999646259,57.122807831720664,57.50083736490501,57.19272426962014
DFL-MAT-J0421W,1,False,35550,72.13831499862826,66.88408920917682,63.35950779679538,69.38475696299147
DFL-MAT-J0421W,1,False,42175,143.1357702349447,100.61540703389711,131.61569548006096,104.26105710612192
DFL-MAT-J0421W,1,False,160812,48.56192814283908,37.234478607344585,35.306279419405655,31.429781101546812
DFL-MAT-J0421W,1,False,164412,59.6287912821022,82.53278964366129,53.00144498860512,81.8407136269437
DFL-MAT-J0421W,1,False,145287,116.4144645532955,98.56275881173741,91.46014874226866,81.69973287601513
DFL-MAT-J0421W,1,False,21500,79.62395119084626,42.13647499647799,80.9306898018835,53.27473362563457
DFL-MAT-J0421W,1,False,31425,42.76760909512691,26.65729226118422,37.13896980242746,21.676259302125278
DFL-MAT-J0421W,1,False,124387,86.71171185644776,79.79089382053685,110.56427551840636,80.73911384230325
DFL-MAT-J0421W,1,False,158712,80.14114565554152,139.4345074235018,121.60615712674196,111.32108880881422
DFL-MAT-J0421W,1,False,137937,80.0442682679622,69.19297878098814,83.17942706875711,78.79178051491273
DFL-MAT-J0421W,1,False,142162,42.68303256844757,31.050363307804364,44.323112676097786,39.011181858615565
DFL-MAT-J0421W,1,False,16575,85.44639406486553,54.15477934682213,66.59693663685898,92.72901816430304
DFL-MAT-J0421W,1,False,115187,164.75555119903754,118.24679781463247,107.86373335107132,128.39826329373992
DFL-MAT-J0421W,1,False,42975,101.88052925866826,139.7884891614099,127.59613092103727,113.01653533129173
DFL-MAT-J0421W,1,False,75675,76.63934974491887,46.77090198901822,91.33481894778264,57.20426761925836
DFL-MAT-J0421W,1,False,70450,33.57713722003605,27.515956046358895,32.74141007617608,29.86428677565146
DFL-MAT-J0421W,1,False,43450,142.16943584003488,95.79897581183872,135.2947039966698,105.2080008266108
DFL-MAT-J0421W,1,False,13125,83.7718166216183,72.78003286813792,81.748847195021,72.40246429789093
DFL-MAT-J0421W,1,False,43250,108.36189429726295,83.48116016270497,103.58263935874156,76.93002299334447
DFL-MAT-J0421W,1,False,73850,75.02075626361324,103.97515510215558,75.25519399491274,99.40231369205101
DFL-MAT-J0421W,1,False,30600,28.501348868507673,24.531487418396477,25.142802368579925,24.012863427717047
DFL-MAT-J0421W,1,False,48775,109.78663593469777,119.4794106234776,104.50242972009183,103.33912637606169
DFL-MAT-J0421W,1,False,32400,144.79394268510242,101.2463379291887,162.29918409224967,113.50883846742653
DFL-MAT-J0421W,1,False,113662,55.68058190917848,129.8611025078938,46.61724540535793,134.25696704486904
DFL-MAT-J0421W,1,False,22100,123.32358492726141,95.45140569907875,125.08716470124638,86.75019490775122
DFL-MAT-J0421W,1,False,121637,94.67745337691625,116.73043106771524,85.74463149710704,123.27320642178864
DFL-MAT-J0421W,1,False,125462,25.273902913956263,32.538353195931954,18.862050475505992,24.657555496484033
DFL-MAT-J0421W,1,False,71050,59.62918731127281,40.53045667790844,56.89613288905525,40.06300499052507
DFL-MAT-J0421W,1,False,56050,123.5862366161872,100.9345655588744,116.42315707778654,85.00235665906214
DFL-MAT-J0421W,1,False,130587,77.6789717972146,52.023577429897145,80.09771905710605,54.059595773222924
DFL-MAT-J0421W,1,False,165637,69.99754102936367,56.876769088732935,59.67862442915359,70.61188485994099
DFL-MAT-J0421W,1,False,34400,139.53761363291912,88.67225397888318,114.24840265661577,113.17797406966586
DFL-MAT-J0421W,1,False,139337,60.199444906630326,69.06599683884272,51.84963981948169,81.26906406883589
DFL-MAT-J0421W,1,False,102462,37.17377666402331,32.628273841197455,41.32458528638328,37.1645799004666
DFL-MAT-J0421W,1,False,49375,64.61474728650066,110.78770863646238,55.00566964721559,97.8673714404873
DFL-MAT-J0421W,1,False,78700,130.91447816924497,121.9475301864084,160.34823342153175,114.04811802042299
DFL-MAT-J0421W,1,False,18525,62.654682862373754,38.644305617788056,64.42647523242974,39.53553269945505
DFL-MAT-J0421W,1,False,107012,95.2935201218401,89.98659658181055,89.30645585119075,101.91839116777479
DFL-MAT-J0421W,1,False,139437,117.38067580109843,125.94883811476686,128.71175527372935,146.0221744038881
DFL-MAT-J0421W,1,False,126337,113.19990779211885,96.88204517975416,113.26311216970063,89.4027836317257
DFL-MAT-J0421W,1,False,101637,53.14755872652966,46.76248624252657,52.99108024597079,60.55265495513139
DFL-MAT-J0421W,1,False,38500,46.39815776943057,56.88952262059774,44.009758125752015,56.358669988526266
DFL-MAT-J0421W,1,False,156887,61.89936258272097,53.54333636957177,50.463639263053196,63.775562888491145
DFL-MAT-J0421W,1,False,32650,77.43565394220462,84.27022979541874,51.9802123592301,52.33337096764632
DFL-MAT-J0421W,1,False,144912,96.38255669107556,94.58932090376327,84.00538001136677,81.30729649184589
DFL-MAT-J0421W,1,False,50025,142.73039209967786,138.7687714400174,119.12068082304737,119.89525970527926
DFL-MAT-J0421W,1,False,19300,45.59513630697117,33.29735436754223,36.528166595653595,26.452185386580677
DFL-MAT-J0421W,1,False,17625,114.66333404306829,109.99649643453316,181.37013743714618,141.58601232750874
DFL-MAT-J0421W,1,False,110587,69.78832032049019,50.63815561645328,71.51990213221758,53.44241798242742
DFL-MAT-J0421W,1,False,135137,55.19796076240364,30.06251727733311,48.83859113232904,25.355021651430768
DFL-MAT-J0421Z,0,False,12425,88.50201679981512,141.26150185015183,49.34400036535436,162.06703305062376
DFL-MAT-J0421Z,0,False,67100,31.923606640049776,29.693150219911107,24.48938059497745,29.497850417024928
DFL-MAT-J0421Z,0,False,55700,26.03477466955686,31.759499501329017,20.401942065491635,18.304865936683576
DFL-MAT-J0421Z,0,False,159351,49.352300639638486,32.4755694854219,46.12728285986928,34.76608911785783
DFL-MAT-J0421Z,0,False,24650,55.71936525550825,83.87529914155486,57.29907112430039,84.93010924534236
DFL-MAT-J0421Z,0,False,66600,80.88957867536418,43.65454329033235,77.7225403617534,47.58314378343901
DFL-MAT-J0421Z,0,False,139051,103.43251044389855,109.56881180240832,99.11615468002765,116.9727964572441
DFL-MAT-J0421Z,0,False,21700,81.8206759682028,88.06684109667609,114.06501452076122,74.72139047420112
DFL-MAT-J0421Z,0,False,182576,60.85985965531692,51.67767247983658,67.32156004327183,54.874076599278204
DFL-MAT-J0421Z,0,False,72600,43.42737162103495,46.4487243357773,34.67761995986124,39.201425013590956
DFL-MAT-J0421Z,0,False,48700,186.53227050416754,176.73153108845332,129.85420631538636,168.5208294134862
DFL-MAT-J0421Z,0,False,158476,107.12031259506028,106.12004362226651,84.13840290124205,52.49485535023731
DFL-MAT-J0421Z,0,False,111026,20.489881438395273,20.096572670431854,29.362690837443097,27.845406684329763
DFL-MAT-J0421Z,0,False,61950,205.45318740567924,161.62115340070838,193.32455829062616,170.1956849530884
DFL-MAT-J0421Z,0,False,128651,107.27540129053878,108.06769548128358,98.62879962976173,120.62209522242846
DFL-MAT-J0421Z,0,False,176101,86.93654773998094,210.14460753725942,73.7588870051851,209.0802230214543
DFL-MAT-J0421Z,0,False,15325,147.8347963695118,98.02687131805446,145.45212976259606,107.07789416036145
DFL-MAT-J0421Z,0,False,140576,58.985570453941364,65.82225185305292,62.70426330120478,59.14003668403448
DFL-MAT-J0421Z,0,False,151601,30.36789192830746,41.18929851492838,29.278240575631767,42.048375539733044
DFL-MAT-J0421Z,0,False,30750,108.85317910837779,73.18545724638399,99.91545374250299,67.0624164594527
DFL-MAT-J0421Z,0,False,143501,135.26452427681517,125.26175284829463,137.4566940895103,132.03568393243415
DFL-MAT-J0421Z,0,False,144626,165.2366112845209,123.28535358558004,163.58057673178163,117.56592114034257
DFL-MAT-J0421Z,0,False,118551,59.91901154404643,103.04710052975746,61.63894538059513,84.31444776660193
DFL-MAT-J0421Z,0,False,143726,135.41612074690158,104.11477473148803,138.43597277895907,106.44764678650183
DFL-MAT-J0421Z,0,False,121376,15.207675316673077,14.680954274601484,17.515382523121623,17.47858316194832
DFL-MAT-J0421Z,0,False,119726,102.32803093362871,98.63267290766439,81.05403981130564,80.31340565510155
DFL-MAT-J0421Z,0,False,38875,48.369838755951754,46.17471903079827,53.30403976339584,47.024123152920055
DFL-MAT-J0421Z,0,False,179526,51.56547113247567,42.20093983579253,52.30985850266292,33.039942342714724
DFL-MAT-J0421Z,0,False,172376,91.2256673913688,71.49602609386258,89.75661394720737,75.21080118387913
DFL-MAT-J0421Z,0,False,116751,241.13890710595723,170.22815831577512,245.41473172629094,179.16196336895453
DFL-MAT-J0421Z,0,False,15950,135.66238023948063,130.27274045728177,117.37585226827528,122.6953015141828
DFL-MAT-J0421Z,0,False,171676,65.90688690446088,76.70339569551533,79.45905908173398,86.44303339746372
DFL-MAT-J0421Z,0,False,104176,136.33268779211318,134.6849557164626,162.98014504874928,160.94010494155629
DFL-MAT-J0421Z,0,False,57025,75.21798330745982,142.7021115371632,73.67120963254372,106.02270459649927
DFL-MAT-J0421Z,0,False,140551,64.9467814454548,56.43794349620728,67.02290321277928,54.36404711016947
DFL-MAT-J0421Z,0,False,168851,173.2861784559759,108.19837994705105,178.58515517109308,130.47396628382063
DFL-MAT-J0421Z,0,False,125001,81.42346831355762,56.93842530387223,83.29483452685285,63.12950455364222
DFL-MAT-J0421Z,0,False,183876,32.61682889721196,33.62854555977052,26.562087599756417,30.39250767853982
DFL-MAT-J0421Z,0,False,117451,125.55539917014978,71.5042952832568,148.90205584164468,92.66663165983638
DFL-MAT-J0421Z,0,False,48100,131.61888948827306,146.35070653451427,128.51189207968932,141.81387050516383
DFL-MAT-J0421Z,0,False,135051,103.1912717273993,123.0934454703461,109.76337344220272,103.77908334808448
DFL-MAT-J0421Z,0,False,170451,147.90958511374757,122.32014304139985,170.47938197215527,122.13115175019875
DFL-MAT-J0421Z,0,False,48175,167.64515707357833,99.49942326358692,172.1345621673693,106.91809054273153
DFL-MAT-J0421Z,0,False,184576,191.2964252097549,101.86734703810069,211.2576952508707,102.44715510787047
DFL-MAT-J0421Z,0,False,169776,69.55294246590138,42.35066023380481,57.05906693465517,46.20728499360114
DFL-MAT-J0421Z,0,False,77275,110.4958793886392,161.50785505696447,119.2761103406697,144.15826445713992
DFL-MAT-J0421Z,0,False,187426,86.9924921069471,121.94090300254831,97.79014795760501,139.00370370987176
DFL-MAT-J0421Z,0,False,126701,73.51410227637008,85.32551785199553,77.56496346698492,82.09730337797819
DFL-MAT-J0421Z,0,False,170976,128.38366680752821,173.24026510280018,136.48878922358742,185.2906265425937
DFL-MAT-J0421Z,0,False,166101,122.13213206122411,191.00147392720544,114.41725150510042,149.33144528864392
DFL-MAT-J0421Z,0,False,73375,116.80594523449066,131.929471820753,122.02535301951842,151.89555946704584
DFL-MAT-J0421Z,0,False,24950,60.25332642308639,40.30986742421726,57.57192594391157,38.465282193831186
DFL-MAT-J0421Z,0,False,145576,64.93250556540998,101.61405037023631,61.945262354401926,99.49972776345787
DFL-MAT-J0421Z,0,False,71950,109.67966963227757,147.74054191943284,90.87066000708997,123.1484475628107
DFL-MAT-J0421Z,0,False,159426,41.578611830679534,63.10028941660171,44.59999747561156,61.326641758720086
DFL-MAT-J0421Z,0,False,19950,130.10973616000356,91.21564579847087,147.45643738819481,73.46922958078461
DFL-MAT-J0421Z,0,False,48550,98.67474769693438,92.6423280445748,93.51049974256398,87.43952155091941
DFL-MAT-J0421Z,0,False,111051,13.207589087010602,13.47736567654634,15.421209607446919,14.036868895716035
DFL-MAT-J0421Z,0,False,183026,45.4064743235593,42.70577151807207,46.00702851579293,46.29859732207333
DFL-MAT-J0421Z,0,False,60850,77.17779281541829,69.10722830689687,79.1123452207415,71.25144870728202
DFL-MAT-J0421Z,1,True,148501,87.78979329797473,123.34006730648018,76.1007124027898,109.99437327048489
DFL-MAT-J0421Z,1,True,36050,149.86783206771955,82.18850556840367,133.98275232206808,97.429798662811
DFL-MAT-J0421Z,1,True,134851,40.9835864806937,109.3651627045112,56.38632125378942,79.64820306950101
DFL-MAT-J0421Z,1,True,154651,60.57426233395832,138.09479279881504,50.33882556568837,121.67162309094068
DFL-MAT-J0421Z,1,True,13775,45.481092669933815,70.65005174530043,40.9675524762354,62.744491947923386
DFL-MAT-J0421Z,1,True,22700,109.90704965944438,104.13219404293994,103.88392766015801,101.27060942085853
DFL-MAT-J0421Z,1,True,159926,72.18271858038949,103.61706462816834,75.77821402080927,79.72727626533013
DFL-MAT-J0421Z,1,True,103026,104.25842843949965,103.27498421876089,102.96310274005403,96.49511474340002
DFL-MAT-J0421Z,1,True,176601,189.83947862919928,105.3687784950297,196.28683831256262,157.02980046673073
DFL-MAT-J0421Z,1,True,127001,82.69191486049763,71.59977950966102,67.1246127250103,64.56073272080033
DFL-MAT-J0421Z,1,True,54550,165.71896993528836,98.02723565802908,223.21778830532193,120.51169789900057
DFL-MAT-J0421Z,1,True,136051,129.24342583086502,125.15569722091873,131.58327736836338,86.17637063355511
DFL-MAT-J0421Z,1,True,35025,22.100560299526574,16.48598442065005,22.472148507806306,16.472227114636805
DFL-MAT-J0421Z,1,True,49550,78.43658371297732,67.446587709727,82.13835807866442,71.87764165247849
DFL-MAT-J0421Z,1,True,156851,34.80818663004221,30.781777797534176,31.300110354934777,24.299496781452973
DFL-MAT-J0421Z,1,True,52925,38.137602724178294,24.75584489216228,44.166322839235754,34.149591297352295
DFL-MAT-J0421Z,1,True,23700,132.30315349504565,104.88221266210844,112.67641077975495,83.94241967392101
DFL-MAT-J0421Z,1,True,60575,57.684999124088016,36.12282660078461,49.19665357724851,36.49882197019313
DFL-MAT-J0421Z,1,True,155201,42.45245700365564,61.51536277119682,39.774449859203955,58.85518772865885
DFL-MAT-J0421Z,1,True,179051,114.58367482280774,119.12046288409358,126.87688449647777,79.70616130542302
DFL-MAT-J0421Z,1,True,154101,54.76397618780191,98.84944677371816,53.93850640550743,105.41957503081902
DFL-MAT-J0421Z,1,True,104601,65.08969097382243,32.492175256730725,53.618339946133,33.36153223674888
DFL-MAT-J0421Z,1,True,78450,46.6860631961428,46.627960105409045,48.14964418827667,47.06043316063958
DFL-MAT-J0421Z,1,True,109626,38.12705759936155,44.08790965289554,45.83790071729353,42.542183797113054
DFL-MAT-J0421Z,1,True,45150,66.98693627569477,51.51159041213125,67.75755790663167,57.10724455439133
DFL-MAT-J0421Z,1,True,50575,103.51230134462853,110.39705846779933,108.66242263802346,81.96931294353277
DFL-MAT-J0421Z,1,True,161476,74.84358164537555,38.96355002861114,85.44919393417938,81.25584551720122
DFL-MAT-J0421Z,1,True,108276,33.92183199780983,25.609142746802988,40.74566586198252,23.86535219677321
DFL-MAT-J0421Z,1,True,42875,125.24874249394179,85.31669891342456,118.88477212390775,75.01814235552902
DFL-MAT-J0421Z,1,True,131776,44.9989427085412,44.5999992188795,45.38961861165591,44.1326432247191
DFL-MAT-J0421Z,1,True,76000,164.2405552121762,138.57375559331,184.19718801781357,144.32876061383814
DFL-MAT-J0421Z,1,True,182951,56.32418902722799,42.60382669727857,54.53734595271642,42.489752469603424
DFL-MAT-J0421Z,1,True,114151,67.24470289296438,42.35113881257413,69.99576128077327,36.90211154072614
DFL-MAT-J0421Z,1,True,136151,43.8216185497066,87.21015517428218,89.82896542635244,149.39347060798988
DFL-MAT-J0421Z,1,True,64725,79.84191040666383,92.34386916795505,125.15722680200157,131.20659433442881
DFL-MAT-J0421Z,1,True,148976,73.39269306494987,80.53775169390471,87.7352089816949,98.70765517715746
DFL-MAT-J0421Z,1,True,59450,39.73026697882381,33.87684035060326,41.64492852500264,36.9585901885038
DFL-MAT-J0421Z,1,True,63175,49.303305857748235,32.053615327095685,43.22714839843511,38.10301357704744
DFL-MAT-J0421Z,1,True,185826,54.411784500860335,41.002761257998124,50.144247643327716,39.853777648240865
DFL-MAT-J0421Z,1,True,70775,122.58705068303216,122.1263046799202,142.97427426631515,134.54940147470924
DFL-MAT-J0421Z,1,True,144776,169.09291782963896,146.22157031115557,132.58787133141155,102.10037624110296
DFL-MAT-J0421Z,1,True,147826,34.179137425249905,37.322861806251986,30.58860665636519,34.24683109766273
DFL-MAT-J0421Z,1,True,36700,89.42021335550693,93.95660271885346,100.81378701363836,98.55254460507513
DFL-MAT-J0421Z,1,True,68475,42.259474314902874,28.30554318983596,27.81886057193655,20.313206727749
DFL-MAT-J0421Z,1,True,101201,58.53436092777863,32.967423007799134,57.504307244517705,34.27749550542405
DFL-MAT-J0421Z,1,True,132626,84.48738189142104,79.88858314574584,89.94849119508883,86.19154494223562
DFL-MAT-J0421Z,1,True,19100,71.89072060294997,54.68304355001395,85.96661870669597,66.60464014266942
DFL-MAT-J0421Z,1,True,108001,72.22859620421856,42.65646404739654,55.39062438702397,63.009037567251596
DFL-MAT-J0421Z,1,True,53300,49.90569379047625,53.73441716772873,28.195308043171927,81.4953808346363
DFL-MAT-J0421Z,1,True,132176,53.58181951611903,52.53076773766814,51.04074795023156,50.55360182915269
DFL-MAT-J0421Z,1,True,46300,69.8717532697943,65.82593731751749,72.22960839768157,64.22562470589337
DFL-MAT-J0421Z,1,True,141176,111.28565780868003,127.93511015866662,110.60514309669534,123.88044993726233
DFL-MAT-J0421Z,1,True,66100,73.7047730595011,67.94193065195644,80.34077831858967,77.37396372604998
DFL-MAT-J0421Z,1,True,156276,94.73003556246896,78.21401428941907,82.26769717504095,64.93190522331679
DFL-MAT-J0421Z,1,True,76075,71.20682104767026,41.59050476264588,72.11262238954805,63.49987443201177
DFL-MAT-J0421Z,1,True,23350,89.11076985775456,66.21025862416602,92.44200797508405,63.042033260737014
DFL-MAT-J0421Z,1,True,45175,48.08090826954722,48.64063596728854,58.634327352022744,53.70445058157602
DFL-MAT-J0421Z,1,True,112526,107.17457574917218,49.7346651365262,106.53531207251704,48.29025035532029
DFL-MAT-J0421Z,1,True,113676,93.52833659043672,69.51553338784741,74.22509211424378,61.10339059019095
DFL-MAT-J0421Z,1,True,70850,134.07995257785038,77.31556390123365,124.75301117154577,82.38398012042467
DFL-MAT-J0422E,0,True,25450,176.90530851925928,198.17741267824454,152.67318153613752,166.90881012953605
DFL-MAT-J0422E,0,True,58450,77.82512227211787,90.55074892396021,67.92787100361147,81.5745623050135
DFL-MAT-J0422E,0,True,118574,160.87640180321844,153.80178939418167,130.65599174077406,143.92072983942637
DFL-MAT-J0422E,0,True,170149,86.4385426521606,87.83558601109942,94.57034560883514,101.22192038676954
DFL-MAT-J0422E,0,True,117349,56.531148180305564,62.79992813448087,36.81456776801722,26.839610584971066
DFL-MAT-J0422E,0,True,164149,86.09273264667553,106.9803717931825,81.01405183571795,117.51373671958058
DFL-MAT-J0422E,0,True,153724,38.777367704288494,60.69385776329934,37.25405605095849,60.362643828720195
DFL-MAT-J0422E,0,True,171124,83.84386913868954,107.8360515231623,88.96452306800212,136.57294027873002
DFL-MAT-J0422E,0,True,122774,83.08512153786334,127.56191662240394,117.24774175844942,137.62401647662443
DFL-MAT-J0422E,0,True,118224,80.31504508332267,96.63529105636349,55.704179227585726,105.5302906630123
DFL-MAT-J0422E,0,True,55350,67.86083835559454,71.3562221169981,67.49093445653111,76.84577854976793
DFL-MAT-J0422E,0,True,55300,51.74366381656649,64.385789870993,47.69049067160308,60.540466445712134
DFL-MAT-J0422E,0,True,67450,119.46583566579383,123.92350805802329,150.12638140488667,85.62157568165516
DFL-MAT-J0422E,0,True,55725,27.356408917888015,46.60844785854477,31.767052329939425,45.966925708859925
DFL-MAT-J0422E,0,True,109674,36.728536478687296,42.809344682181596,29.746486540500776,43.124760636499474
DFL-MAT-J0422E,0,True,116899,45.85267966405327,120.75420218813473,45.82555519325285,130.83634099453676
DFL-MAT-J0422E,0,True,169974,115.13129935515698,83.29703348077703,129.36687006522936,78.27124574266557
DFL-MAT-J0422E,0,True,32525,126.18041456642753,105.74733994398883,129.05624142192613,102.81760371461336
DFL-MAT-J0422E,0,True,105549,73.7615895607311,112.88051849738743,96.51410327216196,118.69504955658154
DFL-MAT-J0422E,0,True,73000,73.30697655567923,92.12558658377618,87.24223608681162,92.40375890734168
DFL-MAT-J0422E,0,True,159524,41.46224040419144,48.84581415400034,63.17827296218816,48.90941747603615
DFL-MAT-J0422E,0,True,71425,79.50656175760382,93.77348446182972,92.37185217330365,89.10241618392904
DFL-MAT-J0422E,0,True,25375,137.99456711990948,135.70712892133963,121.52068107825936,112.51824711789949
DFL-MAT-J0422E,0,True,105774,110.09519856730257,104.46987070979482,104.74448306398949,110.23435391994342
DFL-MAT-J0422E,0,True,108899,63.34078686235568,38.646690746962285,60.645439380300296,40.86788027214624
DFL-MAT-J0422E,0,True,159124,56.35607875988227,50.2401907221019,45.74038613568995,49.80836577049597
DFL-MAT-J0422E,0,True,177099,173.5502638318717,148.17299591894226,136.69770931907024,123.4885701732639
DFL-MAT-J0422E,0,True,141524,108.60881348100831,112.65891101104633,112.97313246895844,120.25331670833579
DFL-MAT-J0422E,0,True,119074,17.649077752590433,45.233212977526584,26.962253488184427,35.20697423998287
DFL-MAT-J0422E,0,True,129924,98.50217546158758,70.92874889100705,71.85230609305289,57.38416891980061
DFL-MAT-J0422E,0,True,21375,124.45952640604297,113.63445586862538,73.01814123039463,121.40625634679468
DFL-MAT-J0422E,0,True,107374,122.23633541445764,113.0783032738556,182.73303200253875,121.10086323813431
DFL-MAT-J0422E,0,True,32025,58.76450287959648,55.037733915261626,54.04927705974979,51.38286216988693
DFL-MAT-J0422E,0,True,72800,91.54079764767319,102.07610484230071,94.50633556543383,91.86555777232871
DFL-MAT-J0422E,0,True,56925,60.09860517508388,22.06418368445325,57.917305673839174,21.858571221434627
DFL-MAT-J0422E,0,True,74175,61.65976569208223,37.06367272938663,57.15195827981066,32.49311860780108
DFL-MAT-J0422E,0,True,44475,81.63288711016432,67.8241028989236,78.28982814576041,51.29336072772864
DFL-MAT-J0422E,0,True,118024,42.61511854170735,63.86647003470185,39.88311606883225,52.26638712979323
DFL-MAT-J0422E,0,True,107824,90.03079987505802,50.7680058540884,80.88829003137704,60.7237435400677
DFL-MAT-J0422E,0,True,33150,33.59240395111282,19.99703521193694,33.0846602992405,20.50571105120663
DFL-MAT-J0422E,0,True,29400,189.70499559413986,209.45117074645273,176.63283996419568,195.51821124384998
DFL-MAT-J0422E,0,True,76775,53.77929600777431,121.19543669764002,39.68943714198646,126.49321877263208
DFL-MAT-J0422E,0,True,16875,219.10030649027445,125.65438748046786,179.4657463062023,80.23152458944281
DFL-MAT-J0422E,0,True,141749,63.882266717993126,110.52374800733938,65.58573818082435,109.50046195194295
DFL-MAT-J0422E,0,True,154424,125.86974678304846,149.00860938156205,121.42504310095298,154.65613436506163
DFL-MAT-J0422E,0,True,155124,111.0968830687527,66.85733312021291,142.94503749994476,87.9311011549244
DFL-MAT-J0422E,0,True,18325,142.08271544912455,149.50622635602835,163.99715770310513,132.03658535274025
DFL-MAT-J0422E,0,True,49375,112.28984520675037,83.17498309830374,106.45557603462547,72.48304194199793
DFL-MAT-J0422E,0,True,104799,121.85252315287549,156.19772077728655,121.47052393537102,126.33354219816474
DFL-MAT-J0422E,0,True,153874,54.179651023170436,65.27645782757948,58.655446955913554,65.05788379942783
DFL-MAT-J0422E,0,True,142124,111.02125182022341,124.90123482047767,104.5347167511964,81.49902759609006
DFL-MAT-J0422E,0,True,71450,74.94569281615723,73.00868616299516,74.59465110896419,58.47714327264251
DFL-MAT-J0422E,0,True,65400,63.5018975386712,51.89812108905431,51.26987643547096,44.034873182765494
DFL-MAT-J0422E,0,True,176349,213.43814968999393,162.98906990460344,168.14847738555792,120.12595812357014
DFL-MAT-J0422E,0,True,53625,52.833484556930145,38.13279217342128,55.23715044718352,35.19037208492943
DFL-MAT-J0422E,0,True,54700,103.30702081066511,98.29695601616585,102.98049141522955,96.34001687362843
DFL-MAT-J0422E,0,True,175724,51.60922419639586,54.16442430403979,49.85007973502381,61.268601452481576
DFL-MAT-J0422E,0,True,149274,93.98132092760439,96.87377657691867,82.67040527919735,90.07047676771732
DFL-MAT-J0422E,0,True,72725,135.60991484054625,147.78313440039256,111.96977673794163,123.420851029811
DFL-MAT-J0422E,0,True,78075,69.09644653159617,97.96181193365993,65.8308149945313,100.7471954046825
DFL-MAT-J0422E,1,False,45775,57.59998440663756,32.6810467683865,57.2150089631219,35.41807703372935
DFL-MAT-J0422E,1,False,14025,38.22495090382309,29.089877783337766,41.488916392650836,32.474305858402694
DFL-MAT-J0422E,1,False,125649,18.129470953283146,27.518520369955944,20.08707180294767,23.262268298747028
DFL-MAT-J0422E,1,False,156699,76.44102796666023,106.80995541713318,64.32760338277762,114.06671115297888
DFL-MAT-J0422E,1,False,144924,173.49155357090999,183.99557128633595,141.67581317823468,152.98603572632743
DFL-MAT-J0422E,1,False,24500,127.91176714551302,114.69158888733158,117.74643969313205,113.81055651219314
DFL-MAT-J0422E,1,False,81925,103.59717784197935,92.48607695493504,82.54968957929103,93.30385816793158
DFL-MAT-J0422E,1,False,133074,32.75918925396514,55.304102317628036,35.35971798897098,58.026119656841345
DFL-MAT-J0422E,1,False,124774,108.30274138906842,83.36804169763285,114.78637983047571,115.47871149394342
DFL-MAT-J0422E,1,False,71525,95.84603308956149,91.25467820562733,70.83743558435435,66.54486225850647
DFL-MAT-J0422E,1,False,30350,131.99369660764248,85.20606908546344,118.80750886545508,70.65952598696349
DFL-MAT-J0422E,1,False,116324,90.33393534414138,53.78545658885706,84.73996940395185,59.348080156713706
DFL-MAT-J0422E,1,False,50450,55.623269892633715,28.358571166955738,45.83312733855779,46.57459840290916
DFL-MAT-J0422E,1,False,128724,53.667763657848376,49.98464511148284,54.91260559217209,49.83649091331135
DFL-MAT-J0422E,1,False,147624,167.40971360814092,116.88716465479692,116.33684401350689,86.94893080908231
DFL-MAT-J0422E,1,False,63650,145.35740435485002,163.70469599328192,124.45971758557627,139.80875571476292
DFL-MAT-J0422E,1,False,116224,140.9619760902302,125.52386945641062,119.43135337131638,111.22665313819748
DFL-MAT-J0422E,1,False,26625,12.689856094263135,14.807003526251078,5.543304358774407,7.608208359038294
DFL-MAT-J0422E,1,False,159949,50.73593637069568,112.67506351398637,43.3259679047867,122.25279978049615
DFL-MAT-J0422E,1,False,20025,60.916852049279555,88.17904351343736,73.93694637311935,93.74256876213023
DFL-MAT-J0422E,1,False,29700,142.6841011938135,114.05201506616939,114.16219313723887,96.43474478906134
DFL-MAT-J0422E,1,False,129024,46.31355178284568,45.85425434467168,44.784862668010895,45.64386991339041
DFL-MAT-J0422E,1,False,30225,127.26886563816552,110.31232016837338,137.4926139466881,111.74402235459883
DFL-MAT-J0422E,1,False,147149,175.62848691112967,171.9174928255129,182.3128693680178,181.65756477534308
DFL-MAT-J0422E,1,False,53275,63.75103739701014,62.480616379434785,64.53264427173326,70.822641654254
DFL-MAT-J0422E,1,False,108724,55.318350503759305,47.14338553662838,47.64410083833549,42.21567567341251
DFL-MAT-J0422E,1,False,172574,118.63483673198476,84.81189658256326,111.19347815835646,67.15711239414851
DFL-MAT-J0422E,1,False,162774,140.30078574497333,79.24234475799935,112.7902001886134,87.95716530075096
DFL-MAT-J0422E,1,False,40025,56.95396197261335,37.1280059956877,57.25512860173131,35.54490375783866
DFL-MAT-J0422E,1,False,132799,58.83510019876583,69.65407025255924,55.71782346875122,69.58883294398274
DFL-MAT-J0422E,1,False,14075,25.364177922219735,33.52306516786818,36.4727442393284,35.412351282993605
DFL-MAT-J0422E,1,False,126624,52.54394762708457,38.59946776421151,41.47288162216453,32.82764942565753
DFL-MAT-J0422E,1,False,45675,63.125597124819535,57.94116786116689,65.01275886680398,47.27291126201644
DFL-MAT-J0422E,1,False,108149,112.18154370109848,65.12369066954948,121.07861045114932,75.40247940967002
DFL-MAT-J0422E,1,False,26300,104.80355228664514,105.53734194766724,111.97062960814851,105.48569863535228
DFL-MAT-J0422E,1,False,76575,187.7440303907218,186.20175177320098,166.85957221351015,176.86257182485656
DFL-MAT-J0422E,1,False,147249,146.41166043219124,161.2299986319202,122.57541218095572,161.7917401802655
DFL-MAT-J0422E,1,False,108474,47.248808160606146,38.787549984520865,44.90109709959373,37.62419900098115
DFL-MAT-J0422E,1,False,161249,42.094726343450375,42.665336064764745,40.43923404511322,48.500854410369094
DFL-MAT-J0422E,1,False,103824,115.01598684934768,182.77395260505372,103.99058452874903,187.69896821938818
DFL-MAT-J0422E,1,False,10375,100.94303894344412,85.36338665364723,108.18247075906818,91.78884496368079
DFL-MAT-J0422E,1,False,167999,30.42496799730805,65.15999846419285,42.19939298978597,73.07751885105948
DFL-MAT-J0422E,1,False,177774,166.32427623301948,161.29376523505107,156.45356356348702,151.6664996190996
DFL-MAT-J0422E,1,False,100224,117.75225803163345,119.42460333605757,103.05637943293124,119.03508134263613
DFL-MAT-J0422E,1,False,12575,95.53050850623684,33.16031517013966,95.35268788442129,36.36521412080821
DFL-MAT-J0422E,1,False,40300,94.37390463769685,86.68422783265873,92.21242350533937,74.08285842809154
DFL-MAT-J0422E,1,False,81850,58.449926477626825,103.63125911997749,59.38832560467413,117.541679698329
DFL-MAT-J0422E,1,False,62825,199.21416080576157,194.14133287003898,163.32486150077926,169.7632404020149
DFL-MAT-J0422E,1,False,141224,147.9273646142984,142.1591855677347,171.67591843366776,144.87427147015936
DFL-MAT-J0422E,1,False,42500,89.673532978701,159.63560947210237,71.21337541153692,135.99858694237642
DFL-MAT-J0422E,1,False,109174,171.03615161106475,134.93946991380068,155.4241605190299,136.7897886372572
DFL-MAT-J0422E,1,False,159999,134.97331393321033,110.85295711321712,107.98093592093583,102.31815849865593
DFL-MAT-J0422E,1,False,172174,129.68058092753165,144.44187615604594,101.82748349485446,130.13923469212497
DFL-MAT-J0422E,1,False,136024,49.67993491359161,43.31787641385585,53.38204706707681,46.49612540761499
DFL-MAT-J0422E,1,False,142274,217.43608064936274,159.96934154740677,195.2806241242308,169.11148369072296
DFL-MAT-J0422E,1,False,23875,90.6009740182984,80.07670159466655,78.40816889439773,57.486830303081604
DFL-MAT-J0422E,1,False,151024,95.94048668914922,47.509345554564575,115.8489015151461,66.75138462149795
DFL-MAT-J0422E,1,False,145199,59.07317548358882,63.739129285021654,64.65019578192425,52.61918197674449
DFL-MAT-J0422E,1,False,133124,53.850423077678535,60.457887493513546,43.12600493236559,55.98810587774312
DFL-MAT-J0422E,1,False,72075,193.319906412938,121.65220799676167,121.66265723925855,116.8442594513705
DFL-MAT-J0422G,0,False,53525,61.61189396421294,38.81974819111024,62.0778568101309,38.9169440314923
DFL-MAT-J0422G,0,False,62150,128.9186998436528,98.24488043004915,133.11150058553912,103.42462997726756
DFL-MAT-J0422G,0,False,60075,73.39833143790867,74.27115901254662,106.24768544462758,96.72168684648422
DFL-MAT-J0422G,0,False,146865,24.56124853988668,23.4987419776547,19.539720288303545,22.53884857010461
DFL-MAT-J0422G,0,False,116765,75.09138557642349,121.06396539958388,78.73666409812203,107.6628782567101
DFL-MAT-J0422G,0,False,159290,92.06799931721876,87.10234019794288,98.37663469696997,95.30029920113584
DFL-MAT-J0422G,0,False,101265,142.52450952773415,98.93074513007608,132.7444064987163,85.70207293425185
DFL-MAT-J0422G,0,False,33400,53.555795700974215,39.60855393211133,48.05085401834661,38.53283182869376
DFL-MAT-J0422G,0,False,63875,66.00390676908157,22.336594227227835,70.32629151100544,24.042588463242783
DFL-MAT-J0422G,0,False,145490,73.18474672883612,95.28836726847821,87.7079177825064,95.80870774736748
DFL-MAT-J0422G,0,False,69200,105.22405568666443,92.12579007852229,114.73886014836704,111.68086500976148
DFL-MAT-J0422G,0,False,160240,62.46886010348504,82.19224937741535,39.745393656865716,101.8736679515163
DFL-MAT-J0422G,0,False,117515,94.89966501508793,107.22023535946852,93.04459932531417,107.58113447024779
DFL-MAT-J0422G,0,False,48425,67.29316807936496,35.79891101263369,65.36698485262305,33.80614845900082
DFL-MAT-J0422G,0,False,114015,35.81399426489774,35.12409525774511,24.601588889198606,24.866162223148184
DFL-MAT-J0422G,0,False,80775,115.83453556967835,67.55068032336501,131.1154613094017,91.6713613099624
DFL-MAT-J0422G,0,False,151315,88.10757730635197,49.38898722742812,85.23899771928517,47.25682547833385
DFL-MAT-J0422G,0,False,36650,91.72214532956657,121.52742805276019,109.05278627710025,123.40572173123745
DFL-MAT-J0422G,0,False,45750,17.71624341581982,37.62845692630583,14.01982888877375,33.59267170145589
DFL-MAT-J0422G,0,False,18275,117.06064605298441,127.5501341152147,114.92962970739751,118.46831278296726
DFL-MAT-J0422G,0,False,152165,117.41688020942279,85.69763278907593,114.3239595451335,80.74333135479897
DFL-MAT-J0422G,0,False,167490,144.30678763156888,119.56545588544193,157.86383298936983,104.1479988757792
DFL-MAT-J0422G,0,False,154665,72.9343778866638,59.941493888646534,66.14778610901847,69.16266463057592
DFL-MAT-J0422G,0,False,33525,55.23479526724334,35.226349200169736,58.2290152411357,27.575040081699747
DFL-MAT-J0422G,0,False,154690,77.35781621705041,46.612955453404965,76.5529605137129,51.03501396755173
DFL-MAT-J0422G,0,False,163565,46.29701540562259,45.462229985628014,45.61102253988144,46.4897426678266
DFL-MAT-J0422G,0,False,63050,71.48466238162588,46.29349418104008,59.470775778098,39.74461604269095
DFL-MAT-J0422G,0,False,146090,42.86232342781756,48.284636506047704,42.75387902992734,45.845544802866954
DFL-MAT-J0422G,0,False,48675,35.69674515622187,36.72325830218784,40.43087003008534,31.49729846615555
DFL-MAT-J0422G,0,False,46300,27.03233461893634,45.37772659243524,27.764682186116637,40.46824869132823
DFL-MAT-J0422G,0,False,33600,52.424159879217505,43.31882567643484,48.24814394114737,73.56563947810464
DFL-MAT-J0422G,0,False,142965,93.02142331852055,33.56079751353133,75.64368596386784,58.28876068833406
DFL-MAT-J0422G,0,False,46675,35.206775282892586,45.829629638796646,37.03679444786998,43.189861941096225
DFL-MAT-J0422G,0,False,36500,54.50007667674551,69.96806952067693,56.09217881883533,72.87059971949012
DFL-MAT-J0422G,0,False,161790,48.772759749785685,48.3248946808833,51.74780660269916,53.145468390793084
DFL-MAT-J0422G,0,False,33875,114.37311702453057,181.27362048446994,120.89210865109848,164.94236108859891
DFL-MAT-J0422G,0,False,157915,64.00608954287054,46.235895433765634,67.59751567248749,49.67175373799946
DFL-MAT-J0422G,0,False,174190,134.38941837130267,154.62265116755154,134.39558475770397,158.39741895991244
DFL-MAT-J0422G,0,False,169540,114.73231371818662,55.23688625805839,83.67351200155744,56.14134410544352
DFL-MAT-J0422G,0,False,65950,41.936502613215175,55.27533344639908,33.93691944601291,52.871809394265846
DFL-MAT-J0422G,0,False,59525,115.7413510284946,94.2449399580349,135.4750101368601,129.6853568953353
DFL-MAT-J0422G,0,False,56500,53.82876730370358,36.7690013782872,62.144733222703,42.16305225103668
DFL-MAT-J0422G,0,False,47950,52.4069780563217,72.03473541190051,59.03027112941643,70.3638759417734
DFL-MAT-J0422G,0,False,117065,123.37224644377021,114.21483789512095,107.26297613760286,100.78119954370025
DFL-MAT-J0422G,0,False,80650,115.42493303520786,86.57775156117393,98.95393867076191,75.44978343181918
DFL-MAT-J0422G,0,False,158640,108.59323564226516,104.23112354210787,110.50331913398445,95.70489511056228
DFL-MAT-J0422G,0,False,137265,60.07031846221985,49.43396286157643,65.74334984196868,48.491900231366095
DFL-MAT-J0422G,0,False,71900,48.87255508728916,48.290512082310755,37.47435994856482,38.68490641872839
DFL-MAT-J0422G,0,False,155640,66.77877757745819,89.61899343358688,36.52543534970639,86.07654224967311
DFL-MAT-J0422G,0,False,123090,140.3388758190926,105.41017049783848,118.8218163379503,128.01861047666515
DFL-MAT-J0422G,0,False,22275,148.6242375490561,124.8429935800138,164.29521057144692,135.96801106160575
DFL-MAT-J0422G,0,False,28575,161.96679771285355,135.4938458796546,130.08516934934542,98.88311734568744
DFL-MAT-J0422G,0,False,27450,79.25961158296886,49.56085971795274,68.39073576460538,48.25831143881192
DFL-MAT-J0422G,0,False,73450,114.31371151525055,110.86001483005059,115.99984980068682,98.55038946912535
DFL-MAT-J0422G,0,False,127940,82.85265803382154,81.92086214000773,73.37117272598707,75.74465812050035
DFL-MAT-J0422G,0,False,38400,65.57851828291855,48.63642656294745,66.40122361722172,44.37993711872687
DFL-MAT-J0422G,0,False,127290,72.58688404607875,71.28388581139052,53.45522585948907,54.91876803750863
DFL-MAT-J0422G,0,False,62050,101.69999433004256,68.40719953499628,96.0837876178487,85.49991361938946
DFL-MAT-J0422G,0,False,27475,100.12482197979732,64.15230576059349,86.22431539665246,61.409553955657664
DFL-MAT-J0422G,0,False,105365,141.918967964,109.59926035822933,125.70996204464436,110.70447910933157
DFL-MAT-J0422G,1,True,133690,72.32061304917603,74.19687732342834,97.81203498569577,71.1301314905095
DFL-MAT-J0422G,1,True,115165,111.13605395454846,43.98663267003973,115.09458492415695,33.62381338753613
DFL-MAT-J0422G,1,True,149840,72.37398232182258,41.51321133010238,71.89628819775182,44.49682886407552
DFL-MAT-J0422G,1,True,172840,107.42319080403152,105.07148436524712,124.09872741502336,104.46354093150757
DFL-MAT-J0422G,1,True,17225,77.07020190560617,86.67615312341667,55.131504558803286,71.64765510193016
DFL-MAT-J0422G,1,True,42150,88.73742220369418,95.55782320511229,105.76999168315425,117.85918433129369
DFL-MAT-J0422G,1,True,77350,101.67977464213182,61.810419071780224,111.07433306501336,57.63855997250574
DFL-MAT-J0422G,1,True,133615,61.6550270917928,78.81236499615457,90.19766692067081,78.59492277486544
DFL-MAT-J0422G,1,True,111740,64.54711609498419,38.67117959854159,65.95077236932119,35.33430543582371
DFL-MAT-J0422G,1,True,159715,73.4900605878652,25.915550564884,75.48200513859034,33.92393171485931
DFL-MAT-J0422G,1,True,27825,220.80802764610513,178.02966819551483,213.39185803204555,165.75152294520072
DFL-MAT-J0422G,1,True,39850,122.19682370114953,137.34349615278558,90.08209878577166,105.3112298069349
DFL-MAT-J0422G,1,True,52600,168.15651332891127,115.28569871598889,127.88338842361753,89.84639843670735
DFL-MAT-J0422G,1,True,30475,58.3692967174327,113.48298751402596,64.55760973984849,111.68381883301329
DFL-MAT-J0422G,1,True,34225,174.22529339710368,83.9593021416565,171.04076969512437,60.19723694462763
DFL-MAT-J0422G,1,True,120765,66.2311487140335,35.815492272294215,93.25919654011973,51.17183908510742
DFL-MAT-J0422G,1,True,28750,109.64549964390666,75.12405556260198,116.54447950418431,78.80701143171136
DFL-MAT-J0422G,1,True,11675,83.36829434730237,73.6218284121765,90.93598443855107,85.94800801646745
DFL-MAT-J0422G,1,True,171890,158.54299754556286,113.81847546717913,165.28667542263875,118.53410285989604
DFL-MAT-J0422G,1,True,177315,122.6297351272554,139.02826922525102,94.53177716059938,88.87046296602625
DFL-MAT-J0422G,1,True,148615,80.18384466968577,53.37749843566012,49.0385589231495,51.50114166232046
DFL-MAT-J0422G,1,True,176090,171.03554498304587,124.02704207481132,159.05115867372342,145.11718022319613
DFL-MAT-J0422G,1,True,25100,79.39478314869226,102.3037074737536,77.14547910674044,98.40260430877737
DFL-MAT-J0422G,1,True,100740,80.42424129190105,61.50815129926442,77.2497086509715,77.82450250434407
DFL-MAT-J0422G,1,True,41975,82.29520261160647,61.60934146182583,82.79143090740777,58.89227360893061
DFL-MAT-J0422G,1,True,51125,69.23470403542639,81.77003287427347,58.12002938156778,94.8112696541783
DFL-MAT-J0422G,1,True,74825,46.37583917916153,20.487101423702622,41.508461750159384,38.68807740800706
DFL-MAT-J0422G,1,True,74575,68.7298468873098,70.1134224871661,99.45209193744763,55.89129030306304
DFL-MAT-J0422G,1,True,178665,131.29948472677108,101.53778734456026,136.0259738868853,117.39282716895366
DFL-MAT-J0422G,1,True,26650,90.65363141638974,91.11008518546684,84.54224791369082,73.43501566949405
DFL-MAT-J0422G,1,True,102015,108.21454533419944,106.8831653198631,84.3854199116238,93.01843306927704
DFL-MAT-J0422G,1,True,36275,109.30092975100504,115.72084743746434,90.43400791546668,89.48590623736258
DFL-MAT-J0422G,1,True,18900,69.05567207157578,50.16310097108497,70.57722841553372,50.56342335970885
DFL-MAT-J0422G,1,True,56725,97.25338715868948,109.1949039073764,158.41668285218222,116.85427919436215
DFL-MAT-J0422G,1,True,110590,53.81584094139813,47.4199764976763,60.027896533072735,50.524264322493956
DFL-MAT-J0422G,1,True,104390,140.24621133516945,117.9328886693482,121.67093780366193,108.27304530750743
DFL-MAT-J0422G,1,True,80400,131.42895514880672,95.48166049495943,144.84555782254472,112.43423849851695
DFL-MAT-J0422G,1,True,25000,66.84462677789678,89.21263293223014,55.11416422085873,85.23788894844571
DFL-MAT-J0422G,1,True,124965,54.331325811025835,93.83696152503465,47.42920040290475,86.09868657880135
DFL-MAT-J0422G,1,True,40775,76.98094283039165,40.12508724199343,72.56999006159585,51.015075005802295
DFL-MAT-J0422G,1,True,115290,108.02608931896786,54.60454123609299,108.52793776977754,54.752032843748204
DFL-MAT-J0422G,1,True,17600,144.98432544340275,109.19027945681549,153.6191683487305,116.02702476390283
DFL-MAT-J0422G,1,True,76025,61.596779859810695,44.32133196028649,50.74116218192348,43.16862721730522
DFL-MAT-J0422G,1,True,49175,146.26476498052824,110.9463287919224,137.06230640070805,108.79297835744498
DFL-MAT-J0422G,1,True,150615,42.92918040283987,52.41697823069118,56.439992100999255,54.778626765815936
DFL-MAT-J0422G,1,True,142415,65.24934819631811,32.793040386297996,68.30840580934333,36.22304461079082
DFL-MAT-J0422G,1,True,126590,131.98478459086053,95.66207441540836,112.60673573985818,89.09265459194097
DFL-MAT-J0422G,1,True,125690,80.41298625204878,51.38008048917867,76.74299207685051,48.40428928864646
DFL-MAT-J0422G,1,True,20275,61.683834589230635,53.529132755638685,86.76897163871257,60.34295180119734
DFL-MAT-J0422G,1,True,110565,64.50277275161,54.286055389449444,61.21550903570388,49.21860824863333
DFL-MAT-J0422G,1,True,178715,75.91324252555366,76.9362303002208,90.87022680370018,74.97215398796322
DFL-MAT-J0422G,1,True,133590,149.5699032334357,120.15523987066965,123.20718683748679,105.30424830749185
DFL-MAT-J0422G,1,True,111665,72.61269198837813,121.14172812686161,60.507851059491415,147.9335287405592
DFL-MAT-J0422G,1,True,29875,22.00174504606159,75.03902059516058,21.465863204262202,79.60841405151534
DFL-MAT-J0422G,1,True,39550,146.96880081331213,161.4046736554978,139.7747467258416,157.81793133148182
DFL-MAT-J0422G,1,True,176815,43.58279299732827,21.5960420515509,41.92343532577884,19.091118429357014
DFL-MAT-J0422G,1,True,15500,101.74607388887827,121.87471350837075,131.7758121113717,120.63859853617068
DFL-MAT-J0422G,1,True,29325,147.78301523859713,105.17529841784577,142.66399542087464,107.9165559615574
DFL-MAT-J0422G,1,True,44150,84.62983252736049,86.70787877006401,96.00829835969935,96.43320061026577
DFL-MAT-J0422G,1,True,11150,64.17077539892807,71.71339279471513,54.02990635702342,84.52166895024521
