match_id,team,is_hsv,frame,directional_with_gk,coherence_with_gk,directional_no_gk,coherence_no_gk
DFL-MAT-J041UB,0,False,11671,0.9090909090909091,0.14815884193211093,0.9,0.14029308554592634
DFL-MAT-J041UB,0,False,11881,0.6363636363636364,0.14084220419517424,0.6,0.1123268516760837
DFL-MAT-J041UB,0,False,12032,1.0,0.5512250914516463,1.0,0.5691718859597144
DFL-MAT-J041UB,0,False,28605,0.6363636363636364,0.14786119719079482,0.6,0.10635891867718827
DFL-MAT-J041UB,0,False,28726,0.5454545454545454,0.6044723002192316,0.5,0.58555360598669
DFL-MAT-J041UB,0,False,124063,0.7272727272727273,0.12747901340540013,0.7,0.09579772129173736
DFL-MAT-J041UB,0,False,132540,0.8181818181818182,0.42657771112510257,0.8,0.4019077303214448
DFL-MAT-J041UB,0,False,144131,0.6363636363636364,0.5369867054037373,0.7,0.5206635431738241
DFL-MAT-J041UB,0,False,149983,0.6363636363636364,0.5794922846465234,0.6,0.5589760348417248
DFL-MAT-J041UB,0,False,150665,1.0,0.4017502544603133,1.0,0.5091176875798645
DFL-MAT-J041UB,0,False,150777,0.5454545454545454,0.0,0.6,0.0
DFL-MAT-J041UB,0,False,150838,0.5454545454545454,0.3796182946249518,0.5,0.35318010614216366
DFL-MAT-J041UB,0,False,152153,0.8181818181818182,0.18877494297104547,0.8,0.156816142118698
DFL-MAT-J041UB,0,False,152369,0.5454545454545454,0.3175685165485972,0.5,0.2901895890009234
DFL-MAT-J041UB,0,False,165058,0.7272727272727273,0.5434703158162011,0.7,0.5277174527975672
DFL-MAT-J041UB,0,False,170877,1.0,0.33767082787977576,1.0,0.3743780320583461
DFL-MAT-J041UB,1,True,26980,0.6363636363636364,0.3937474118894986,0.6,0.36460624296283217
DFL-MAT-J041UB,1,True,33302,0.7272727272727273,0.3624469833662982,0.7,0.33179217429714003
DFL-MAT-J041UB,1,True,38239,0.5454545454545454,0.5191691407894018,0.6,0.5006371179043246
DFL-MAT-J041UB,1,True,46624,1.0,0.41194499574795673,1.0,0.4217869694241534
DFL-MAT-J041UB,1,True,47606,0.5454545454545454,0.4675479024610224,0.6,0.4415615734185391
DFL-MAT-J041UB,1,True,50828,0.5454545454545454,0.11309366854721081,0.6,0.16166256270043233
DFL-MAT-J041UB,1,True,60385,0.5454545454545454,0.0,0.5,0.0
DFL-MAT-J041UB,1,True,66312,0.7272727272727273,0.15960315785401247,0.8,0.13819423497058891
DFL-MAT-J041UB,1,True,74710,0.9090909090909091,0.25995856065990697,1.0,0.318094431586169
DFL-MAT-J041UB,1,True,74831,0.7272727272727273,0.319087298786652,0.7,0.2882819324497511
DFL-MAT-J041UB,1,True,115072,0.9090909090909091,0.578414871228558,0.9,0.5795299608822715
DFL-MAT-J041UB,1,True,122150,0.8181818181818182,0.20526545514647776,0.8,0.16701297421175443
DFL-MAT-J041UB,1,True,122773,0.6363636363636364,0.055647158265356156,0.7,0.010253720183964421
DFL-MAT-J041UB,1,True,126837,0.9090909090909091,0.5027677376730098,0.9,0.4870754288793092
DFL-MAT-J041UB,1,True,128069,0.5454545454545454,0.3627792401602763,0.6,0.33679609769390795
DFL-MAT-J041UB,1,True,129467,0.6363636363636364,0.36641864057427975,0.6,0.3400332609146546
DFL-MAT-J041UB,1,True,129952,0.6363636363636364,0.4276266177985034,0.6,0.4004356641779767
DFL-MAT-J041UB,1,True,131743,0.8181818181818182,0.46063814474395015,0.8,0.4444039269743496
DFL-MAT-J041UB,1,True,131846,0.9090909090909091,0.11691028305143047,0.9,0.1395756045816774
DFL-MAT-J041UB,1,True,136794,0.5454545454545454,0.5633747308679522,0.5,0.5536601191190931
DFL-MAT-J041UB,1,True,137100,0.8181818181818182,0.6405062727546823,0.8,0.6235180550820736
DFL-MAT-J041UB,1,True,137189,0.5454545454545454,0.4955617350831023,0.6,0.4870075171784457
DFL-MAT-J041UB,1,True,141124,0.8181818181818182,0.36947387979249224,0.8,0.35337393271671147
DFL-MAT-J041UB,1,True,152235,0.6363636363636364,0.2826837404492878,0.7,0.2631720258492436
DFL-MAT-J041UB,1,True,169715,0.5454545454545454,0.2815948413861161,0.5,0.24850742217233157
DFL-MAT-J041UN,0,True,36396,0.5454545454545454,0.22029585893252535,0.5,0.186886111690167
DFL-MAT-J041UN,0,True,36407,0.5454545454545454,0.28991461489993176,0.5,0.2569547150301099
DFL-MAT-J041UN,0,True,37339,0.6363636363636364,0.13347448914786275,0.7,0.11376381144338654
DFL-MAT-J041UN,0,True,70706,0.7272727272727273,0.3409057387024643,0.7,0.31226889334221797
DFL-MAT-J041UN,0,True,76717,0.8181818181818182,0.05886333040108649,0.8,0.04435635219821765
DFL-MAT-J041UN,0,True,111985,0.8181818181818182,0.2875546902079934,0.8,0.2875603230464683
DFL-MAT-J041UN,0,True,116349,1.0,0.455971308214992,1.0,0.4915235643956568
DFL-MAT-J041UN,0,True,116397,0.7272727272727273,0.22317487474286768,0.8,0.21459165739065567
DFL-MAT-J041UN,0,True,116502,0.9090909090909091,0.48420008932633907,0.9,0.4659270415486999
DFL-MAT-J041UN,0,True,116562,0.5454545454545454,0.660716682369933,0.6,0.6462513603783013
DFL-MAT-J041UN,0,True,121093,0.7272727272727273,0.21206539272376967,0.8,0.47153168532291967
DFL-MAT-J041UN,0,True,125115,0.6363636363636364,0.4337051368670257,0.7,0.40657969647187586
DFL-MAT-J041UN,0,True,141878,0.8181818181818182,0.6570796093822193,0.9,0.6597356502938168
DFL-MAT-J041UN,0,True,144802,0.9090909090909091,0.2962197679351588,0.9,0.2775086061113048
DFL-MAT-J041UN,0,True,148779,0.6,0.31438068358639326,0.5555555555555556,0.28286032572640707
DFL-MAT-J041UN,0,True,151574,0.5,0.5966646688241707,0.5555555555555556,0.5884178695150042
DFL-MAT-J041UN,0,True,153883,0.7,0.3189019429786122,0.6666666666666666,0.2967835714220347
DFL-MAT-J041UN,0,True,162115,0.8,0.11066795121328932,0.7777777777777778,0.06884350586400789
DFL-MAT-J041UN,0,True,163561,0.9,0.4118190752427524,1.0,0.47983368855396924
DFL-MAT-J041UN,0,True,174928,0.5,0.38501215857949755,0.5555555555555556,0.354268963172807
DFL-MAT-J041UN,0,True,175074,0.8,0.25168971097224146,0.7777777777777778,0.21358604619196897
DFL-MAT-J041UN,0,True,178390,0.8,0.3965914540811949,0.8888888888888888,0.45398143182118456
DFL-MAT-J041UN,1,False,14267,0.9090909090909091,0.5401038298291546,0.9,0.5177141101325061
DFL-MAT-J041UN,1,False,14472,0.7272727272727273,0.22729158019387707,0.8,0.2446148097203492
DFL-MAT-J041UN,1,False,15324,0.6363636363636364,0.1571829142064074,0.7,0.12144493805053358
DFL-MAT-J041UN,1,False,19073,1.0,0.19176087658162844,1.0,0.19035546270419845
DFL-MAT-J041UN,1,False,31140,0.6363636363636364,0.5679369496766038,0.6,0.5498732091251151
DFL-MAT-J041UN,1,False,70327,1.0,0.41484011055718495,1.0,0.44938822528083977
DFL-MAT-J041UN,1,False,108769,0.9090909090909091,0.20218096018265608,0.9,0.18059700014271385
DFL-MAT-J041UN,1,False,110823,0.5454545454545454,0.9323248653641862,0.6,0.9291305862854056
DFL-MAT-J041UN,1,False,114809,0.6363636363636364,0.8595676839055518,0.6,0.8602112322739692
DFL-MAT-J041UN,1,False,118814,0.8181818181818182,0.1402936504049933,0.8,0.12989687064358646
DFL-MAT-J041UN,1,False,134500,0.7272727272727273,0.2696587987019444,0.7,0.24337877966525057
DFL-MAT-J041UN,1,False,157409,0.7272727272727273,0.0,0.7,0.0
DFL-MAT-J041UN,1,False,164156,0.8181818181818182,0.44955884533864565,0.8,0.4227460044948296
DFL-MAT-J041UO,0,False,36224,0.7272727272727273,0.3487350118815309,0.7,0.32398073347520906
DFL-MAT-J041UO,0,False,50154,0.5454545454545454,0.25190486305822535,0.6,0.233172341241347
DFL-MAT-J041UO,0,False,51526,0.6363636363636364,0.331481928754945,0.7,0.3576799531831838
DFL-MAT-J041UO,0,False,55270,0.5454545454545454,0.7280317438449174,0.6,0.721571725039533
DFL-MAT-J041UO,0,False,62553,0.8181818181818182,0.3996315575799627,0.8,0.3731462511960967
DFL-MAT-J041UO,0,False,102641,0.6363636363636364,0.23702752738031108,0.7,0.33807365756787666
DFL-MAT-J041UO,0,False,139491,0.7272727272727273,0.16098630381220103,0.7,0.12335306098097232
DFL-MAT-J041UO,0,False,154416,0.5454545454545454,0.0,0.6,0.0
DFL-MAT-J041UO,0,False,169645,0.6363636363636364,0.5533084704120173,0.7,0.5367593177551147
DFL-MAT-J041UO,1,True,13902,0.8181818181818182,0.18471064642124158,0.8,0.14933932055823684
DFL-MAT-J041UO,1,True,28577,0.6363636363636364,0.23339127831335105,0.7,0.20583173766092955
DFL-MAT-J041UO,1,True,106612,0.8181818181818182,0.12336944075883605,0.8,0.0814966010798499
DFL-MAT-J041UO,1,True,116223,0.9090909090909091,0.2186033276871271,0.9,0.2011733388715653
DFL-MAT-J041UO,1,True,152853,0.7272727272727273,0.3597352473871651,0.7,0.32966040628933213
DFL-MAT-J041UO,1,True,159626,0.6363636363636364,0.3942393848464181,0.6,0.36469953021003176
DFL-MAT-J041UO,1,True,165511,0.9090909090909091,0.5904828040344807,0.9,0.5791484926252275
DFL-MAT-J041UO,1,True,167548,0.9090909090909091,0.5371150937143048,0.9,0.5361167546366152
DFL-MAT-J041UO,1,True,167563,0.7272727272727273,0.2344697140168589,0.8,0.20728089466640842
DFL-MAT-J041V5,0,True,25910,0.6363636363636364,0.3450990816751123,0.6,0.3203128808642206
DFL-MAT-J041V5,0,True,27332,0.6363636363636364,0.2689355536371556,0.7,0.35770166198390774
DFL-MAT-J041V5,0,True,28136,0.5454545454545454,0.672013099145435,0.6,0.6797616897994254
DFL-MAT-J041V5,0,True,36863,0.5454545454545454,0.009268004589339407,0.6,0.0032757359838320177
DFL-MAT-J041V5,0,True,58747,0.8181818181818182,0.7122027597896153,0.9,0.7598604654696222
DFL-MAT-J041V5,0,True,59712,0.8181818181818182,0.2565603826611448,0.8,0.22495230755961648
DFL-MAT-J041V5,0,True,62528,1.0,0.5020651545040353,1.0,0.5762931819193862
DFL-MAT-J041V5,0,True,73565,0.5454545454545454,0.009713627335798058,0.5,0.26440855953983833
DFL-MAT-J041V5,0,True,78332,0.7272727272727273,0.13209237706798616,0.8,0.17919519777353643
DFL-MAT-J041V5,0,True,104464,0.8181818181818182,0.7422068053478126,0.8,0.7341791198233634
DFL-MAT-J041V5,0,True,112550,0.9090909090909091,0.1707066253434607,0.9,0.16059910622686913
DFL-MAT-J041V5,0,True,113444,0.8181818181818182,0.04567480433598348,0.8,0.0
DFL-MAT-J041V5,0,True,113463,0.8181818181818182,0.24445750480214035,0.8,0.2079395525714247
DFL-MAT-J041V5,0,True,124590,0.7272727272727273,0.3516731431407648,0.8,0.3808884897500736
DFL-MAT-J041V5,0,True,126600,0.8181818181818182,0.2918874841113136,0.9,0.27404618404490366
DFL-MAT-J041V5,0,True,134686,1.0,0.418756567616818,1.0,0.4724351827008493
DFL-MAT-J041V5,0,True,134881,0.5454545454545454,0.27632141838211544,0.6,0.24685101629373252
DFL-MAT-J041V5,0,True,136108,0.8181818181818182,0.28097505054658967,0.8,0.2551048138470413
DFL-MAT-J041V5,0,True,156775,0.5454545454545454,0.6205108132290731,0.5,0.6024901997442234
DFL-MAT-J041V5,0,True,158335,0.7272727272727273,0.4880021882762212,0.7,0.49218363168337154
DFL-MAT-J041V5,0,True,162064,0.6363636363636364,0.31651942276847067,0.7,0.3165645910288407
DFL-MAT-J041V5,0,True,170921,0.8181818181818182,0.12267704816865899,0.9,0.12061277606071386
DFL-MAT-J041V5,0,True,171641,0.6363636363636364,0.4952409258371765,0.6,0.47092752282253225
DFL-MAT-J041V5,0,True,171660,0.5454545454545454,0.6154779047563004,0.5,0.6228016865730281
DFL-MAT-J041V5,0,True,180645,0.9090909090909091,0.2413882744891701,0.9,0.22147493245281635
DFL-MAT-J041V5,1,False,17826,0.8181818181818182,0.18269566998353381,0.9,0.2497812327759864
DFL-MAT-J041V5,1,False,35095,0.6363636363636364,0.4639358032924641,0.6,0.43820917381317126
DFL-MAT-J041V5,1,False,38492,0.5454545454545454,0.4975915675574567,0.5,0.4735267394866274
DFL-MAT-J041V5,1,False,38770,0.5454545454545454,0.04680731587423115,0.5,0.015067512389501325
DFL-MAT-J041V5,1,False,39839,0.9090909090909091,0.2865476879929445,0.9,0.2642143816823017
DFL-MAT-J041V5,1,False,47271,0.9090909090909091,0.4720532986758089,1.0,0.508664069319201
DFL-MAT-J041V5,1,False,49086,0.5454545454545454,0.0,0.6,0.0
DFL-MAT-J041V5,1,False,50381,0.7272727272727273,0.5107768770772834,0.7,0.49874106947466523
DFL-MAT-J041V5,1,False,52193,0.9090909090909091,0.2709862755950282,0.9,0.27709999772901217
DFL-MAT-J041V5,1,False,52944,0.6363636363636364,0.3499358344924023,0.7,0.321256005917111
DFL-MAT-J041V5,1,False,60813,1.0,0.496438894430545,1.0,0.5255737639914526
DFL-MAT-J041V5,1,False,71358,0.6363636363636364,0.9706874682392255,0.7,0.9764862124665984
DFL-MAT-J041V5,1,False,71408,0.7272727272727273,0.5754830575760139,0.8,0.7798562032933453
DFL-MAT-J041V5,1,False,71499,1.0,0.34124882082352215,1.0,0.355250543549292
DFL-MAT-J041V5,1,False,104322,0.6363636363636364,0.12408782751914715,0.7,0.09858586178481532
DFL-MAT-J041V5,1,False,109813,0.6363636363636364,0.5347470510169516,0.6,0.5248770595626387
DFL-MAT-J041V5,1,False,109877,0.6363636363636364,0.28856228595074995,0.6,0.3283350979303503
DFL-MAT-J041V5,1,False,110087,0.6363636363636364,0.49257572090236723,0.6,0.46834060133824407
DFL-MAT-J041V5,1,False,120520,0.5454545454545454,0.21700121395500216,0.6,0.3412604459876536
DFL-MAT-J041V5,1,False,122504,0.8181818181818182,0.2967049352050273,0.9,0.3022346777832745
DFL-MAT-J041V5,1,False,122993,0.6363636363636364,0.3242676993008269,0.6,0.2935652688072773
DFL-MAT-J041V5,1,False,124987,0.5454545454545454,0.16741975974363155,0.6,0.19429402093707315
DFL-MAT-J041V5,1,False,130166,0.6363636363636364,0.45764884313392473,0.6,0.4330418875240607
DFL-MAT-J041V5,1,False,132875,0.8181818181818182,0.31698679588000533,0.8,0.2873054310382891
DFL-MAT-J041V5,1,False,139538,0.6363636363636364,0.0,0.7,0.0
DFL-MAT-J041V5,1,False,147090,1.0,0.2787506238174312,1.0,0.2757625062827793
DFL-MAT-J041V5,1,False,172787,0.9090909090909091,0.6303094707754461,0.9,0.6271062142478261
DFL-MAT-J041V5,1,False,172895,0.8181818181818182,0.45407579024568556,0.8,0.605752795164709
DFL-MAT-J041V5,1,False,173295,0.5454545454545454,0.5076827363447596,0.5,0.48369416554614175
DFL-MAT-J041V5,1,False,176180,0.6363636363636364,0.40015235196032495,0.6,0.435516151879613
DFL-MAT-J041V5,1,False,176442,0.7272727272727273,0.5785174528760102,0.8,0.7666034537404054
DFL-MAT-J041V5,1,False,180860,0.8181818181818182,0.13968111767161273,0.9,0.4058825497163884
DFL-MAT-J041VB,0,False,15574,0.6363636363636364,0.33143696752139173,0.7,0.32346099365362024
DFL-MAT-J041VB,0,False,29172,0.6363636363636364,0.2720308289726,0.7,0.26006722463823495
DFL-MAT-J041VB,0,False,36727,0.9090909090909091,0.3502995408385714,0.9,0.32042120517662753
DFL-MAT-J041VB,0,False,37024,0.9090909090909091,0.3663351128939726,0.9,0.37041252680266945
DFL-MAT-J041VB,0,False,52502,0.9090909090909091,0.5709215612400074,0.9,0.5815165091200769
DFL-MAT-J041VB,0,False,52563,0.5454545454545454,0.6303907338704127,0.5,0.614128285856872
DFL-MAT-J041VB,0,False,68134,1.0,0.10171509493152575,1.0,0.12405454124733906
DFL-MAT-J041VB,0,False,76525,0.6363636363636364,0.3186007829499864,0.6,0.2939128740414293
DFL-MAT-J041VB,0,False,77197,0.8181818181818182,0.37452444506926486,0.9,0.41041645162794294
DFL-MAT-J041VB,0,False,78607,0.9090909090909091,0.28633092445420383,0.9,0.2676633136296658
DFL-MAT-J041VB,0,False,106752,0.7272727272727273,0.04032526003734671,0.7,0.0
DFL-MAT-J041VB,0,False,109561,0.6363636363636364,0.02841052714506276,0.6,0.0
DFL-MAT-J041VB,0,False,110858,0.7272727272727273,0.5872823300984387,0.7,0.5681871957694108
DFL-MAT-J041VB,0,False,111914,0.7272727272727273,0.3367745615233698,0.7,0.30474934667497555
DFL-MAT-J041VB,0,False,112282,0.5454545454545454,0.20055620918381611,0.6,0.20668110070403245
DFL-MAT-J041VB,0,False,114137,0.8181818181818182,0.24927745781062416,0.8,0.22442380289946628
DFL-MAT-J041VB,0,False,125535,0.7272727272727273,0.17014074702459014,0.8,0.28369274867699446
DFL-MAT-J041VB,0,False,140353,0.9090909090909091,0.12334565871560088,0.9,0.09257580799688825
DFL-MAT-J041VB,0,False,159808,0.7272727272727273,0.5809327989875701,0.8,0.5864133210470899
DFL-MAT-J041VB,0,False,166168,1.0,0.47305851502361806,1.0,0.48564466135494566
DFL-MAT-J041VB,0,False,172208,0.8181818181818182,0.26986166033899683,0.8,0.2416480556316405
DFL-MAT-J041VB,0,False,173941,0.8181818181818182,0.27823769308008206,0.9,0.28795972703912653
DFL-MAT-J041VB,0,False,177094,0.5454545454545454,0.34650080485357515,0.5,0.33476919106582836
DFL-MAT-J041VB,0,False,177377,0.5454545454545454,0.0,0.5,0.0
DFL-MAT-J041VB,1,True,21307,0.7272727272727273,0.6171001275382935,0.7,0.6034700506281274
DFL-MAT-J041VB,1,True,21912,0.6363636363636364,0.24704364618863994,0.7,0.2116197991817702
DFL-MAT-J041VB,1,True,22024,0.6363636363636364,0.001944597110144608,0.7,0.0
DFL-MAT-J041VB,1,True,24135,0.6363636363636364,0.8391608681681121,0.6,0.8315090896122684
DFL-MAT-J041VB,1,True,67920,0.8181818181818182,0.16130733808565667,0.8,0.15211619405428678
DFL-MAT-J041VB,1,True,68694,0.6363636363636364,0.6310449530813518,0.7,0.6330570926039465
DFL-MAT-J041VB,1,True,70109,0.8181818181818182,0.7040139472140378,0.8,0.6952063000069902
DFL-MAT-J041VB,1,True,105985,0.9090909090909091,0.31201010751645086,0.9,0.28163719863138714
DFL-MAT-J041VB,1,True,139237,0.6363636363636364,0.48298961816753494,0.7,0.46328017385517173
DFL-MAT-J041VB,1,True,139356,1.0,0.2890888913996512,1.0,0.3032876567121927
DFL-MAT-J041VB,1,True,146620,0.5454545454545454,0.49601209785244793,0.5,0.4741679353872731
DFL-MAT-J041VB,1,True,150843,0.6363636363636364,0.7842235740071144,0.6,0.7811636342743469
DFL-MAT-J041VB,1,True,160345,0.6363636363636364,0.36899121657399947,0.6,0.3405785478789908
DFL-MAT-J041VB,1,True,175621,0.6363636363636364,0.4346264365827579,0.6,0.4119098494137122
DFL-MAT-J041VN,0,True,21255,0.7272727272727273,0.48185275640583347,0.8,0.6471923163312969
DFL-MAT-J041VN,0,True,26035,0.5454545454545454,0.06792054401987457,0.5,0.17920355566397872
DFL-MAT-J041VN,0,True,26133,0.7272727272727273,0.13707895159207828,0.7,0.10056510539958974
DFL-MAT-J041VN,0,True,37377,0.6363636363636364,0.9511982832618564,0.6,0.9488367355534456
DFL-MAT-J041VN,0,True,42757,0.8181818181818182,0.602944796301205,0.8,0.5942607697567444
DFL-MAT-J041VN,0,True,53821,0.9090909090909091,0.10117757579842634,0.9,0.07949114060703455
DFL-MAT-J041VN,0,True,62347,0.5454545454545454,0.524116506230166,0.6,0.5323161640181908
DFL-MAT-J041VN,0,True,62542,0.5454545454545454,0.2569649917376333,0.6,0.22113377271561407
DFL-MAT-J041VN,0,True,65318,0.5454545454545454,0.0,0.6,0.0
DFL-MAT-J041VN,0,True,77711,0.7272727272727273,0.2852614863021903,0.7,0.25190934298551493
DFL-MAT-J041VN,0,True,80082,0.8181818181818182,0.4302400243123955,0.8,0.4102450454005959
DFL-MAT-J041VN,0,True,116018,0.5454545454545454,0.707587636427407,0.5,0.694274840315833
DFL-MAT-J041VN,0,True,121467,0.7272727272727273,0.157414609692603,0.7,0.12934821061809898
DFL-MAT-J041VN,0,True,126521,0.7272727272727273,0.48511546353551815,0.7,0.4633484802974347
DFL-MAT-J041VN,0,True,148009,1.0,0.5701039216198183,1.0,0.6450954292422482
DFL-MAT-J041VN,0,True,155023,0.7272727272727273,0.528613203813598,0.7,0.5131839951032275
DFL-MAT-J041VN,0,True,161326,0.9090909090909091,0.41542847253136495,1.0,0.5335327598381938
DFL-MAT-J041VN,0,True,163116,1.0,0.4360656215832893,1.0,0.4917436701499952
DFL-MAT-J041VN,0,True,164172,0.5454545454545454,0.08145020369002864,0.6,0.0629858152825643
DFL-MAT-J041VN,0,True,168482,0.7272727272727273,0.711163241049352,0.7,0.6979023256742367
DFL-MAT-J041VN,1,False,18792,1.0,0.3406534892725509,1.0,0.3923850026112963
DFL-MAT-J041VN,1,False,18854,0.7272727272727273,0.29825965648168007,0.8,0.599012723688704
DFL-MAT-J041VN,1,False,23528,0.8181818181818182,0.4425628924832259,0.9,0.4725216622736518
DFL-MAT-J041VN,1,False,25833,0.9090909090909091,0.2027316547901491,0.9,0.1697514585170784
DFL-MAT-J041VN,1,False,32937,0.9090909090909091,0.34046150708987055,1.0,0.36028863476437856
DFL-MAT-J041VN,1,False,34110,0.6363636363636364,0.0,0.6,0.0
DFL-MAT-J041VN,1,False,34706,1.0,0.5051827110063265,1.0,0.5118957942790874
DFL-MAT-J041VN,1,False,41573,0.9090909090909091,0.6060194446922712,0.9,0.6072109599821869
DFL-MAT-J041VN,1,False,63765,0.6363636363636364,0.15902181113550784,0.7,0.1251876344042715
DFL-MAT-J041VN,1,False,71508,0.7272727272727273,0.8103930881481551,0.7,0.8014341638395881
DFL-MAT-J041VN,1,False,104930,0.5454545454545454,0.19286865340985626,0.6,0.19275712080387253
DFL-MAT-J041VN,1,False,104994,0.6363636363636364,0.0285604130035102,0.6,0.0
DFL-MAT-J041VN,1,False,108029,0.7272727272727273,0.0,0.7,0.0
DFL-MAT-J041VN,1,False,109269,0.8181818181818182,0.4445278695603613,0.8,0.4199860316559879
DFL-MAT-J041VN,1,False,111722,0.8181818181818182,0.4166621381241893,0.9,0.47964637719634684
DFL-MAT-J041VN,1,False,111766,0.7272727272727273,0.0,0.7,0.0
DFL-MAT-J041VN,1,False,111772,0.7272727272727273,0.0,0.7,0.0
DFL-MAT-J041VN,1,False,119001,0.5454545454545454,0.5926660082821209,0.6,0.5762411755606227
DFL-MAT-J041VN,1,False,122803,0.8181818181818182,0.6470685848275228,0.8,0.636923917285706
DFL-MAT-J041VN,1,False,139837,0.9090909090909091,0.463332526959106,0.9,0.4387343759493588
DFL-MAT-J041VN,1,False,159394,0.8181818181818182,0.2595234699756087,0.8,0.235510645177903
DFL-MAT-J041VN,1,False,159405,0.8181818181818182,0.1950378961287217,0.8,0.16829400372943426
DFL-MAT-J041VN,1,False,166034,0.6363636363636364,0.10670771058925876,0.6,0.17036407225306216
DFL-MAT-J041VN,1,False,169985,1.0,0.4866731191093535,1.0,0.4932357393326655
DFL-MAT-J041VN,1,False,170036,0.8181818181818182,0.5002252798442919,0.8,0.4821718134103795
DFL-MAT-J041VR,0,False,11688,1.0,0.4478977814742535,1.0,0.4454783915761227
DFL-MAT-J041VR,0,False,23016,0.7272727272727273,0.33043259666841396,0.8,0.3003278536305116
DFL-MAT-J041VR,0,False,43611,0.7272727272727273,0.7181276340983673,0.7,0.7173424277858711
DFL-MAT-J041VR,0,False,51499,0.9090909090909091,0.5557778653418963,1.0,0.5911324729315608
DFL-MAT-J041VR,0,False,57508,0.6363636363636364,0.0,0.7,0.0
DFL-MAT-J041VR,0,False,58844,0.8181818181818182,0.046641430249075855,0.8,0.02846705938984162
DFL-MAT-J041VR,0,False,65508,0.9090909090909091,0.48618178043095606,0.9,0.46822890651434323
DFL-MAT-J041VR,0,False,103978,0.6363636363636364,0.26240923631323876,0.7,0.33511353301111557
DFL-MAT-J041VR,0,False,115164,0.5454545454545454,0.31914003017547243,0.6,0.2919511890102008
DFL-MAT-J041VR,0,False,117389,1.0,0.5695185979300307,1.0,0.5610103486616775
DFL-MAT-J041VR,0,False,117583,0.5454545454545454,0.40723165114186277,0.5,0.40308447801427927
DFL-MAT-J041VR,0,False,121168,0.5454545454545454,0.4976092810227061,0.6,0.5158854099184025
DFL-MAT-J041VR,0,False,133927,1.0,0.5685383787913851,1.0,0.5977812428885486
DFL-MAT-J041VR,0,False,138113,0.6363636363636364,0.8542185678910383,0.6,0.8484471676853336
DFL-MAT-J041VR,0,False,145118,0.6363636363636364,0.3322307833971364,0.6,0.315209250518414
DFL-MAT-J041VR,0,False,147629,0.7272727272727273,0.20878713533404547,0.8,0.20418651275434418
DFL-MAT-J041VR,0,False,148549,0.9090909090909091,0.5072626442842143,0.9,0.5190395876491833
DFL-MAT-J041VR,0,False,151510,0.7272727272727273,0.44458854977199047,0.7,0.42824875658273864
DFL-MAT-J041VR,0,False,152059,0.8181818181818182,0.0,0.9,0.0
DFL-MAT-J041VR,0,False,156655,0.9090909090909091,0.6051341279945844,0.9,0.6134563743362598
DFL-MAT-J041VR,0,False,157165,1.0,0.6846552454532988,1.0,0.6742451069816109
DFL-MAT-J041VR,0,False,160401,0.5454545454545454,0.21273816049330674,0.6,0.17909418781165032
DFL-MAT-J041VR,0,False,160681,0.8181818181818182,0.6183469059844955,0.9,0.6251589529458093
DFL-MAT-J041VR,0,False,165756,0.6363636363636364,0.33818656190460106,0.7,0.3081808304633433
DFL-MAT-J041VR,0,False,169260,1.0,0.20608704386653298,1.0,0.17306375454598166
DFL-MAT-J041VR,0,False,172938,0.6363636363636364,0.4780150367656748,0.6,0.4525458303722175
DFL-MAT-J041VR,1,True,12275,0.6363636363636364,0.0,0.6,0.0
DFL-MAT-J041VR,1,True,17591,0.6363636363636364,0.9581336279094473,0.7,0.9572677726176109
DFL-MAT-J041VR,1,True,26253,0.7272727272727273,0.2984555932184747,0.7,0.2674188796150758
DFL-MAT-J041VR,1,True,38067,0.9090909090909091,0.37216681144942265,0.9,0.35448992448341254
DFL-MAT-J041VR,1,True,39604,0.7272727272727273,0.44396938714246514,0.8,0.4750319893705477
DFL-MAT-J041VR,1,True,46540,0.5454545454545454,0.0,0.6,0.0
DFL-MAT-J041VR,1,True,47677,0.7272727272727273,0.616170140396425,0.7,0.6328781067758305
DFL-MAT-J041VR,1,True,55114,1.0,0.8076747392697047,1.0,0.8070599453987806
DFL-MAT-J041VR,1,True,55371,0.6363636363636364,0.1729990963018434,0.6,0.14476052580379473
DFL-MAT-J041VR,1,True,76767,0.5454545454545454,0.0,0.5,0.0
DFL-MAT-J041VR,1,True,76929,0.5454545454545454,0.4600022854094886,0.5,0.43565903603303735
DFL-MAT-J041VR,1,True,107009,0.9090909090909091,0.2677488023771937,0.9,0.23201857285173322
DFL-MAT-J041VR,1,True,139363,1.0,0.452128400450054,1.0,0.47469825228829865
DFL-MAT-J041VR,1,True,143971,1.0,0.5962716157310044,1.0,0.61619333481932
DFL-MAT-J041VR,1,True,144001,0.9090909090909091,0.44432310100775374,1.0,0.49663825432146924
DFL-MAT-J041VR,1,True,151178,0.6363636363636364,0.34026661609003594,0.6,0.309894388554237
DFL-MAT-J041VR,1,True,154824,0.8181818181818182,0.05002204914189623,0.9,0.07443706551705565
DFL-MAT-J041VR,1,True,160861,0.9090909090909091,0.5815890982993273,0.9,0.5613252733935068
DFL-MAT-J041VR,1,True,169982,1.0,0.3600281896172858,1.0,0.34050971484137005
DFL-MAT-J041VR,1,True,174633,0.7272727272727273,0.6538044401868279,0.7,0.6373277258405063
DFL-MAT-J041W5,0,True,10513,0.9090909090909091,0.35966100340820395,0.9,0.3581504732075075
DFL-MAT-J041W5,0,True,31687,0.6363636363636364,0.48937148537608355,0.7,0.4765286330653251
DFL-MAT-J041W5,0,True,31692,0.6363636363636364,0.5042644672234262,0.7,0.49424347480682673
DFL-MAT-J041W5,0,True,56708,0.5454545454545454,0.0,0.6,0.0
DFL-MAT-J041W5,0,True,57764,0.9090909090909091,0.4737747049329317,1.0,0.48413206271041487
DFL-MAT-J041W5,0,True,103211,0.6363636363636364,0.4681881816683151,0.6,0.4440890779986342
DFL-MAT-J041W5,0,True,106746,0.6363636363636364,0.24740569866050777,0.6,0.22411552004133994
DFL-MAT-J041W5,0,True,114323,0.5454545454545454,0.192385866900469,0.6,0.1697655248732428
DFL-MAT-J041W5,0,True,134297,0.8181818181818182,0.5863037527047825,0.8,0.5824599740017513
DFL-MAT-J041W5,0,True,158095,0.5454545454545454,0.6831231975980535,0.5,0.6933044940386314
DFL-MAT-J041W5,0,True,172826,0.8181818181818182,0.17957115392280054,0.8,0.1440948931630962
DFL-MAT-J041W5,1,False,13416,1.0,0.6164911523967973,1.0,0.598077800072891
DFL-MAT-J041W5,1,False,30323,0.8181818181818182,0.45041977939566225,0.8,0.4244110209136306
DFL-MAT-J041W5,1,False,36712,1.0,0.6693122791008546,1.0,0.6724376733626958
DFL-MAT-J041W5,1,False,36792,0.8181818181818182,0.4765158843872055,0.8,0.4992896937194512
DFL-MAT-J041W5,1,False,36888,0.5454545454545454,0.47771786012346384,0.6,0.46047440781101556
DFL-MAT-J041W5,1,False,52600,1.0,0.281017014783948,1.0,0.37590281711906703
DFL-MAT-J041W5,1,False,70747,0.9090909090909091,0.5658766544199791,0.9,0.5482217684890143
DFL-MAT-J041W5,1,False,77776,0.6363636363636364,0.9190855153955703,0.6,0.9157127079483174
DFL-MAT-J041W5,1,False,77817,0.5454545454545454,0.3338800804934646,0.5,0.5426062158416789
DFL-MAT-J041W5,1,False,81617,0.5454545454545454,0.5857559221315068,0.6,0.5661151555828976
DFL-MAT-J041W5,1,False,81674,0.6363636363636364,0.4591266086368855,0.7,0.5468214663350193
DFL-MAT-J041W5,1,False,101783,0.8181818181818182,0.5578017138393123,0.9,0.6365411022391865
DFL-MAT-J041W5,1,False,101805,0.7272727272727273,0.6217397587912767,0.7,0.6041663211948227
DFL-MAT-J041W5,1,False,103600,0.7272727272727273,0.6202701019512824,0.7,0.6024277788029899
DFL-MAT-J041W5,1,False,105301,0.5454545454545454,0.050281575670527046,0.6,0.0047435363483167015
DFL-MAT-J041W5,1,False,105362,0.7272727272727273,0.18110759228058937,0.7,0.14603845680348082
DFL-MAT-J041W5,1,False,108985,0.8181818181818182,0.25059577804691957,0.8,0.21716048478705763
DFL-MAT-J041W5,1,False,118592,0.7272727272727273,0.3688057740920362,0.7,0.3847086185591321
DFL-MAT-J041W5,1,False,118673,0.5454545454545454,0.7239680210270361,0.5,0.7924665824978506
DFL-MAT-J041W5,1,False,123566,0.5454545454545454,0.42134483660917954,0.5,0.4251977061227731
DFL-MAT-J041W5,1,False,125508,0.9090909090909091,0.476550474801714,0.9,0.466601334437981
DFL-MAT-J041W5,1,False,129300,0.7272727272727273,0.3759618507797884,0.7,0.34664643720707644
DFL-MAT-J041W5,1,False,130823,0.7272727272727273,0.4882240281159085,0.7,0.469055430549308
DFL-MAT-J041W5,1,False,130866,0.5454545454545454,0.006518245722440863,0.6,0.0
DFL-MAT-J041W5,1,False,133967,0.7272727272727273,0.3470117663064398,0.7,0.31519071576166946
DFL-MAT-J041W5,1,False,134158,0.9090909090909091,0.12007749487558628,0.9,0.1129609999992246
DFL-MAT-J041W5,1,False,137897,0.9090909090909091,0.5989977010125898,0.9,0.6122320957350511
DFL-MAT-J041W5,1,False,142392,0.6363636363636364,0.09050200981857104,0.7,0.06505239880320846
DFL-MAT-J041W5,1,False,152479,1.0,0.7698801899254843,1.0,0.7667418297365552
DFL-MAT-J041W5,1,False,152495,1.0,0.4923679188600236,1.0,0.5054182378101475
DFL-MAT-J041W5,1,False,161018,0.6363636363636364,0.0,0.6,0.0
DFL-MAT-J041W5,1,False,162184,0.8181818181818182,0.283865554936617,0.8,0.2569009219394287
DFL-MAT-J041W5,1,False,165195,0.6363636363636364,0.40070947471098883,0.6,0.3719321955677546
DFL-MAT-J041W5,1,False,171680,0.6363636363636364,0.6529197525315207,0.6,0.6360882412229557
DFL-MAT-J041W5,1,False,172521,1.0,0.5571732952219559,1.0,0.5718142529058539
DFL-MAT-J041W5,1,False,173525,0.7272727272727273,0.022852880306261314,0.8,0.01032966308900396
DFL-MAT-J041W5,1,False,175216,0.9090909090909091,0.24881106651366647,1.0,0.2606611092471428
DFL-MAT-J041WE,0,False,58068,0.7272727272727273,0.40426154831050976,0.8,0.44314144654063536
DFL-MAT-J041WE,0,False,58338,1.0,0.6521661608231913,1.0,0.6354302181101035
DFL-MAT-J041WE,0,False,59622,0.9090909090909091,0.3066050838924872,0.9,0.2798908161147763
DFL-MAT-J041WE,0,False,76784,0.6363636363636364,0.04338844479023285,0.6,0.04967478832727079
DFL-MAT-J041WE,0,False,77848,0.8181818181818182,0.3561736214237621,0.9,0.3528676778282057
DFL-MAT-J041WE,0,False,78733,0.6363636363636364,0.24241429209923704,0.6,0.2082688640872058
DFL-MAT-J041WE,0,False,100877,0.7272727272727273,0.0,0.8,0.0
DFL-MAT-J041WE,0,False,118280,0.5454545454545454,0.17151226761043803,0.5,0.13470900834372723
DFL-MAT-J041WE,0,False,118496,0.7272727272727273,0.4680446971414294,0.7,0.4421134410217177
DFL-MAT-J041WE,0,False,122794,0.8181818181818182,0.36689080980710753,0.8,0.3593351814969149
DFL-MAT-J041WE,0,False,139027,0.9090909090909091,0.16225149596833177,0.9,0.14604901493133426
DFL-MAT-J041WE,0,False,139167,0.7272727272727273,0.2689091464598087,0.8,0.43231089620068264
DFL-MAT-J041WE,0,False,145199,0.8181818181818182,0.43587584073442964,0.8,0.4304159174020953
DFL-MAT-J041WE,0,False,155601,0.7272727272727273,0.129816651728912,0.8,0.09297514576326515
DFL-MAT-J041WE,0,False,172412,0.6363636363636364,0.3109436918858003,0.7,0.29251484534879124
DFL-MAT-J041WE,0,False,182180,1.0,0.4045704396011436,1.0,0.3958423537075554
DFL-MAT-J041WE,1,True,19040,0.5454545454545454,0.1664996784403887,0.6,0.13421731594508446
DFL-MAT-J041WE,1,True,25482,0.6363636363636364,0.9493398524316853,0.6,0.9469929334576116
DFL-MAT-J041WE,1,True,45870,0.5454545454545454,0.1564970760641754,0.6,0.13557197116826447
DFL-MAT-J041WE,1,True,45936,0.5454545454545454,0.06825187411543265,0.5,0.041653399008812264
DFL-MAT-J041WE,1,True,45960,0.7272727272727273,0.1525290018756108,0.7,0.1981419889345094
DFL-MAT-J041WE,1,True,54574,0.7272727272727273,0.5744727793683142,0.7,0.5539673997465139
DFL-MAT-J041WE,1,True,55509,1.0,0.6579520191936981,1.0,0.656781351978541
DFL-MAT-J041WE,1,True,62239,0.9090909090909091,0.3047329485409742,0.9,0.3034286500461637
DFL-MAT-J041WE,1,True,65280,0.8181818181818182,0.1706776306048765,0.8,0.13034545356721805
DFL-MAT-J041WE,1,True,66680,0.6363636363636364,0.1593173052876251,0.6,0.13036274336462528
DFL-MAT-J041WE,1,True,68767,0.7272727272727273,0.37383108865711545,0.7,0.3436519809689612
DFL-MAT-J041WE,1,True,72141,0.6363636363636364,0.10820495644301897,0.6,0.08082891115299373
DFL-MAT-J041WE,1,True,78017,0.7272727272727273,0.24793522886294495,0.8,0.21274352671811514
DFL-MAT-J041WE,1,True,78114,1.0,0.31101423298116937,1.0,0.2839881944601592
DFL-MAT-J041WE,1,True,81822,0.9090909090909091,0.3471419598209772,1.0,0.39657182840585403
DFL-MAT-J041WE,1,True,104364,0.6363636363636364,0.9127992670392064,0.6,0.9085583469589614
DFL-MAT-J041WE,1,True,117469,0.8181818181818182,0.0,0.8,0.0
DFL-MAT-J041WE,1,True,141061,0.7272727272727273,0.3361455379255234,0.8,0.3106522368199899
DFL-MAT-J041WE,1,True,143936,0.5454545454545454,0.7926742593469236,0.6,0.7860542290865985
DFL-MAT-J041WE,1,True,160331,0.6666666666666666,0.47205590311507706,0.625,0.4400843574977261
DFL-MAT-J041WE,1,True,160332,0.6666666666666666,0.4691683190420295,0.625,0.43697278011700036
DFL-MAT-J041WE,1,True,167098,0.7777777777777778,0.44189018312284,0.75,0.4086387931322014
DFL-MAT-J041WE,1,True,172826,0.5555555555555556,0.307142203938794,0.625,0.2712083459639616
DFL-MAT-J041WE,1,True,176062,0.5555555555555556,0.18471678615244724,0.625,0.1553327596841797
DFL-MAT-J041WE,1,True,179549,0.7777777777777778,0.0,0.75,0.0
DFL-MAT-J041WE,1,True,181690,0.6666666666666666,0.030198903333169658,0.625,0.0
DFL-MAT-J041WE,1,True,184180,0.8888888888888888,0.24780399330321567,0.875,0.20249305724446887
DFL-MAT-J041WN,0,True,17317,0.7272727272727273,0.5033687823245767,0.8,0.48746795708961144
DFL-MAT-J041WN,0,True,17431,0.8181818181818182,0.5038676479005095,0.8,0.47974588117286
DFL-MAT-J041WN,0,True,22254,0.8181818181818182,0.4121269294647434,0.9,0.4228091306472188
DFL-MAT-J041WN,0,True,36050,0.9090909090909091,0.6323605749651062,0.9,0.621434374070199
DFL-MAT-J041WN,0,True,41753,0.7272727272727273,0.2638789242014077,0.7,0.22982811424560723
DFL-MAT-J041WN,0,True,41820,0.7272727272727273,0.27875317777577746,0.8,0.2620453046604596
DFL-MAT-J041WN,0,True,45001,0.5454545454545454,0.9000112425757762,0.5,0.8951349137283879
DFL-MAT-J041WN,0,True,46986,0.7272727272727273,0.47355167646539054,0.7,0.44877184322623853
DFL-MAT-J041WN,0,True,58406,0.7272727272727273,0.30899442440006897,0.7,0.289811410279991
DFL-MAT-J041WN,0,True,62144,0.9090909090909091,0.3073353456686899,0.9,0.2735980413935093
DFL-MAT-J041WN,0,True,62338,0.7272727272727273,0.3017617993390196,0.7,0.2687910450270914
DFL-MAT-J041WN,0,True,71382,0.6363636363636364,0.33810346313126005,0.6,0.3058071838640477
DFL-MAT-J041WN,0,True,73524,1.0,0.1948813980209132,1.0,0.1699770542939728
DFL-MAT-J041WN,0,True,113314,1.0,0.542027965188455,1.0,0.5321513477806965
DFL-MAT-J041WN,0,True,117259,0.5454545454545454,0.36986867986183636,0.5,0.3434700491494229
DFL-MAT-J041WN,0,True,117329,0.8181818181818182,0.5265834807720551,0.8,0.5183264858365975
DFL-MAT-J041WN,0,True,119687,0.5454545454545454,0.0,0.5,0.0
DFL-MAT-J041WN,0,True,127831,0.7272727272727273,0.6039748115495363,0.8,0.6189661465048797
DFL-MAT-J041WN,0,True,128072,0.9090909090909091,0.3161251689930711,1.0,0.39187307881804734
DFL-MAT-J041WN,0,True,138753,0.5454545454545454,0.2015293643142927,0.6,0.2786763799012343
DFL-MAT-J041WN,0,True,139245,0.6363636363636364,0.4763500764912294,0.6,0.4523725485506451
DFL-MAT-J041WN,0,True,149810,1.0,0.4049623200368383,1.0,0.4127022617296341
DFL-MAT-J041WN,1,False,28588,0.6363636363636364,0.16141012547549738,0.6,0.12050286144620936
DFL-MAT-J041WN,1,False,39543,0.9090909090909091,0.2553640222888349,0.9,0.26281282998115596
DFL-MAT-J041WN,1,False,48147,0.8181818181818182,0.0,0.8,0.0
DFL-MAT-J041WN,1,False,54199,0.6363636363636364,0.3399039662030533,0.6,0.30769553620913837
DFL-MAT-J041WN,1,False,54585,0.9090909090909091,0.337758866243005,0.9,0.3201849812298825
DFL-MAT-J041WN,1,False,67454,0.8181818181818182,0.5137087661414268,0.8,0.4981644609364305
DFL-MAT-J041WN,1,False,113272,0.7272727272727273,0.2875843844343453,0.7,0.2536262872021925
DFL-MAT-J041WN,1,False,143657,0.6363636363636364,0.0,0.6,0.0
DFL-MAT-J041WN,1,False,146256,0.7272727272727273,0.04063521460796904,0.7,0.0
DFL-MAT-J041WN,1,False,175911,0.9090909090909091,0.31785899926417527,0.9,0.29052038008637526
DFL-MAT-J041WN,1,False,176101,0.5454545454545454,0.37411549064796457,0.5,0.34548377423550125
DFL-MAT-J041WN,1,False,176152,0.7272727272727273,0.43326486573483447,0.7,0.4275564071949468
DFL-MAT-J041WN,1,False,177008,0.6363636363636364,0.617608092010129,0.7,0.6031587964162959
DFL-MAT-J041WN,1,False,179638,0.7272727272727273,0.22306024639737165,0.7,0.22396770771022834
DFL-MAT-J041WT,0,False,23764,0.7272727272727273,0.7512196156231179,0.7,0.7396761714990742
DFL-MAT-J041WT,0,False,26081,0.7272727272727273,0.3571861473054849,0.7,0.3278084340703069
DFL-MAT-J041WT,0,False,32943,1.0,0.28768868245082546,1.0,0.2529643289550261
DFL-MAT-J041WT,0,False,44218,1.0,0.34416331328581284,1.0,0.3444917208229241
DFL-MAT-J041WT,0,False,73857,0.7272727272727273,0.15653690368185802,0.8,0.18339949616782325
DFL-MAT-J041WT,0,False,73884,0.8181818181818182,0.12757405613507689,0.9,0.17352765942968995
DFL-MAT-J041WT,0,False,75114,0.7272727272727273,0.0,0.8,0.0
DFL-MAT-J041WT,0,False,76901,0.7272727272727273,0.44048978261280947,0.7,0.43202246867351646
DFL-MAT-J041WT,0,False,80246,0.5454545454545454,0.2234829522998001,0.6,0.25644793301313484
DFL-MAT-J041WT,0,False,101195,0.6363636363636364,0.33119604675578207,0.6,0.45541650708769044
DFL-MAT-J041WT,0,False,125374,1.0,0.553845683964816,1.0,0.5469187076161295
DFL-MAT-J041WT,0,False,140667,0.6363636363636364,0.2920481718153224,0.6,0.25865270410836994
DFL-MAT-J041WT,0,False,142951,0.7272727272727273,0.41315842930085644,0.8,0.4252382631444661
DFL-MAT-J041WT,0,False,143533,0.5454545454545454,0.4520790415900432,0.6,0.4289698391718777
DFL-MAT-J041WT,0,False,151166,0.6363636363636364,0.5415266021547082,0.6,0.5260010222274044
DFL-MAT-J041WT,0,False,154943,0.8,0.3899989115328508,0.7777777777777778,0.3630461820454367
DFL-MAT-J041WT,0,False,158011,0.9,0.3517539878106082,0.8888888888888888,0.35302422282275514
DFL-MAT-J041WT,0,False,159297,0.7,0.23332423191672302,0.6666666666666666,0.19200245060258947
DFL-MAT-J041WT,0,False,163044,1.0,0.5398012943804005,1.0,0.5799025823144612
DFL-MAT-J041WT,0,False,167815,0.6,0.24020453478689485,0.6666666666666666,0.20226082294014214
DFL-MAT-J041WT,0,False,173501,0.9,0.3943030237492732,0.8888888888888888,0.39396170110924345
DFL-MAT-J041WT,1,True,10138,1.0,0.27109767635422743,1.0,0.3455120139545369
DFL-MAT-J041WT,1,True,12240,0.9090909090909091,0.6034616643321893,0.9,0.5896000250342798
DFL-MAT-J041WT,1,True,16977,0.8181818181818182,0.19022834062555416,0.8,0.1650694225153373
DFL-MAT-J041WT,1,True,17893,0.9090909090909091,0.5287857455608395,0.9,0.5603811917125305
DFL-MAT-J041WT,1,True,18747,0.8181818181818182,0.5662325290940751,0.9,0.5653205285831242
DFL-MAT-J041WT,1,True,38633,0.6363636363636364,0.5428263529825628,0.7,0.6504673897655028
DFL-MAT-J041WT,1,True,38674,0.5454545454545454,0.16815561665636514,0.5,0.12790818744181165
DFL-MAT-J041WT,1,True,43016,0.9090909090909091,0.3456127281661385,0.9,0.3302472663478626
DFL-MAT-J041WT,1,True,43043,0.8181818181818182,0.3758997781153419,0.9,0.39255520520624976
DFL-MAT-J041WT,1,True,44099,0.8181818181818182,0.42174448338395865,0.8,0.39540736270160104
DFL-MAT-J041WT,1,True,45641,0.5454545454545454,0.36430698327055344,0.6,0.3456332004923698
DFL-MAT-J041WT,1,True,47889,0.9090909090909091,0.4124827962408454,0.9,0.4083354219686719
DFL-MAT-J041WT,1,True,47915,0.8181818181818182,0.47855511329201983,0.9,0.5145762833881921
DFL-MAT-J041WT,1,True,65000,0.8181818181818182,0.3828083566848668,0.8,0.36079114736796514
DFL-MAT-J041WT,1,True,110029,0.6363636363636364,0.310087768968783,0.6,0.2827733704851544
DFL-MAT-J041WT,1,True,116764,0.6363636363636364,0.7756993155560846,0.7,0.7706199982818456
DFL-MAT-J041WT,1,True,119802,0.5454545454545454,0.09731680515320418,0.5,0.0620451017940673
DFL-MAT-J041WT,1,True,128921,0.6363636363636364,0.6485888267396112,0.7,0.6372859813476536
DFL-MAT-J041WT,1,True,145786,0.8181818181818182,0.0,0.8,0.0
DFL-MAT-J041WT,1,True,148165,0.5454545454545454,0.21595012942343983,0.5,0.18479870919410635
DFL-MAT-J041WT,1,True,151323,0.6363636363636364,0.5782693998596657,0.6,0.5578188644807831
DFL-MAT-J041WT,1,True,152442,0.7272727272727273,0.21800100077608964,0.7,0.18937707697508632
DFL-MAT-J041X5,0,True,17435,0.5454545454545454,0.3665906268990202,0.5,0.34606746771017893
DFL-MAT-J041X5,0,True,17505,0.5454545454545454,0.0,0.5,0.0
DFL-MAT-J041X5,0,True,26790,0.6363636363636364,0.0,0.6,0.0
DFL-MAT-J041X5,0,True,26815,0.6363636363636364,0.6687512943614906,0.7,0.6687059692087371
DFL-MAT-J041X5,0,True,37996,1.0,0.41960959486379323,1.0,0.4220301464049917
DFL-MAT-J041X5,0,True,38561,0.9090909090909091,0.05094850731559375,0.9,0.05194103749931556
DFL-MAT-J041X5,0,True,38852,1.0,0.5613443058738157,1.0,0.5791479918621543
DFL-MAT-J041X5,0,True,39142,0.5454545454545454,0.3925471590991303,0.5,0.36338538363489514
DFL-MAT-J041X5,0,True,48170,0.8181818181818182,0.45022723639722795,0.8,0.42802015985314523
DFL-MAT-J041X5,0,True,66289,0.7272727272727273,0.3499340400531623,0.8,0.34572401855839885
DFL-MAT-J041X5,0,True,75512,0.7272727272727273,0.4192303122439668,0.7,0.3959198529330371
DFL-MAT-J041X5,0,True,80898,0.9090909090909091,0.4746361990816502,0.9,0.47331658763339
DFL-MAT-J041X5,0,True,80982,0.9090909090909091,0.4041479125944837,0.9,0.4042888215915168
DFL-MAT-J041X5,0,True,105873,0.7272727272727273,0.5848641358357336,0.7,0.5672447861942285
DFL-MAT-J041X5,0,True,112641,0.6363636363636364,0.08540374854916433,0.7,0.045697713643572224
DFL-MAT-J041X5,0,True,113117,0.7272727272727273,0.2959319959694401,0.7,0.26552433312228996
DFL-MAT-J041X5,0,True,113128,0.9090909090909091,0.20539922848290093,0.9,0.18818910592700688
DFL-MAT-J041X5,0,True,116974,0.6363636363636364,0.7468690291672364,0.6,0.7469601731143078
DFL-MAT-J041X5,0,True,124414,0.7272727272727273,0.5159834974535176,0.7,0.4989084888656673
DFL-MAT-J041X5,0,True,152150,0.6363636363636364,0.21055877539059853,0.6,0.1758835978701917
DFL-MAT-J041X5,0,True,160911,0.8,0.26033331378564295,0.7777777777777778,0.2394457767561975
DFL-MAT-J041X5,0,True,164357,0.5,0.27093563196556814,0.5555555555555556,0.23656961568746526
DFL-MAT-J041X5,0,True,168359,0.9,0.5789140418561038,0.8888888888888888,0.5876293137875712
DFL-MAT-J041X5,1,False,35043,0.9090909090909091,0.30907279600213355,0.9,0.3018754510096109
DFL-MAT-J041X5,1,False,35166,0.9090909090909091,0.4015885674411457,0.9,0.3724154132869143
DFL-MAT-J041X5,1,False,46342,0.8181818181818182,0.46839816938137613,0.8,0.4452001412429162
DFL-MAT-J041X5,1,False,60434,0.7272727272727273,0.331985714437258,0.8,0.44561770687271895
DFL-MAT-J041X5,1,False,100413,0.9090909090909091,0.04336104284803044,0.9,0.060139380313306234
DFL-MAT-J041X5,1,False,100431,1.0,0.2530829078701444,1.0,0.2934161277787468
DFL-MAT-J041X5,1,False,100634,1.0,0.1296967748470912,1.0,0.11369157694764243
DFL-MAT-J041X5,1,False,100912,0.9090909090909091,0.10472442812702543,0.9,0.07189789989924134
DFL-MAT-J041X5,1,False,135779,0.5454545454545454,0.6964302338004342,0.5,0.6821972526725749
DFL-MAT-J041X5,1,False,135813,1.0,0.4154962144511746,1.0,0.390195939599593
DFL-MAT-J041X5,1,False,141357,0.8181818181818182,0.318270907226072,0.8,0.2932216103355061
DFL-MAT-J041X5,1,False,147793,0.7272727272727273,0.4438173279145088,0.8,0.4349293887878991
DFL-MAT-J041X5,1,False,172366,0.9090909090909091,0.0,0.9,0.0
DFL-MAT-J041X5,1,False,172579,0.8181818181818182,0.3437559377766939,0.8,0.3126904857562509
DFL-MAT-J041XE,0,True,13661,0.7272727272727273,0.5476321031240068,0.8,0.5606734281519563
DFL-MAT-J041XE,0,True,13838,0.9090909090909091,0.4561560842626403,1.0,0.5119685339952611
DFL-MAT-J041XE,0,True,15125,0.6363636363636364,0.5161908410112155,0.7,0.5100367293648341
DFL-MAT-J041XE,0,True,19000,0.8181818181818182,0.11971594269918873,0.8,0.0796950256828477
DFL-MAT-J041XE,0,True,34314,0.6363636363636364,0.5811125051902601,0.7,0.5679091649112632
DFL-MAT-J041XE,0,True,77383,0.9090909090909091,0.0,0.9,0.0
DFL-MAT-J041XE,0,True,79421,1.0,0.518054520545564,1.0,0.5336084760731279
DFL-MAT-J041XE,0,True,118609,0.8181818181818182,0.16971015014571966,0.9,0.19729206140089117
DFL-MAT-J041XE,0,True,119046,0.6363636363636364,0.32451714267792,0.6,0.342667685898429
DFL-MAT-J041XE,0,True,120162,0.9090909090909091,0.44927301492318794,0.9,0.4567287105699098
DFL-MAT-J041XE,0,True,147907,1.0,0.48126278250423216,1.0,0.5458664917899572
DFL-MAT-J041XE,0,True,148187,0.5454545454545454,0.49235853297966603,0.5,0.47062958372565544
DFL-MAT-J041XE,0,True,153112,0.5454545454545454,0.40100851143929317,0.6,0.3784638756593304
DFL-MAT-J041XE,0,True,156764,0.5454545454545454,0.5528678108461003,0.6,0.5370431519077457
DFL-MAT-J041XE,0,True,166460,0.5454545454545454,0.03694843620117738,0.6,0.002616427652211595
DFL-MAT-J041XE,1,False,10638,0.8181818181818182,0.2734164010934188,0.9,0.2874332455806865
DFL-MAT-J041XE,1,False,17806,0.5454545454545454,0.1457508825470658,0.5,0.10424873443543337
DFL-MAT-J041XE,1,False,27033,0.8181818181818182,0.7730215767984521,0.8,0.7638086925823155
DFL-MAT-J041XE,1,False,28981,0.6363636363636364,0.28894308142058567,0.7,0.30569587179573043
DFL-MAT-J041XE,1,False,34082,0.9090909090909091,0.2640380129883,0.9,0.2674151545660721
DFL-MAT-J041XE,1,False,36572,0.8181818181818182,0.6189788643331541,0.9,0.6307718483385973
DFL-MAT-J041XE,1,False,42939,0.7272727272727273,0.5647209461491464,0.8,0.5711336127584905
DFL-MAT-J041XE,1,False,48483,0.9090909090909091,0.343663808522903,0.9,0.3127848551756436
DFL-MAT-J041XE,1,False,53634,1.0,0.2433131333021299,1.0,0.24894352797895747
DFL-MAT-J041XE,1,False,67240,0.5454545454545454,0.08696895443633135,0.6,0.04252106484770313
DFL-MAT-J041XE,1,False,70423,0.8181818181818182,0.25699090496195065,0.8,0.23243351353127906
DFL-MAT-J041XE,1,False,108085,0.6363636363636364,0.3773337749262389,0.6,0.3501736672332256
DFL-MAT-J041XE,1,False,112189,0.5454545454545454,0.5403664810320766,0.5,0.5187257857001493
DFL-MAT-J041XE,1,False,112335,0.6363636363636364,0.3155564874483513,0.7,0.30594063858869835
DFL-MAT-J041XE,1,False,112639,0.7272727272727273,0.28134372844318145,0.8,0.31766040907264237
DFL-MAT-J041XE,1,False,126633,0.5454545454545454,0.0,0.5,0.005663728175162808
DFL-MAT-J041XE,1,False,126640,0.5454545454545454,0.0,0.5,0.0
DFL-MAT-J041XE,1,False,129190,0.5454545454545454,0.5976137817437339,0.6,0.5955911582023705
DFL-MAT-J041XE,1,False,131748,0.9090909090909091,0.2376778537477301,0.9,0.2287744055333235
DFL-MAT-J041XE,1,False,140293,0.8181818181818182,0.2937207625402546,0.9,0.2786349375746876
DFL-MAT-J041XE,1,False,143742,0.7272727272727273,0.45325774763078386,0.8,0.45148249408494034
DFL-MAT-J041XE,1,False,146839,0.8181818181818182,0.3163028677556541,0.8,0.2873736200974374
DFL-MAT-J041XE,1,False,151571,0.9090909090909091,0.2940084791684636,0.9,0.2671507259079019
DFL-MAT-J041XE,1,False,151812,0.8181818181818182,0.4010437118020824,0.8,0.3748918149921614
DFL-MAT-J041XE,1,False,153474,0.5454545454545454,0.18088570689316308,0.5,0.14738219090023963
DFL-MAT-J041XE,1,False,158042,1.0,0.5452566450515219,1.0,0.5421422975905252
DFL-MAT-J041XE,1,False,158168,0.6363636363636364,0.0,0.7,0.0
DFL-MAT-J041XE,1,False,175709,0.5454545454545454,0.0618987583563686,0.5,0.17090595398546993
DFL-MAT-J041XN,0,False,14553,0.5454545454545454,0.0,0.5,0.0
DFL-MAT-J041XN,0,False,30525,0.8181818181818182,0.33175424447696955,0.8,0.3685310451694044
DFL-MAT-J041XN,0,False,43507,0.5454545454545454,0.45235874885178395,0.5,0.45015400556718543
DFL-MAT-J041XN,0,False,49483,0.8181818181818182,0.26800991364698856,0.8,0.2598342345311816
DFL-MAT-J041XN,0,False,57320,0.5454545454545454,0.0,0.6,0.0
DFL-MAT-J041XN,0,False,60656,0.6363636363636364,0.33522670927556764,0.6,0.3032241336956225
DFL-MAT-J041XN,0,False,61113,0.7272727272727273,0.18405872500857257,0.8,0.1928086823727062
DFL-MAT-J041XN,0,False,64488,0.7272727272727273,0.5278204716925792,0.7,0.50535235088918
DFL-MAT-J041XN,0,False,65184,0.7272727272727273,0.2922934332824745,0.8,0.29368641109636284
DFL-MAT-J041XN,0,False,68736,0.9090909090909091,0.584977400563612,0.9,0.5665433608272902
DFL-MAT-J041XN,0,False,72646,0.7272727272727273,0.5155525410565932,0.7,0.5181849081260926
DFL-MAT-J041XN,0,False,101583,0.6363636363636364,0.551077990488823,0.6,0.5293987847353836
DFL-MAT-J041XN,0,False,103265,1.0,0.47949680980313514,1.0,0.4828656233598163
DFL-MAT-J041XN,0,False,105895,1.0,0.4271296282792917,1.0,0.42536154776525537
DFL-MAT-J041XN,0,False,109481,0.8181818181818182,0.34482750433001963,0.8,0.3295926434224785
DFL-MAT-J041XN,0,False,110240,0.5454545454545454,0.11628781907846564,0.6,0.07440883145105015
DFL-MAT-J041XN,0,False,137284,0.5454545454545454,0.3413215842591276,0.6,0.3304153958228335
DFL-MAT-J041XN,0,False,154515,0.9090909090909091,0.7325623605259646,0.9,0.719652641884067
DFL-MAT-J041XN,0,False,162650,0.7272727272727273,0.34114729623456486,0.7,0.3168123820170127
DFL-MAT-J041XN,0,False,162925,0.5454545454545454,0.2429725603641214,0.5,0.21810127238304877
DFL-MAT-J041XN,0,False,168087,0.7272727272727273,0.8578952487863396,0.7,0.8526399805377555
DFL-MAT-J041XN,0,False,175087,0.5454545454545454,0.43724988364479267,0.6,0.4178906713692865
DFL-MAT-J041XN,1,True,20007,1.0,0.5733303782493009,1.0,0.5717045809387908
DFL-MAT-J041XN,1,True,21490,0.8181818181818182,0.5033205975203883,0.9,0.5160012013904797
DFL-MAT-J041XN,1,True,26847,0.6363636363636364,0.2278861691592433,0.6,0.2488383189729696
DFL-MAT-J041XN,1,True,31382,0.7272727272727273,0.24038951459086233,0.8,0.26944366843301604
DFL-MAT-J041XN,1,True,43187,0.5454545454545454,0.275229208699722,0.6,0.24157358948042318
DFL-MAT-J041XN,1,True,55063,1.0,0.5467516585739296,1.0,0.5270199661023385
DFL-MAT-J041XN,1,True,68498,0.8181818181818182,0.39606590231599637,0.8,0.36693509370512456
DFL-MAT-J041XN,1,True,68532,0.8181818181818182,0.21888049300217016,0.8,0.20566825197441363
DFL-MAT-J041XN,1,True,72374,0.8181818181818182,0.0,0.8,0.0
DFL-MAT-J041XN,1,True,74203,0.5454545454545454,0.27625810329186995,0.5,0.24271216203401846
DFL-MAT-J041XN,1,True,74268,0.7272727272727273,0.28825173712892593,0.8,0.2628144160894692
DFL-MAT-J041XN,1,True,107149,0.8181818181818182,0.0,0.8,0.0
DFL-MAT-J041XN,1,True,107180,0.8181818181818182,0.0,0.8,0.0
DFL-MAT-J041XN,1,True,119543,0.7272727272727273,0.4535486120223021,0.7,0.4321992696762301
DFL-MAT-J041XN,1,True,121571,0.8181818181818182,0.2431786415623114,0.9,0.2976703843306171
DFL-MAT-J041XN,1,True,122655,0.8181818181818182,0.016258704185264428,0.8,0.0
DFL-MAT-J041XN,1,True,129083,0.9090909090909091,0.23896779361513676,0.9,0.21371877913577408
DFL-MAT-J041XN,1,True,136460,0.6363636363636364,0.11250139591172359,0.7,0.08466500492431384
DFL-MAT-J041XN,1,True,139606,0.7272727272727273,0.35581161187779287,0.7,0.3377828089196049
DFL-MAT-J041XN,1,True,139678,0.6363636363636364,0.06175079579499765,0.7,0.10501698964181982
DFL-MAT-J041XN,1,True,153561,0.6363636363636364,0.43639386705101135,0.7,0.42247652847745054
DFL-MAT-J041XN,1,True,170201,0.9090909090909091,0.22420660525953506,0.9,0.2671468533554545
DFL-MAT-J041XN,1,True,172031,0.8181818181818182,0.4351356377129908,0.9,0.43776262119493337
DFL-MAT-J041XW,0,True,48812,1.0,0.5510946764966229,1.0,0.5807660607731091
DFL-MAT-J041XW,0,True,79680,0.8181818181818182,0.9059912979498751,0.8,0.9027543116354448
DFL-MAT-J041XW,0,True,116974,0.9090909090909091,0.3055688806283178,0.9,0.276039524769386
DFL-MAT-J041XW,0,True,120850,0.7272727272727273,0.21171471879110015,0.7,0.1742327011240412
DFL-MAT-J041XW,0,True,141919,0.5454545454545454,0.5795173816255165,0.6,0.5590329631326464
DFL-MAT-J041XW,0,True,142530,1.0,0.3207659549843439,1.0,0.3332070618428671
DFL-MAT-J041XW,0,True,147808,0.6363636363636364,0.5616659216048328,0.6,0.5796265906808394
DFL-MAT-J041XW,0,True,147855,0.6363636363636364,0.6196444771238916,0.6,0.6117078196601519
DFL-MAT-J041XW,0,True,177011,0.5454545454545454,0.3323040399037731,0.5,0.30141210993893386
DFL-MAT-J041XW,1,False,10942,0.6363636363636364,0.4402753072964548,0.6,0.41958676998799826
DFL-MAT-J041XW,1,False,29022,0.8181818181818182,0.2768159996824774,0.8,0.24756111819778026
DFL-MAT-J041XW,1,False,37223,0.5454545454545454,0.0,0.6,0.0
DFL-MAT-J041XW,1,False,49973,0.5454545454545454,0.1580579082189867,0.5,0.13590502850675146
DFL-MAT-J041XW,1,False,50190,0.6363636363636364,0.4508653239250241,0.7,0.43309236531294615
DFL-MAT-J041XW,1,False,50233,1.0,0.3688380952315756,1.0,0.38376218179142707
DFL-MAT-J041XW,1,False,56044,1.0,0.35549442958415045,1.0,0.3985156380197066
DFL-MAT-J041XW,1,False,71796,0.8181818181818182,0.6686163889078566,0.9,0.658515765425615
DFL-MAT-J041XW,1,False,76644,0.9090909090909091,0.3703751701962761,0.9,0.38299459270774894
DFL-MAT-J041XW,1,False,81820,0.9090909090909091,0.1276489845706501,1.0,0.1285799171319223
DFL-MAT-J041XW,1,False,137036,0.8181818181818182,0.3639998285822581,0.8,0.34891467051528735
DFL-MAT-J041XW,1,False,140807,0.6363636363636364,0.3494889550787179,0.6,0.3179452825686573
DFL-MAT-J041Y0,0,False,57579,1.0,0.44413586830234086,1.0,0.43613191421608677
DFL-MAT-J041Y0,0,False,70950,0.6363636363636364,0.13819511591180744,0.6,0.22431208548801296
DFL-MAT-J041Y0,0,False,72693,0.8181818181818182,0.0,0.8,0.0
DFL-MAT-J041Y0,0,False,76056,0.7272727272727273,0.5135314853467259,0.7,0.48985188847252725
DFL-MAT-J041Y0,0,False,77639,0.5454545454545454,0.3393603882493115,0.6,0.32855316593673967
DFL-MAT-J041Y0,0,False,77711,0.9090909090909091,0.22872331775002364,0.9,0.19726905217753443
DFL-MAT-J041Y0,0,False,102393,0.6363636363636364,0.6399551685707107,0.6,0.6225096653156281
DFL-MAT-J041Y0,0,False,104090,0.7272727272727273,0.32735245114981126,0.7,0.2948445655337878
DFL-MAT-J041Y0,0,False,123761,0.6363636363636364,0.3146238481249223,0.6,0.28378669405091306
DFL-MAT-J041Y0,0,False,141214,1.0,0.49016426655553824,1.0,0.5842743513251094
DFL-MAT-J041Y0,0,False,154582,0.9090909090909091,0.225400533798649,0.9,0.18788509054954394
DFL-MAT-J041Y0,0,False,166122,0.6363636363636364,0.5824308366125781,0.7,0.5693606848912555
DFL-MAT-J041Y0,0,False,168390,1.0,0.4753471898351388,1.0,0.4941340368574306
DFL-MAT-J041Y0,0,False,169307,1.0,0.41528636792374285,1.0,0.5077989514637182
DFL-MAT-J041Y0,0,False,173829,0.6363636363636364,0.1696105283273116,0.6,0.13343202040000302
DFL-MAT-J041Y0,0,False,177499,0.9090909090909091,0.35140913847702004,0.9,0.3468760305620384
DFL-MAT-J041Y0,0,False,180527,0.9090909090909091,0.5974239742785636,0.9,0.5966757691397224
DFL-MAT-J041Y0,1,True,23287,0.9090909090909091,0.45418943050587113,0.9,0.46291546605939804
DFL-MAT-J041Y0,1,True,28951,0.7272727272727273,0.8181690788017851,0.8,0.8191203350250266
DFL-MAT-J041Y0,1,True,30577,1.0,0.5092011796980136,1.0,0.6117914409679843
DFL-MAT-J041Y0,1,True,37006,0.8181818181818182,0.0,0.8,0.0
DFL-MAT-J041Y0,1,True,43483,0.8181818181818182,0.46830973957304767,0.8,0.4487686799445614
DFL-MAT-J041Y0,1,True,43592,0.6363636363636364,0.6023287227403342,0.6,0.5838287578417717
DFL-MAT-J041Y0,1,True,47958,0.8181818181818182,0.353623648813042,0.9,0.3715830078140836
DFL-MAT-J041Y0,1,True,50076,0.7272727272727273,0.5061645693541954,0.8,0.5017101871679317
DFL-MAT-J041Y0,1,True,50128,0.6363636363636364,0.4017797236672821,0.6,0.37316274896770973
DFL-MAT-J041Y0,1,True,61184,0.8181818181818182,0.6507015513784535,0.8,0.6396880139219869
DFL-MAT-J041Y0,1,True,61916,0.6363636363636364,0.004604171083790187,0.6,0.0
DFL-MAT-J041Y0,1,True,111346,0.7,0.9100221926263008,0.6666666666666666,0.919513465177903
DFL-MAT-J041Y0,1,True,114941,0.8,0.19064759518422425,0.7777777777777778,0.18416985433691369
DFL-MAT-J041Y0,1,True,116030,0.8,0.2784396394769244,0.7777777777777778,0.2600429188721948
DFL-MAT-J041Y0,1,True,135111,0.7,0.5719125828984261,0.7777777777777778,0.5544556486464725
DFL-MAT-J041Y0,1,True,139861,0.6,0.38599054226267004,0.6666666666666666,0.385032297987991
DFL-MAT-J041Y0,1,True,144474,0.6,0.34634334632721264,0.5555555555555556,0.31154878753217663
DFL-MAT-J041Y0,1,True,145919,0.6,0.45019665009880117,0.5555555555555556,0.42202933754852645
DFL-MAT-J041Y0,1,True,146151,0.9,0.37201128416138385,0.8888888888888888,0.36733771212984234
DFL-MAT-J041Y0,1,True,146324,0.5,0.35898831766792283,0.5555555555555556,0.33802639217831154
DFL-MAT-J041Y0,1,True,155889,0.5,0.6671006283708958,0.5555555555555556,0.6823714643046916
DFL-MAT-J041Y0,1,True,155933,0.7,0.5075059483574995,0.7777777777777778,0.5579050520995007
DFL-MAT-J041YE,0,True,34895,0.7272727272727273,0.0,0.7,0.0
DFL-MAT-J041YE,0,True,59578,1.0,0.23888604864423202,1.0,0.3135071214861169
DFL-MAT-J041YE,0,True,120188,0.5454545454545454,0.4919452412298023,0.5,0.4686833175339441
DFL-MAT-J041YE,0,True,126507,0.6363636363636364,0.6586213801105858,0.6,0.6443770098612998
DFL-MAT-J041YE,0,True,129772,1.0,0.289392342331498,1.0,0.36892969162758515
DFL-MAT-J041YE,0,True,136029,1.0,0.28975724782993284,1.0,0.3177487579770326
DFL-MAT-J041YE,0,True,161431,1.0,0.8556549369551639,1.0,0.8571267690049147
DFL-MAT-J041YE,0,True,172001,0.6363636363636364,0.05198069587722243,0.7,0.04380237083419414
DFL-MAT-J041YE,0,True,178121,0.9090909090909091,0.20087241873360795,0.9,0.18715708613533066
DFL-MAT-J041YE,1,False,37797,0.9090909090909091,0.5396619167452759,0.9,0.5227913921156464
DFL-MAT-J041YE,1,False,39518,1.0,0.5076617213554901,1.0,0.5138949826985757
DFL-MAT-J041YE,1,False,53883,0.6363636363636364,0.029801486893088036,0.7,0.0
DFL-MAT-J041YE,1,False,114126,0.8181818181818182,0.39246600136443466,0.8,0.36289888375637613
DFL-MAT-J041YE,1,False,168294,0.6363636363636364,0.3096116065769655,0.7,0.3138247060387964
DFL-MAT-J041YE,1,False,168758,0.6363636363636364,0.0,0.6,0.0
DFL-MAT-J041YE,1,False,175766,0.6363636363636364,0.5311963358430285,0.6,0.5136782152182571
DFL-MAT-J041YE,1,False,178581,0.5454545454545454,0.029681013196018458,0.6,0.07446830469590626
DFL-MAT-J041YE,1,False,178605,0.7272727272727273,0.13789818362018413,0.7,0.1126935309724777
DFL-MAT-J041YN,0,True,11186,0.9090909090909091,0.43062034552987105,0.9,0.4234655155210749
DFL-MAT-J041YN,0,True,49361,1.0,0.3917689365609317,1.0,0.3859400320338252
DFL-MAT-J041YN,0,True,104922,0.6363636363636364,0.44371413465688203,0.6,0.4165865070665218
DFL-MAT-J041YN,0,True,137444,0.5454545454545454,0.6591031933919227,0.6,0.6472621072683877
DFL-MAT-J041YN,0,True,139789,0.7272727272727273,0.5088979683045007,0.8,0.4935932571779166
DFL-MAT-J041YN,0,True,142030,0.9090909090909091,0.2376677587178403,0.9,0.23587990303712414
DFL-MAT-J041YN,0,True,142479,0.9090909090909091,0.35703429408774456,0.9,0.35251481288531794
DFL-MAT-J041YN,0,True,143188,0.5454545454545454,0.5065224950653722,0.6,0.4826923052144918
DFL-MAT-J041YN,0,True,158981,0.7272727272727273,0.577274920465562,0.8,0.5697855837310557
DFL-MAT-J041YN,0,True,175032,0.6363636363636364,0.0,0.7,0.0
DFL-MAT-J041YN,1,False,13185,0.7272727272727273,0.41037837840110614,0.7,0.3848151633686746
DFL-MAT-J041YN,1,False,15657,1.0,0.690833527349727,1.0,0.699241280599969
DFL-MAT-J041YN,1,False,15741,1.0,0.48621304119642283,1.0,0.491954271612117
DFL-MAT-J041YN,1,False,21948,0.8181818181818182,0.234250350866688,0.8,0.19818440735455423
DFL-MAT-J041YN,1,False,27972,0.5454545454545454,0.08572818769578527,0.5,0.04724134603812957
DFL-MAT-J041YN,1,False,31295,0.5454545454545454,0.5376610199201901,0.6,0.5606986424206708
DFL-MAT-J041YN,1,False,35071,0.5454545454545454,0.8805250738957857,0.5,0.8748099092051215
DFL-MAT-J041YN,1,False,37657,0.6363636363636364,0.007734843764173327,0.6,0.0
DFL-MAT-J041YN,1,False,37913,0.7272727272727273,0.0,0.7,0.0
DFL-MAT-J041YN,1,False,40711,0.9090909090909091,0.36655870786628675,1.0,0.4189862461398637
DFL-MAT-J041YN,1,False,40998,0.9090909090909091,0.1591922759070472,0.9,0.1425889322906575
DFL-MAT-J041YN,1,False,41033,1.0,0.5856950171253124,1.0,0.6601171303471318
DFL-MAT-J041YN,1,False,41329,0.5454545454545454,0.3965180715060136,0.5,0.36868310689861805
DFL-MAT-J041YN,1,False,46609,0.9090909090909091,0.5822692340884161,0.9,0.5731044413589343
DFL-MAT-J041YN,1,False,46894,0.5454545454545454,0.0,0.5,0.0
DFL-MAT-J041YN,1,False,57207,0.6363636363636364,0.3013471559336748,0.7,0.35278720975312594
DFL-MAT-J041YN,1,False,62412,0.8181818181818182,0.05474382251114518,0.8,0.05349292821998508
DFL-MAT-J041YN,1,False,100179,1.0,0.5907416390345404,1.0,0.6057272044231421
DFL-MAT-J041YN,1,False,109049,0.6363636363636364,0.5264682118163253,0.7,0.5420238648837228
DFL-MAT-J041YN,1,False,111982,0.5454545454545454,0.08505614013921559,0.5,0.04125332866075293
DFL-MAT-J041YN,1,False,114835,0.7272727272727273,0.1911062979124738,0.7,0.15214648624815663
DFL-MAT-J041YN,1,False,116527,0.6363636363636364,0.3647893548334571,0.6,0.33548053638791175
DFL-MAT-J041YN,1,False,117388,1.0,0.4346037370634446,1.0,0.42078651168336956
DFL-MAT-J041YN,1,False,117749,0.8181818181818182,0.24523550814827444,0.8,0.2190994635554635
DFL-MAT-J041YN,1,False,118558,0.6363636363636364,0.3895619773884881,0.7,0.3613209976983761
DFL-MAT-J041YN,1,False,128691,0.6363636363636364,0.06847191383177165,0.6,0.023075917943529145
DFL-MAT-J041YN,1,False,134798,1.0,0.43032907643156837,1.0,0.40846590983526787
DFL-MAT-J041YN,1,False,136299,0.9090909090909091,0.431057360484593,0.9,0.4173899972054502
DFL-MAT-J041YN,1,False,137935,0.9090909090909091,0.18668274994423018,0.9,0.16604707495370885
DFL-MAT-J041YN,1,False,167664,0.5454545454545454,0.5877637809821306,0.5,0.5967751557204259
DFL-MAT-J041YN,1,False,168520,0.8181818181818182,0.48775143360050766,0.8,0.4630245695977122
DFL-MAT-J041YN,1,False,179280,0.6363636363636364,0.5333139383029617,0.6,0.5362393498662341
DFL-MAT-J041YV,0,False,80829,0.5454545454545454,0.3733197979908567,0.6,0.34353411832906944
DFL-MAT-J041YV,0,False,105124,1.0,0.48165045271167406,1.0,0.49668379341705504
DFL-MAT-J041YV,0,False,111911,1.0,0.6121384472656202,1.0,0.6109953185641539
DFL-MAT-J041YV,0,False,112682,0.8181818181818182,0.5632696250215764,0.8,0.5457312670079933
DFL-MAT-J041YV,0,False,132797,0.7272727272727273,0.13272702943598536,0.7,0.09146724036804921
DFL-MAT-J041YV,0,False,159206,0.5454545454545454,0.4499903074036933,0.6,0.43440228775051115
DFL-MAT-J041YV,1,True,33747,0.9090909090909091,0.5403182052813271,0.9,0.5206319698553501
DFL-MAT-J041YV,1,True,47528,0.5454545454545454,0.35177587167978897,0.6,0.33531257795763547
DFL-MAT-J041YV,1,True,84099,0.7272727272727273,0.39754410544191565,0.7,0.37227460442532845
DFL-MAT-J041YV,1,True,126564,0.8181818181818182,0.5131924947371529,0.8,0.5247573205650391
DFL-MAT-J041YV,1,True,126660,0.5454545454545454,0.4396085510791199,0.6,0.4409924896811962
DFL-MAT-J041YV,1,True,146290,0.8181818181818182,0.6371125779592517,0.8,0.6259586238768227
DFL-MAT-J041YV,1,True,150692,0.5454545454545454,0.34167728598999103,0.6,0.31133096899651713
DFL-MAT-J041YV,1,True,150749,0.8181818181818182,0.18888721836079736,0.8,0.18012195513206175
DFL-MAT-J041YV,1,True,153189,0.8181818181818182,0.2708414508796416,0.8,0.23661457392084384
DFL-MAT-J041Z5,0,True,29545,0.5454545454545454,0.569674770662238,0.5,0.5487183333786451
DFL-MAT-J041Z5,0,True,63120,0.9090909090909091,0.424203115709995,1.0,0.5907911555395879
DFL-MAT-J041Z5,0,True,70909,1.0,0.6840620686550206,1.0,0.684730643628759
DFL-MAT-J041Z5,0,True,78234,0.7272727272727273,0.5544171398208246,0.8,0.5479303189151001
DFL-MAT-J041Z5,0,True,80039,0.9090909090909091,0.6282421622845571,1.0,0.6652724035858881
DFL-MAT-J041Z5,0,True,114004,1.0,0.19873964158996893,1.0,0.23335468938202397
DFL-MAT-J041Z5,0,True,125128,1.0,0.37747093848713753,1.0,0.4322208431990022
DFL-MAT-J041Z5,0,True,148415,0.6363636363636364,0.6623522250651985,0.7,0.6495545646870371
DFL-MAT-J041Z5,0,True,166816,0.8181818181818182,0.5046027278339398,0.9,0.5045456721692234
DFL-MAT-J041Z5,0,True,178306,0.5454545454545454,0.3559370457532629,0.6,0.3489335387527486
DFL-MAT-J041Z5,0,True,179699,0.7272727272727273,0.010490732161677396,0.7,0.0
DFL-MAT-J041Z5,1,False,17045,0.6363636363636364,0.21437050767784827,0.7,0.2016788456156985
DFL-MAT-J041Z5,1,False,18105,0.5454545454545454,0.5183594178187487,0.6,0.5710144129196548
DFL-MAT-J041Z5,1,False,20148,0.8181818181818182,0.42232916618411087,0.8,0.3946433041700923
DFL-MAT-J041Z5,1,False,20659,0.5454545454545454,0.2921497940827795,0.6,0.26483821644227146
DFL-MAT-J041Z5,1,False,45563,0.6363636363636364,0.2832574595063333,0.6,0.24970352977892463
DFL-MAT-J041Z5,1,False,45698,0.9090909090909091,0.40355731518574334,0.9,0.3764139410167807
DFL-MAT-J041Z5,1,False,56196,0.7272727272727273,0.0,0.7,0.0
DFL-MAT-J041Z5,1,False,60328,0.6363636363636364,0.9581480059146393,0.7,0.9583807640895742
DFL-MAT-J041Z5,1,False,84419,0.6363636363636364,0.0,0.7,0.0
DFL-MAT-J041Z5,1,False,106138,0.9090909090909091,0.21101625921740297,0.9,0.27875937917782734
DFL-MAT-J041Z5,1,False,110834,0.7272727272727273,0.3810259996370301,0.7,0.35122853204156135
DFL-MAT-J041Z5,1,False,119704,0.9090909090909091,0.6792989011661936,0.9,0.6694186033138766
DFL-MAT-J041Z5,1,False,119820,0.7272727272727273,0.2717120682453752,0.8,0.26108414314765394
DFL-MAT-J041Z5,1,False,143464,0.9090909090909091,0.5470355193015504,0.9,0.530089552618582
DFL-MAT-J041ZD,0,False,23119,0.9090909090909091,0.27878769050565144,0.9,0.2597617377205712
DFL-MAT-J041ZD,0,False,23212,0.8181818181818182,0.3797060769409406,0.9,0.42339405403810204
DFL-MAT-J041ZD,0,False,23984,0.8181818181818182,0.14460069801921815,0.9,0.14401448692279584
DFL-MAT-J041ZD,0,False,26141,0.8181818181818182,0.21831062883771624,0.9,0.2480793778350554
DFL-MAT-J041ZD,0,False,35285,0.5454545454545454,0.1208041302912527,0.6,0.10162943542217884
DFL-MAT-J041ZD,0,False,37810,0.9090909090909091,0.18525074304774192,0.9,0.1491740601712318
DFL-MAT-J041ZD,0,False,46346,0.8181818181818182,0.25107621889485743,0.8,0.2173025516509991
DFL-MAT-J041ZD,0,False,58190,0.9090909090909091,0.453065479642626,0.9,0.4277821269428135
DFL-MAT-J041ZD,0,False,60330,0.7272727272727273,0.17964890383171084,0.7,0.1449429048235955
DFL-MAT-J041ZD,0,False,62413,0.9090909090909091,0.23329808140644825,1.0,0.37496055622036306
DFL-MAT-J041ZD,0,False,62786,0.9090909090909091,0.2000236783834468,0.9,0.23134575644626354
DFL-MAT-J041ZD,0,False,64746,0.7272727272727273,0.11971703373771714,0.7,0.10349259629278285
DFL-MAT-J041ZD,0,False,69308,0.6363636363636364,0.23890699214819933,0.6,0.20303675312376313
DFL-MAT-J041ZD,0,False,69343,0.5454545454545454,0.16549881939820577,0.5,0.1292548778965893
DFL-MAT-J041ZD,0,False,80624,0.9090909090909091,0.1465616922648667,0.9,0.1084182322628574
DFL-MAT-J041ZD,0,False,103325,0.9090909090909091,0.23846184073007848,0.9,0.21530890408093983
DFL-MAT-J041ZD,0,False,116112,0.6363636363636364,0.4197472440086434,0.6,0.3975567528367534
DFL-MAT-J041ZD,0,False,116185,0.6363636363636364,0.5462923395534272,0.6,0.524827987059798
DFL-MAT-J041ZD,0,False,123651,0.8181818181818182,0.4417882104106099,0.8,0.4152475395030605
DFL-MAT-J041ZD,0,False,149066,0.6363636363636364,0.412031312752994,0.6,0.3848578681169098
DFL-MAT-J041ZD,0,False,153395,0.8181818181818182,0.38071101409193253,0.9,0.3972453738731677
DFL-MAT-J041ZD,0,False,159417,0.7272727272727273,0.2532706066525806,0.7,0.22417708285987803
DFL-MAT-J041ZD,0,False,159431,0.6363636363636364,0.2991108247966692,0.6,0.2723853801911562
DFL-MAT-J041ZD,0,False,159649,0.5454545454545454,0.36583199670099953,0.5,0.3631156135548911
DFL-MAT-J041ZD,0,False,160283,0.6363636363636364,0.010923985609534115,0.7,0.05853488592908107
DFL-MAT-J041ZD,0,False,160789,0.8181818181818182,0.31266581802799776,0.9,0.310085937374601
DFL-MAT-J041ZD,0,False,176219,1.0,0.25057501962051487,1.0,0.23307781426634377
DFL-MAT-J041ZD,1,True,16162,0.8181818181818182,0.0,0.8,0.0
DFL-MAT-J041ZD,1,True,16317,0.8181818181818182,0.43299952062161606,0.9,0.4710357024120424
DFL-MAT-J041ZD,1,True,43382,0.7272727272727273,0.0,0.7,0.0
DFL-MAT-J041ZD,1,True,101199,0.8181818181818182,0.4296564433678778,0.8,0.40715328827000785
DFL-MAT-J041ZD,1,True,101347,0.6363636363636364,0.6919420702625034,0.7,0.6815851750040538
DFL-MAT-J041ZD,1,True,109403,0.5454545454545454,0.7777421086149872,0.5,0.7668979943381868
DFL-MAT-J041ZD,1,True,124517,0.6363636363636364,0.4827755768410893,0.7,0.4691486148852454
DFL-MAT-J041ZD,1,True,130105,0.6363636363636364,0.36193922051035277,0.7,0.3462675617904103
DFL-MAT-J041ZD,1,True,130833,0.7272727272727273,0.5939995726487746,0.7,0.5762565048263331
DFL-MAT-J041ZD,1,True,131992,0.8181818181818182,0.5934844128172696,0.8,0.576635603988277
DFL-MAT-J041ZD,1,True,132477,0.5454545454545454,0.5427434081378102,0.5,0.5380845076608028
DFL-MAT-J041ZD,1,True,132482,0.5454545454545454,0.5498142076837925,0.5,0.537902874382635
DFL-MAT-J041ZD,1,True,132588,0.8181818181818182,0.5561876476402383,0.8,0.5372812243363649
DFL-MAT-J041ZD,1,True,133503,0.9090909090909091,0.5536951416944014,0.9,0.5367157723527969
DFL-MAT-J041ZD,1,True,140968,0.7272727272727273,0.6773089253595828,0.7,0.6642075562637932
DFL-MAT-J041ZD,1,True,141649,0.7272727272727273,0.5693253273598045,0.7,0.5527157701564713
DFL-MAT-J041ZD,1,True,145775,0.8181818181818182,0.384093550889371,0.8,0.3546766928096313
DFL-MAT-J041ZD,1,True,146274,0.5454545454545454,0.023991969757132914,0.6,0.0
DFL-MAT-J041ZD,1,True,146946,0.7272727272727273,0.6020630409853551,0.8,0.5890796329940378
DFL-MAT-J041ZD,1,True,148145,0.9090909090909091,0.6653034143884031,0.9,0.6492035008063755
DFL-MAT-J041ZD,1,True,170983,0.9090909090909091,0.0,0.9,0.0
DFL-MAT-J041ZD,1,True,170989,1.0,0.09566508549813757,1.0,0.061976302099235214
DFL-MAT-J041ZN,0,True,31118,0.5454545454545454,0.4735689996927829,0.6,0.4528127545499657
DFL-MAT-J041ZN,0,True,51259,0.7272727272727273,0.7648066721193136,0.7,0.8342722810647799
DFL-MAT-J041ZN,0,True,67170,0.8181818181818182,0.5437093398892365,0.8,0.5214427471804943
DFL-MAT-J041ZN,0,True,67734,0.6363636363636364,0.08650090817274714,0.7,0.07925485139195354
DFL-MAT-J041ZN,0,True,78189,0.5454545454545454,0.31406508738470795,0.5,0.28633950921839424
DFL-MAT-J041ZN,0,True,79355,0.8181818181818182,0.7451697285058816,0.8,0.7332341925891738
DFL-MAT-J041ZN,0,True,125804,0.5454545454545454,0.47330253309196946,0.5,0.5174324289761378
DFL-MAT-J041ZN,0,True,128089,0.9090909090909091,0.3870181790892575,0.9,0.3828593796980144
DFL-MAT-J041ZN,0,True,131350,0.9090909090909091,0.5724984833381495,0.9,0.5810852556263217
DFL-MAT-J041ZN,0,True,134355,0.5454545454545454,0.4290440586926082,0.5,0.40618058185389816
DFL-MAT-J041ZN,0,True,138161,0.5454545454545454,0.8516040111756609,0.6,0.845213967522472
DFL-MAT-J041ZN,0,True,145983,0.8181818181818182,0.4224437753135206,0.9,0.47355400781139945
DFL-MAT-J041ZN,0,True,157206,0.6363636363636364,0.3256272400766571,0.6,0.3174001761570565
DFL-MAT-J041ZN,0,True,163071,0.5454545454545454,0.28200279154718944,0.6,0.2473058999677069
DFL-MAT-J041ZN,0,True,164688,0.5454545454545454,0.4266431280947177,0.5,0.406232759649662
DFL-MAT-J041ZN,0,True,175207,0.6363636363636364,0.4732285909808145,0.7,0.48112677941749005
DFL-MAT-J041ZN,1,False,13099,0.8181818181818182,0.42191948748166874,0.9,0.5982671476667698
DFL-MAT-J041ZN,1,False,14178,0.7272727272727273,0.13467233030514403,0.7,0.16848729396231676
DFL-MAT-J041ZN,1,False,14862,0.7272727272727273,0.26221988982734157,0.8,0.2303213432347937
DFL-MAT-J041ZN,1,False,21814,1.0,0.3905834000436874,1.0,0.4827810940975614
DFL-MAT-J041ZN,1,False,21819,1.0,0.4445632312575557,1.0,0.543941688182311
DFL-MAT-J041ZN,1,False,21844,0.8181818181818182,0.13010315880038348,0.9,0.12892653942735455
DFL-MAT-J041ZN,1,False,26292,0.8181818181818182,0.46748196623791616,0.8,0.44788572925850867
DFL-MAT-J041ZN,1,False,28195,0.9090909090909091,0.42811267289357136,0.9,0.4100769612940329
DFL-MAT-J041ZN,1,False,32690,0.7272727272727273,0.22309918477599855,0.8,0.21574643104885882
DFL-MAT-J041ZN,1,False,61221,0.5454545454545454,0.132334023304717,0.5,0.09056488808585594
DFL-MAT-J041ZN,1,False,74880,0.6363636363636364,0.3763347508817779,0.7,0.35985727093600317
DFL-MAT-J041ZN,1,False,80139,0.9090909090909091,0.11110633929471359,0.9,0.09445406186596328
DFL-MAT-J041ZN,1,False,113391,0.9090909090909091,0.23601178093405917,1.0,0.3651979466414279
DFL-MAT-J041ZN,1,False,116043,0.7272727272727273,0.4020084572308461,0.7,0.3735158928423513
DFL-MAT-J041ZN,1,False,119258,0.7272727272727273,0.5234368784000921,0.7,0.5024176691487565
DFL-MAT-J041ZN,1,False,119359,0.8181818181818182,0.595562013591826,0.8,0.58045352648072
DFL-MAT-J041ZN,1,False,121639,0.7272727272727273,0.4384502257144083,0.7,0.4123796309145191
DFL-MAT-J041ZN,1,False,141989,0.6363636363636364,0.11330227662381953,0.7,0.0985678170195794
DFL-MAT-J041ZN,1,False,150276,0.8181818181818182,0.39524893191734844,0.9,0.4281902595767427
DFL-MAT-J041ZN,1,False,150973,0.9090909090909091,0.3092816488609125,1.0,0.5150665049240561
DFL-MAT-J041ZN,1,False,154319,0.5454545454545454,0.4362948466054619,0.5,0.4448673486816207
DFL-MAT-J041ZN,1,False,154382,0.7272727272727273,0.0,0.8,0.0
DFL-MAT-J041ZN,1,False,159212,0.7272727272727273,0.12374837450571874,0.8,0.22334515676004363
DFL-MAT-J041ZN,1,False,172072,0.9090909090909091,0.0,0.9,0.0
DFL-MAT-J041ZN,1,False,173545,0.5454545454545454,0.3764147570255415,0.5,0.3475459600526024
DFL-MAT-J041ZN,1,False,176725,0.9090909090909091,0.2616674005364401,0.9,0.22873699304640582
DFL-MAT-J041ZQ,0,False,15091,0.8181818181818182,0.21657549940262621,0.9,0.2114797204924609
DFL-MAT-J041ZQ,0,False,36390,0.8181818181818182,0.40420706314072297,0.8,0.39131073919285186
DFL-MAT-J041ZQ,0,False,38505,0.7272727272727273,0.8195764195782858,0.7,0.8110690119678818
DFL-MAT-J041ZQ,0,False,40283,1.0,0.3830252849693242,1.0,0.39167691928017956
DFL-MAT-J041ZQ,0,False,40318,0.8181818181818182,0.28300518466006774,0.9,0.3773221589093201
DFL-MAT-J041ZQ,0,False,43405,0.5454545454545454,0.17188995332127954,0.6,0.15189497466252133
DFL-MAT-J041ZQ,0,False,47655,0.8181818181818182,0.2812483467893314,0.9,0.2831853881788643
DFL-MAT-J041ZQ,0,False,47830,0.8181818181818182,0.39158450990120663,0.9,0.4896100799925458
DFL-MAT-J041ZQ,0,False,48033,0.6363636363636364,0.24518109205309413,0.7,0.22136730318083708
DFL-MAT-J041ZQ,0,False,76003,0.5454545454545454,0.5881737006278419,0.5,0.5685569454031302
DFL-MAT-J041ZQ,0,False,81007,0.6363636363636364,0.2747630838727798,0.6,0.23936539189274852
DFL-MAT-J041ZQ,0,False,108889,0.7272727272727273,0.12664722746960566,0.8,0.20230989600103155
DFL-MAT-J041ZQ,0,False,113996,1.0,0.6517690033953496,1.0,0.6604506074635158
DFL-MAT-J041ZQ,0,False,117351,0.8181818181818182,0.5209567474824087,0.9,0.5322414901997146
DFL-MAT-J041ZQ,0,False,127455,0.9090909090909091,0.9153113772862442,0.9,0.9111949939654865
DFL-MAT-J041ZQ,0,False,140370,0.5454545454545454,0.18316542889765686,0.5,0.15746460713231758
DFL-MAT-J041ZQ,0,False,159172,0.5454545454545454,0.45370065360499734,0.5,0.4330046244895427
DFL-MAT-J041ZQ,0,False,160512,1.0,0.618609366339642,1.0,0.6143171962970586
DFL-MAT-J041ZQ,0,False,160561,0.8181818181818182,0.29108530791972187,0.9,0.32865704359460846
DFL-MAT-J041ZQ,1,True,10904,0.8181818181818182,0.2448943343637766,0.9,0.24221592682577087
DFL-MAT-J041ZQ,1,True,12250,0.5454545454545454,0.5395933442449934,0.6,0.5216824259952024
DFL-MAT-J041ZQ,1,True,49046,0.7272727272727273,0.24957916340656494,0.7,0.2215341962126126
DFL-MAT-J041ZQ,1,True,52458,0.8181818181818182,0.6664471820546712,0.9,0.7385203747653046
DFL-MAT-J041ZQ,1,True,53900,0.5454545454545454,0.5339968133905373,0.6,0.5117859745176356
DFL-MAT-J041ZQ,1,True,64066,0.7272727272727273,0.2648422965078032,0.7,0.22979074245971953
DFL-MAT-J041ZQ,1,True,72836,0.5454545454545454,0.27653765084061177,0.5,0.24150838365910976
DFL-MAT-J041ZQ,1,True,102183,0.8181818181818182,0.21115212980748066,0.8,0.1998852991321982
DFL-MAT-J041ZQ,1,True,111520,0.7272727272727273,0.6320830427897104,0.7,0.6148262474695896
DFL-MAT-J041ZQ,1,True,120190,0.5454545454545454,0.45332569222712304,0.6,0.43415847156026277
DFL-MAT-J041ZQ,1,True,122407,0.6363636363636364,0.32408453937678006,0.7,0.36173962919881775
DFL-MAT-J041ZQ,1,True,135642,0.7272727272727273,0.33465778503998234,0.8,0.30732215600634416
DFL-MAT-J041ZQ,1,True,139741,0.5454545454545454,0.15214188903079762,0.5,0.11627316432241197
DFL-MAT-J041ZQ,1,True,148577,0.7272727272727273,0.39594374293351453,0.7,0.3703850298518079
DFL-MAT-J041ZQ,1,True,151800,1.0,0.24351308943241934,1.0,0.25485805258756333
DFL-MAT-J041ZQ,1,True,164476,0.8181818181818182,0.5417337906163784,0.8,0.5222491604538855
DFL-MAT-J041ZQ,1,True,166378,0.8181818181818182,0.019181287734894026,0.8,0.0
DFL-MAT-J041ZQ,1,True,171893,0.5454545454545454,0.6433177793305589,0.5,0.6278572642962916
DFL-MAT-J041ZQ,1,True,173377,1.0,0.675623494149592,1.0,0.7023814613589942
DFL-MAT-J041ZQ,1,True,174203,1.0,0.659086879213913,1.0,0.6484536724043863
DFL-MAT-J041ZQ,1,True,174272,0.8181818181818182,0.3979899155803075,0.8,0.36979165975547834
DFL-MAT-J04205,0,True,21218,1.0,0.4909554984898927,1.0,0.4876434194891588
DFL-MAT-J04205,0,True,35189,1.0,0.389474874760094,1.0,0.43878441632916343
DFL-MAT-J04205,0,True,45707,0.8181818181818182,0.4601297971817362,0.8,0.4352925973463455
DFL-MAT-J04205,0,True,47490,0.6363636363636364,0.29206645069216264,0.6,0.2575839020398989
DFL-MAT-J04205,0,True,49319,0.6363636363636364,0.5790099351282461,0.6,0.57655869775902
DFL-MAT-J04205,0,True,49819,0.7272727272727273,0.6304275708780323,0.7,0.6628590667809877
DFL-MAT-J04205,0,True,52527,0.7272727272727273,0.0,0.8,0.0
DFL-MAT-J04205,0,True,54960,0.9090909090909091,0.39385163502242493,1.0,0.49746785518432224
DFL-MAT-J04205,0,True,55151,0.6363636363636364,0.36999000400830917,0.6,0.3415710043008916
DFL-MAT-J04205,0,True,60717,0.7272727272727273,0.2872856550133617,0.8,0.26038268775575313
DFL-MAT-J04205,0,True,62688,0.7272727272727273,0.45961530756739444,0.8,0.4800057657806098
DFL-MAT-J04205,0,True,74029,1.0,0.38670403443370227,1.0,0.45907343161794734
DFL-MAT-J04205,0,True,74211,0.6363636363636364,0.0,0.7,0.0
DFL-MAT-J04205,0,True,75353,0.7272727272727273,0.0050024599348655885,0.7,0.0
DFL-MAT-J04205,0,True,106962,0.9090909090909091,0.10399734210143197,0.9,0.07521682819200692
DFL-MAT-J04205,0,True,113446,0.9090909090909091,0.4126555157304558,1.0,0.5227513574530135
DFL-MAT-J04205,0,True,125334,0.7272727272727273,0.7663529714283636,0.7,0.8959171598027134
DFL-MAT-J04205,0,True,143075,0.9090909090909091,0.5335092161294909,0.9,0.5130540448407668
DFL-MAT-J04205,0,True,148322,1.0,0.13193956509388993,1.0,0.16292318201778355
DFL-MAT-J04205,0,True,148484,0.6363636363636364,0.0,0.7,0.0
DFL-MAT-J04205,0,True,148495,0.7272727272727273,0.0,0.7,0.0
DFL-MAT-J04205,1,False,15320,0.6363636363636364,0.08760768268158747,0.6,0.04375018927047025
DFL-MAT-J04205,1,False,22090,1.0,0.5109300746349028,1.0,0.5728846505326408
DFL-MAT-J04205,1,False,25494,0.7272727272727273,0.6104264685852144,0.7,0.6016331153693942
DFL-MAT-J04205,1,False,42368,0.5454545454545454,0.43342477584045913,0.6,0.409363420962088
DFL-MAT-J04205,1,False,66177,0.5454545454545454,0.0984433672711802,0.5,0.06634429763418193
DFL-MAT-J04205,1,False,68647,0.5454545454545454,0.24740544820107313,0.5,0.21088046707225472
DFL-MAT-J04205,1,False,165303,0.7272727272727273,0.2615509419933427,0.8,0.28166146082331867
DFL-MAT-J04205,1,False,171862,0.5454545454545454,0.6889103676194233,0.5,0.6944455734129606
DFL-MAT-J04205,1,False,173797,0.5454545454545454,0.9012891653442945,0.6,0.8964725781487749
DFL-MAT-J0420A,0,False,21446,0.8181818181818182,0.53202877371323,0.9,0.539815516664233
DFL-MAT-J0420A,0,False,32523,1.0,0.2896620109646699,1.0,0.2924473963204761
DFL-MAT-J0420A,0,False,45528,0.9090909090909091,0.1575452043490757,0.9,0.13699756652035944
DFL-MAT-J0420A,0,False,45646,0.5454545454545454,0.0912526331167689,0.5,0.04697038090883521
DFL-MAT-J0420A,0,False,58134,0.9090909090909091,0.7888794000632999,0.9,0.7791926526312214
DFL-MAT-J0420A,0,False,61572,0.6363636363636364,0.8654678121781643,0.7,0.8616230371096125
DFL-MAT-J0420A,0,False,73929,0.7272727272727273,0.0,0.8,0.0
DFL-MAT-J0420A,0,False,78188,0.7272727272727273,0.6817186329905431,0.7,0.667037778592851
DFL-MAT-J0420A,0,False,82084,1.0,0.3957157317305463,1.0,0.44993984832560985
DFL-MAT-J0420A,0,False,83180,0.6363636363636364,0.37320887521533674,0.6,0.34449217557247946
DFL-MAT-J0420A,0,False,108541,0.5454545454545454,0.19766923429065852,0.5,0.15974898634490575
DFL-MAT-J0420A,0,False,115744,0.6363636363636364,0.0,0.7,0.00021067529732343715
DFL-MAT-J0420A,0,False,119310,0.7272727272727273,0.4862678069775105,0.7,0.46331342165505585
DFL-MAT-J0420A,0,False,164652,0.6363636363636364,0.1611318033002095,0.7,0.13767732832168034
DFL-MAT-J0420A,0,False,166000,1.0,0.23840253691213276,1.0,0.22230147272654233
DFL-MAT-J0420A,0,False,167037,0.5454545454545454,0.37660089620215087,0.6,0.35654506535927066
DFL-MAT-J0420A,1,True,18432,0.5454545454545454,0.0938581666314352,0.5,0.07630293695513157
DFL-MAT-J0420A,1,True,28855,0.7272727272727273,0.49983644353574597,0.7,0.4773951409549292
DFL-MAT-J0420A,1,True,29431,0.6363636363636364,0.17956822046076237,0.6,0.14562465551803894
DFL-MAT-J0420A,1,True,29490,0.7272727272727273,0.5348952963388391,0.8,0.6837288454406265
DFL-MAT-J0420A,1,True,37416,0.8181818181818182,0.6159017456973119,0.9,0.63990181154356
DFL-MAT-J0420A,1,True,39439,0.8181818181818182,0.31198346689486167,0.9,0.29834141956042814
DFL-MAT-J0420A,1,True,42785,0.6363636363636364,0.9094948261714351,0.6,0.9051735801107248
DFL-MAT-J0420A,1,True,64677,1.0,0.3462366099192077,1.0,0.3637866965545673
DFL-MAT-J0420A,1,True,76141,0.9090909090909091,0.5662760180694975,0.9,0.5786995301433058
DFL-MAT-J0420A,1,True,85752,0.8181818181818182,0.6156189422556249,0.9,0.6275067595765456
DFL-MAT-J0420A,1,True,101593,0.8181818181818182,0.6243204657599295,0.8,0.6063836240961205
DFL-MAT-J0420A,1,True,126845,0.8181818181818182,0.1887259538102084,0.9,0.21649426888833279
DFL-MAT-J0420A,1,True,127688,1.0,0.8498931382651735,1.0,0.913876560509266
DFL-MAT-J0420A,1,True,129212,0.7272727272727273,0.4045415452819241,0.8,0.38273328565725107
DFL-MAT-J0420A,1,True,159791,0.6363636363636364,0.501944902590175,0.7,0.5619424947234268
DFL-MAT-J0420A,1,True,162929,0.5454545454545454,0.32554855999028565,0.6,0.300161748789042
DFL-MAT-J0420A,1,True,173280,0.6363636363636364,0.6588671253073178,0.7,0.6913652978474771
DFL-MAT-J0420A,1,True,173921,0.9090909090909091,0.14919787257619532,1.0,0.24632409646401487
DFL-MAT-J0420A,1,True,173934,1.0,0.3858071452010744,1.0,0.4723116241183599
DFL-MAT-J0420A,1,True,177226,0.7272727272727273,0.46873619094302466,0.8,0.4608301299741534
DFL-MAT-J0420N,0,True,47841,0.6363636363636364,0.0,0.6,0.0
DFL-MAT-J0420N,0,True,49007,0.5454545454545454,0.6668039268495785,0.6,0.6521067241465448
DFL-MAT-J0420N,0,True,49133,0.6363636363636364,0.5642851114421321,0.6,0.544031822592052
DFL-MAT-J0420N,0,True,50109,0.6363636363636364,0.3801307431497888,0.6,0.35109861707810164
DFL-MAT-J0420N,0,True,51925,0.6363636363636364,0.3683900709692238,0.7,0.34607496305674945
DFL-MAT-J0420N,0,True,51950,0.5454545454545454,0.3876881581484559,0.5,0.35833896313576896
DFL-MAT-J0420N,0,True,52767,0.6363636363636364,0.6407140043640736,0.6,0.6232452252896747
DFL-MAT-J0420N,0,True,75993,0.7272727272727273,0.0,0.7,0.0
DFL-MAT-J0420N,0,True,76709,0.5454545454545454,0.30772549993390597,0.6,0.27789171715597016
DFL-MAT-J0420N,0,True,113091,0.7272727272727273,0.3210430408819879,0.7,0.28991410218141866
DFL-MAT-J0420N,0,True,128562,0.9090909090909091,0.47376050341251086,0.9,0.44812060010811494
DFL-MAT-J0420N,0,True,178005,0.5454545454545454,0.684451775540325,0.5,0.6690859383199287
DFL-MAT-J0420N,1,False,26938,0.6363636363636364,0.3614812711883867,0.6,0.3308115537124643
DFL-MAT-J0420N,1,False,37342,0.9090909090909091,0.41676176334416004,1.0,0.47765047563607743
DFL-MAT-J0420N,1,False,67385,0.6363636363636364,0.646041826708162,0.6,0.6343657465292345
DFL-MAT-J0420N,1,False,78288,0.9090909090909091,0.398143614483776,0.9,0.3876552067608984
DFL-MAT-J0420N,1,False,106018,0.9090909090909091,0.0855730615859156,0.9,0.0409666351036736
DFL-MAT-J0420N,1,False,116229,1.0,0.1745086425348138,1.0,0.18389213790203163
DFL-MAT-J0420N,1,False,123499,0.5454545454545454,0.5825920211917544,0.5,0.5628982705666519
DFL-MAT-J0420N,1,False,133973,0.6363636363636364,0.5365252683785663,0.6,0.5158460213206377
DFL-MAT-J0420N,1,False,139202,1.0,0.49077037757899733,1.0,0.4748646598626628
DFL-MAT-J0420N,1,False,141378,1.0,0.3723916407886775,1.0,0.36960809268388317
DFL-MAT-J0420N,1,False,145431,1.0,0.36049211670349135,1.0,0.37286403081625497
DFL-MAT-J0420N,1,False,145826,0.9090909090909091,0.325247110616778,1.0,0.34726704285036614
DFL-MAT-J0420N,1,False,163371,0.6363636363636364,0.47535141337763565,0.6,0.4497450198244183
DFL-MAT-J0420N,1,False,172958,0.6363636363636364,0.032744544668505404,0.7,0.0
DFL-MAT-J0420N,1,False,173156,1.0,0.48365028978839997,1.0,0.478379607264382
DFL-MAT-J0420N,1,False,173221,0.5454545454545454,0.3078690927707628,0.6,0.2740905550216556
DFL-MAT-J0420N,1,False,174086,0.8181818181818182,0.214862537847759,0.8,0.20600059219460465
DFL-MAT-J0420P,0,False,10946,0.8181818181818182,0.29066306936406905,0.9,0.37780829791032444
DFL-MAT-J0420P,0,False,37568,0.5454545454545454,0.016263834966470103,0.5,0.0
DFL-MAT-J0420P,0,False,45299,0.5454545454545454,0.2908257400726544,0.6,0.25873298032517833
DFL-MAT-J0420P,0,False,65446,0.7272727272727273,0.0,0.7,0.0
DFL-MAT-J0420P,0,False,65664,0.5454545454545454,0.09455724749186734,0.5,0.053534805115369566
DFL-MAT-J0420P,0,False,100846,1.0,0.3658814205751516,1.0,0.35493791336340064
DFL-MAT-J0420P,0,False,173340,0.5454545454545454,0.46898176738471486,0.5,0.4456138509001506
DFL-MAT-J0420P,1,True,20031,0.7272727272727273,0.09917077091499749,0.8,0.07117410069084884
DFL-MAT-J0420P,1,True,21170,0.6363636363636364,0.2545215180733479,0.6,0.22973733905211768
DFL-MAT-J0420P,1,True,50759,1.0,0.33795507922977164,1.0,0.35509621569391536
DFL-MAT-J0420P,1,True,51187,0.5454545454545454,0.6708629026118371,0.6,0.6655384205252828
DFL-MAT-J0420P,1,True,57373,0.9090909090909091,0.37051638595453407,0.9,0.3404373963133931
DFL-MAT-J0420P,1,True,58800,0.7272727272727273,0.5164299173674214,0.7,0.5018740840872875
DFL-MAT-J0420P,1,True,63050,0.6363636363636364,0.5031445618497644,0.6,0.48238844554565297
DFL-MAT-J0420P,1,True,63102,0.7272727272727273,0.5059612153942327,0.8,0.6830704840781656
DFL-MAT-J0420P,1,True,73266,1.0,0.5761370271396622,1.0,0.5828500116944018
DFL-MAT-J0420P,1,True,76777,0.5454545454545454,0.7772734483604273,0.6,0.8272703059626475
DFL-MAT-J0420P,1,True,105672,0.7272727272727273,0.43355559644510666,0.7,0.40609452425398973
DFL-MAT-J0420P,1,True,109374,0.7272727272727273,0.5319348830487314,0.7,0.5204952675875272
DFL-MAT-J0420P,1,True,114892,0.8181818181818182,0.35100132760790514,0.8,0.31996343616420253
DFL-MAT-J0420P,1,True,116311,0.5454545454545454,0.16562688153824323,0.6,0.12989007485672077
DFL-MAT-J0420P,1,True,118630,0.6363636363636364,0.19047665276516978,0.6,0.15122327750431963
DFL-MAT-J0420P,1,True,122778,0.7272727272727273,0.3939724356223637,0.8,0.40067045390677725
DFL-MAT-J0420P,1,True,131123,0.6363636363636364,0.13562280697139673,0.6,0.09684622887534755
DFL-MAT-J0420P,1,True,135214,0.5454545454545454,0.4334601581898858,0.6,0.45153246497546784
DFL-MAT-J0420P,1,True,136498,1.0,0.5508450039360633,1.0,0.5746876045260326
DFL-MAT-J0420P,1,True,141401,0.6363636363636364,0.6050979024364731,0.6,0.5910557770339444
DFL-MAT-J0420P,1,True,148627,0.8181818181818182,0.27664523803780927,0.8,0.24146392889068424
DFL-MAT-J0420P,1,True,148632,0.6363636363636364,0.2453386179283662,0.6,0.2085080641324456
DFL-MAT-J0420P,1,True,150986,0.9090909090909091,0.5349619187328685,0.9,0.5194922986747306
DFL-MAT-J0420P,1,True,152600,0.5454545454545454,0.21866419789014924,0.5,0.1830629733177066
DFL-MAT-J0420P,1,True,155002,0.9090909090909091,0.18507920845470804,0.9,0.2535248395321882
DFL-MAT-J0420P,1,True,157787,0.5454545454545454,0.754799383822899,0.6,0.7429195243983533
DFL-MAT-J0420P,1,True,171587,0.5454545454545454,0.2642972457094317,0.6,0.24785843714539912
DFL-MAT-J04215,0,True,15595,0.5454545454545454,0.4455963921898234,0.6,0.4251913793826183
DFL-MAT-J04215,0,True,18844,0.6363636363636364,0.30957779234931604,0.7,0.29307925954459624
DFL-MAT-J04215,0,True,19533,0.9090909090909091,0.6483631987252425,0.9,0.6471295264795024
DFL-MAT-J04215,0,True,19908,0.7272727272727273,0.3345386962754746,0.8,0.31733104512892507
DFL-MAT-J04215,0,True,24828,0.9090909090909091,0.678489710288289,0.9,0.6840182840241743
DFL-MAT-J04215,0,True,24888,0.9090909090909091,0.30313575381511215,0.9,0.26974194773676785
DFL-MAT-J04215,0,True,42787,0.8181818181818182,0.5287806542422129,0.8,0.5059897050284032
DFL-MAT-J04215,0,True,48893,0.5454545454545454,0.04753289019653362,0.6,0.012587014910774297
DFL-MAT-J04215,0,True,60884,0.5454545454545454,0.22156820750920792,0.5,0.18545257953519378
DFL-MAT-J04215,0,True,66477,0.8181818181818182,0.6601961721173104,0.8,0.6575826021079598
DFL-MAT-J04215,0,True,73007,0.8181818181818182,0.45903103822434743,0.9,0.5351422218234101
DFL-MAT-J04215,0,True,76840,0.6363636363636364,0.09070774165969941,0.6,0.047388078149646407
DFL-MAT-J04215,0,True,101913,0.5454545454545454,0.0,0.5,0.0
DFL-MAT-J04215,0,True,110389,0.6363636363636364,0.0,0.6,0.0
DFL-MAT-J04215,0,True,110550,0.9090909090909091,0.6715132087963835,0.9,0.6661036948330261
DFL-MAT-J04215,0,True,113423,0.9090909090909091,0.2509411018983375,0.9,0.2950570512171724
DFL-MAT-J04215,0,True,131153,0.9,0.9441354981674348,0.8888888888888888,0.9418168809901633
DFL-MAT-J04215,0,True,134510,0.6,0.08113807185953092,0.5555555555555556,0.19767771022555447
DFL-MAT-J04215,0,True,136771,0.6,0.5220029904147683,0.5555555555555556,0.5050589279997699
DFL-MAT-J04215,0,True,138991,0.6,0.045269316544887306,0.5555555555555556,0.0
DFL-MAT-J04215,0,True,140649,1.0,0.43466485714833825,1.0,0.43521198865444766
DFL-MAT-J04215,0,True,141756,0.7,0.5639680889303589,0.6666666666666666,0.5431304196515561
DFL-MAT-J04215,0,True,141913,0.5,0.4304882184511577,0.5555555555555556,0.4065818538961986
DFL-MAT-J04215,0,True,142171,0.9,0.5520818780661512,0.8888888888888888,0.5717794256403683
DFL-MAT-J04215,0,True,148573,0.9,0.3719274400742988,0.8888888888888888,0.3506645091355365
DFL-MAT-J04215,0,True,149612,0.7,0.32829076967194704,0.7777777777777778,0.29922853520228576
DFL-MAT-J04215,0,True,150293,0.6,0.417421412681688,0.6666666666666666,0.3950205330749321
DFL-MAT-J04215,0,True,167631,0.9,0.6361045146456923,0.8888888888888888,0.6383791755589836
DFL-MAT-J04215,1,False,11121,1.0,0.3653867325382901,1.0,0.3784293669832277
DFL-MAT-J04215,1,False,13739,0.8181818181818182,0.2747255395181405,0.8,0.26281580670363724
DFL-MAT-J04215,1,False,27057,1.0,0.5808630418215388,1.0,0.589791924187178
DFL-MAT-J04215,1,False,35367,0.7272727272727273,0.3027625074432351,0.8,0.28143445679170453
DFL-MAT-J04215,1,False,37208,0.6363636363636364,0.5854868069286532,0.7,0.6606518591640524
DFL-MAT-J04215,1,False,38267,0.9090909090909091,0.2893107697776225,0.9,0.2728753850235198
DFL-MAT-J04215,1,False,46561,1.0,0.5325341261129857,1.0,0.5865864874344824
DFL-MAT-J04215,1,False,46650,0.7272727272727273,0.0,0.7,0.0
DFL-MAT-J04215,1,False,59521,0.5454545454545454,0.49690225760321194,0.6,0.49086121717236986
DFL-MAT-J04215,1,False,59770,0.9090909090909091,0.6414826982497505,0.9,0.6421355575391896
DFL-MAT-J04215,1,False,64193,0.8181818181818182,0.8690879906051736,0.8,0.8645523754720188
DFL-MAT-J04215,1,False,64497,0.9090909090909091,0.5803480443257816,1.0,0.5949525875538357
DFL-MAT-J04215,1,False,67747,0.9090909090909091,0.2515591026711532,0.9,0.2371188949095714
DFL-MAT-J04215,1,False,75624,0.9090909090909091,0.23476137350200277,0.9,0.22108640358765586
DFL-MAT-J04215,1,False,106157,0.6363636363636364,0.0,0.6,0.0
DFL-MAT-J04215,1,False,121793,0.9090909090909091,0.33484091209562306,0.9,0.3501599780956467
DFL-MAT-J04215,1,False,122264,0.7272727272727273,0.43669594770092646,0.8,0.4757051671182104
DFL-MAT-J04215,1,False,125447,0.6363636363636364,0.5525921652620369,0.6,0.5354652226548766
DFL-MAT-J04215,1,False,126896,0.6363636363636364,0.2664513850576741,0.6,0.2324270269232539
DFL-MAT-J04215,1,False,133993,1.0,0.37097133412017225,1.0,0.391618295826047
DFL-MAT-J04215,1,False,147106,0.6363636363636364,0.23223158201817484,0.7,0.21091472201058226
DFL-MAT-J04215,1,False,156667,0.8181818181818182,0.3732380040168156,0.8,0.3475505766750031
DFL-MAT-J04215,1,False,158803,0.6363636363636364,0.6279342445902081,0.6,0.6505412000206222
DFL-MAT-J04215,1,False,164473,0.6363636363636364,0.842762011559711,0.6,0.8358055583656481
DFL-MAT-J04215,1,False,170930,0.7272727272727273,0.5032767038878423,0.7,0.47926226010824424
DFL-MAT-J04219,0,False,32450,0.5454545454545454,0.4547092775884146,0.5,0.4354939296307314
DFL-MAT-J04219,0,False,51204,0.7272727272727273,0.22305470706578856,0.7,0.19618009011420268
DFL-MAT-J04219,0,False,52482,0.8181818181818182,0.46716351776152243,0.8,0.4511372327927142
DFL-MAT-J04219,0,False,54058,0.7272727272727273,0.4089998296209303,0.7,0.3919098988034204
DFL-MAT-J04219,0,False,60066,0.5454545454545454,0.6235581849976229,0.5,0.6095176613756286
DFL-MAT-J04219,0,False,66704,0.8181818181818182,0.17171925438549462,0.8,0.13876388420341712
DFL-MAT-J04219,0,False,69694,0.8181818181818182,0.009973161518821438,0.8,0.0
DFL-MAT-J04219,0,False,109097,0.8181818181818182,0.7222545718990435,0.9,0.7478092884157019
DFL-MAT-J04219,0,False,112117,0.6363636363636364,0.40466170187426687,0.6,0.3759524013137212
DFL-MAT-J04219,0,False,141240,0.8181818181818182,0.2095945751676601,0.8,0.1856140077363878
DFL-MAT-J04219,0,False,157169,1.0,0.0,1.0,0.0
DFL-MAT-J04219,0,False,168937,0.6363636363636364,0.1721992409059533,0.7,0.16327597266116256
DFL-MAT-J04219,1,True,10430,0.7272727272727273,0.40210167497948346,0.8,0.3875840493203565
DFL-MAT-J04219,1,True,17511,0.8181818181818182,0.11926216337985196,0.8,0.11431473540823556
DFL-MAT-J04219,1,True,22542,0.9090909090909091,0.27740611314433616,0.9,0.2904774156013872
DFL-MAT-J04219,1,True,24024,0.8181818181818182,0.011354817292788977,0.9,0.0
DFL-MAT-J04219,1,True,41439,0.9090909090909091,0.30724330426137825,0.9,0.27845281308739256
DFL-MAT-J04219,1,True,54314,1.0,0.42149711021247016,1.0,0.4465376613236528
DFL-MAT-J04219,1,True,57012,0.6363636363636364,0.13603641957781454,0.6,0.1008854788869129
DFL-MAT-J04219,1,True,68172,0.8181818181818182,0.20272604839567676,0.8,0.1802870213507869
DFL-MAT-J04219,1,True,69457,0.7272727272727273,0.36407163975294365,0.8,0.36604255504206196
DFL-MAT-J04219,1,True,70370,0.6363636363636364,0.054245370273052096,0.6,0.058683898031100745
DFL-MAT-J04219,1,True,72706,0.9090909090909091,0.24281346062017828,0.9,0.20619972867711123
DFL-MAT-J04219,1,True,74737,0.8181818181818182,0.2880219261095419,0.8,0.27036505595033367
DFL-MAT-J04219,1,True,77581,0.8181818181818182,0.6310863291366609,0.8,0.6153102081251592
DFL-MAT-J04219,1,True,78707,0.6363636363636364,0.0,0.6,0.0
DFL-MAT-J04219,1,True,104373,0.7272727272727273,0.31428571947983286,0.8,0.3041068988768926
DFL-MAT-J04219,1,True,106822,0.6363636363636364,0.6492000319876248,0.6,0.6371453171917456
DFL-MAT-J04219,1,True,108702,1.0,0.34262782856249785,1.0,0.3557541604533373
DFL-MAT-J04219,1,True,110584,0.5454545454545454,0.46147880180710077,0.6,0.4397025671395898
DFL-MAT-J04219,1,True,114142,0.7272727272727273,0.0,0.7,0.0
DFL-MAT-J04219,1,True,115611,0.9090909090909091,0.1770306599344863,0.9,0.16915652279417814
DFL-MAT-J04219,1,True,120412,0.7272727272727273,0.9761533394049732,0.7,0.9752309747493231
DFL-MAT-J04219,1,True,125603,0.9090909090909091,0.2621676877304162,0.9,0.26006056199276917
DFL-MAT-J04219,1,True,125707,0.5454545454545454,0.25734162341364186,0.5,0.27230068589998824
DFL-MAT-J04219,1,True,146015,0.5454545454545454,0.5117248513206137,0.6,0.5229062568845746
DFL-MAT-J04219,1,True,155343,0.6363636363636364,0.7281700496661105,0.6,0.7229886950413478
DFL-MAT-J04219,1,True,159841,0.8181818181818182,0.21177450731563274,0.8,0.18835151283664986
DFL-MAT-J04219,1,True,160372,0.6363636363636364,0.5765458949201685,0.6,0.5562467419494663
DFL-MAT-J0421J,0,False,16635,0.6363636363636364,0.5115921646363686,0.7,0.5082672895157725
DFL-MAT-J0421J,0,False,21175,0.6363636363636364,0.37328907570503356,0.6,0.3484340175273819
DFL-MAT-J0421J,0,False,41267,0.9090909090909091,0.22331369574973925,0.9,0.2006830344296907
DFL-MAT-J0421J,0,False,48070,0.6363636363636364,0.33953822322924576,0.6,0.37134187200938806
DFL-MAT-J0421J,0,False,49085,0.8181818181818182,0.0,0.8,0.0
DFL-MAT-J0421J,0,False,61331,0.9090909090909091,0.33782213850861,1.0,0.3587821327782451
DFL-MAT-J0421J,0,False,67813,0.7272727272727273,0.5382031973114041,0.7,0.5160251923485026
DFL-MAT-J0421J,0,False,70374,0.6363636363636364,0.2751275255526576,0.6,0.2531501119856072
DFL-MAT-J0421J,0,False,103708,0.8181818181818182,0.6296830352419154,0.9,0.6419144365968378
DFL-MAT-J0421J,0,False,103746,0.5454545454545454,0.4913490878153004,0.6,0.47582085947022756
DFL-MAT-J0421J,0,False,109499,0.8181818181818182,0.0,0.8,0.0
DFL-MAT-J0421J,0,False,120116,0.9090909090909091,0.215534800644684,0.9,0.19205993610063987
DFL-MAT-J0421J,0,False,136418,0.5454545454545454,0.0,0.6,0.0
DFL-MAT-J0421J,0,False,139815,0.5454545454545454,0.9266519660064514,0.5,0.9232975738824208
DFL-MAT-J0421J,0,False,143392,0.6363636363636364,0.6208074201509048,0.6,0.6149003065045131
DFL-MAT-J0421J,0,False,175713,0.7272727272727273,0.13083537572377224,0.8,0.10227320907423432
DFL-MAT-J0421J,0,False,175746,0.9090909090909091,0.18440515667466129,0.9,0.14615900209065802
DFL-MAT-J0421J,0,False,177840,0.9090909090909091,0.19062352796105553,0.9,0.15711157503349316
DFL-MAT-J0421J,0,False,177926,0.5454545454545454,0.28379857319619706,0.6,0.26094495173225807
DFL-MAT-J0421J,1,True,19204,1.0,0.5209167043329822,1.0,0.5099719354547141
DFL-MAT-J0421J,1,True,20641,0.9090909090909091,0.212489222905895,0.9,0.17539378118870108
DFL-MAT-J0421J,1,True,20666,1.0,0.39205026918928065,1.0,0.41940849081925236
DFL-MAT-J0421J,1,True,25508,0.9090909090909091,0.41487761520530897,1.0,0.4933727029008549
DFL-MAT-J0421J,1,True,25559,0.7272727272727273,0.28657388493719227,0.7,0.25720685124729414
DFL-MAT-J0421J,1,True,45506,0.7272727272727273,0.6061660226495191,0.8,0.6205563299659465
DFL-MAT-J0421J,1,True,57157,1.0,0.4985516120274339,1.0,0.5160204660582457
DFL-MAT-J0421J,1,True,57552,0.8181818181818182,0.5112081029316284,0.8,0.48797937469344566
DFL-MAT-J0421J,1,True,65290,0.5454545454545454,0.5455616717274201,0.5,0.5299129323853178
DFL-MAT-J0421J,1,True,76161,0.5454545454545454,0.5608046275990028,0.5,0.5564405204820895
DFL-MAT-J0421J,1,True,105576,0.8181818181818182,0.0,0.8,0.0
DFL-MAT-J0421J,1,True,113803,0.8181818181818182,0.5720817117398771,0.8,0.5513002827381632
DFL-MAT-J0421J,1,True,116512,0.9090909090909091,0.24357129037220016,0.9,0.2574789572160803
DFL-MAT-J0421J,1,True,119926,0.9090909090909091,0.0994499716424313,0.9,0.08148791634241093
DFL-MAT-J0421J,1,True,121233,1.0,0.34051197266889033,1.0,0.41273110642841726
DFL-MAT-J0421J,1,True,121600,0.9090909090909091,0.4568783435694246,1.0,0.579120139664943
DFL-MAT-J0421J,1,True,121660,0.7272727272727273,0.25027799137531437,0.7,0.21623198395031418
DFL-MAT-J0421J,1,True,133933,0.6363636363636364,0.0,0.7,0.0
DFL-MAT-J0421J,1,True,157101,0.7,0.46718955205163215,0.7777777777777778,0.4672679462083058
DFL-MAT-J0421J,1,True,157950,0.8,0.29094048184534627,0.7777777777777778,0.2586767263471701
DFL-MAT-J0421J,1,True,166767,0.7,0.8484567291694782,0.6666666666666666,0.841148838648824
DFL-MAT-J0421J,1,True,167886,0.7,0.2408827455968633,0.7777777777777778,0.22546214433369083
DFL-MAT-J0421J,1,True,174115,0.7,0.08834502859106863,0.6666666666666666,0.07334121207569833
DFL-MAT-J0421J,1,True,175397,0.6,0.38025361974388405,0.5555555555555556,0.5614343873487379
DFL-MAT-J0421J,1,True,182890,0.6,0.6244594195367664,0.5555555555555556,0.6303556329889839
DFL-MAT-J0421J,1,True,184469,0.9,0.637397419077677,1.0,0.6508885297682984
DFL-MAT-J0421W,0,True,34090,0.6363636363636364,0.5082383756556005,0.6,0.5007504296371148
DFL-MAT-J0421W,0,True,34193,1.0,0.6093796834351313,1.0,0.6686524199077406
DFL-MAT-J0421W,0,True,37030,0.6363636363636364,0.01415135561641323,0.7,0.0
DFL-MAT-J0421W,0,True,40946,0.5454545454545454,0.2695061391711434,0.6,0.2733056156386491
DFL-MAT-J0421W,0,True,62729,0.9090909090909091,0.5731899135093308,0.9,0.559690183671377
DFL-MAT-J0421W,0,True,67625,0.5454545454545454,0.2207521107770769,0.5,0.1908154612645112
DFL-MAT-J0421W,0,True,75226,0.7272727272727273,0.406896548941006,0.7,0.3872475596386151
DFL-MAT-J0421W,0,True,76948,0.8181818181818182,0.4873411502695246,0.9,0.5677503688899119
DFL-MAT-J0421W,0,True,100785,0.6363636363636364,0.4606418540144025,0.6,0.4476323467218003
DFL-MAT-J0421W,0,True,112956,0.6363636363636364,0.14861594956290514,0.7,0.12830744917731407
DFL-MAT-J0421W,0,True,114478,0.9090909090909091,0.45501201336432384,1.0,0.47499743688426554
DFL-MAT-J0421W,0,True,119722,0.8181818181818182,0.20072994960313706,0.9,0.2448716431959732
DFL-MAT-J0421W,0,True,128547,0.7272727272727273,0.6069616183261104,0.8,0.6049593691877986
DFL-MAT-J0421W,0,True,130039,0.7272727272727273,0.5583253808315785,0.7,0.5386061135523719
DFL-MAT-J0421W,0,True,147167,1.0,0.3299323916988205,1.0,0.30013171244267556
DFL-MAT-J0421W,0,True,149050,0.9090909090909091,0.316081635815904,0.9,0.331902255303815
DFL-MAT-J0421W,0,True,162639,0.8181818181818182,0.47727448895962243,0.8,0.45187206134038094
DFL-MAT-J0421W,0,True,172084,0.9090909090909091,0.0,0.9,0.0
DFL-MAT-J0421W,0,True,172862,0.6363636363636364,0.14129335598390758,0.7,0.1370328594567095
DFL-MAT-J0421W,1,False,12489,1.0,0.5008102151757692,1.0,0.59583852507587
DFL-MAT-J0421W,1,False,18273,0.8181818181818182,0.3148106812044489,0.8,0.28657971786973335
DFL-MAT-J0421W,1,False,39813,1.0,0.20884902787051085,1.0,0.2084452550861765
DFL-MAT-J0421W,1,False,43438,0.5454545454545454,0.2909942324734175,0.6,0.25953043614912186
DFL-MAT-J0421W,1,False,60762,0.5454545454545454,0.8079104841263468,0.6,0.7985522667900721
DFL-MAT-J0421W,1,False,68211,0.9090909090909091,0.5916857334418175,0.9,0.6559875044756631
DFL-MAT-J0421W,1,False,104011,0.5454545454545454,0.3577415883777151,0.5,0.330340867920043
DFL-MAT-J0421W,1,False,115737,0.8181818181818182,0.2667849636110249,0.9,0.29895518374346464
DFL-MAT-J0421W,1,False,121458,0.9090909090909091,0.7682230247158396,0.9,0.7571675820683854
DFL-MAT-J0421W,1,False,122453,0.5454545454545454,0.47192966498271305,0.6,0.4541812076755274
DFL-MAT-J0421W,1,False,122483,0.7272727272727273,0.4013385760653394,0.7,0.3881723984376556
DFL-MAT-J0421W,1,False,142710,0.5454545454545454,0.5665734736477748,0.5,0.5454495382206984
DFL-MAT-J0421W,1,False,156271,0.5454545454545454,0.3637356784590654,0.6,0.34038342088644125
DFL-MAT-J0421W,1,False,156509,0.6363636363636364,0.0,0.7,0.0
DFL-MAT-J0421W,1,False,156532,0.7272727272727273,0.018898450199110406,0.7,0.0
DFL-MAT-J0421W,1,False,160895,0.5454545454545454,0.20099246070558952,0.6,0.20560032194235933
DFL-MAT-J0421W,1,False,167499,0.8181818181818182,0.5072811536764326,0.8,0.4870260966396064
DFL-MAT-J0421W,1,False,173057,0.7272727272727273,0.30455310034677296,0.8,0.2743331089881772
DFL-MAT-J0421W,1,False,173847,0.6363636363636364,0.06403772849412737,0.6,0.02917133448103626
DFL-MAT-J0421Z,0,False,16239,0.8181818181818182,0.1162342710978298,0.9,0.13343646417036026
DFL-MAT-J0421Z,0,False,19674,0.7272727272727273,0.0,0.8,0.0
DFL-MAT-J0421Z,0,False,39503,0.9090909090909091,0.2684644280244416,0.9,0.2828645599697107
DFL-MAT-J0421Z,0,False,48790,0.5454545454545454,0.09417327254275942,0.5,0.049965772831273125
DFL-MAT-J0421Z,0,False,49060,0.9090909090909091,0.39582145339692265,0.9,0.36706837952760507
DFL-MAT-J0421Z,0,False,55960,0.7272727272727273,0.3940254777196377,0.8,0.4090084272851383
DFL-MAT-J0421Z,0,False,60006,0.5454545454545454,0.8251395628046113,0.6,0.8216193671377301
DFL-MAT-J0421Z,0,False,65133,0.6363636363636364,0.5537626779374887,0.6,0.5320170359471756
DFL-MAT-J0421Z,0,False,107627,0.8181818181818182,0.41199313553292394,0.8,0.38772945945219794
DFL-MAT-J0421Z,0,False,111877,0.6363636363636364,0.6791539818883474,0.7,0.6670655686145232
DFL-MAT-J0421Z,0,False,114657,0.6363636363636364,0.17143759889852705,0.7,0.16965509650732347
DFL-MAT-J0421Z,0,False,116712,0.5454545454545454,0.0,0.5,0.0
DFL-MAT-J0421Z,0,False,120022,0.7272727272727273,0.1498540715165947,0.8,0.1408790039090413
DFL-MAT-J0421Z,0,False,128839,0.9090909090909091,0.23812284947733642,0.9,0.2083892256161275
DFL-MAT-J0421Z,0,False,174802,0.6363636363636364,0.7272043082141352,0.6,0.7159984514379312
DFL-MAT-J0421Z,1,True,32197,0.6363636363636364,0.09398139343735878,0.6,0.054369921748043004
DFL-MAT-J0421Z,1,True,42346,0.6363636363636364,0.6051178373715667,0.6,0.5956196471805227
DFL-MAT-J0421Z,1,True,53649,1.0,0.7893653103731756,1.0,0.8078852353048811
DFL-MAT-J0421Z,1,True,63480,0.9090909090909091,0.6213009980675412,1.0,0.7038934866481421
DFL-MAT-J0421Z,1,True,66015,0.6363636363636364,0.0,0.6,0.0
DFL-MAT-J0421Z,1,True,67499,0.7272727272727273,0.20341530424343446,0.7,0.16458726116490852
DFL-MAT-J0421Z,1,True,73404,0.9090909090909091,0.3781743318735701,1.0,0.4350303033256242
DFL-MAT-J0421Z,1,True,104373,0.9090909090909091,0.0,0.9,0.0
DFL-MAT-J0421Z,1,True,119041,0.7272727272727273,0.5091940524795602,0.7,0.48834880361309974
DFL-MAT-J0421Z,1,True,143301,0.8181818181818182,0.9028304967910413,0.8,0.8986011540402434
DFL-MAT-J0421Z,1,True,166589,0.9090909090909091,0.6048179038392858,1.0,0.6564260196964549
DFL-MAT-J0421Z,1,True,170769,0.5454545454545454,0.0540256946316614,0.6,0.015643260537587578
DFL-MAT-J0421Z,1,True,175798,0.7272727272727273,0.6750215098587493,0.7,0.6593793384778618
DFL-MAT-J0421Z,1,True,176709,0.6363636363636364,0.3133282861123958,0.7,0.28967409862324767
DFL-MAT-J0421Z,1,True,178938,1.0,0.3508438755570964,1.0,0.35588334566933355
DFL-MAT-J0422E,0,True,32719,0.7272727272727273,0.17268359838159486,0.7,0.1338716597046492
DFL-MAT-J0422E,0,True,62037,0.8181818181818182,0.5161614308949026,0.8,0.5025068234559019
DFL-MAT-J0422E,0,True,67457,0.9090909090909091,0.42205402345217147,0.9,0.4236658706689007
DFL-MAT-J0422E,0,True,106423,1.0,0.33441116003156335,1.0,0.35695962078176746
DFL-MAT-J0422E,0,True,121234,0.9090909090909091,0.41056108684173964,0.9,0.39494902212718674
DFL-MAT-J0422E,0,True,141294,0.7272727272727273,0.3046381089806941,0.7,0.2761763405377744
DFL-MAT-J0422E,0,True,146572,0.9090909090909091,0.2678424933399234,0.9,0.243531914997408
DFL-MAT-J0422E,0,True,152966,0.8181818181818182,0.0,0.8,0.0
DFL-MAT-J0422E,0,True,161473,0.9090909090909091,0.6094611452888623,0.9,0.5903999439812744
DFL-MAT-J0422E,0,True,172987,1.0,0.3504168577314577,1.0,0.33864694776428517
DFL-MAT-J0422E,1,False,30452,0.6363636363636364,0.1237919481625428,0.7,0.09300196002992867
DFL-MAT-J0422E,1,False,38301,0.7272727272727273,0.35808309826274676,0.7,0.33223374920544146
DFL-MAT-J0422E,1,False,38558,0.6363636363636364,0.26213203231103666,0.6,0.2656351619483641
DFL-MAT-J0422E,1,False,40748,0.6363636363636364,0.427719264462999,0.7,0.43724982616052654
DFL-MAT-J0422E,1,False,41558,0.7272727272727273,0.2701816807855971,0.7,0.2347157797241346
DFL-MAT-J0422E,1,False,52638,0.7272727272727273,0.386488123115588,0.8,0.42326305648439755
DFL-MAT-J0422E,1,False,54369,0.7272727272727273,0.5178004986411691,0.8,0.5138829987594182
DFL-MAT-J0422E,1,False,62737,0.5454545454545454,0.30746052127691315,0.6,0.29855467043982586
DFL-MAT-J0422E,1,False,102178,0.7272727272727273,0.16951025699526512,0.8,0.15261213871452217
DFL-MAT-J0422E,1,False,109034,0.7272727272727273,0.23791999146592502,0.7,0.2068821398116084
DFL-MAT-J0422E,1,False,109157,0.9090909090909091,0.24364093980338264,0.9,0.23721522329308553
DFL-MAT-J0422E,1,False,116731,0.9090909090909091,0.3843216574650019,1.0,0.43740268887255807
DFL-MAT-J0422E,1,False,127366,0.8181818181818182,0.9201953580529598,0.8,0.916300242942397
DFL-MAT-J0422E,1,False,132326,0.8181818181818182,0.35417168738082627,0.8,0.32340259605508603
DFL-MAT-J0422E,1,False,139389,0.6363636363636364,0.19434796671883248,0.7,0.16732414435749732
DFL-MAT-J0422E,1,False,139431,0.5454545454545454,0.06628966903916933,0.6,0.04241703913082018
DFL-MAT-J0422E,1,False,168988,0.9090909090909091,0.3303914758847736,0.9,0.3053389440545605
DFL-MAT-J0422E,1,False,174297,0.7272727272727273,0.48402967153297305,0.7,0.45952524735817635
DFL-MAT-J0422G,0,False,16056,0.8181818181818182,0.4700014250274801,0.8,0.446945078955414
DFL-MAT-J0422G,0,False,23986,0.6363636363636364,0.0,0.6,0.0
DFL-MAT-J0422G,0,False,34637,0.9090909090909091,0.5674186398003201,0.9,0.5518761816683522
DFL-MAT-J0422G,0,False,38840,0.7272727272727273,0.1646048194816443,0.7,0.12408863743575393
DFL-MAT-J0422G,0,False,38871,1.0,0.3745368915090389,1.0,0.3546044274605241
DFL-MAT-J0422G,0,False,54828,0.8181818181818182,0.5967136110209081,0.8,0.5877752740398838
DFL-MAT-J0422G,0,False,61866,0.7272727272727273,0.21784979598884857,0.8,0.23867421008932876
DFL-MAT-J0422G,0,False,69430,0.7272727272727273,0.0,0.8,0.0
DFL-MAT-J0422G,0,False,70304,0.6363636363636364,0.08450298464860484,0.6,0.04206020730735871
DFL-MAT-J0422G,0,False,72174,0.8181818181818182,0.2625892859924024,0.9,0.27159590545193324
DFL-MAT-J0422G,0,False,72321,0.8181818181818182,0.3672141637021967,0.9,0.3660868658796177
DFL-MAT-J0422G,0,False,112864,0.5454545454545454,0.6121181787825536,0.6,0.5933870002464631
DFL-MAT-J0422G,0,False,114312,0.6363636363636364,0.4600476015502847,0.6,0.44311396575789996
DFL-MAT-J0422G,0,False,123345,0.7272727272727273,0.22637332857203996,0.8,0.2197227647078095
DFL-MAT-J0422G,0,False,129555,1.0,0.29084819594236977,1.0,0.3324333200246642
DFL-MAT-J0422G,0,False,159054,0.6363636363636364,0.5689683446211595,0.6,0.5562388941709521
DFL-MAT-J0422G,0,False,160989,0.5454545454545454,0.07342208111762161,0.6,0.2732615527742429
DFL-MAT-J0422G,0,False,170763,0.6363636363636364,0.253548592416714,0.6,0.2291496709773907
DFL-MAT-J0422G,0,False,174402,0.8181818181818182,0.5897608451412093,0.8,0.5697379446634733
DFL-MAT-J0422G,1,True,18959,0.5454545454545454,0.6839934177765761,0.5,0.6954733099699071
DFL-MAT-J0422G,1,True,49796,0.5454545454545454,0.25693438719865735,0.6,0.2265559726486177
DFL-MAT-J0422G,1,True,101993,1.0,0.6336089725787242,1.0,0.6163973938079131
DFL-MAT-J0422G,1,True,130869,0.8181818181818182,0.11043034294161902,0.8,0.08665631212163372
DFL-MAT-J0422G,1,True,133041,0.9090909090909091,0.4111091364569094,0.9,0.39966908361154774
DFL-MAT-J0422G,1,True,134252,1.0,0.5415179942888326,1.0,0.5291959531430714
DFL-MAT-J0422G,1,True,141802,0.9090909090909091,0.49948823414959054,1.0,0.5491123500234252
DFL-MAT-J0422G,1,True,174700,0.6363636363636364,0.22095668931143886,0.7,0.1945288577778035
